2026-06-04 14:43:09[INFO]org.hibernate.validator.internal.util.Version-HV000001: Hibernate Validator 9.0.1.Final
2026-06-04 14:43:09[INFO]com.abubakar.connectify.ConnectifyApplication-Starting ConnectifyApplication using Java 21.0.9 with PID 11440 (C:\Users\wwwab\Desktop\Sem4InternshipPresentation\2\Connectify\backend\target\classes started by wwwab in C:\Users\wwwab\Desktop\Sem4InternshipPresentation\2\Connectify\backend)
2026-06-04 14:43:09[DEBUG]com.abubakar.connectify.ConnectifyApplication-Running with Spring Boot v4.0.6, Spring v7.0.7
2026-06-04 14:43:09[INFO]com.abubakar.connectify.ConnectifyApplication-The following 1 profile is active: "dev"
2026-06-04 14:43:10[INFO]org.springframework.data.repository.config.RepositoryConfigurationDelegate-Multiple Spring Data modules found, entering strict repository configuration mode
2026-06-04 14:43:10[INFO]org.springframework.data.repository.config.RepositoryConfigurationDelegate-Bootstrapping Spring Data JPA repositories in DEFAULT mode.
2026-06-04 14:43:10[INFO]org.springframework.data.repository.config.RepositoryConfigurationDelegate-Finished Spring Data repository scanning in 200 ms. Found 18 JPA repository interfaces.
2026-06-04 14:43:10[INFO]org.springframework.data.repository.config.RepositoryConfigurationDelegate-Multiple Spring Data modules found, entering strict repository configuration mode
2026-06-04 14:43:10[INFO]org.springframework.data.repository.config.RepositoryConfigurationDelegate-Bootstrapping Spring Data Redis repositories in DEFAULT mode.
2026-06-04 14:43:10[INFO]org.springframework.data.repository.config.RepositoryConfigurationExtensionSupport-Spring Data Redis - Could not safely identify store assignment for repository candidate interface com.abubakar.connectify.repository.ChatParticipantRepository; If you want this repository to be a Redis repository, consider annotating your entities with one of these annotations: org.springframework.data.redis.core.RedisHash (preferred), or consider extending one of the following types with your repository: org.springframework.data.keyvalue.repository.KeyValueRepository
2026-06-04 14:43:10[INFO]org.springframework.data.repository.config.RepositoryConfigurationExtensionSupport-Spring Data Redis - Could not safely identify store assignment for repository candidate interface com.abubakar.connectify.repository.ChatRepository; If you want this repository to be a Redis repository, consider annotating your entities with one of these annotations: org.springframework.data.redis.core.RedisHash (preferred), or consider extending one of the following types with your repository: org.springframework.data.keyvalue.repository.KeyValueRepository
2026-06-04 14:43:10[INFO]org.springframework.data.repository.config.RepositoryConfigurationExtensionSupport-Spring Data Redis - Could not safely identify store assignment for repository candidate interface com.abubakar.connectify.repository.CommentRepository; If you want this repository to be a Redis repository, consider annotating your entities with one of these annotations: org.springframework.data.redis.core.RedisHash (preferred), or consider extending one of the following types with your repository: org.springframework.data.keyvalue.repository.KeyValueRepository
2026-06-04 14:43:10[INFO]org.springframework.data.repository.config.RepositoryConfigurationExtensionSupport-Spring Data Redis - Could not safely identify store assignment for repository candidate interface com.abubakar.connectify.repository.FollowRepository; If you want this repository to be a Redis repository, consider annotating your entities with one of these annotations: org.springframework.data.redis.core.RedisHash (preferred), or consider extending one of the following types with your repository: org.springframework.data.keyvalue.repository.KeyValueRepository
2026-06-04 14:43:10[INFO]org.springframework.data.repository.config.RepositoryConfigurationExtensionSupport-Spring Data Redis - Could not safely identify store assignment for repository candidate interface com.abubakar.connectify.repository.HashtagRepository; If you want this repository to be a Redis repository, consider annotating your entities with one of these annotations: org.springframework.data.redis.core.RedisHash (preferred), or consider extending one of the following types with your repository: org.springframework.data.keyvalue.repository.KeyValueRepository
2026-06-04 14:43:10[INFO]org.springframework.data.repository.config.RepositoryConfigurationExtensionSupport-Spring Data Redis - Could not safely identify store assignment for repository candidate interface com.abubakar.connectify.repository.LikeRepository; If you want this repository to be a Redis repository, consider annotating your entities with one of these annotations: org.springframework.data.redis.core.RedisHash (preferred), or consider extending one of the following types with your repository: org.springframework.data.keyvalue.repository.KeyValueRepository
2026-06-04 14:43:10[INFO]org.springframework.data.repository.config.RepositoryConfigurationExtensionSupport-Spring Data Redis - Could not safely identify store assignment for repository candidate interface com.abubakar.connectify.repository.MediaRepository; If you want this repository to be a Redis repository, consider annotating your entities with one of these annotations: org.springframework.data.redis.core.RedisHash (preferred), or consider extending one of the following types with your repository: org.springframework.data.keyvalue.repository.KeyValueRepository
2026-06-04 14:43:10[INFO]org.springframework.data.repository.config.RepositoryConfigurationExtensionSupport-Spring Data Redis - Could not safely identify store assignment for repository candidate interface com.abubakar.connectify.repository.MessageRepository; If you want this repository to be a Redis repository, consider annotating your entities with one of these annotations: org.springframework.data.redis.core.RedisHash (preferred), or consider extending one of the following types with your repository: org.springframework.data.keyvalue.repository.KeyValueRepository
2026-06-04 14:43:10[INFO]org.springframework.data.repository.config.RepositoryConfigurationExtensionSupport-Spring Data Redis - Could not safely identify store assignment for repository candidate interface com.abubakar.connectify.repository.NotificationRepository; If you want this repository to be a Redis repository, consider annotating your entities with one of these annotations: org.springframework.data.redis.core.RedisHash (preferred), or consider extending one of the following types with your repository: org.springframework.data.keyvalue.repository.KeyValueRepository
2026-06-04 14:43:10[INFO]org.springframework.data.repository.config.RepositoryConfigurationExtensionSupport-Spring Data Redis - Could not safely identify store assignment for repository candidate interface com.abubakar.connectify.repository.PostRepository; If you want this repository to be a Redis repository, consider annotating your entities with one of these annotations: org.springframework.data.redis.core.RedisHash (preferred), or consider extending one of the following types with your repository: org.springframework.data.keyvalue.repository.KeyValueRepository
2026-06-04 14:43:10[INFO]org.springframework.data.repository.config.RepositoryConfigurationExtensionSupport-Spring Data Redis - Could not safely identify store assignment for repository candidate interface com.abubakar.connectify.repository.RefreshTokenRepository; If you want this repository to be a Redis repository, consider annotating your entities with one of these annotations: org.springframework.data.redis.core.RedisHash (preferred), or consider extending one of the following types with your repository: org.springframework.data.keyvalue.repository.KeyValueRepository
2026-06-04 14:43:10[INFO]org.springframework.data.repository.config.RepositoryConfigurationExtensionSupport-Spring Data Redis - Could not safely identify store assignment for repository candidate interface com.abubakar.connectify.repository.ReportRepository; If you want this repository to be a Redis repository, consider annotating your entities with one of these annotations: org.springframework.data.redis.core.RedisHash (preferred), or consider extending one of the following types with your repository: org.springframework.data.keyvalue.repository.KeyValueRepository
2026-06-04 14:43:10[INFO]org.springframework.data.repository.config.RepositoryConfigurationExtensionSupport-Spring Data Redis - Could not safely identify store assignment for repository candidate interface com.abubakar.connectify.repository.SavedPostRepository; If you want this repository to be a Redis repository, consider annotating your entities with one of these annotations: org.springframework.data.redis.core.RedisHash (preferred), or consider extending one of the following types with your repository: org.springframework.data.keyvalue.repository.KeyValueRepository
2026-06-04 14:43:10[INFO]org.springframework.data.repository.config.RepositoryConfigurationExtensionSupport-Spring Data Redis - Could not safely identify store assignment for repository candidate interface com.abubakar.connectify.repository.StoryReactionRepository; If you want this repository to be a Redis repository, consider annotating your entities with one of these annotations: org.springframework.data.redis.core.RedisHash (preferred), or consider extending one of the following types with your repository: org.springframework.data.keyvalue.repository.KeyValueRepository
2026-06-04 14:43:10[INFO]org.springframework.data.repository.config.RepositoryConfigurationExtensionSupport-Spring Data Redis - Could not safely identify store assignment for repository candidate interface com.abubakar.connectify.repository.StoryReplyRepository; If you want this repository to be a Redis repository, consider annotating your entities with one of these annotations: org.springframework.data.redis.core.RedisHash (preferred), or consider extending one of the following types with your repository: org.springframework.data.keyvalue.repository.KeyValueRepository
2026-06-04 14:43:10[INFO]org.springframework.data.repository.config.RepositoryConfigurationExtensionSupport-Spring Data Redis - Could not safely identify store assignment for repository candidate interface com.abubakar.connectify.repository.StoryRepository; If you want this repository to be a Redis repository, consider annotating your entities with one of these annotations: org.springframework.data.redis.core.RedisHash (preferred), or consider extending one of the following types with your repository: org.springframework.data.keyvalue.repository.KeyValueRepository
2026-06-04 14:43:10[INFO]org.springframework.data.repository.config.RepositoryConfigurationExtensionSupport-Spring Data Redis - Could not safely identify store assignment for repository candidate interface com.abubakar.connectify.repository.StoryViewRepository; If you want this repository to be a Redis repository, consider annotating your entities with one of these annotations: org.springframework.data.redis.core.RedisHash (preferred), or consider extending one of the following types with your repository: org.springframework.data.keyvalue.repository.KeyValueRepository
2026-06-04 14:43:10[INFO]org.springframework.data.repository.config.RepositoryConfigurationExtensionSupport-Spring Data Redis - Could not safely identify store assignment for repository candidate interface com.abubakar.connectify.repository.UserRepository; If you want this repository to be a Redis repository, consider annotating your entities with one of these annotations: org.springframework.data.redis.core.RedisHash (preferred), or consider extending one of the following types with your repository: org.springframework.data.keyvalue.repository.KeyValueRepository
2026-06-04 14:43:10[INFO]org.springframework.data.repository.config.RepositoryConfigurationDelegate-Finished Spring Data repository scanning in 13 ms. Found 0 Redis repository interfaces.
2026-06-04 14:43:11[INFO]org.springframework.boot.tomcat.TomcatWebServer-Tomcat initialized with port 8080 (http)
2026-06-04 14:43:11[INFO]org.apache.coyote.http11.Http11NioProtocol-Initializing ProtocolHandler ["http-nio-8080"]
2026-06-04 14:43:11[INFO]org.apache.catalina.core.StandardService-Starting service [Tomcat]
2026-06-04 14:43:11[INFO]org.apache.catalina.core.StandardEngine-Starting Servlet engine: [Apache Tomcat/11.0.21]
2026-06-04 14:43:11[INFO]org.springframework.boot.web.context.servlet.WebApplicationContextInitializer-Root WebApplicationContext: initialization completed in 2212 ms
2026-06-04 14:43:11[INFO]org.hibernate.orm.jpa-HHH008540: Processing PersistenceUnitInfo [name: default]
2026-06-04 14:43:11[INFO]org.hibernate.orm.core-HHH000001: Hibernate ORM core version 7.2.12.Final
2026-06-04 14:43:12[INFO]org.springframework.orm.jpa.persistenceunit.SpringPersistenceUnitInfo-No LoadTimeWeaver setup: ignoring JPA class transformer
2026-06-04 14:43:12[INFO]com.zaxxer.hikari.HikariDataSource-HikariPool-1 - Starting...
2026-06-04 14:43:12[INFO]com.zaxxer.hikari.pool.HikariPool-HikariPool-1 - Added connection com.mysql.cj.jdbc.ConnectionImpl@5d01a2eb
2026-06-04 14:43:12[INFO]com.zaxxer.hikari.HikariDataSource-HikariPool-1 - Start completed.
2026-06-04 14:43:12[INFO]org.hibernate.orm.connections.pooling-HHH10001005: Database info:
	Database JDBC URL [jdbc:mysql://localhost:3306/connectifyApp]
	Database driver: MySQL Connector/J
	Database dialect: MySQLDialect
	Database version: 8.0.43
	Default catalog/schema: connectifyApp/undefined
	Autocommit mode: undefined/unknown
	Isolation level: REPEATABLE_READ [default REPEATABLE_READ]
	JDBC fetch size: none
	Pool: DataSourceConnectionProvider
	Minimum pool size: undefined/unknown
	Maximum pool size: undefined/unknown
2026-06-04 14:43:13[INFO]org.hibernate.orm.core-HHH000489: No JTA platform available (set 'hibernate.transaction.jta.platform' to enable JTA platform integration)
2026-06-04 14:43:14[INFO]org.springframework.orm.jpa.LocalContainerEntityManagerFactoryBean-Initialized JPA EntityManagerFactory for persistence unit 'default'
2026-06-04 14:43:14[INFO]org.springframework.data.jpa.repository.query.QueryEnhancerFactories-Hibernate is in classpath; If applicable, HQL parser will be used.
2026-06-04 14:43:14[DEBUG]com.abubakar.connectify.configuration.RequestLoggingFilter-Filter 'requestLoggingFilter' configured for use
2026-06-04 14:43:14[DEBUG]com.abubakar.connectify.security.JwtFilter-Filter 'jwtFilter' configured for use
2026-06-04 14:43:15[INFO]org.springframework.security.config.annotation.authentication.configuration.InitializeAuthenticationProviderBeanManagerConfigurer$InitializeAuthenticationProviderManagerConfigurer-Global AuthenticationManager configured with AuthenticationProvider bean with name authenticationProvider
2026-06-04 14:43:15[WARN]org.springframework.security.config.annotation.authentication.configuration.InitializeUserDetailsBeanManagerConfigurer$InitializeUserDetailsManagerConfigurer-Global AuthenticationManager configured with an AuthenticationProvider bean. UserDetailsService beans will not be used by Spring Security for automatically configuring username/password login. Consider removing the AuthenticationProvider bean. Alternatively, consider using the UserDetailsService in a manually instantiated DaoAuthenticationProvider. If the current configuration is intentional, to turn off this warning, increase the logging level of 'org.springframework.security.config.annotation.authentication.configuration.InitializeUserDetailsBeanManagerConfigurer' to ERROR
2026-06-04 14:43:17[INFO]org.apache.coyote.http11.Http11NioProtocol-Starting ProtocolHandler ["http-nio-8080"]
2026-06-04 14:43:17[INFO]org.springframework.boot.tomcat.TomcatWebServer-Tomcat started on port 8080 (http) with context path '/'
2026-06-04 14:43:17[INFO]com.abubakar.connectify.ConnectifyApplication-Started ConnectifyApplication in 8.232 seconds (process running for 8.827)
2026-06-04 14:43:17[INFO]com.abubakar.connectify.scheduler.StoryCleanupScheduler-Running story cleanup job
2026-06-04 14:43:17[INFO]com.abubakar.connectify.scheduler.StoryCleanupScheduler-Expired stories found: 0
2026-06-04 14:43:17[INFO]com.abubakar.connectify.scheduler.StoryCleanupScheduler-Story cleanup completed
2026-06-04 14:49:06[INFO]org.apache.catalina.core.ContainerBase.[Tomcat].[localhost].[/]-Initializing Spring DispatcherServlet 'dispatcherServlet'
2026-06-04 14:49:06[INFO]org.springframework.web.servlet.DispatcherServlet-Initializing Servlet 'dispatcherServlet'
2026-06-04 14:49:06[INFO]org.springframework.web.servlet.DispatcherServlet-Completed initialization in 4 ms
2026-06-04 14:49:06[INFO]com.abubakar.connectify.controller.AuthController-Login Api initiated for: abu@gmail.com
2026-06-04 14:49:06[DEBUG]com.abubakar.connectify.service.impl.AuthServiceImpl-Starting login | email: abu@gmail.com
2026-06-04 14:49:06[INFO]com.abubakar.connectify.service.impl.CustomUserDetailsService-Authentication request received for email: abu@gmail.com
2026-06-04 14:49:06[DEBUG]com.abubakar.connectify.service.impl.CustomUserDetailsService-User loaded successfully with email: abu@gmail.com and role: USER
2026-06-04 14:49:06[INFO]com.abubakar.connectify.security.JwtUtils-Generating token for user: abu@gmail.com
2026-06-04 14:49:07[INFO]com.abubakar.connectify.service.impl.RefreshTokenServiceImpl-Refresh token created/updated | userId: 1
2026-06-04 14:49:07[INFO]com.abubakar.connectify.service.impl.AuthServiceImpl-Login successful | userId: 1 | email: abu@gmail.com
2026-06-04 14:49:07[INFO]com.abubakar.connectify.configuration.RequestLoggingFilter-POST /api/v1/auth/login | Status: 200
2026-06-04 14:51:29[INFO]com.abubakar.connectify.service.impl.CustomUserDetailsService-Authentication request received for email: abu@gmail.com
2026-06-04 14:51:29[DEBUG]com.abubakar.connectify.service.impl.CustomUserDetailsService-User loaded successfully with email: abu@gmail.com and role: USER
2026-06-04 14:51:29[INFO]com.abubakar.connectify.security.JwtUtils-Token validation result for user abu@gmail.com : true
2026-06-04 14:51:29[INFO]com.abubakar.connectify.security.JwtFilter-User authenticated successfully: abu@gmail.com
2026-06-04 14:51:29[INFO]com.abubakar.connectify.controller.AuthController-Fetching Current User Api initiated.
2026-06-04 14:51:29[DEBUG]com.abubakar.connectify.service.impl.AuthServiceImpl-Fetching current user
2026-06-04 14:51:29[DEBUG]com.abubakar.connectify.util.UserAccessValidator-Validating user access | userId: 1
2026-06-04 14:51:29[DEBUG]com.abubakar.connectify.util.UserAccessValidator-User validation successful | userId: 1
2026-06-04 14:51:29[DEBUG]com.abubakar.connectify.util.AuthUtil-Authenticated active user fetched successfully | userId: 1
2026-06-04 14:51:29[INFO]com.abubakar.connectify.service.impl.AuthServiceImpl-Current user fetched successfully | userId: 1
2026-06-04 14:51:29[INFO]com.abubakar.connectify.configuration.RequestLoggingFilter-GET /api/v1/auth/me | Status: 200
2026-06-04 14:53:17[INFO]com.abubakar.connectify.scheduler.StoryCleanupScheduler-Running story cleanup job
2026-06-04 14:53:17[INFO]com.abubakar.connectify.scheduler.StoryCleanupScheduler-Expired stories found: 0
2026-06-04 14:53:17[INFO]com.abubakar.connectify.scheduler.StoryCleanupScheduler-Story cleanup completed
2026-06-04 15:00:00[INFO]com.abubakar.connectify.scheduler.RefreshTokenCleanupScheduler-Expired refresh tokens removed | count: 0
2026-06-04 15:00:42[INFO]com.abubakar.connectify.service.impl.CustomUserDetailsService-Authentication request received for email: abu@gmail.com
2026-06-04 15:00:42[DEBUG]com.abubakar.connectify.service.impl.CustomUserDetailsService-User loaded successfully with email: abu@gmail.com and role: USER
2026-06-04 15:00:42[INFO]com.abubakar.connectify.security.JwtUtils-Token validation result for user abu@gmail.com : true
2026-06-04 15:00:42[INFO]com.abubakar.connectify.security.JwtFilter-User authenticated successfully: abu@gmail.com
2026-06-04 15:00:42[INFO]com.abubakar.connectify.controller.StoryController-Get my stories request received | cursor: null | size: 10
2026-06-04 15:00:42[DEBUG]com.abubakar.connectify.util.UserAccessValidator-Validating user access | userId: 1
2026-06-04 15:00:42[DEBUG]com.abubakar.connectify.util.UserAccessValidator-User validation successful | userId: 1
2026-06-04 15:00:42[DEBUG]com.abubakar.connectify.util.AuthUtil-Authenticated active user fetched successfully | userId: 1
2026-06-04 15:00:42[INFO]com.abubakar.connectify.service.impl.StoryServiceImpl-Fetching current user stories | userId: 1 | cursor: null | size: 10
2026-06-04 15:00:42[INFO]com.abubakar.connectify.service.impl.StoryServiceImpl-Current user stories fetched successfully | userId: 1 | storyCount: 0
2026-06-04 15:00:42[INFO]com.abubakar.connectify.configuration.RequestLoggingFilter-GET /api/v1/stories/me | Status: 200
2026-06-04 15:01:55[INFO]com.abubakar.connectify.service.impl.CustomUserDetailsService-Authentication request received for email: abu@gmail.com
2026-06-04 15:01:55[DEBUG]com.abubakar.connectify.service.impl.CustomUserDetailsService-User loaded successfully with email: abu@gmail.com and role: USER
2026-06-04 15:01:55[INFO]com.abubakar.connectify.security.JwtUtils-Token validation result for user abu@gmail.com : true
2026-06-04 15:01:55[INFO]com.abubakar.connectify.security.JwtFilter-User authenticated successfully: abu@gmail.com
2026-06-04 15:01:55[INFO]com.abubakar.connectify.controller.StoryController-Get active stories api request received | cursor: null | size: 10
2026-06-04 15:01:55[INFO]com.abubakar.connectify.service.impl.StoryServiceImpl-Fetching active stories | cursor: null | size: 10
2026-06-04 15:01:55[DEBUG]com.abubakar.connectify.util.UserAccessValidator-Validating user access | userId: 1
2026-06-04 15:01:55[DEBUG]com.abubakar.connectify.util.UserAccessValidator-User validation successful | userId: 1
2026-06-04 15:01:55[DEBUG]com.abubakar.connectify.util.AuthUtil-Authenticated active user fetched successfully | userId: 1
2026-06-04 15:01:55[DEBUG]com.abubakar.connectify.service.impl.StoryServiceImpl-Validating story owner account status while getting active stories | ownerId: 1
2026-06-04 15:01:55[DEBUG]com.abubakar.connectify.util.UserAccessValidator-Validating user access | userId: 1
2026-06-04 15:01:55[DEBUG]com.abubakar.connectify.util.UserAccessValidator-User validation successful | userId: 1
2026-06-04 15:01:55[INFO]com.abubakar.connectify.service.impl.StoryServiceImpl-Active stories fetched successfully | count: 0
2026-06-04 15:01:55[INFO]com.abubakar.connectify.configuration.RequestLoggingFilter-GET /api/v1/stories | Status: 200
2026-06-04 15:03:08[INFO]com.abubakar.connectify.service.impl.CustomUserDetailsService-Authentication request received for email: abu@gmail.com
2026-06-04 15:03:08[DEBUG]com.abubakar.connectify.service.impl.CustomUserDetailsService-User loaded successfully with email: abu@gmail.com and role: USER
2026-06-04 15:03:08[INFO]com.abubakar.connectify.security.JwtUtils-Token validation result for user abu@gmail.com : true
2026-06-04 15:03:08[INFO]com.abubakar.connectify.security.JwtFilter-User authenticated successfully: abu@gmail.com
2026-06-04 15:03:08[INFO]com.abubakar.connectify.controller.StoryController-Get user active stories request received | userId: 6 | cursor: null | size: 10
2026-06-04 15:03:08[INFO]com.abubakar.connectify.service.impl.StoryServiceImpl-Fetching user active stories | userId: 6 | cursor: null | size: 10
2026-06-04 15:03:08[DEBUG]com.abubakar.connectify.util.UserAccessValidator-Validating user access | userId: 6
2026-06-04 15:03:08[DEBUG]com.abubakar.connectify.util.UserAccessValidator-User validation successful | userId: 6
2026-06-04 15:03:08[INFO]com.abubakar.connectify.service.impl.StoryServiceImpl-User active stories fetched successfully | userId: 6 | storyCount: 0
2026-06-04 15:03:08[DEBUG]com.abubakar.connectify.util.UserAccessValidator-Validating user access | userId: 1
2026-06-04 15:03:08[DEBUG]com.abubakar.connectify.util.UserAccessValidator-User validation successful | userId: 1
2026-06-04 15:03:08[DEBUG]com.abubakar.connectify.util.AuthUtil-Authenticated active user fetched successfully | userId: 1
2026-06-04 15:03:08[INFO]com.abubakar.connectify.configuration.RequestLoggingFilter-GET /api/v1/stories/user/6 | Status: 200
2026-06-04 15:03:15[INFO]com.abubakar.connectify.service.impl.CustomUserDetailsService-Authentication request received for email: abu@gmail.com
2026-06-04 15:03:15[DEBUG]com.abubakar.connectify.service.impl.CustomUserDetailsService-User loaded successfully with email: abu@gmail.com and role: USER
2026-06-04 15:03:15[INFO]com.abubakar.connectify.security.JwtUtils-Token validation result for user abu@gmail.com : true
2026-06-04 15:03:15[INFO]com.abubakar.connectify.security.JwtFilter-User authenticated successfully: abu@gmail.com
2026-06-04 15:03:15[INFO]com.abubakar.connectify.controller.StoryController-Get user active stories request received | userId: 67 | cursor: null | size: 10
2026-06-04 15:03:15[INFO]com.abubakar.connectify.service.impl.StoryServiceImpl-Fetching user active stories | userId: 67 | cursor: null | size: 10
2026-06-04 15:03:15[DEBUG]com.abubakar.connectify.util.UserAccessValidator-Validating user access | userId: 67
2026-06-04 15:03:15[WARN]com.abubakar.connectify.util.UserAccessValidator-User validation failed | user not found | userId: 67
2026-06-04 15:03:15[ERROR]com.abubakar.connectify.exception.GlobalExceptionHandler-Business exception occurred | errorCode: RESOURCE_NOT_FOUND | status: 404 NOT_FOUND | message: User is not found with ID:67
com.abubakar.connectify.exception.ResourceNotFound: User is not found with ID:67
	at com.abubakar.connectify.util.UserAccessValidator.lambda$getValidUser$0(UserAccessValidator.java:42)
	at java.base/java.util.Optional.orElseThrow(Optional.java:403)
	at com.abubakar.connectify.util.UserAccessValidator.getValidUser(UserAccessValidator.java:35)
	at com.abubakar.connectify.service.impl.StoryServiceImpl.getUserActiveStories(StoryServiceImpl.java:724)
	at java.base/jdk.internal.reflect.DirectMethodHandleAccessor.invoke(DirectMethodHandleAccessor.java:103)
	at java.base/java.lang.reflect.Method.invoke(Method.java:580)
	at org.springframework.aop.support.AopUtils.invokeJoinpointUsingReflection(AopUtils.java:359)
	at org.springframework.aop.framework.ReflectiveMethodInvocation.invokeJoinpoint(ReflectiveMethodInvocation.java:190)
	at org.springframework.aop.framework.ReflectiveMethodInvocation.proceed(ReflectiveMethodInvocation.java:158)
	at org.springframework.transaction.interceptor.TransactionInterceptor$1.proceedWithInvocation(TransactionInterceptor.java:133)
	at org.springframework.transaction.interceptor.TransactionAspectSupport.invokeWithinTransaction(TransactionAspectSupport.java:371)
	at org.springframework.transaction.interceptor.TransactionInterceptor.invoke(TransactionInterceptor.java:130)
	at org.springframework.aop.framework.ReflectiveMethodInvocation.proceed(ReflectiveMethodInvocation.java:179)
	at org.springframework.aop.framework.CglibAopProxy$DynamicAdvisedInterceptor.intercept(CglibAopProxy.java:719)
	at com.abubakar.connectify.service.impl.StoryServiceImpl$$SpringCGLIB$$0.getUserActiveStories(<generated>)
	at com.abubakar.connectify.controller.StoryController.getUserActiveStories(StoryController.java:249)
	at java.base/jdk.internal.reflect.DirectMethodHandleAccessor.invoke(DirectMethodHandleAccessor.java:103)
	at java.base/java.lang.reflect.Method.invoke(Method.java:580)
	at org.springframework.web.method.support.InvocableHandlerMethod.doInvoke(InvocableHandlerMethod.java:252)
	at org.springframework.web.method.support.InvocableHandlerMethod.invokeForRequest(InvocableHandlerMethod.java:184)
	at org.springframework.web.servlet.mvc.method.annotation.ServletInvocableHandlerMethod.invokeAndHandle(ServletInvocableHandlerMethod.java:117)
	at org.springframework.web.servlet.mvc.method.annotation.RequestMappingHandlerAdapter.invokeHandlerMethod(RequestMappingHandlerAdapter.java:934)
	at org.springframework.web.servlet.mvc.method.annotation.RequestMappingHandlerAdapter.handleInternal(RequestMappingHandlerAdapter.java:853)
	at org.springframework.web.servlet.mvc.method.AbstractHandlerMethodAdapter.handle(AbstractHandlerMethodAdapter.java:86)
	at org.springframework.web.servlet.DispatcherServlet.doDispatch(DispatcherServlet.java:963)
	at org.springframework.web.servlet.DispatcherServlet.doService(DispatcherServlet.java:866)
	at org.springframework.web.servlet.FrameworkServlet.processRequest(FrameworkServlet.java:1000)
	at org.springframework.web.servlet.FrameworkServlet.doGet(FrameworkServlet.java:892)
	at jakarta.servlet.http.HttpServlet.service(HttpServlet.java:622)
	at org.springframework.web.servlet.FrameworkServlet.service(FrameworkServlet.java:874)
	at jakarta.servlet.http.HttpServlet.service(HttpServlet.java:710)
	at org.apache.catalina.core.ApplicationFilterChain.doFilter(ApplicationFilterChain.java:128)
	at org.apache.tomcat.websocket.server.WsFilter.doFilter(WsFilter.java:53)
	at org.apache.catalina.core.ApplicationFilterChain.doFilter(ApplicationFilterChain.java:107)
	at org.springframework.web.filter.OncePerRequestFilter.doFilter(OncePerRequestFilter.java:110)
	at org.apache.catalina.core.ApplicationFilterChain.doFilter(ApplicationFilterChain.java:107)
	at org.springframework.web.filter.OncePerRequestFilter.doFilter(OncePerRequestFilter.java:110)
	at org.apache.catalina.core.ApplicationFilterChain.doFilter(ApplicationFilterChain.java:107)
	at com.abubakar.connectify.configuration.RequestLoggingFilter.doFilterInternal(RequestLoggingFilter.java:30)
	at org.springframework.web.filter.OncePerRequestFilter.doFilter(OncePerRequestFilter.java:116)
	at org.apache.catalina.core.ApplicationFilterChain.doFilter(ApplicationFilterChain.java:107)
	at org.springframework.web.filter.CompositeFilter$VirtualFilterChain.doFilter(CompositeFilter.java:108)
	at org.springframework.security.web.FilterChainProxy.lambda$doFilterInternal$3(FilterChainProxy.java:235)
	at org.springframework.security.web.FilterChainProxy$VirtualFilterChain.doFilter(FilterChainProxy.java:376)
	at org.springframework.security.web.access.intercept.AuthorizationFilter.doFilter(AuthorizationFilter.java:101)
	at org.springframework.security.web.FilterChainProxy$VirtualFilterChain.doFilter(FilterChainProxy.java:385)
	at org.springframework.security.web.access.ExceptionTranslationFilter.doFilter(ExceptionTranslationFilter.java:126)
	at org.springframework.security.web.access.ExceptionTranslationFilter.doFilter(ExceptionTranslationFilter.java:120)
	at org.springframework.security.web.FilterChainProxy$VirtualFilterChain.doFilter(FilterChainProxy.java:385)
	at org.springframework.security.web.session.SessionManagementFilter.doFilter(SessionManagementFilter.java:132)
	at org.springframework.security.web.session.SessionManagementFilter.doFilter(SessionManagementFilter.java:86)
	at org.springframework.security.web.FilterChainProxy$VirtualFilterChain.doFilter(FilterChainProxy.java:385)
	at org.springframework.security.web.authentication.AnonymousAuthenticationFilter.doFilter(AnonymousAuthenticationFilter.java:100)
	at org.springframework.security.web.FilterChainProxy$VirtualFilterChain.doFilter(FilterChainProxy.java:385)
	at org.springframework.security.web.servletapi.SecurityContextHolderAwareRequestFilter.doFilter(SecurityContextHolderAwareRequestFilter.java:181)
	at org.springframework.security.web.FilterChainProxy$VirtualFilterChain.doFilter(FilterChainProxy.java:385)
	at org.springframework.security.web.savedrequest.RequestCacheAwareFilter.doFilter(RequestCacheAwareFilter.java:63)
	at org.springframework.security.web.FilterChainProxy$VirtualFilterChain.doFilter(FilterChainProxy.java:385)
	at org.springframework.security.web.authentication.ui.DefaultLogoutPageGeneratingFilter.doFilterInternal(DefaultLogoutPageGeneratingFilter.java:60)
	at org.springframework.web.filter.OncePerRequestFilter.doFilter(OncePerRequestFilter.java:116)
	at org.springframework.security.web.FilterChainProxy$VirtualFilterChain.doFilter(FilterChainProxy.java:385)
	at org.springframework.security.web.authentication.ui.DefaultLoginPageGeneratingFilter.doFilter(DefaultLoginPageGeneratingFilter.java:246)
	at org.springframework.security.web.authentication.ui.DefaultLoginPageGeneratingFilter.doFilter(DefaultLoginPageGeneratingFilter.java:232)
	at org.springframework.security.web.FilterChainProxy$VirtualFilterChain.doFilter(FilterChainProxy.java:385)
	at org.springframework.security.web.authentication.ui.DefaultResourcesFilter.doFilter(DefaultResourcesFilter.java:73)
	at org.springframework.security.web.FilterChainProxy$VirtualFilterChain.doFilter(FilterChainProxy.java:385)
	at com.abubakar.connectify.security.JwtFilter.doFilterInternal(JwtFilter.java:141)
	at org.springframework.web.filter.OncePerRequestFilter.doFilter(OncePerRequestFilter.java:116)
	at org.springframework.security.web.FilterChainProxy$VirtualFilterChain.doFilter(FilterChainProxy.java:385)
	at org.springframework.security.web.authentication.AbstractAuthenticationProcessingFilter.doFilter(AbstractAuthenticationProcessingFilter.java:245)
	at org.springframework.security.web.authentication.AbstractAuthenticationProcessingFilter.doFilter(AbstractAuthenticationProcessingFilter.java:239)
	at org.springframework.security.web.FilterChainProxy$VirtualFilterChain.doFilter(FilterChainProxy.java:385)
	at org.springframework.security.oauth2.client.web.OAuth2AuthorizationRequestRedirectFilter.doFilterInternal(OAuth2AuthorizationRequestRedirectFilter.java:195)
	at org.springframework.web.filter.OncePerRequestFilter.doFilter(OncePerRequestFilter.java:116)
	at org.springframework.security.web.FilterChainProxy$VirtualFilterChain.doFilter(FilterChainProxy.java:385)
	at org.springframework.security.web.authentication.logout.LogoutFilter.doFilter(LogoutFilter.java:110)
	at org.springframework.security.web.authentication.logout.LogoutFilter.doFilter(LogoutFilter.java:96)
	at org.springframework.security.web.FilterChainProxy$VirtualFilterChain.doFilter(FilterChainProxy.java:385)
	at org.springframework.web.filter.CorsFilter.doFilterInternal(CorsFilter.java:91)
	at org.springframework.web.filter.OncePerRequestFilter.doFilter(OncePerRequestFilter.java:116)
	at org.springframework.security.web.FilterChainProxy$VirtualFilterChain.doFilter(FilterChainProxy.java:385)
	at org.springframework.security.web.header.HeaderWriterFilter.doHeadersAfter(HeaderWriterFilter.java:90)
	at org.springframework.security.web.header.HeaderWriterFilter.doFilterInternal(HeaderWriterFilter.java:75)
	at org.springframework.web.filter.OncePerRequestFilter.doFilter(OncePerRequestFilter.java:116)
	at org.springframework.security.web.FilterChainProxy$VirtualFilterChain.doFilter(FilterChainProxy.java:385)
	at org.springframework.security.web.context.SecurityContextHolderFilter.doFilter(SecurityContextHolderFilter.java:82)
	at org.springframework.security.web.context.SecurityContextHolderFilter.doFilter(SecurityContextHolderFilter.java:69)
	at org.springframework.security.web.FilterChainProxy$VirtualFilterChain.doFilter(FilterChainProxy.java:385)
	at org.springframework.security.web.context.request.async.WebAsyncManagerIntegrationFilter.doFilterInternal(WebAsyncManagerIntegrationFilter.java:62)
	at org.springframework.web.filter.OncePerRequestFilter.doFilter(OncePerRequestFilter.java:116)
	at org.springframework.security.web.FilterChainProxy$VirtualFilterChain.doFilter(FilterChainProxy.java:385)
	at org.springframework.security.web.session.DisableEncodeUrlFilter.doFilterInternal(DisableEncodeUrlFilter.java:42)
	at org.springframework.web.filter.OncePerRequestFilter.doFilter(OncePerRequestFilter.java:116)
	at org.springframework.security.web.FilterChainProxy$VirtualFilterChain.doFilter(FilterChainProxy.java:385)
	at org.springframework.security.web.FilterChainProxy.doFilterInternal(FilterChainProxy.java:237)
	at org.springframework.security.web.FilterChainProxy.doFilter(FilterChainProxy.java:195)
	at org.springframework.web.filter.CompositeFilter$VirtualFilterChain.doFilter(CompositeFilter.java:113)
	at org.springframework.web.filter.ServletRequestPathFilter.doFilter(ServletRequestPathFilter.java:52)
	at org.springframework.web.filter.CompositeFilter$VirtualFilterChain.doFilter(CompositeFilter.java:113)
	at org.springframework.web.filter.CompositeFilter.doFilter(CompositeFilter.java:74)
	at org.springframework.security.config.annotation.web.configuration.WebSecurityConfiguration$CompositeFilterChainProxy.doFilter(WebSecurityConfiguration.java:317)
	at org.springframework.web.filter.DelegatingFilterProxy.invokeDelegate(DelegatingFilterProxy.java:355)
	at org.springframework.web.filter.DelegatingFilterProxy.doFilter(DelegatingFilterProxy.java:272)
	at org.apache.catalina.core.ApplicationFilterChain.doFilter(ApplicationFilterChain.java:107)
	at org.springframework.web.filter.RequestContextFilter.doFilterInternal(RequestContextFilter.java:100)
	at org.springframework.web.filter.OncePerRequestFilter.doFilter(OncePerRequestFilter.java:116)
	at org.apache.catalina.core.ApplicationFilterChain.doFilter(ApplicationFilterChain.java:107)
	at org.springframework.web.filter.FormContentFilter.doFilterInternal(FormContentFilter.java:93)
	at org.springframework.web.filter.OncePerRequestFilter.doFilter(OncePerRequestFilter.java:116)
	at org.apache.catalina.core.ApplicationFilterChain.doFilter(ApplicationFilterChain.java:107)
	at org.springframework.web.filter.CharacterEncodingFilter.doFilterInternal(CharacterEncodingFilter.java:199)
	at org.springframework.web.filter.OncePerRequestFilter.doFilter(OncePerRequestFilter.java:116)
	at org.apache.catalina.core.ApplicationFilterChain.doFilter(ApplicationFilterChain.java:107)
	at org.apache.catalina.core.StandardWrapperValve.invoke(StandardWrapperValve.java:165)
	at org.apache.catalina.core.StandardContextValve.invoke(StandardContextValve.java:77)
	at org.apache.catalina.authenticator.AuthenticatorBase.invoke(AuthenticatorBase.java:492)
	at org.apache.catalina.core.StandardHostValve.invoke(StandardHostValve.java:113)
	at org.apache.catalina.valves.ErrorReportValve.invoke(ErrorReportValve.java:83)
	at org.apache.catalina.core.StandardEngineValve.invoke(StandardEngineValve.java:72)
	at org.apache.catalina.connector.CoyoteAdapter.service(CoyoteAdapter.java:341)
	at org.apache.coyote.http11.Http11Processor.service(Http11Processor.java:397)
	at org.apache.coyote.AbstractProcessorLight.process(AbstractProcessorLight.java:63)
	at org.apache.coyote.AbstractProtocol$ConnectionHandler.process(AbstractProtocol.java:903)
	at org.apache.tomcat.util.net.NioEndpoint$SocketProcessor.doRun(NioEndpoint.java:1801)
	at org.apache.tomcat.util.net.SocketProcessorBase.run(SocketProcessorBase.java:52)
	at org.apache.tomcat.util.threads.ThreadPoolExecutor.runWorker(ThreadPoolExecutor.java:946)
	at org.apache.tomcat.util.threads.ThreadPoolExecutor$Worker.run(ThreadPoolExecutor.java:480)
	at org.apache.tomcat.util.threads.TaskThread$WrappingRunnable.run(TaskThread.java:57)
	at java.base/java.lang.Thread.run(Thread.java:1583)
2026-06-04 15:03:15[INFO]com.abubakar.connectify.configuration.RequestLoggingFilter-GET /api/v1/stories/user/67 | Status: 404
2026-06-04 15:03:17[INFO]com.abubakar.connectify.scheduler.StoryCleanupScheduler-Running story cleanup job
2026-06-04 15:03:17[INFO]com.abubakar.connectify.scheduler.StoryCleanupScheduler-Expired stories found: 0
2026-06-04 15:03:17[INFO]com.abubakar.connectify.scheduler.StoryCleanupScheduler-Story cleanup completed
2026-06-04 15:03:19[INFO]com.abubakar.connectify.service.impl.CustomUserDetailsService-Authentication request received for email: abu@gmail.com
2026-06-04 15:03:19[DEBUG]com.abubakar.connectify.service.impl.CustomUserDetailsService-User loaded successfully with email: abu@gmail.com and role: USER
2026-06-04 15:03:19[INFO]com.abubakar.connectify.security.JwtUtils-Token validation result for user abu@gmail.com : true
2026-06-04 15:03:19[INFO]com.abubakar.connectify.security.JwtFilter-User authenticated successfully: abu@gmail.com
2026-06-04 15:03:19[INFO]com.abubakar.connectify.controller.StoryController-Get user active stories request received | userId: 6 | cursor: null | size: 10
2026-06-04 15:03:19[INFO]com.abubakar.connectify.service.impl.StoryServiceImpl-Fetching user active stories | userId: 6 | cursor: null | size: 10
2026-06-04 15:03:19[DEBUG]com.abubakar.connectify.util.UserAccessValidator-Validating user access | userId: 6
2026-06-04 15:03:19[DEBUG]com.abubakar.connectify.util.UserAccessValidator-User validation successful | userId: 6
2026-06-04 15:03:19[INFO]com.abubakar.connectify.service.impl.StoryServiceImpl-User active stories fetched successfully | userId: 6 | storyCount: 0
2026-06-04 15:03:19[DEBUG]com.abubakar.connectify.util.UserAccessValidator-Validating user access | userId: 1
2026-06-04 15:03:19[DEBUG]com.abubakar.connectify.util.UserAccessValidator-User validation successful | userId: 1
2026-06-04 15:03:19[DEBUG]com.abubakar.connectify.util.AuthUtil-Authenticated active user fetched successfully | userId: 1
2026-06-04 15:03:19[INFO]com.abubakar.connectify.configuration.RequestLoggingFilter-GET /api/v1/stories/user/6 | Status: 200
2026-06-04 15:05:46[INFO]com.abubakar.connectify.service.impl.CustomUserDetailsService-Authentication request received for email: abu@gmail.com
2026-06-04 15:05:46[DEBUG]com.abubakar.connectify.service.impl.CustomUserDetailsService-User loaded successfully with email: abu@gmail.com and role: USER
2026-06-04 15:05:46[INFO]com.abubakar.connectify.security.JwtUtils-Token validation result for user abu@gmail.com : true
2026-06-04 15:05:46[INFO]com.abubakar.connectify.security.JwtFilter-User authenticated successfully: abu@gmail.com
2026-06-04 15:05:46[INFO]com.abubakar.connectify.controller.StoryController-Get story viewers request received | storyId: 1 | cursor: null | size: 10
2026-06-04 15:05:46[INFO]com.abubakar.connectify.service.impl.StoryServiceImpl-Fetching story viewers | storyId: 1 | cursor: null | size: 10
2026-06-04 15:05:46[DEBUG]com.abubakar.connectify.util.StoryAccessValidator-Validating active story access | storyId: 1
2026-06-04 15:05:46[DEBUG]com.abubakar.connectify.util.StoryAccessValidator-Fetching story | storyId: 1
2026-06-04 15:05:46[WARN]com.abubakar.connectify.util.StoryAccessValidator-Story not found | storyId: 1
2026-06-04 15:05:46[ERROR]com.abubakar.connectify.exception.GlobalExceptionHandler-Business exception occurred | errorCode: RESOURCE_NOT_FOUND | status: 404 NOT_FOUND | message: Story not found with id: 1
com.abubakar.connectify.exception.ResourceNotFound: Story not found with id: 1
	at com.abubakar.connectify.util.StoryAccessValidator.lambda$getStory$0(StoryAccessValidator.java:98)
	at java.base/java.util.Optional.orElseThrow(Optional.java:403)
	at com.abubakar.connectify.util.StoryAccessValidator.getStory(StoryAccessValidator.java:91)
	at com.abubakar.connectify.util.StoryAccessValidator.getActiveStory(StoryAccessValidator.java:41)
	at com.abubakar.connectify.service.impl.StoryServiceImpl.getStoryViewers(StoryServiceImpl.java:590)
	at java.base/jdk.internal.reflect.DirectMethodHandleAccessor.invoke(DirectMethodHandleAccessor.java:103)
	at java.base/java.lang.reflect.Method.invoke(Method.java:580)
	at org.springframework.aop.support.AopUtils.invokeJoinpointUsingReflection(AopUtils.java:359)
	at org.springframework.aop.framework.ReflectiveMethodInvocation.invokeJoinpoint(ReflectiveMethodInvocation.java:190)
	at org.springframework.aop.framework.ReflectiveMethodInvocation.proceed(ReflectiveMethodInvocation.java:158)
	at org.springframework.transaction.interceptor.TransactionInterceptor$1.proceedWithInvocation(TransactionInterceptor.java:133)
	at org.springframework.transaction.interceptor.TransactionAspectSupport.invokeWithinTransaction(TransactionAspectSupport.java:371)
	at org.springframework.transaction.interceptor.TransactionInterceptor.invoke(TransactionInterceptor.java:130)
	at org.springframework.aop.framework.ReflectiveMethodInvocation.proceed(ReflectiveMethodInvocation.java:179)
	at org.springframework.aop.framework.CglibAopProxy$DynamicAdvisedInterceptor.intercept(CglibAopProxy.java:719)
	at com.abubakar.connectify.service.impl.StoryServiceImpl$$SpringCGLIB$$0.getStoryViewers(<generated>)
	at com.abubakar.connectify.controller.StoryController.getStoryViewers(StoryController.java:182)
	at java.base/jdk.internal.reflect.DirectMethodHandleAccessor.invoke(DirectMethodHandleAccessor.java:103)
	at java.base/java.lang.reflect.Method.invoke(Method.java:580)
	at org.springframework.web.method.support.InvocableHandlerMethod.doInvoke(InvocableHandlerMethod.java:252)
	at org.springframework.web.method.support.InvocableHandlerMethod.invokeForRequest(InvocableHandlerMethod.java:184)
	at org.springframework.web.servlet.mvc.method.annotation.ServletInvocableHandlerMethod.invokeAndHandle(ServletInvocableHandlerMethod.java:117)
	at org.springframework.web.servlet.mvc.method.annotation.RequestMappingHandlerAdapter.invokeHandlerMethod(RequestMappingHandlerAdapter.java:934)
	at org.springframework.web.servlet.mvc.method.annotation.RequestMappingHandlerAdapter.handleInternal(RequestMappingHandlerAdapter.java:853)
	at org.springframework.web.servlet.mvc.method.AbstractHandlerMethodAdapter.handle(AbstractHandlerMethodAdapter.java:86)
	at org.springframework.web.servlet.DispatcherServlet.doDispatch(DispatcherServlet.java:963)
	at org.springframework.web.servlet.DispatcherServlet.doService(DispatcherServlet.java:866)
	at org.springframework.web.servlet.FrameworkServlet.processRequest(FrameworkServlet.java:1000)
	at org.springframework.web.servlet.FrameworkServlet.doGet(FrameworkServlet.java:892)
	at jakarta.servlet.http.HttpServlet.service(HttpServlet.java:622)
	at org.springframework.web.servlet.FrameworkServlet.service(FrameworkServlet.java:874)
	at jakarta.servlet.http.HttpServlet.service(HttpServlet.java:710)
	at org.apache.catalina.core.ApplicationFilterChain.doFilter(ApplicationFilterChain.java:128)
	at org.apache.tomcat.websocket.server.WsFilter.doFilter(WsFilter.java:53)
	at org.apache.catalina.core.ApplicationFilterChain.doFilter(ApplicationFilterChain.java:107)
	at org.springframework.web.filter.OncePerRequestFilter.doFilter(OncePerRequestFilter.java:110)
	at org.apache.catalina.core.ApplicationFilterChain.doFilter(ApplicationFilterChain.java:107)
	at org.springframework.web.filter.OncePerRequestFilter.doFilter(OncePerRequestFilter.java:110)
	at org.apache.catalina.core.ApplicationFilterChain.doFilter(ApplicationFilterChain.java:107)
	at com.abubakar.connectify.configuration.RequestLoggingFilter.doFilterInternal(RequestLoggingFilter.java:30)
	at org.springframework.web.filter.OncePerRequestFilter.doFilter(OncePerRequestFilter.java:116)
	at org.apache.catalina.core.ApplicationFilterChain.doFilter(ApplicationFilterChain.java:107)
	at org.springframework.web.filter.CompositeFilter$VirtualFilterChain.doFilter(CompositeFilter.java:108)
	at org.springframework.security.web.FilterChainProxy.lambda$doFilterInternal$3(FilterChainProxy.java:235)
	at org.springframework.security.web.FilterChainProxy$VirtualFilterChain.doFilter(FilterChainProxy.java:376)
	at org.springframework.security.web.access.intercept.AuthorizationFilter.doFilter(AuthorizationFilter.java:101)
	at org.springframework.security.web.FilterChainProxy$VirtualFilterChain.doFilter(FilterChainProxy.java:385)
	at org.springframework.security.web.access.ExceptionTranslationFilter.doFilter(ExceptionTranslationFilter.java:126)
	at org.springframework.security.web.access.ExceptionTranslationFilter.doFilter(ExceptionTranslationFilter.java:120)
	at org.springframework.security.web.FilterChainProxy$VirtualFilterChain.doFilter(FilterChainProxy.java:385)
	at org.springframework.security.web.session.SessionManagementFilter.doFilter(SessionManagementFilter.java:132)
	at org.springframework.security.web.session.SessionManagementFilter.doFilter(SessionManagementFilter.java:86)
	at org.springframework.security.web.FilterChainProxy$VirtualFilterChain.doFilter(FilterChainProxy.java:385)
	at org.springframework.security.web.authentication.AnonymousAuthenticationFilter.doFilter(AnonymousAuthenticationFilter.java:100)
	at org.springframework.security.web.FilterChainProxy$VirtualFilterChain.doFilter(FilterChainProxy.java:385)
	at org.springframework.security.web.servletapi.SecurityContextHolderAwareRequestFilter.doFilter(SecurityContextHolderAwareRequestFilter.java:181)
	at org.springframework.security.web.FilterChainProxy$VirtualFilterChain.doFilter(FilterChainProxy.java:385)
	at org.springframework.security.web.savedrequest.RequestCacheAwareFilter.doFilter(RequestCacheAwareFilter.java:63)
	at org.springframework.security.web.FilterChainProxy$VirtualFilterChain.doFilter(FilterChainProxy.java:385)
	at org.springframework.security.web.authentication.ui.DefaultLogoutPageGeneratingFilter.doFilterInternal(DefaultLogoutPageGeneratingFilter.java:60)
	at org.springframework.web.filter.OncePerRequestFilter.doFilter(OncePerRequestFilter.java:116)
	at org.springframework.security.web.FilterChainProxy$VirtualFilterChain.doFilter(FilterChainProxy.java:385)
	at org.springframework.security.web.authentication.ui.DefaultLoginPageGeneratingFilter.doFilter(DefaultLoginPageGeneratingFilter.java:246)
	at org.springframework.security.web.authentication.ui.DefaultLoginPageGeneratingFilter.doFilter(DefaultLoginPageGeneratingFilter.java:232)
	at org.springframework.security.web.FilterChainProxy$VirtualFilterChain.doFilter(FilterChainProxy.java:385)
	at org.springframework.security.web.authentication.ui.DefaultResourcesFilter.doFilter(DefaultResourcesFilter.java:73)
	at org.springframework.security.web.FilterChainProxy$VirtualFilterChain.doFilter(FilterChainProxy.java:385)
	at com.abubakar.connectify.security.JwtFilter.doFilterInternal(JwtFilter.java:141)
	at org.springframework.web.filter.OncePerRequestFilter.doFilter(OncePerRequestFilter.java:116)
	at org.springframework.security.web.FilterChainProxy$VirtualFilterChain.doFilter(FilterChainProxy.java:385)
	at org.springframework.security.web.authentication.AbstractAuthenticationProcessingFilter.doFilter(AbstractAuthenticationProcessingFilter.java:245)
	at org.springframework.security.web.authentication.AbstractAuthenticationProcessingFilter.doFilter(AbstractAuthenticationProcessingFilter.java:239)
	at org.springframework.security.web.FilterChainProxy$VirtualFilterChain.doFilter(FilterChainProxy.java:385)
	at org.springframework.security.oauth2.client.web.OAuth2AuthorizationRequestRedirectFilter.doFilterInternal(OAuth2AuthorizationRequestRedirectFilter.java:195)
	at org.springframework.web.filter.OncePerRequestFilter.doFilter(OncePerRequestFilter.java:116)
	at org.springframework.security.web.FilterChainProxy$VirtualFilterChain.doFilter(FilterChainProxy.java:385)
	at org.springframework.security.web.authentication.logout.LogoutFilter.doFilter(LogoutFilter.java:110)
	at org.springframework.security.web.authentication.logout.LogoutFilter.doFilter(LogoutFilter.java:96)
	at org.springframework.security.web.FilterChainProxy$VirtualFilterChain.doFilter(FilterChainProxy.java:385)
	at org.springframework.web.filter.CorsFilter.doFilterInternal(CorsFilter.java:91)
	at org.springframework.web.filter.OncePerRequestFilter.doFilter(OncePerRequestFilter.java:116)
	at org.springframework.security.web.FilterChainProxy$VirtualFilterChain.doFilter(FilterChainProxy.java:385)
	at org.springframework.security.web.header.HeaderWriterFilter.doHeadersAfter(HeaderWriterFilter.java:90)
	at org.springframework.security.web.header.HeaderWriterFilter.doFilterInternal(HeaderWriterFilter.java:75)
	at org.springframework.web.filter.OncePerRequestFilter.doFilter(OncePerRequestFilter.java:116)
	at org.springframework.security.web.FilterChainProxy$VirtualFilterChain.doFilter(FilterChainProxy.java:385)
	at org.springframework.security.web.context.SecurityContextHolderFilter.doFilter(SecurityContextHolderFilter.java:82)
	at org.springframework.security.web.context.SecurityContextHolderFilter.doFilter(SecurityContextHolderFilter.java:69)
	at org.springframework.security.web.FilterChainProxy$VirtualFilterChain.doFilter(FilterChainProxy.java:385)
	at org.springframework.security.web.context.request.async.WebAsyncManagerIntegrationFilter.doFilterInternal(WebAsyncManagerIntegrationFilter.java:62)
	at org.springframework.web.filter.OncePerRequestFilter.doFilter(OncePerRequestFilter.java:116)
	at org.springframework.security.web.FilterChainProxy$VirtualFilterChain.doFilter(FilterChainProxy.java:385)
	at org.springframework.security.web.session.DisableEncodeUrlFilter.doFilterInternal(DisableEncodeUrlFilter.java:42)
	at org.springframework.web.filter.OncePerRequestFilter.doFilter(OncePerRequestFilter.java:116)
	at org.springframework.security.web.FilterChainProxy$VirtualFilterChain.doFilter(FilterChainProxy.java:385)
	at org.springframework.security.web.FilterChainProxy.doFilterInternal(FilterChainProxy.java:237)
	at org.springframework.security.web.FilterChainProxy.doFilter(FilterChainProxy.java:195)
	at org.springframework.web.filter.CompositeFilter$VirtualFilterChain.doFilter(CompositeFilter.java:113)
	at org.springframework.web.filter.ServletRequestPathFilter.doFilter(ServletRequestPathFilter.java:52)
	at org.springframework.web.filter.CompositeFilter$VirtualFilterChain.doFilter(CompositeFilter.java:113)
	at org.springframework.web.filter.CompositeFilter.doFilter(CompositeFilter.java:74)
	at org.springframework.security.config.annotation.web.configuration.WebSecurityConfiguration$CompositeFilterChainProxy.doFilter(WebSecurityConfiguration.java:317)
	at org.springframework.web.filter.DelegatingFilterProxy.invokeDelegate(DelegatingFilterProxy.java:355)
	at org.springframework.web.filter.DelegatingFilterProxy.doFilter(DelegatingFilterProxy.java:272)
	at org.apache.catalina.core.ApplicationFilterChain.doFilter(ApplicationFilterChain.java:107)
	at org.springframework.web.filter.RequestContextFilter.doFilterInternal(RequestContextFilter.java:100)
	at org.springframework.web.filter.OncePerRequestFilter.doFilter(OncePerRequestFilter.java:116)
	at org.apache.catalina.core.ApplicationFilterChain.doFilter(ApplicationFilterChain.java:107)
	at org.springframework.web.filter.FormContentFilter.doFilterInternal(FormContentFilter.java:93)
	at org.springframework.web.filter.OncePerRequestFilter.doFilter(OncePerRequestFilter.java:116)
	at org.apache.catalina.core.ApplicationFilterChain.doFilter(ApplicationFilterChain.java:107)
	at org.springframework.web.filter.CharacterEncodingFilter.doFilterInternal(CharacterEncodingFilter.java:199)
	at org.springframework.web.filter.OncePerRequestFilter.doFilter(OncePerRequestFilter.java:116)
	at org.apache.catalina.core.ApplicationFilterChain.doFilter(ApplicationFilterChain.java:107)
	at org.apache.catalina.core.StandardWrapperValve.invoke(StandardWrapperValve.java:165)
	at org.apache.catalina.core.StandardContextValve.invoke(StandardContextValve.java:77)
	at org.apache.catalina.authenticator.AuthenticatorBase.invoke(AuthenticatorBase.java:492)
	at org.apache.catalina.core.StandardHostValve.invoke(StandardHostValve.java:113)
	at org.apache.catalina.valves.ErrorReportValve.invoke(ErrorReportValve.java:83)
	at org.apache.catalina.core.StandardEngineValve.invoke(StandardEngineValve.java:72)
	at org.apache.catalina.connector.CoyoteAdapter.service(CoyoteAdapter.java:341)
	at org.apache.coyote.http11.Http11Processor.service(Http11Processor.java:397)
	at org.apache.coyote.AbstractProcessorLight.process(AbstractProcessorLight.java:63)
	at org.apache.coyote.AbstractProtocol$ConnectionHandler.process(AbstractProtocol.java:903)
	at org.apache.tomcat.util.net.NioEndpoint$SocketProcessor.doRun(NioEndpoint.java:1801)
	at org.apache.tomcat.util.net.SocketProcessorBase.run(SocketProcessorBase.java:52)
	at org.apache.tomcat.util.threads.ThreadPoolExecutor.runWorker(ThreadPoolExecutor.java:946)
	at org.apache.tomcat.util.threads.ThreadPoolExecutor$Worker.run(ThreadPoolExecutor.java:480)
	at org.apache.tomcat.util.threads.TaskThread$WrappingRunnable.run(TaskThread.java:57)
	at java.base/java.lang.Thread.run(Thread.java:1583)
2026-06-04 15:05:46[INFO]com.abubakar.connectify.configuration.RequestLoggingFilter-GET /api/v1/stories/1/viewers | Status: 404
2026-06-04 15:05:52[INFO]com.abubakar.connectify.service.impl.CustomUserDetailsService-Authentication request received for email: abu@gmail.com
2026-06-04 15:05:52[DEBUG]com.abubakar.connectify.service.impl.CustomUserDetailsService-User loaded successfully with email: abu@gmail.com and role: USER
2026-06-04 15:05:52[INFO]com.abubakar.connectify.security.JwtUtils-Token validation result for user abu@gmail.com : true
2026-06-04 15:05:52[INFO]com.abubakar.connectify.security.JwtFilter-User authenticated successfully: abu@gmail.com
2026-06-04 15:05:52[INFO]com.abubakar.connectify.controller.AuthController-Fetching Current User Api initiated.
2026-06-04 15:05:52[DEBUG]com.abubakar.connectify.service.impl.AuthServiceImpl-Fetching current user
2026-06-04 15:05:52[DEBUG]com.abubakar.connectify.util.UserAccessValidator-Validating user access | userId: 1
2026-06-04 15:05:52[DEBUG]com.abubakar.connectify.util.UserAccessValidator-User validation successful | userId: 1
2026-06-04 15:05:52[DEBUG]com.abubakar.connectify.util.AuthUtil-Authenticated active user fetched successfully | userId: 1
2026-06-04 15:05:52[INFO]com.abubakar.connectify.service.impl.AuthServiceImpl-Current user fetched successfully | userId: 1
2026-06-04 15:05:52[INFO]com.abubakar.connectify.configuration.RequestLoggingFilter-GET /api/v1/auth/me | Status: 200
2026-06-04 15:08:38[INFO]com.abubakar.connectify.service.impl.CustomUserDetailsService-Authentication request received for email: abu@gmail.com
2026-06-04 15:08:38[DEBUG]com.abubakar.connectify.service.impl.CustomUserDetailsService-User loaded successfully with email: abu@gmail.com and role: USER
2026-06-04 15:08:38[INFO]com.abubakar.connectify.security.JwtUtils-Token validation result for user abu@gmail.com : true
2026-06-04 15:08:38[INFO]com.abubakar.connectify.security.JwtFilter-User authenticated successfully: abu@gmail.com
2026-06-04 15:08:38[INFO]com.abubakar.connectify.controller.StoryController-Restore story request received | storyId: 1
2026-06-04 15:08:38[INFO]com.abubakar.connectify.service.impl.StoryServiceImpl-Story restore request | storyId: 1
2026-06-04 15:08:38[DEBUG]com.abubakar.connectify.util.UserAccessValidator-Validating user access | userId: 1
2026-06-04 15:08:38[DEBUG]com.abubakar.connectify.util.UserAccessValidator-User validation successful | userId: 1
2026-06-04 15:08:38[DEBUG]com.abubakar.connectify.util.AuthUtil-Authenticated active user fetched successfully | userId: 1
2026-06-04 15:08:38[DEBUG]com.abubakar.connectify.util.StoryAccessValidator-Fetching story | storyId: 1
2026-06-04 15:08:38[WARN]com.abubakar.connectify.util.StoryAccessValidator-Story not found | storyId: 1
2026-06-04 15:08:38[ERROR]com.abubakar.connectify.exception.GlobalExceptionHandler-Business exception occurred | errorCode: RESOURCE_NOT_FOUND | status: 404 NOT_FOUND | message: Story not found with id: 1
com.abubakar.connectify.exception.ResourceNotFound: Story not found with id: 1
	at com.abubakar.connectify.util.StoryAccessValidator.lambda$getStory$0(StoryAccessValidator.java:98)
	at java.base/java.util.Optional.orElseThrow(Optional.java:403)
	at com.abubakar.connectify.util.StoryAccessValidator.getStory(StoryAccessValidator.java:91)
	at com.abubakar.connectify.service.impl.StoryServiceImpl.requestRestoreStory(StoryServiceImpl.java:475)
	at java.base/jdk.internal.reflect.DirectMethodHandleAccessor.invoke(DirectMethodHandleAccessor.java:103)
	at java.base/java.lang.reflect.Method.invoke(Method.java:580)
	at org.springframework.aop.support.AopUtils.invokeJoinpointUsingReflection(AopUtils.java:359)
	at org.springframework.aop.framework.ReflectiveMethodInvocation.invokeJoinpoint(ReflectiveMethodInvocation.java:190)
	at org.springframework.aop.framework.ReflectiveMethodInvocation.proceed(ReflectiveMethodInvocation.java:158)
	at org.springframework.transaction.interceptor.TransactionInterceptor$1.proceedWithInvocation(TransactionInterceptor.java:133)
	at org.springframework.transaction.interceptor.TransactionAspectSupport.invokeWithinTransaction(TransactionAspectSupport.java:371)
	at org.springframework.transaction.interceptor.TransactionInterceptor.invoke(TransactionInterceptor.java:130)
	at org.springframework.aop.framework.ReflectiveMethodInvocation.proceed(ReflectiveMethodInvocation.java:179)
	at org.springframework.aop.framework.CglibAopProxy$DynamicAdvisedInterceptor.intercept(CglibAopProxy.java:719)
	at com.abubakar.connectify.service.impl.StoryServiceImpl$$SpringCGLIB$$0.requestRestoreStory(<generated>)
	at com.abubakar.connectify.controller.StoryController.requestRestoreStory(StoryController.java:271)
	at java.base/jdk.internal.reflect.DirectMethodHandleAccessor.invoke(DirectMethodHandleAccessor.java:103)
	at java.base/java.lang.reflect.Method.invoke(Method.java:580)
	at org.springframework.web.method.support.InvocableHandlerMethod.doInvoke(InvocableHandlerMethod.java:252)
	at org.springframework.web.method.support.InvocableHandlerMethod.invokeForRequest(InvocableHandlerMethod.java:184)
	at org.springframework.web.servlet.mvc.method.annotation.ServletInvocableHandlerMethod.invokeAndHandle(ServletInvocableHandlerMethod.java:117)
	at org.springframework.web.servlet.mvc.method.annotation.RequestMappingHandlerAdapter.invokeHandlerMethod(RequestMappingHandlerAdapter.java:934)
	at org.springframework.web.servlet.mvc.method.annotation.RequestMappingHandlerAdapter.handleInternal(RequestMappingHandlerAdapter.java:853)
	at org.springframework.web.servlet.mvc.method.AbstractHandlerMethodAdapter.handle(AbstractHandlerMethodAdapter.java:86)
	at org.springframework.web.servlet.DispatcherServlet.doDispatch(DispatcherServlet.java:963)
	at org.springframework.web.servlet.DispatcherServlet.doService(DispatcherServlet.java:866)
	at org.springframework.web.servlet.FrameworkServlet.processRequest(FrameworkServlet.java:1000)
	at org.springframework.web.servlet.FrameworkServlet.doPut(FrameworkServlet.java:914)
	at jakarta.servlet.http.HttpServlet.service(HttpServlet.java:650)
	at org.springframework.web.servlet.FrameworkServlet.service(FrameworkServlet.java:874)
	at jakarta.servlet.http.HttpServlet.service(HttpServlet.java:710)
	at org.apache.catalina.core.ApplicationFilterChain.doFilter(ApplicationFilterChain.java:128)
	at org.apache.tomcat.websocket.server.WsFilter.doFilter(WsFilter.java:53)
	at org.apache.catalina.core.ApplicationFilterChain.doFilter(ApplicationFilterChain.java:107)
	at org.springframework.web.filter.OncePerRequestFilter.doFilter(OncePerRequestFilter.java:110)
	at org.apache.catalina.core.ApplicationFilterChain.doFilter(ApplicationFilterChain.java:107)
	at org.springframework.web.filter.OncePerRequestFilter.doFilter(OncePerRequestFilter.java:110)
	at org.apache.catalina.core.ApplicationFilterChain.doFilter(ApplicationFilterChain.java:107)
	at com.abubakar.connectify.configuration.RequestLoggingFilter.doFilterInternal(RequestLoggingFilter.java:30)
	at org.springframework.web.filter.OncePerRequestFilter.doFilter(OncePerRequestFilter.java:116)
	at org.apache.catalina.core.ApplicationFilterChain.doFilter(ApplicationFilterChain.java:107)
	at org.springframework.web.filter.CompositeFilter$VirtualFilterChain.doFilter(CompositeFilter.java:108)
	at org.springframework.security.web.FilterChainProxy.lambda$doFilterInternal$3(FilterChainProxy.java:235)
	at org.springframework.security.web.FilterChainProxy$VirtualFilterChain.doFilter(FilterChainProxy.java:376)
	at org.springframework.security.web.access.intercept.AuthorizationFilter.doFilter(AuthorizationFilter.java:101)
	at org.springframework.security.web.FilterChainProxy$VirtualFilterChain.doFilter(FilterChainProxy.java:385)
	at org.springframework.security.web.access.ExceptionTranslationFilter.doFilter(ExceptionTranslationFilter.java:126)
	at org.springframework.security.web.access.ExceptionTranslationFilter.doFilter(ExceptionTranslationFilter.java:120)
	at org.springframework.security.web.FilterChainProxy$VirtualFilterChain.doFilter(FilterChainProxy.java:385)
	at org.springframework.security.web.session.SessionManagementFilter.doFilter(SessionManagementFilter.java:132)
	at org.springframework.security.web.session.SessionManagementFilter.doFilter(SessionManagementFilter.java:86)
	at org.springframework.security.web.FilterChainProxy$VirtualFilterChain.doFilter(FilterChainProxy.java:385)
	at org.springframework.security.web.authentication.AnonymousAuthenticationFilter.doFilter(AnonymousAuthenticationFilter.java:100)
	at org.springframework.security.web.FilterChainProxy$VirtualFilterChain.doFilter(FilterChainProxy.java:385)
	at org.springframework.security.web.servletapi.SecurityContextHolderAwareRequestFilter.doFilter(SecurityContextHolderAwareRequestFilter.java:181)
	at org.springframework.security.web.FilterChainProxy$VirtualFilterChain.doFilter(FilterChainProxy.java:385)
	at org.springframework.security.web.savedrequest.RequestCacheAwareFilter.doFilter(RequestCacheAwareFilter.java:63)
	at org.springframework.security.web.FilterChainProxy$VirtualFilterChain.doFilter(FilterChainProxy.java:385)
	at org.springframework.security.web.authentication.ui.DefaultLogoutPageGeneratingFilter.doFilterInternal(DefaultLogoutPageGeneratingFilter.java:60)
	at org.springframework.web.filter.OncePerRequestFilter.doFilter(OncePerRequestFilter.java:116)
	at org.springframework.security.web.FilterChainProxy$VirtualFilterChain.doFilter(FilterChainProxy.java:385)
	at org.springframework.security.web.authentication.ui.DefaultLoginPageGeneratingFilter.doFilter(DefaultLoginPageGeneratingFilter.java:246)
	at org.springframework.security.web.authentication.ui.DefaultLoginPageGeneratingFilter.doFilter(DefaultLoginPageGeneratingFilter.java:232)
	at org.springframework.security.web.FilterChainProxy$VirtualFilterChain.doFilter(FilterChainProxy.java:385)
	at org.springframework.security.web.authentication.ui.DefaultResourcesFilter.doFilter(DefaultResourcesFilter.java:73)
	at org.springframework.security.web.FilterChainProxy$VirtualFilterChain.doFilter(FilterChainProxy.java:385)
	at com.abubakar.connectify.security.JwtFilter.doFilterInternal(JwtFilter.java:141)
	at org.springframework.web.filter.OncePerRequestFilter.doFilter(OncePerRequestFilter.java:116)
	at org.springframework.security.web.FilterChainProxy$VirtualFilterChain.doFilter(FilterChainProxy.java:385)
	at org.springframework.security.web.authentication.AbstractAuthenticationProcessingFilter.doFilter(AbstractAuthenticationProcessingFilter.java:245)
	at org.springframework.security.web.authentication.AbstractAuthenticationProcessingFilter.doFilter(AbstractAuthenticationProcessingFilter.java:239)
	at org.springframework.security.web.FilterChainProxy$VirtualFilterChain.doFilter(FilterChainProxy.java:385)
	at org.springframework.security.oauth2.client.web.OAuth2AuthorizationRequestRedirectFilter.doFilterInternal(OAuth2AuthorizationRequestRedirectFilter.java:195)
	at org.springframework.web.filter.OncePerRequestFilter.doFilter(OncePerRequestFilter.java:116)
	at org.springframework.security.web.FilterChainProxy$VirtualFilterChain.doFilter(FilterChainProxy.java:385)
	at org.springframework.security.web.authentication.logout.LogoutFilter.doFilter(LogoutFilter.java:110)
	at org.springframework.security.web.authentication.logout.LogoutFilter.doFilter(LogoutFilter.java:96)
	at org.springframework.security.web.FilterChainProxy$VirtualFilterChain.doFilter(FilterChainProxy.java:385)
	at org.springframework.web.filter.CorsFilter.doFilterInternal(CorsFilter.java:91)
	at org.springframework.web.filter.OncePerRequestFilter.doFilter(OncePerRequestFilter.java:116)
	at org.springframework.security.web.FilterChainProxy$VirtualFilterChain.doFilter(FilterChainProxy.java:385)
	at org.springframework.security.web.header.HeaderWriterFilter.doHeadersAfter(HeaderWriterFilter.java:90)
	at org.springframework.security.web.header.HeaderWriterFilter.doFilterInternal(HeaderWriterFilter.java:75)
	at org.springframework.web.filter.OncePerRequestFilter.doFilter(OncePerRequestFilter.java:116)
	at org.springframework.security.web.FilterChainProxy$VirtualFilterChain.doFilter(FilterChainProxy.java:385)
	at org.springframework.security.web.context.SecurityContextHolderFilter.doFilter(SecurityContextHolderFilter.java:82)
	at org.springframework.security.web.context.SecurityContextHolderFilter.doFilter(SecurityContextHolderFilter.java:69)
	at org.springframework.security.web.FilterChainProxy$VirtualFilterChain.doFilter(FilterChainProxy.java:385)
	at org.springframework.security.web.context.request.async.WebAsyncManagerIntegrationFilter.doFilterInternal(WebAsyncManagerIntegrationFilter.java:62)
	at org.springframework.web.filter.OncePerRequestFilter.doFilter(OncePerRequestFilter.java:116)
	at org.springframework.security.web.FilterChainProxy$VirtualFilterChain.doFilter(FilterChainProxy.java:385)
	at org.springframework.security.web.session.DisableEncodeUrlFilter.doFilterInternal(DisableEncodeUrlFilter.java:42)
	at org.springframework.web.filter.OncePerRequestFilter.doFilter(OncePerRequestFilter.java:116)
	at org.springframework.security.web.FilterChainProxy$VirtualFilterChain.doFilter(FilterChainProxy.java:385)
	at org.springframework.security.web.FilterChainProxy.doFilterInternal(FilterChainProxy.java:237)
	at org.springframework.security.web.FilterChainProxy.doFilter(FilterChainProxy.java:195)
	at org.springframework.web.filter.CompositeFilter$VirtualFilterChain.doFilter(CompositeFilter.java:113)
	at org.springframework.web.filter.ServletRequestPathFilter.doFilter(ServletRequestPathFilter.java:52)
	at org.springframework.web.filter.CompositeFilter$VirtualFilterChain.doFilter(CompositeFilter.java:113)
	at org.springframework.web.filter.CompositeFilter.doFilter(CompositeFilter.java:74)
	at org.springframework.security.config.annotation.web.configuration.WebSecurityConfiguration$CompositeFilterChainProxy.doFilter(WebSecurityConfiguration.java:317)
	at org.springframework.web.filter.DelegatingFilterProxy.invokeDelegate(DelegatingFilterProxy.java:355)
	at org.springframework.web.filter.DelegatingFilterProxy.doFilter(DelegatingFilterProxy.java:272)
	at org.apache.catalina.core.ApplicationFilterChain.doFilter(ApplicationFilterChain.java:107)
	at org.springframework.web.filter.RequestContextFilter.doFilterInternal(RequestContextFilter.java:100)
	at org.springframework.web.filter.OncePerRequestFilter.doFilter(OncePerRequestFilter.java:116)
	at org.apache.catalina.core.ApplicationFilterChain.doFilter(ApplicationFilterChain.java:107)
	at org.springframework.web.filter.FormContentFilter.doFilterInternal(FormContentFilter.java:93)
	at org.springframework.web.filter.OncePerRequestFilter.doFilter(OncePerRequestFilter.java:116)
	at org.apache.catalina.core.ApplicationFilterChain.doFilter(ApplicationFilterChain.java:107)
	at org.springframework.web.filter.CharacterEncodingFilter.doFilterInternal(CharacterEncodingFilter.java:199)
	at org.springframework.web.filter.OncePerRequestFilter.doFilter(OncePerRequestFilter.java:116)
	at org.apache.catalina.core.ApplicationFilterChain.doFilter(ApplicationFilterChain.java:107)
	at org.apache.catalina.core.StandardWrapperValve.invoke(StandardWrapperValve.java:165)
	at org.apache.catalina.core.StandardContextValve.invoke(StandardContextValve.java:77)
	at org.apache.catalina.authenticator.AuthenticatorBase.invoke(AuthenticatorBase.java:492)
	at org.apache.catalina.core.StandardHostValve.invoke(StandardHostValve.java:113)
	at org.apache.catalina.valves.ErrorReportValve.invoke(ErrorReportValve.java:83)
	at org.apache.catalina.core.StandardEngineValve.invoke(StandardEngineValve.java:72)
	at org.apache.catalina.connector.CoyoteAdapter.service(CoyoteAdapter.java:341)
	at org.apache.coyote.http11.Http11Processor.service(Http11Processor.java:397)
	at org.apache.coyote.AbstractProcessorLight.process(AbstractProcessorLight.java:63)
	at org.apache.coyote.AbstractProtocol$ConnectionHandler.process(AbstractProtocol.java:903)
	at org.apache.tomcat.util.net.NioEndpoint$SocketProcessor.doRun(NioEndpoint.java:1801)
	at org.apache.tomcat.util.net.SocketProcessorBase.run(SocketProcessorBase.java:52)
	at org.apache.tomcat.util.threads.ThreadPoolExecutor.runWorker(ThreadPoolExecutor.java:946)
	at org.apache.tomcat.util.threads.ThreadPoolExecutor$Worker.run(ThreadPoolExecutor.java:480)
	at org.apache.tomcat.util.threads.TaskThread$WrappingRunnable.run(TaskThread.java:57)
	at java.base/java.lang.Thread.run(Thread.java:1583)
2026-06-04 15:08:38[INFO]com.abubakar.connectify.configuration.RequestLoggingFilter-PUT /api/v1/stories/1/restore-request | Status: 404
2026-06-04 15:13:17[INFO]com.abubakar.connectify.scheduler.StoryCleanupScheduler-Running story cleanup job
2026-06-04 15:13:17[INFO]com.abubakar.connectify.scheduler.StoryCleanupScheduler-Expired stories found: 0
2026-06-04 15:13:17[INFO]com.abubakar.connectify.scheduler.StoryCleanupScheduler-Story cleanup completed
2026-06-04 15:21:34[INFO]org.springframework.boot.tomcat.GracefulShutdown-Commencing graceful shutdown. Waiting for active requests to complete
2026-06-04 15:21:34[INFO]org.springframework.boot.tomcat.GracefulShutdown-Graceful shutdown complete
2026-06-04 15:21:34[INFO]org.springframework.orm.jpa.LocalContainerEntityManagerFactoryBean-Closing JPA EntityManagerFactory for persistence unit 'default'
2026-06-04 15:21:34[INFO]com.zaxxer.hikari.HikariDataSource-HikariPool-1 - Shutdown initiated...
2026-06-04 15:21:34[INFO]com.zaxxer.hikari.HikariDataSource-HikariPool-1 - Shutdown completed.
2026-06-04 15:21:39[INFO]org.hibernate.validator.internal.util.Version-HV000001: Hibernate Validator 9.0.1.Final
2026-06-04 15:21:39[INFO]com.abubakar.connectify.ConnectifyApplication-Starting ConnectifyApplication using Java 21.0.9 with PID 19144 (C:\Users\wwwab\Desktop\Sem4InternshipPresentation\2\Connectify\backend\target\classes started by wwwab in C:\Users\wwwab\Desktop\Sem4InternshipPresentation\2\Connectify\backend)
2026-06-04 15:21:39[DEBUG]com.abubakar.connectify.ConnectifyApplication-Running with Spring Boot v4.0.6, Spring v7.0.7
2026-06-04 15:21:39[INFO]com.abubakar.connectify.ConnectifyApplication-The following 1 profile is active: "dev"
2026-06-04 15:21:40[INFO]org.springframework.data.repository.config.RepositoryConfigurationDelegate-Multiple Spring Data modules found, entering strict repository configuration mode
2026-06-04 15:21:40[INFO]org.springframework.data.repository.config.RepositoryConfigurationDelegate-Bootstrapping Spring Data JPA repositories in DEFAULT mode.
2026-06-04 15:21:40[INFO]org.springframework.data.repository.config.RepositoryConfigurationDelegate-Finished Spring Data repository scanning in 253 ms. Found 18 JPA repository interfaces.
2026-06-04 15:21:40[INFO]org.springframework.data.repository.config.RepositoryConfigurationDelegate-Multiple Spring Data modules found, entering strict repository configuration mode
2026-06-04 15:21:40[INFO]org.springframework.data.repository.config.RepositoryConfigurationDelegate-Bootstrapping Spring Data Redis repositories in DEFAULT mode.
2026-06-04 15:21:40[INFO]org.springframework.data.repository.config.RepositoryConfigurationExtensionSupport-Spring Data Redis - Could not safely identify store assignment for repository candidate interface com.abubakar.connectify.repository.ChatParticipantRepository; If you want this repository to be a Redis repository, consider annotating your entities with one of these annotations: org.springframework.data.redis.core.RedisHash (preferred), or consider extending one of the following types with your repository: org.springframework.data.keyvalue.repository.KeyValueRepository
2026-06-04 15:21:40[INFO]org.springframework.data.repository.config.RepositoryConfigurationExtensionSupport-Spring Data Redis - Could not safely identify store assignment for repository candidate interface com.abubakar.connectify.repository.ChatRepository; If you want this repository to be a Redis repository, consider annotating your entities with one of these annotations: org.springframework.data.redis.core.RedisHash (preferred), or consider extending one of the following types with your repository: org.springframework.data.keyvalue.repository.KeyValueRepository
2026-06-04 15:21:40[INFO]org.springframework.data.repository.config.RepositoryConfigurationExtensionSupport-Spring Data Redis - Could not safely identify store assignment for repository candidate interface com.abubakar.connectify.repository.CommentRepository; If you want this repository to be a Redis repository, consider annotating your entities with one of these annotations: org.springframework.data.redis.core.RedisHash (preferred), or consider extending one of the following types with your repository: org.springframework.data.keyvalue.repository.KeyValueRepository
2026-06-04 15:21:40[INFO]org.springframework.data.repository.config.RepositoryConfigurationExtensionSupport-Spring Data Redis - Could not safely identify store assignment for repository candidate interface com.abubakar.connectify.repository.FollowRepository; If you want this repository to be a Redis repository, consider annotating your entities with one of these annotations: org.springframework.data.redis.core.RedisHash (preferred), or consider extending one of the following types with your repository: org.springframework.data.keyvalue.repository.KeyValueRepository
2026-06-04 15:21:40[INFO]org.springframework.data.repository.config.RepositoryConfigurationExtensionSupport-Spring Data Redis - Could not safely identify store assignment for repository candidate interface com.abubakar.connectify.repository.HashtagRepository; If you want this repository to be a Redis repository, consider annotating your entities with one of these annotations: org.springframework.data.redis.core.RedisHash (preferred), or consider extending one of the following types with your repository: org.springframework.data.keyvalue.repository.KeyValueRepository
2026-06-04 15:21:40[INFO]org.springframework.data.repository.config.RepositoryConfigurationExtensionSupport-Spring Data Redis - Could not safely identify store assignment for repository candidate interface com.abubakar.connectify.repository.LikeRepository; If you want this repository to be a Redis repository, consider annotating your entities with one of these annotations: org.springframework.data.redis.core.RedisHash (preferred), or consider extending one of the following types with your repository: org.springframework.data.keyvalue.repository.KeyValueRepository
2026-06-04 15:21:40[INFO]org.springframework.data.repository.config.RepositoryConfigurationExtensionSupport-Spring Data Redis - Could not safely identify store assignment for repository candidate interface com.abubakar.connectify.repository.MediaRepository; If you want this repository to be a Redis repository, consider annotating your entities with one of these annotations: org.springframework.data.redis.core.RedisHash (preferred), or consider extending one of the following types with your repository: org.springframework.data.keyvalue.repository.KeyValueRepository
2026-06-04 15:21:40[INFO]org.springframework.data.repository.config.RepositoryConfigurationExtensionSupport-Spring Data Redis - Could not safely identify store assignment for repository candidate interface com.abubakar.connectify.repository.MessageRepository; If you want this repository to be a Redis repository, consider annotating your entities with one of these annotations: org.springframework.data.redis.core.RedisHash (preferred), or consider extending one of the following types with your repository: org.springframework.data.keyvalue.repository.KeyValueRepository
2026-06-04 15:21:40[INFO]org.springframework.data.repository.config.RepositoryConfigurationExtensionSupport-Spring Data Redis - Could not safely identify store assignment for repository candidate interface com.abubakar.connectify.repository.NotificationRepository; If you want this repository to be a Redis repository, consider annotating your entities with one of these annotations: org.springframework.data.redis.core.RedisHash (preferred), or consider extending one of the following types with your repository: org.springframework.data.keyvalue.repository.KeyValueRepository
2026-06-04 15:21:40[INFO]org.springframework.data.repository.config.RepositoryConfigurationExtensionSupport-Spring Data Redis - Could not safely identify store assignment for repository candidate interface com.abubakar.connectify.repository.PostRepository; If you want this repository to be a Redis repository, consider annotating your entities with one of these annotations: org.springframework.data.redis.core.RedisHash (preferred), or consider extending one of the following types with your repository: org.springframework.data.keyvalue.repository.KeyValueRepository
2026-06-04 15:21:40[INFO]org.springframework.data.repository.config.RepositoryConfigurationExtensionSupport-Spring Data Redis - Could not safely identify store assignment for repository candidate interface com.abubakar.connectify.repository.RefreshTokenRepository; If you want this repository to be a Redis repository, consider annotating your entities with one of these annotations: org.springframework.data.redis.core.RedisHash (preferred), or consider extending one of the following types with your repository: org.springframework.data.keyvalue.repository.KeyValueRepository
2026-06-04 15:21:40[INFO]org.springframework.data.repository.config.RepositoryConfigurationExtensionSupport-Spring Data Redis - Could not safely identify store assignment for repository candidate interface com.abubakar.connectify.repository.ReportRepository; If you want this repository to be a Redis repository, consider annotating your entities with one of these annotations: org.springframework.data.redis.core.RedisHash (preferred), or consider extending one of the following types with your repository: org.springframework.data.keyvalue.repository.KeyValueRepository
2026-06-04 15:21:40[INFO]org.springframework.data.repository.config.RepositoryConfigurationExtensionSupport-Spring Data Redis - Could not safely identify store assignment for repository candidate interface com.abubakar.connectify.repository.SavedPostRepository; If you want this repository to be a Redis repository, consider annotating your entities with one of these annotations: org.springframework.data.redis.core.RedisHash (preferred), or consider extending one of the following types with your repository: org.springframework.data.keyvalue.repository.KeyValueRepository
2026-06-04 15:21:40[INFO]org.springframework.data.repository.config.RepositoryConfigurationExtensionSupport-Spring Data Redis - Could not safely identify store assignment for repository candidate interface com.abubakar.connectify.repository.StoryReactionRepository; If you want this repository to be a Redis repository, consider annotating your entities with one of these annotations: org.springframework.data.redis.core.RedisHash (preferred), or consider extending one of the following types with your repository: org.springframework.data.keyvalue.repository.KeyValueRepository
2026-06-04 15:21:40[INFO]org.springframework.data.repository.config.RepositoryConfigurationExtensionSupport-Spring Data Redis - Could not safely identify store assignment for repository candidate interface com.abubakar.connectify.repository.StoryReplyRepository; If you want this repository to be a Redis repository, consider annotating your entities with one of these annotations: org.springframework.data.redis.core.RedisHash (preferred), or consider extending one of the following types with your repository: org.springframework.data.keyvalue.repository.KeyValueRepository
2026-06-04 15:21:40[INFO]org.springframework.data.repository.config.RepositoryConfigurationExtensionSupport-Spring Data Redis - Could not safely identify store assignment for repository candidate interface com.abubakar.connectify.repository.StoryRepository; If you want this repository to be a Redis repository, consider annotating your entities with one of these annotations: org.springframework.data.redis.core.RedisHash (preferred), or consider extending one of the following types with your repository: org.springframework.data.keyvalue.repository.KeyValueRepository
2026-06-04 15:21:40[INFO]org.springframework.data.repository.config.RepositoryConfigurationExtensionSupport-Spring Data Redis - Could not safely identify store assignment for repository candidate interface com.abubakar.connectify.repository.StoryViewRepository; If you want this repository to be a Redis repository, consider annotating your entities with one of these annotations: org.springframework.data.redis.core.RedisHash (preferred), or consider extending one of the following types with your repository: org.springframework.data.keyvalue.repository.KeyValueRepository
2026-06-04 15:21:40[INFO]org.springframework.data.repository.config.RepositoryConfigurationExtensionSupport-Spring Data Redis - Could not safely identify store assignment for repository candidate interface com.abubakar.connectify.repository.UserRepository; If you want this repository to be a Redis repository, consider annotating your entities with one of these annotations: org.springframework.data.redis.core.RedisHash (preferred), or consider extending one of the following types with your repository: org.springframework.data.keyvalue.repository.KeyValueRepository
2026-06-04 15:21:40[INFO]org.springframework.data.repository.config.RepositoryConfigurationDelegate-Finished Spring Data repository scanning in 15 ms. Found 0 Redis repository interfaces.
2026-06-04 15:21:42[INFO]org.springframework.boot.tomcat.TomcatWebServer-Tomcat initialized with port 8080 (http)
2026-06-04 15:21:42[INFO]org.apache.coyote.http11.Http11NioProtocol-Initializing ProtocolHandler ["http-nio-8080"]
2026-06-04 15:21:42[INFO]org.apache.catalina.core.StandardService-Starting service [Tomcat]
2026-06-04 15:21:42[INFO]org.apache.catalina.core.StandardEngine-Starting Servlet engine: [Apache Tomcat/11.0.21]
2026-06-04 15:21:42[INFO]org.springframework.boot.web.context.servlet.WebApplicationContextInitializer-Root WebApplicationContext: initialization completed in 3062 ms
2026-06-04 15:21:42[INFO]org.hibernate.orm.jpa-HHH008540: Processing PersistenceUnitInfo [name: default]
2026-06-04 15:21:42[INFO]org.hibernate.orm.core-HHH000001: Hibernate ORM core version 7.2.12.Final
2026-06-04 15:21:43[INFO]org.springframework.orm.jpa.persistenceunit.SpringPersistenceUnitInfo-No LoadTimeWeaver setup: ignoring JPA class transformer
2026-06-04 15:21:43[INFO]com.zaxxer.hikari.HikariDataSource-HikariPool-1 - Starting...
2026-06-04 15:21:43[INFO]com.zaxxer.hikari.pool.HikariPool-HikariPool-1 - Added connection com.mysql.cj.jdbc.ConnectionImpl@6fe337a5
2026-06-04 15:21:43[INFO]com.zaxxer.hikari.HikariDataSource-HikariPool-1 - Start completed.
2026-06-04 15:21:43[INFO]org.hibernate.orm.connections.pooling-HHH10001005: Database info:
	Database JDBC URL [jdbc:mysql://localhost:3306/connectifyApp]
	Database driver: MySQL Connector/J
	Database dialect: MySQLDialect
	Database version: 8.0.43
	Default catalog/schema: connectifyApp/undefined
	Autocommit mode: undefined/unknown
	Isolation level: REPEATABLE_READ [default REPEATABLE_READ]
	JDBC fetch size: none
	Pool: DataSourceConnectionProvider
	Minimum pool size: undefined/unknown
	Maximum pool size: undefined/unknown
2026-06-04 15:21:44[INFO]org.hibernate.orm.core-HHH000489: No JTA platform available (set 'hibernate.transaction.jta.platform' to enable JTA platform integration)
2026-06-04 15:21:44[INFO]org.springframework.orm.jpa.LocalContainerEntityManagerFactoryBean-Initialized JPA EntityManagerFactory for persistence unit 'default'
2026-06-04 15:21:44[INFO]org.springframework.data.jpa.repository.query.QueryEnhancerFactories-Hibernate is in classpath; If applicable, HQL parser will be used.
2026-06-04 15:21:45[DEBUG]com.abubakar.connectify.configuration.RequestLoggingFilter-Filter 'requestLoggingFilter' configured for use
2026-06-04 15:21:45[DEBUG]com.abubakar.connectify.security.JwtFilter-Filter 'jwtFilter' configured for use
2026-06-04 15:21:46[INFO]org.springframework.security.config.annotation.authentication.configuration.InitializeAuthenticationProviderBeanManagerConfigurer$InitializeAuthenticationProviderManagerConfigurer-Global AuthenticationManager configured with AuthenticationProvider bean with name authenticationProvider
2026-06-04 15:21:46[WARN]org.springframework.security.config.annotation.authentication.configuration.InitializeUserDetailsBeanManagerConfigurer$InitializeUserDetailsManagerConfigurer-Global AuthenticationManager configured with an AuthenticationProvider bean. UserDetailsService beans will not be used by Spring Security for automatically configuring username/password login. Consider removing the AuthenticationProvider bean. Alternatively, consider using the UserDetailsService in a manually instantiated DaoAuthenticationProvider. If the current configuration is intentional, to turn off this warning, increase the logging level of 'org.springframework.security.config.annotation.authentication.configuration.InitializeUserDetailsBeanManagerConfigurer' to ERROR
2026-06-04 15:21:48[INFO]org.apache.coyote.http11.Http11NioProtocol-Starting ProtocolHandler ["http-nio-8080"]
2026-06-04 15:21:48[INFO]org.springframework.boot.tomcat.TomcatWebServer-Tomcat started on port 8080 (http) with context path '/'
2026-06-04 15:21:49[INFO]com.abubakar.connectify.ConnectifyApplication-Started ConnectifyApplication in 10.204 seconds (process running for 10.827)
2026-06-04 15:21:49[INFO]com.abubakar.connectify.scheduler.StoryCleanupScheduler-Running story cleanup job
2026-06-04 15:21:49[INFO]com.abubakar.connectify.scheduler.StoryCleanupScheduler-Expired stories found: 0
2026-06-04 15:21:49[INFO]com.abubakar.connectify.scheduler.StoryCleanupScheduler-Story cleanup completed
2026-06-04 15:22:38[INFO]org.apache.catalina.core.ContainerBase.[Tomcat].[localhost].[/]-Initializing Spring DispatcherServlet 'dispatcherServlet'
2026-06-04 15:22:38[INFO]org.springframework.web.servlet.DispatcherServlet-Initializing Servlet 'dispatcherServlet'
2026-06-04 15:22:38[INFO]org.springframework.web.servlet.DispatcherServlet-Completed initialization in 4 ms
2026-06-04 15:22:38[INFO]com.abubakar.connectify.service.impl.CustomUserDetailsService-Authentication request received for email: abu@gmail.com
2026-06-04 15:22:38[DEBUG]com.abubakar.connectify.service.impl.CustomUserDetailsService-User loaded successfully with email: abu@gmail.com and role: USER
2026-06-04 15:22:38[INFO]com.abubakar.connectify.security.JwtUtils-Token validation result for user abu@gmail.com : true
2026-06-04 15:22:38[INFO]com.abubakar.connectify.security.JwtFilter-User authenticated successfully: abu@gmail.com
2026-06-04 15:22:39[ERROR]com.abubakar.connectify.exception.GlobalExceptionHandler-Unexpected exception occurred | type: MissingServletRequestPartException | message: Required part 'files' is not present.
org.springframework.web.multipart.support.MissingServletRequestPartException: Required part 'files' is not present.
	at org.springframework.web.method.annotation.RequestParamMethodArgumentResolver.handleMissingValueInternal(RequestParamMethodArgumentResolver.java:215)
	at org.springframework.web.method.annotation.RequestParamMethodArgumentResolver.handleMissingValue(RequestParamMethodArgumentResolver.java:195)
	at org.springframework.web.method.annotation.AbstractNamedValueMethodArgumentResolver.resolveArgument(AbstractNamedValueMethodArgumentResolver.java:123)
	at org.springframework.web.method.support.HandlerMethodArgumentResolverComposite.resolveArgument(HandlerMethodArgumentResolverComposite.java:122)
	at org.springframework.web.method.support.InvocableHandlerMethod.getMethodArgumentValues(InvocableHandlerMethod.java:224)
	at org.springframework.web.method.support.InvocableHandlerMethod.invokeForRequest(InvocableHandlerMethod.java:174)
	at org.springframework.web.servlet.mvc.method.annotation.ServletInvocableHandlerMethod.invokeAndHandle(ServletInvocableHandlerMethod.java:117)
	at org.springframework.web.servlet.mvc.method.annotation.RequestMappingHandlerAdapter.invokeHandlerMethod(RequestMappingHandlerAdapter.java:934)
	at org.springframework.web.servlet.mvc.method.annotation.RequestMappingHandlerAdapter.handleInternal(RequestMappingHandlerAdapter.java:853)
	at org.springframework.web.servlet.mvc.method.AbstractHandlerMethodAdapter.handle(AbstractHandlerMethodAdapter.java:86)
	at org.springframework.web.servlet.DispatcherServlet.doDispatch(DispatcherServlet.java:963)
	at org.springframework.web.servlet.DispatcherServlet.doService(DispatcherServlet.java:866)
	at org.springframework.web.servlet.FrameworkServlet.processRequest(FrameworkServlet.java:1000)
	at org.springframework.web.servlet.FrameworkServlet.doPost(FrameworkServlet.java:903)
	at jakarta.servlet.http.HttpServlet.service(HttpServlet.java:649)
	at org.springframework.web.servlet.FrameworkServlet.service(FrameworkServlet.java:874)
	at jakarta.servlet.http.HttpServlet.service(HttpServlet.java:710)
	at org.apache.catalina.core.ApplicationFilterChain.doFilter(ApplicationFilterChain.java:128)
	at org.apache.tomcat.websocket.server.WsFilter.doFilter(WsFilter.java:53)
	at org.apache.catalina.core.ApplicationFilterChain.doFilter(ApplicationFilterChain.java:107)
	at org.springframework.web.filter.OncePerRequestFilter.doFilter(OncePerRequestFilter.java:110)
	at org.apache.catalina.core.ApplicationFilterChain.doFilter(ApplicationFilterChain.java:107)
	at org.springframework.web.filter.OncePerRequestFilter.doFilter(OncePerRequestFilter.java:110)
	at org.apache.catalina.core.ApplicationFilterChain.doFilter(ApplicationFilterChain.java:107)
	at com.abubakar.connectify.configuration.RequestLoggingFilter.doFilterInternal(RequestLoggingFilter.java:30)
	at org.springframework.web.filter.OncePerRequestFilter.doFilter(OncePerRequestFilter.java:116)
	at org.apache.catalina.core.ApplicationFilterChain.doFilter(ApplicationFilterChain.java:107)
	at org.springframework.web.filter.CompositeFilter$VirtualFilterChain.doFilter(CompositeFilter.java:108)
	at org.springframework.security.web.FilterChainProxy.lambda$doFilterInternal$3(FilterChainProxy.java:235)
	at org.springframework.security.web.FilterChainProxy$VirtualFilterChain.doFilter(FilterChainProxy.java:376)
	at org.springframework.security.web.access.intercept.AuthorizationFilter.doFilter(AuthorizationFilter.java:101)
	at org.springframework.security.web.FilterChainProxy$VirtualFilterChain.doFilter(FilterChainProxy.java:385)
	at org.springframework.security.web.access.ExceptionTranslationFilter.doFilter(ExceptionTranslationFilter.java:126)
	at org.springframework.security.web.access.ExceptionTranslationFilter.doFilter(ExceptionTranslationFilter.java:120)
	at org.springframework.security.web.FilterChainProxy$VirtualFilterChain.doFilter(FilterChainProxy.java:385)
	at org.springframework.security.web.session.SessionManagementFilter.doFilter(SessionManagementFilter.java:132)
	at org.springframework.security.web.session.SessionManagementFilter.doFilter(SessionManagementFilter.java:86)
	at org.springframework.security.web.FilterChainProxy$VirtualFilterChain.doFilter(FilterChainProxy.java:385)
	at org.springframework.security.web.authentication.AnonymousAuthenticationFilter.doFilter(AnonymousAuthenticationFilter.java:100)
	at org.springframework.security.web.FilterChainProxy$VirtualFilterChain.doFilter(FilterChainProxy.java:385)
	at org.springframework.security.web.servletapi.SecurityContextHolderAwareRequestFilter.doFilter(SecurityContextHolderAwareRequestFilter.java:181)
	at org.springframework.security.web.FilterChainProxy$VirtualFilterChain.doFilter(FilterChainProxy.java:385)
	at org.springframework.security.web.savedrequest.RequestCacheAwareFilter.doFilter(RequestCacheAwareFilter.java:63)
	at org.springframework.security.web.FilterChainProxy$VirtualFilterChain.doFilter(FilterChainProxy.java:385)
	at org.springframework.security.web.authentication.ui.DefaultLogoutPageGeneratingFilter.doFilterInternal(DefaultLogoutPageGeneratingFilter.java:60)
	at org.springframework.web.filter.OncePerRequestFilter.doFilter(OncePerRequestFilter.java:116)
	at org.springframework.security.web.FilterChainProxy$VirtualFilterChain.doFilter(FilterChainProxy.java:385)
	at org.springframework.security.web.authentication.ui.DefaultLoginPageGeneratingFilter.doFilter(DefaultLoginPageGeneratingFilter.java:246)
	at org.springframework.security.web.authentication.ui.DefaultLoginPageGeneratingFilter.doFilter(DefaultLoginPageGeneratingFilter.java:232)
	at org.springframework.security.web.FilterChainProxy$VirtualFilterChain.doFilter(FilterChainProxy.java:385)
	at org.springframework.security.web.authentication.ui.DefaultResourcesFilter.doFilter(DefaultResourcesFilter.java:73)
	at org.springframework.security.web.FilterChainProxy$VirtualFilterChain.doFilter(FilterChainProxy.java:385)
	at com.abubakar.connectify.security.JwtFilter.doFilterInternal(JwtFilter.java:141)
	at org.springframework.web.filter.OncePerRequestFilter.doFilter(OncePerRequestFilter.java:116)
	at org.springframework.security.web.FilterChainProxy$VirtualFilterChain.doFilter(FilterChainProxy.java:385)
	at org.springframework.security.web.authentication.AbstractAuthenticationProcessingFilter.doFilter(AbstractAuthenticationProcessingFilter.java:245)
	at org.springframework.security.web.authentication.AbstractAuthenticationProcessingFilter.doFilter(AbstractAuthenticationProcessingFilter.java:239)
	at org.springframework.security.web.FilterChainProxy$VirtualFilterChain.doFilter(FilterChainProxy.java:385)
	at org.springframework.security.oauth2.client.web.OAuth2AuthorizationRequestRedirectFilter.doFilterInternal(OAuth2AuthorizationRequestRedirectFilter.java:195)
	at org.springframework.web.filter.OncePerRequestFilter.doFilter(OncePerRequestFilter.java:116)
	at org.springframework.security.web.FilterChainProxy$VirtualFilterChain.doFilter(FilterChainProxy.java:385)
	at org.springframework.security.web.authentication.logout.LogoutFilter.doFilter(LogoutFilter.java:110)
	at org.springframework.security.web.authentication.logout.LogoutFilter.doFilter(LogoutFilter.java:96)
	at org.springframework.security.web.FilterChainProxy$VirtualFilterChain.doFilter(FilterChainProxy.java:385)
	at org.springframework.web.filter.CorsFilter.doFilterInternal(CorsFilter.java:91)
	at org.springframework.web.filter.OncePerRequestFilter.doFilter(OncePerRequestFilter.java:116)
	at org.springframework.security.web.FilterChainProxy$VirtualFilterChain.doFilter(FilterChainProxy.java:385)
	at org.springframework.security.web.header.HeaderWriterFilter.doHeadersAfter(HeaderWriterFilter.java:90)
	at org.springframework.security.web.header.HeaderWriterFilter.doFilterInternal(HeaderWriterFilter.java:75)
	at org.springframework.web.filter.OncePerRequestFilter.doFilter(OncePerRequestFilter.java:116)
	at org.springframework.security.web.FilterChainProxy$VirtualFilterChain.doFilter(FilterChainProxy.java:385)
	at org.springframework.security.web.context.SecurityContextHolderFilter.doFilter(SecurityContextHolderFilter.java:82)
	at org.springframework.security.web.context.SecurityContextHolderFilter.doFilter(SecurityContextHolderFilter.java:69)
	at org.springframework.security.web.FilterChainProxy$VirtualFilterChain.doFilter(FilterChainProxy.java:385)
	at org.springframework.security.web.context.request.async.WebAsyncManagerIntegrationFilter.doFilterInternal(WebAsyncManagerIntegrationFilter.java:62)
	at org.springframework.web.filter.OncePerRequestFilter.doFilter(OncePerRequestFilter.java:116)
	at org.springframework.security.web.FilterChainProxy$VirtualFilterChain.doFilter(FilterChainProxy.java:385)
	at org.springframework.security.web.session.DisableEncodeUrlFilter.doFilterInternal(DisableEncodeUrlFilter.java:42)
	at org.springframework.web.filter.OncePerRequestFilter.doFilter(OncePerRequestFilter.java:116)
	at org.springframework.security.web.FilterChainProxy$VirtualFilterChain.doFilter(FilterChainProxy.java:385)
	at org.springframework.security.web.FilterChainProxy.doFilterInternal(FilterChainProxy.java:237)
	at org.springframework.security.web.FilterChainProxy.doFilter(FilterChainProxy.java:195)
	at org.springframework.web.filter.CompositeFilter$VirtualFilterChain.doFilter(CompositeFilter.java:113)
	at org.springframework.web.filter.ServletRequestPathFilter.doFilter(ServletRequestPathFilter.java:52)
	at org.springframework.web.filter.CompositeFilter$VirtualFilterChain.doFilter(CompositeFilter.java:113)
	at org.springframework.web.filter.CompositeFilter.doFilter(CompositeFilter.java:74)
	at org.springframework.security.config.annotation.web.configuration.WebSecurityConfiguration$CompositeFilterChainProxy.doFilter(WebSecurityConfiguration.java:317)
	at org.springframework.web.filter.DelegatingFilterProxy.invokeDelegate(DelegatingFilterProxy.java:355)
	at org.springframework.web.filter.DelegatingFilterProxy.doFilter(DelegatingFilterProxy.java:272)
	at org.apache.catalina.core.ApplicationFilterChain.doFilter(ApplicationFilterChain.java:107)
	at org.springframework.web.filter.RequestContextFilter.doFilterInternal(RequestContextFilter.java:100)
	at org.springframework.web.filter.OncePerRequestFilter.doFilter(OncePerRequestFilter.java:116)
	at org.apache.catalina.core.ApplicationFilterChain.doFilter(ApplicationFilterChain.java:107)
	at org.springframework.web.filter.FormContentFilter.doFilterInternal(FormContentFilter.java:93)
	at org.springframework.web.filter.OncePerRequestFilter.doFilter(OncePerRequestFilter.java:116)
	at org.apache.catalina.core.ApplicationFilterChain.doFilter(ApplicationFilterChain.java:107)
	at org.springframework.web.filter.CharacterEncodingFilter.doFilterInternal(CharacterEncodingFilter.java:199)
	at org.springframework.web.filter.OncePerRequestFilter.doFilter(OncePerRequestFilter.java:116)
	at org.apache.catalina.core.ApplicationFilterChain.doFilter(ApplicationFilterChain.java:107)
	at org.apache.catalina.core.StandardWrapperValve.invoke(StandardWrapperValve.java:165)
	at org.apache.catalina.core.StandardContextValve.invoke(StandardContextValve.java:77)
	at org.apache.catalina.authenticator.AuthenticatorBase.invoke(AuthenticatorBase.java:492)
	at org.apache.catalina.core.StandardHostValve.invoke(StandardHostValve.java:113)
	at org.apache.catalina.valves.ErrorReportValve.invoke(ErrorReportValve.java:83)
	at org.apache.catalina.core.StandardEngineValve.invoke(StandardEngineValve.java:72)
	at org.apache.catalina.connector.CoyoteAdapter.service(CoyoteAdapter.java:341)
	at org.apache.coyote.http11.Http11Processor.service(Http11Processor.java:397)
	at org.apache.coyote.AbstractProcessorLight.process(AbstractProcessorLight.java:63)
	at org.apache.coyote.AbstractProtocol$ConnectionHandler.process(AbstractProtocol.java:903)
	at org.apache.tomcat.util.net.NioEndpoint$SocketProcessor.doRun(NioEndpoint.java:1801)
	at org.apache.tomcat.util.net.SocketProcessorBase.run(SocketProcessorBase.java:52)
	at org.apache.tomcat.util.threads.ThreadPoolExecutor.runWorker(ThreadPoolExecutor.java:946)
	at org.apache.tomcat.util.threads.ThreadPoolExecutor$Worker.run(ThreadPoolExecutor.java:480)
	at org.apache.tomcat.util.threads.TaskThread$WrappingRunnable.run(TaskThread.java:57)
	at java.base/java.lang.Thread.run(Thread.java:1583)
2026-06-04 15:22:39[INFO]com.abubakar.connectify.configuration.RequestLoggingFilter-POST /api/v1/stories | Status: 500
2026-06-04 15:22:49[INFO]com.abubakar.connectify.service.impl.CustomUserDetailsService-Authentication request received for email: abu@gmail.com
2026-06-04 15:22:49[DEBUG]com.abubakar.connectify.service.impl.CustomUserDetailsService-User loaded successfully with email: abu@gmail.com and role: USER
2026-06-04 15:22:49[INFO]com.abubakar.connectify.security.JwtUtils-Token validation result for user abu@gmail.com : true
2026-06-04 15:22:49[INFO]com.abubakar.connectify.security.JwtFilter-User authenticated successfully: abu@gmail.com
2026-06-04 15:22:49[INFO]com.abubakar.connectify.controller.StoryController-Create story Api request received
2026-06-04 15:22:49[INFO]com.abubakar.connectify.service.impl.StoryServiceImpl-Creating new story
2026-06-04 15:22:49[DEBUG]com.abubakar.connectify.util.UserAccessValidator-Validating user access | userId: 1
2026-06-04 15:22:49[DEBUG]com.abubakar.connectify.util.UserAccessValidator-User validation successful | userId: 1
2026-06-04 15:22:49[DEBUG]com.abubakar.connectify.util.AuthUtil-Authenticated active user fetched successfully | userId: 1
2026-06-04 15:22:49[INFO]com.abubakar.connectify.service.impl.StoryServiceImpl-Create story process started | userId: 1
2026-06-04 15:22:49[WARN]com.abubakar.connectify.service.impl.StoryServiceImpl-Story creation failed | Multiple files uploaded | userId: 1
2026-06-04 15:22:49[ERROR]com.abubakar.connectify.exception.GlobalExceptionHandler-Business exception occurred | errorCode: OPERATION_FAILED | status: 400 BAD_REQUEST | message: Only one image or video is allowed per story
com.abubakar.connectify.exception.OperationFailException: Only one image or video is allowed per story
	at com.abubakar.connectify.service.impl.StoryServiceImpl.createStory(StoryServiceImpl.java:109)
	at java.base/jdk.internal.reflect.DirectMethodHandleAccessor.invoke(DirectMethodHandleAccessor.java:103)
	at java.base/java.lang.reflect.Method.invoke(Method.java:580)
	at org.springframework.aop.support.AopUtils.invokeJoinpointUsingReflection(AopUtils.java:359)
	at org.springframework.aop.framework.ReflectiveMethodInvocation.invokeJoinpoint(ReflectiveMethodInvocation.java:190)
	at org.springframework.aop.framework.ReflectiveMethodInvocation.proceed(ReflectiveMethodInvocation.java:158)
	at org.springframework.transaction.interceptor.TransactionInterceptor$1.proceedWithInvocation(TransactionInterceptor.java:133)
	at org.springframework.transaction.interceptor.TransactionAspectSupport.invokeWithinTransaction(TransactionAspectSupport.java:371)
	at org.springframework.transaction.interceptor.TransactionInterceptor.invoke(TransactionInterceptor.java:130)
	at org.springframework.aop.framework.ReflectiveMethodInvocation.proceed(ReflectiveMethodInvocation.java:179)
	at org.springframework.aop.framework.CglibAopProxy$DynamicAdvisedInterceptor.intercept(CglibAopProxy.java:719)
	at com.abubakar.connectify.service.impl.StoryServiceImpl$$SpringCGLIB$$0.createStory(<generated>)
	at com.abubakar.connectify.controller.StoryController.createStory(StoryController.java:49)
	at java.base/jdk.internal.reflect.DirectMethodHandleAccessor.invoke(DirectMethodHandleAccessor.java:103)
	at java.base/java.lang.reflect.Method.invoke(Method.java:580)
	at org.springframework.web.method.support.InvocableHandlerMethod.doInvoke(InvocableHandlerMethod.java:252)
	at org.springframework.web.method.support.InvocableHandlerMethod.invokeForRequest(InvocableHandlerMethod.java:184)
	at org.springframework.web.servlet.mvc.method.annotation.ServletInvocableHandlerMethod.invokeAndHandle(ServletInvocableHandlerMethod.java:117)
	at org.springframework.web.servlet.mvc.method.annotation.RequestMappingHandlerAdapter.invokeHandlerMethod(RequestMappingHandlerAdapter.java:934)
	at org.springframework.web.servlet.mvc.method.annotation.RequestMappingHandlerAdapter.handleInternal(RequestMappingHandlerAdapter.java:853)
	at org.springframework.web.servlet.mvc.method.AbstractHandlerMethodAdapter.handle(AbstractHandlerMethodAdapter.java:86)
	at org.springframework.web.servlet.DispatcherServlet.doDispatch(DispatcherServlet.java:963)
	at org.springframework.web.servlet.DispatcherServlet.doService(DispatcherServlet.java:866)
	at org.springframework.web.servlet.FrameworkServlet.processRequest(FrameworkServlet.java:1000)
	at org.springframework.web.servlet.FrameworkServlet.doPost(FrameworkServlet.java:903)
	at jakarta.servlet.http.HttpServlet.service(HttpServlet.java:649)
	at org.springframework.web.servlet.FrameworkServlet.service(FrameworkServlet.java:874)
	at jakarta.servlet.http.HttpServlet.service(HttpServlet.java:710)
	at org.apache.catalina.core.ApplicationFilterChain.doFilter(ApplicationFilterChain.java:128)
	at org.apache.tomcat.websocket.server.WsFilter.doFilter(WsFilter.java:53)
	at org.apache.catalina.core.ApplicationFilterChain.doFilter(ApplicationFilterChain.java:107)
	at org.springframework.web.filter.OncePerRequestFilter.doFilter(OncePerRequestFilter.java:110)
	at org.apache.catalina.core.ApplicationFilterChain.doFilter(ApplicationFilterChain.java:107)
	at org.springframework.web.filter.OncePerRequestFilter.doFilter(OncePerRequestFilter.java:110)
	at org.apache.catalina.core.ApplicationFilterChain.doFilter(ApplicationFilterChain.java:107)
	at com.abubakar.connectify.configuration.RequestLoggingFilter.doFilterInternal(RequestLoggingFilter.java:30)
	at org.springframework.web.filter.OncePerRequestFilter.doFilter(OncePerRequestFilter.java:116)
	at org.apache.catalina.core.ApplicationFilterChain.doFilter(ApplicationFilterChain.java:107)
	at org.springframework.web.filter.CompositeFilter$VirtualFilterChain.doFilter(CompositeFilter.java:108)
	at org.springframework.security.web.FilterChainProxy.lambda$doFilterInternal$3(FilterChainProxy.java:235)
	at org.springframework.security.web.FilterChainProxy$VirtualFilterChain.doFilter(FilterChainProxy.java:376)
	at org.springframework.security.web.access.intercept.AuthorizationFilter.doFilter(AuthorizationFilter.java:101)
	at org.springframework.security.web.FilterChainProxy$VirtualFilterChain.doFilter(FilterChainProxy.java:385)
	at org.springframework.security.web.access.ExceptionTranslationFilter.doFilter(ExceptionTranslationFilter.java:126)
	at org.springframework.security.web.access.ExceptionTranslationFilter.doFilter(ExceptionTranslationFilter.java:120)
	at org.springframework.security.web.FilterChainProxy$VirtualFilterChain.doFilter(FilterChainProxy.java:385)
	at org.springframework.security.web.session.SessionManagementFilter.doFilter(SessionManagementFilter.java:132)
	at org.springframework.security.web.session.SessionManagementFilter.doFilter(SessionManagementFilter.java:86)
	at org.springframework.security.web.FilterChainProxy$VirtualFilterChain.doFilter(FilterChainProxy.java:385)
	at org.springframework.security.web.authentication.AnonymousAuthenticationFilter.doFilter(AnonymousAuthenticationFilter.java:100)
	at org.springframework.security.web.FilterChainProxy$VirtualFilterChain.doFilter(FilterChainProxy.java:385)
	at org.springframework.security.web.servletapi.SecurityContextHolderAwareRequestFilter.doFilter(SecurityContextHolderAwareRequestFilter.java:181)
	at org.springframework.security.web.FilterChainProxy$VirtualFilterChain.doFilter(FilterChainProxy.java:385)
	at org.springframework.security.web.savedrequest.RequestCacheAwareFilter.doFilter(RequestCacheAwareFilter.java:63)
	at org.springframework.security.web.FilterChainProxy$VirtualFilterChain.doFilter(FilterChainProxy.java:385)
	at org.springframework.security.web.authentication.ui.DefaultLogoutPageGeneratingFilter.doFilterInternal(DefaultLogoutPageGeneratingFilter.java:60)
	at org.springframework.web.filter.OncePerRequestFilter.doFilter(OncePerRequestFilter.java:116)
	at org.springframework.security.web.FilterChainProxy$VirtualFilterChain.doFilter(FilterChainProxy.java:385)
	at org.springframework.security.web.authentication.ui.DefaultLoginPageGeneratingFilter.doFilter(DefaultLoginPageGeneratingFilter.java:246)
	at org.springframework.security.web.authentication.ui.DefaultLoginPageGeneratingFilter.doFilter(DefaultLoginPageGeneratingFilter.java:232)
	at org.springframework.security.web.FilterChainProxy$VirtualFilterChain.doFilter(FilterChainProxy.java:385)
	at org.springframework.security.web.authentication.ui.DefaultResourcesFilter.doFilter(DefaultResourcesFilter.java:73)
	at org.springframework.security.web.FilterChainProxy$VirtualFilterChain.doFilter(FilterChainProxy.java:385)
	at com.abubakar.connectify.security.JwtFilter.doFilterInternal(JwtFilter.java:141)
	at org.springframework.web.filter.OncePerRequestFilter.doFilter(OncePerRequestFilter.java:116)
	at org.springframework.security.web.FilterChainProxy$VirtualFilterChain.doFilter(FilterChainProxy.java:385)
	at org.springframework.security.web.authentication.AbstractAuthenticationProcessingFilter.doFilter(AbstractAuthenticationProcessingFilter.java:245)
	at org.springframework.security.web.authentication.AbstractAuthenticationProcessingFilter.doFilter(AbstractAuthenticationProcessingFilter.java:239)
	at org.springframework.security.web.FilterChainProxy$VirtualFilterChain.doFilter(FilterChainProxy.java:385)
	at org.springframework.security.oauth2.client.web.OAuth2AuthorizationRequestRedirectFilter.doFilterInternal(OAuth2AuthorizationRequestRedirectFilter.java:195)
	at org.springframework.web.filter.OncePerRequestFilter.doFilter(OncePerRequestFilter.java:116)
	at org.springframework.security.web.FilterChainProxy$VirtualFilterChain.doFilter(FilterChainProxy.java:385)
	at org.springframework.security.web.authentication.logout.LogoutFilter.doFilter(LogoutFilter.java:110)
	at org.springframework.security.web.authentication.logout.LogoutFilter.doFilter(LogoutFilter.java:96)
	at org.springframework.security.web.FilterChainProxy$VirtualFilterChain.doFilter(FilterChainProxy.java:385)
	at org.springframework.web.filter.CorsFilter.doFilterInternal(CorsFilter.java:91)
	at org.springframework.web.filter.OncePerRequestFilter.doFilter(OncePerRequestFilter.java:116)
	at org.springframework.security.web.FilterChainProxy$VirtualFilterChain.doFilter(FilterChainProxy.java:385)
	at org.springframework.security.web.header.HeaderWriterFilter.doHeadersAfter(HeaderWriterFilter.java:90)
	at org.springframework.security.web.header.HeaderWriterFilter.doFilterInternal(HeaderWriterFilter.java:75)
	at org.springframework.web.filter.OncePerRequestFilter.doFilter(OncePerRequestFilter.java:116)
	at org.springframework.security.web.FilterChainProxy$VirtualFilterChain.doFilter(FilterChainProxy.java:385)
	at org.springframework.security.web.context.SecurityContextHolderFilter.doFilter(SecurityContextHolderFilter.java:82)
	at org.springframework.security.web.context.SecurityContextHolderFilter.doFilter(SecurityContextHolderFilter.java:69)
	at org.springframework.security.web.FilterChainProxy$VirtualFilterChain.doFilter(FilterChainProxy.java:385)
	at org.springframework.security.web.context.request.async.WebAsyncManagerIntegrationFilter.doFilterInternal(WebAsyncManagerIntegrationFilter.java:62)
	at org.springframework.web.filter.OncePerRequestFilter.doFilter(OncePerRequestFilter.java:116)
	at org.springframework.security.web.FilterChainProxy$VirtualFilterChain.doFilter(FilterChainProxy.java:385)
	at org.springframework.security.web.session.DisableEncodeUrlFilter.doFilterInternal(DisableEncodeUrlFilter.java:42)
	at org.springframework.web.filter.OncePerRequestFilter.doFilter(OncePerRequestFilter.java:116)
	at org.springframework.security.web.FilterChainProxy$VirtualFilterChain.doFilter(FilterChainProxy.java:385)
	at org.springframework.security.web.FilterChainProxy.doFilterInternal(FilterChainProxy.java:237)
	at org.springframework.security.web.FilterChainProxy.doFilter(FilterChainProxy.java:195)
	at org.springframework.web.filter.CompositeFilter$VirtualFilterChain.doFilter(CompositeFilter.java:113)
	at org.springframework.web.filter.ServletRequestPathFilter.doFilter(ServletRequestPathFilter.java:52)
	at org.springframework.web.filter.CompositeFilter$VirtualFilterChain.doFilter(CompositeFilter.java:113)
	at org.springframework.web.filter.CompositeFilter.doFilter(CompositeFilter.java:74)
	at org.springframework.security.config.annotation.web.configuration.WebSecurityConfiguration$CompositeFilterChainProxy.doFilter(WebSecurityConfiguration.java:317)
	at org.springframework.web.filter.DelegatingFilterProxy.invokeDelegate(DelegatingFilterProxy.java:355)
	at org.springframework.web.filter.DelegatingFilterProxy.doFilter(DelegatingFilterProxy.java:272)
	at org.apache.catalina.core.ApplicationFilterChain.doFilter(ApplicationFilterChain.java:107)
	at org.springframework.web.filter.RequestContextFilter.doFilterInternal(RequestContextFilter.java:100)
	at org.springframework.web.filter.OncePerRequestFilter.doFilter(OncePerRequestFilter.java:116)
	at org.apache.catalina.core.ApplicationFilterChain.doFilter(ApplicationFilterChain.java:107)
	at org.springframework.web.filter.FormContentFilter.doFilterInternal(FormContentFilter.java:93)
	at org.springframework.web.filter.OncePerRequestFilter.doFilter(OncePerRequestFilter.java:116)
	at org.apache.catalina.core.ApplicationFilterChain.doFilter(ApplicationFilterChain.java:107)
	at org.springframework.web.filter.CharacterEncodingFilter.doFilterInternal(CharacterEncodingFilter.java:199)
	at org.springframework.web.filter.OncePerRequestFilter.doFilter(OncePerRequestFilter.java:116)
	at org.apache.catalina.core.ApplicationFilterChain.doFilter(ApplicationFilterChain.java:107)
	at org.apache.catalina.core.StandardWrapperValve.invoke(StandardWrapperValve.java:165)
	at org.apache.catalina.core.StandardContextValve.invoke(StandardContextValve.java:77)
	at org.apache.catalina.authenticator.AuthenticatorBase.invoke(AuthenticatorBase.java:492)
	at org.apache.catalina.core.StandardHostValve.invoke(StandardHostValve.java:113)
	at org.apache.catalina.valves.ErrorReportValve.invoke(ErrorReportValve.java:83)
	at org.apache.catalina.core.StandardEngineValve.invoke(StandardEngineValve.java:72)
	at org.apache.catalina.connector.CoyoteAdapter.service(CoyoteAdapter.java:341)
	at org.apache.coyote.http11.Http11Processor.service(Http11Processor.java:397)
	at org.apache.coyote.AbstractProcessorLight.process(AbstractProcessorLight.java:63)
	at org.apache.coyote.AbstractProtocol$ConnectionHandler.process(AbstractProtocol.java:903)
	at org.apache.tomcat.util.net.NioEndpoint$SocketProcessor.doRun(NioEndpoint.java:1801)
	at org.apache.tomcat.util.net.SocketProcessorBase.run(SocketProcessorBase.java:52)
	at org.apache.tomcat.util.threads.ThreadPoolExecutor.runWorker(ThreadPoolExecutor.java:946)
	at org.apache.tomcat.util.threads.ThreadPoolExecutor$Worker.run(ThreadPoolExecutor.java:480)
	at org.apache.tomcat.util.threads.TaskThread$WrappingRunnable.run(TaskThread.java:57)
	at java.base/java.lang.Thread.run(Thread.java:1583)
2026-06-04 15:22:49[INFO]com.abubakar.connectify.configuration.RequestLoggingFilter-POST /api/v1/stories | Status: 400
2026-06-04 15:23:01[INFO]com.abubakar.connectify.service.impl.CustomUserDetailsService-Authentication request received for email: abu@gmail.com
2026-06-04 15:23:01[DEBUG]com.abubakar.connectify.service.impl.CustomUserDetailsService-User loaded successfully with email: abu@gmail.com and role: USER
2026-06-04 15:23:01[INFO]com.abubakar.connectify.security.JwtUtils-Token validation result for user abu@gmail.com : true
2026-06-04 15:23:01[INFO]com.abubakar.connectify.security.JwtFilter-User authenticated successfully: abu@gmail.com
2026-06-04 15:23:01[INFO]com.abubakar.connectify.controller.StoryController-Create story Api request received
2026-06-04 15:23:01[INFO]com.abubakar.connectify.service.impl.StoryServiceImpl-Creating new story
2026-06-04 15:23:01[DEBUG]com.abubakar.connectify.util.UserAccessValidator-Validating user access | userId: 1
2026-06-04 15:23:01[DEBUG]com.abubakar.connectify.util.UserAccessValidator-User validation successful | userId: 1
2026-06-04 15:23:01[DEBUG]com.abubakar.connectify.util.AuthUtil-Authenticated active user fetched successfully | userId: 1
2026-06-04 15:23:01[INFO]com.abubakar.connectify.service.impl.StoryServiceImpl-Create story process started | userId: 1
2026-06-04 15:23:01[INFO]com.abubakar.connectify.service.impl.FileServiceImpl-File upload started | EntityId: 1 | Folder: stories
2026-06-04 15:23:01[INFO]com.abubakar.connectify.service.impl.FileServiceImpl-Creating/Checking folder: stories
2026-06-04 15:23:01[INFO]com.abubakar.connectify.service.impl.FileServiceImpl-Folder created successfully at: C:\Users\wwwab\Desktop\Sem4InternshipPresentation\2\Connectify\backend\.\uploads\stories
2026-06-04 15:23:01[INFO]com.abubakar.connectify.service.impl.FileServiceImpl-File uploaded successfully from one file uploader: 1_d8ce8a0a-4840-400b-917e-9b417be5d71c.png
2026-06-04 15:23:01[DEBUG]com.abubakar.connectify.service.impl.StoryServiceImpl-Story media uploaded successfully | userId: 1 | mediaUrl: 1_d8ce8a0a-4840-400b-917e-9b417be5d71c.png
2026-06-04 15:23:01[DEBUG]com.abubakar.connectify.service.impl.StoryServiceImpl-Detected story media type | userId: 1 | mediaType: IMAGE
2026-06-04 15:23:02[INFO]com.abubakar.connectify.service.impl.StoryServiceImpl-Story created successfully | storyId: 1 | userId: 1
2026-06-04 15:23:02[INFO]com.abubakar.connectify.configuration.RequestLoggingFilter-POST /api/v1/stories | Status: 201
2026-06-04 15:23:23[INFO]com.abubakar.connectify.service.impl.CustomUserDetailsService-Authentication request received for email: abu@gmail.com
2026-06-04 15:23:23[DEBUG]com.abubakar.connectify.service.impl.CustomUserDetailsService-User loaded successfully with email: abu@gmail.com and role: USER
2026-06-04 15:23:23[INFO]com.abubakar.connectify.security.JwtUtils-Token validation result for user abu@gmail.com : true
2026-06-04 15:23:23[INFO]com.abubakar.connectify.security.JwtFilter-User authenticated successfully: abu@gmail.com
2026-06-04 15:23:23[INFO]com.abubakar.connectify.controller.StoryController-Create story Api request received
2026-06-04 15:23:23[INFO]com.abubakar.connectify.service.impl.StoryServiceImpl-Creating new story
2026-06-04 15:23:23[DEBUG]com.abubakar.connectify.util.UserAccessValidator-Validating user access | userId: 1
2026-06-04 15:23:23[DEBUG]com.abubakar.connectify.util.UserAccessValidator-User validation successful | userId: 1
2026-06-04 15:23:23[DEBUG]com.abubakar.connectify.util.AuthUtil-Authenticated active user fetched successfully | userId: 1
2026-06-04 15:23:23[INFO]com.abubakar.connectify.service.impl.StoryServiceImpl-Create story process started | userId: 1
2026-06-04 15:23:23[INFO]com.abubakar.connectify.service.impl.FileServiceImpl-File upload started | EntityId: 1 | Folder: stories
2026-06-04 15:23:23[INFO]com.abubakar.connectify.service.impl.FileServiceImpl-Creating/Checking folder: stories
2026-06-04 15:23:23[DEBUG]com.abubakar.connectify.service.impl.FileServiceImpl-Folder already exists at: C:\Users\wwwab\Desktop\Sem4InternshipPresentation\2\Connectify\backend\.\uploads\stories
2026-06-04 15:23:23[INFO]com.abubakar.connectify.service.impl.FileServiceImpl-File uploaded successfully from one file uploader: 1_86b95c74-39e9-4e13-8ecd-bd2c9c6eafd6.png
2026-06-04 15:23:23[DEBUG]com.abubakar.connectify.service.impl.StoryServiceImpl-Story media uploaded successfully | userId: 1 | mediaUrl: 1_86b95c74-39e9-4e13-8ecd-bd2c9c6eafd6.png
2026-06-04 15:23:23[DEBUG]com.abubakar.connectify.service.impl.StoryServiceImpl-Detected story media type | userId: 1 | mediaType: IMAGE
2026-06-04 15:23:23[INFO]com.abubakar.connectify.service.impl.StoryServiceImpl-Story created successfully | storyId: 2 | userId: 1
2026-06-04 15:23:23[INFO]com.abubakar.connectify.configuration.RequestLoggingFilter-POST /api/v1/stories | Status: 201
2026-06-04 15:23:42[INFO]com.abubakar.connectify.service.impl.CustomUserDetailsService-Authentication request received for email: abu@gmail.com
2026-06-04 15:23:42[DEBUG]com.abubakar.connectify.service.impl.CustomUserDetailsService-User loaded successfully with email: abu@gmail.com and role: USER
2026-06-04 15:23:42[INFO]com.abubakar.connectify.security.JwtUtils-Token validation result for user abu@gmail.com : true
2026-06-04 15:23:42[INFO]com.abubakar.connectify.security.JwtFilter-User authenticated successfully: abu@gmail.com
2026-06-04 15:23:42[INFO]com.abubakar.connectify.controller.StoryController-Get active stories api request received | cursor: null | size: 10
2026-06-04 15:23:42[INFO]com.abubakar.connectify.service.impl.StoryServiceImpl-Fetching active stories | cursor: null | size: 10
2026-06-04 15:23:42[DEBUG]com.abubakar.connectify.util.UserAccessValidator-Validating user access | userId: 1
2026-06-04 15:23:42[DEBUG]com.abubakar.connectify.util.UserAccessValidator-User validation successful | userId: 1
2026-06-04 15:23:42[DEBUG]com.abubakar.connectify.util.AuthUtil-Authenticated active user fetched successfully | userId: 1
2026-06-04 15:23:42[DEBUG]com.abubakar.connectify.service.impl.StoryServiceImpl-Validating story owner account status while getting active stories | ownerId: 1
2026-06-04 15:23:42[DEBUG]com.abubakar.connectify.util.UserAccessValidator-Validating user access | userId: 1
2026-06-04 15:23:42[DEBUG]com.abubakar.connectify.util.UserAccessValidator-User validation successful | userId: 1
2026-06-04 15:23:42[INFO]com.abubakar.connectify.service.impl.StoryServiceImpl-Active stories fetched successfully | count: 0
2026-06-04 15:23:42[INFO]com.abubakar.connectify.configuration.RequestLoggingFilter-GET /api/v1/stories | Status: 200
2026-06-04 15:31:49[INFO]com.abubakar.connectify.scheduler.StoryCleanupScheduler-Running story cleanup job
2026-06-04 15:31:49[INFO]com.abubakar.connectify.scheduler.StoryCleanupScheduler-Expired stories found: 0
2026-06-04 15:31:49[INFO]com.abubakar.connectify.scheduler.StoryCleanupScheduler-Story cleanup completed
2026-06-04 15:41:49[INFO]com.abubakar.connectify.scheduler.StoryCleanupScheduler-Running story cleanup job
2026-06-04 15:41:49[INFO]com.abubakar.connectify.scheduler.StoryCleanupScheduler-Expired stories found: 0
2026-06-04 15:41:49[INFO]com.abubakar.connectify.scheduler.StoryCleanupScheduler-Story cleanup completed
2026-06-04 15:43:34[INFO]org.springframework.boot.tomcat.GracefulShutdown-Commencing graceful shutdown. Waiting for active requests to complete
2026-06-04 15:43:34[INFO]org.springframework.boot.tomcat.GracefulShutdown-Graceful shutdown complete
2026-06-04 15:43:34[INFO]org.springframework.orm.jpa.LocalContainerEntityManagerFactoryBean-Closing JPA EntityManagerFactory for persistence unit 'default'
2026-06-04 15:43:34[INFO]com.zaxxer.hikari.HikariDataSource-HikariPool-1 - Shutdown initiated...
2026-06-04 15:43:34[INFO]com.zaxxer.hikari.HikariDataSource-HikariPool-1 - Shutdown completed.
2026-06-04 15:43:38[INFO]org.hibernate.validator.internal.util.Version-HV000001: Hibernate Validator 9.0.1.Final
2026-06-04 15:43:39[INFO]com.abubakar.connectify.ConnectifyApplication-Starting ConnectifyApplication using Java 21.0.9 with PID 17892 (C:\Users\wwwab\Desktop\Sem4InternshipPresentation\2\Connectify\backend\target\classes started by wwwab in C:\Users\wwwab\Desktop\Sem4InternshipPresentation\2\Connectify\backend)
2026-06-04 15:43:39[DEBUG]com.abubakar.connectify.ConnectifyApplication-Running with Spring Boot v4.0.6, Spring v7.0.7
2026-06-04 15:43:39[INFO]com.abubakar.connectify.ConnectifyApplication-The following 1 profile is active: "dev"
2026-06-04 15:43:40[INFO]org.springframework.data.repository.config.RepositoryConfigurationDelegate-Multiple Spring Data modules found, entering strict repository configuration mode
2026-06-04 15:43:40[INFO]org.springframework.data.repository.config.RepositoryConfigurationDelegate-Bootstrapping Spring Data JPA repositories in DEFAULT mode.
2026-06-04 15:43:40[INFO]org.springframework.data.repository.config.RepositoryConfigurationDelegate-Finished Spring Data repository scanning in 202 ms. Found 18 JPA repository interfaces.
2026-06-04 15:43:40[INFO]org.springframework.data.repository.config.RepositoryConfigurationDelegate-Multiple Spring Data modules found, entering strict repository configuration mode
2026-06-04 15:43:40[INFO]org.springframework.data.repository.config.RepositoryConfigurationDelegate-Bootstrapping Spring Data Redis repositories in DEFAULT mode.
2026-06-04 15:43:40[INFO]org.springframework.data.repository.config.RepositoryConfigurationExtensionSupport-Spring Data Redis - Could not safely identify store assignment for repository candidate interface com.abubakar.connectify.repository.ChatParticipantRepository; If you want this repository to be a Redis repository, consider annotating your entities with one of these annotations: org.springframework.data.redis.core.RedisHash (preferred), or consider extending one of the following types with your repository: org.springframework.data.keyvalue.repository.KeyValueRepository
2026-06-04 15:43:40[INFO]org.springframework.data.repository.config.RepositoryConfigurationExtensionSupport-Spring Data Redis - Could not safely identify store assignment for repository candidate interface com.abubakar.connectify.repository.ChatRepository; If you want this repository to be a Redis repository, consider annotating your entities with one of these annotations: org.springframework.data.redis.core.RedisHash (preferred), or consider extending one of the following types with your repository: org.springframework.data.keyvalue.repository.KeyValueRepository
2026-06-04 15:43:40[INFO]org.springframework.data.repository.config.RepositoryConfigurationExtensionSupport-Spring Data Redis - Could not safely identify store assignment for repository candidate interface com.abubakar.connectify.repository.CommentRepository; If you want this repository to be a Redis repository, consider annotating your entities with one of these annotations: org.springframework.data.redis.core.RedisHash (preferred), or consider extending one of the following types with your repository: org.springframework.data.keyvalue.repository.KeyValueRepository
2026-06-04 15:43:40[INFO]org.springframework.data.repository.config.RepositoryConfigurationExtensionSupport-Spring Data Redis - Could not safely identify store assignment for repository candidate interface com.abubakar.connectify.repository.FollowRepository; If you want this repository to be a Redis repository, consider annotating your entities with one of these annotations: org.springframework.data.redis.core.RedisHash (preferred), or consider extending one of the following types with your repository: org.springframework.data.keyvalue.repository.KeyValueRepository
2026-06-04 15:43:40[INFO]org.springframework.data.repository.config.RepositoryConfigurationExtensionSupport-Spring Data Redis - Could not safely identify store assignment for repository candidate interface com.abubakar.connectify.repository.HashtagRepository; If you want this repository to be a Redis repository, consider annotating your entities with one of these annotations: org.springframework.data.redis.core.RedisHash (preferred), or consider extending one of the following types with your repository: org.springframework.data.keyvalue.repository.KeyValueRepository
2026-06-04 15:43:40[INFO]org.springframework.data.repository.config.RepositoryConfigurationExtensionSupport-Spring Data Redis - Could not safely identify store assignment for repository candidate interface com.abubakar.connectify.repository.LikeRepository; If you want this repository to be a Redis repository, consider annotating your entities with one of these annotations: org.springframework.data.redis.core.RedisHash (preferred), or consider extending one of the following types with your repository: org.springframework.data.keyvalue.repository.KeyValueRepository
2026-06-04 15:43:40[INFO]org.springframework.data.repository.config.RepositoryConfigurationExtensionSupport-Spring Data Redis - Could not safely identify store assignment for repository candidate interface com.abubakar.connectify.repository.MediaRepository; If you want this repository to be a Redis repository, consider annotating your entities with one of these annotations: org.springframework.data.redis.core.RedisHash (preferred), or consider extending one of the following types with your repository: org.springframework.data.keyvalue.repository.KeyValueRepository
2026-06-04 15:43:40[INFO]org.springframework.data.repository.config.RepositoryConfigurationExtensionSupport-Spring Data Redis - Could not safely identify store assignment for repository candidate interface com.abubakar.connectify.repository.MessageRepository; If you want this repository to be a Redis repository, consider annotating your entities with one of these annotations: org.springframework.data.redis.core.RedisHash (preferred), or consider extending one of the following types with your repository: org.springframework.data.keyvalue.repository.KeyValueRepository
2026-06-04 15:43:40[INFO]org.springframework.data.repository.config.RepositoryConfigurationExtensionSupport-Spring Data Redis - Could not safely identify store assignment for repository candidate interface com.abubakar.connectify.repository.NotificationRepository; If you want this repository to be a Redis repository, consider annotating your entities with one of these annotations: org.springframework.data.redis.core.RedisHash (preferred), or consider extending one of the following types with your repository: org.springframework.data.keyvalue.repository.KeyValueRepository
2026-06-04 15:43:40[INFO]org.springframework.data.repository.config.RepositoryConfigurationExtensionSupport-Spring Data Redis - Could not safely identify store assignment for repository candidate interface com.abubakar.connectify.repository.PostRepository; If you want this repository to be a Redis repository, consider annotating your entities with one of these annotations: org.springframework.data.redis.core.RedisHash (preferred), or consider extending one of the following types with your repository: org.springframework.data.keyvalue.repository.KeyValueRepository
2026-06-04 15:43:40[INFO]org.springframework.data.repository.config.RepositoryConfigurationExtensionSupport-Spring Data Redis - Could not safely identify store assignment for repository candidate interface com.abubakar.connectify.repository.RefreshTokenRepository; If you want this repository to be a Redis repository, consider annotating your entities with one of these annotations: org.springframework.data.redis.core.RedisHash (preferred), or consider extending one of the following types with your repository: org.springframework.data.keyvalue.repository.KeyValueRepository
2026-06-04 15:43:40[INFO]org.springframework.data.repository.config.RepositoryConfigurationExtensionSupport-Spring Data Redis - Could not safely identify store assignment for repository candidate interface com.abubakar.connectify.repository.ReportRepository; If you want this repository to be a Redis repository, consider annotating your entities with one of these annotations: org.springframework.data.redis.core.RedisHash (preferred), or consider extending one of the following types with your repository: org.springframework.data.keyvalue.repository.KeyValueRepository
2026-06-04 15:43:40[INFO]org.springframework.data.repository.config.RepositoryConfigurationExtensionSupport-Spring Data Redis - Could not safely identify store assignment for repository candidate interface com.abubakar.connectify.repository.SavedPostRepository; If you want this repository to be a Redis repository, consider annotating your entities with one of these annotations: org.springframework.data.redis.core.RedisHash (preferred), or consider extending one of the following types with your repository: org.springframework.data.keyvalue.repository.KeyValueRepository
2026-06-04 15:43:40[INFO]org.springframework.data.repository.config.RepositoryConfigurationExtensionSupport-Spring Data Redis - Could not safely identify store assignment for repository candidate interface com.abubakar.connectify.repository.StoryReactionRepository; If you want this repository to be a Redis repository, consider annotating your entities with one of these annotations: org.springframework.data.redis.core.RedisHash (preferred), or consider extending one of the following types with your repository: org.springframework.data.keyvalue.repository.KeyValueRepository
2026-06-04 15:43:40[INFO]org.springframework.data.repository.config.RepositoryConfigurationExtensionSupport-Spring Data Redis - Could not safely identify store assignment for repository candidate interface com.abubakar.connectify.repository.StoryReplyRepository; If you want this repository to be a Redis repository, consider annotating your entities with one of these annotations: org.springframework.data.redis.core.RedisHash (preferred), or consider extending one of the following types with your repository: org.springframework.data.keyvalue.repository.KeyValueRepository
2026-06-04 15:43:40[INFO]org.springframework.data.repository.config.RepositoryConfigurationExtensionSupport-Spring Data Redis - Could not safely identify store assignment for repository candidate interface com.abubakar.connectify.repository.StoryRepository; If you want this repository to be a Redis repository, consider annotating your entities with one of these annotations: org.springframework.data.redis.core.RedisHash (preferred), or consider extending one of the following types with your repository: org.springframework.data.keyvalue.repository.KeyValueRepository
2026-06-04 15:43:40[INFO]org.springframework.data.repository.config.RepositoryConfigurationExtensionSupport-Spring Data Redis - Could not safely identify store assignment for repository candidate interface com.abubakar.connectify.repository.StoryViewRepository; If you want this repository to be a Redis repository, consider annotating your entities with one of these annotations: org.springframework.data.redis.core.RedisHash (preferred), or consider extending one of the following types with your repository: org.springframework.data.keyvalue.repository.KeyValueRepository
2026-06-04 15:43:40[INFO]org.springframework.data.repository.config.RepositoryConfigurationExtensionSupport-Spring Data Redis - Could not safely identify store assignment for repository candidate interface com.abubakar.connectify.repository.UserRepository; If you want this repository to be a Redis repository, consider annotating your entities with one of these annotations: org.springframework.data.redis.core.RedisHash (preferred), or consider extending one of the following types with your repository: org.springframework.data.keyvalue.repository.KeyValueRepository
2026-06-04 15:43:40[INFO]org.springframework.data.repository.config.RepositoryConfigurationDelegate-Finished Spring Data repository scanning in 13 ms. Found 0 Redis repository interfaces.
2026-06-04 15:43:41[INFO]org.springframework.boot.tomcat.TomcatWebServer-Tomcat initialized with port 8080 (http)
2026-06-04 15:43:41[INFO]org.apache.coyote.http11.Http11NioProtocol-Initializing ProtocolHandler ["http-nio-8080"]
2026-06-04 15:43:41[INFO]org.apache.catalina.core.StandardService-Starting service [Tomcat]
2026-06-04 15:43:41[INFO]org.apache.catalina.core.StandardEngine-Starting Servlet engine: [Apache Tomcat/11.0.21]
2026-06-04 15:43:41[INFO]org.springframework.boot.web.context.servlet.WebApplicationContextInitializer-Root WebApplicationContext: initialization completed in 2398 ms
2026-06-04 15:43:41[INFO]org.hibernate.orm.jpa-HHH008540: Processing PersistenceUnitInfo [name: default]
2026-06-04 15:43:41[INFO]org.hibernate.orm.core-HHH000001: Hibernate ORM core version 7.2.12.Final
2026-06-04 15:43:42[INFO]org.springframework.orm.jpa.persistenceunit.SpringPersistenceUnitInfo-No LoadTimeWeaver setup: ignoring JPA class transformer
2026-06-04 15:43:42[INFO]com.zaxxer.hikari.HikariDataSource-HikariPool-1 - Starting...
2026-06-04 15:43:42[INFO]com.zaxxer.hikari.pool.HikariPool-HikariPool-1 - Added connection com.mysql.cj.jdbc.ConnectionImpl@156eeff1
2026-06-04 15:43:42[INFO]com.zaxxer.hikari.HikariDataSource-HikariPool-1 - Start completed.
2026-06-04 15:43:42[INFO]org.hibernate.orm.connections.pooling-HHH10001005: Database info:
	Database JDBC URL [jdbc:mysql://localhost:3306/connectifyApp]
	Database driver: MySQL Connector/J
	Database dialect: MySQLDialect
	Database version: 8.0.43
	Default catalog/schema: connectifyApp/undefined
	Autocommit mode: undefined/unknown
	Isolation level: REPEATABLE_READ [default REPEATABLE_READ]
	JDBC fetch size: none
	Pool: DataSourceConnectionProvider
	Minimum pool size: undefined/unknown
	Maximum pool size: undefined/unknown
2026-06-04 15:43:43[INFO]org.hibernate.orm.core-HHH000489: No JTA platform available (set 'hibernate.transaction.jta.platform' to enable JTA platform integration)
2026-06-04 15:43:43[INFO]org.springframework.orm.jpa.LocalContainerEntityManagerFactoryBean-Initialized JPA EntityManagerFactory for persistence unit 'default'
2026-06-04 15:43:43[INFO]org.springframework.data.jpa.repository.query.QueryEnhancerFactories-Hibernate is in classpath; If applicable, HQL parser will be used.
2026-06-04 15:43:44[DEBUG]com.abubakar.connectify.configuration.RequestLoggingFilter-Filter 'requestLoggingFilter' configured for use
2026-06-04 15:43:44[DEBUG]com.abubakar.connectify.security.JwtFilter-Filter 'jwtFilter' configured for use
2026-06-04 15:43:45[INFO]org.springframework.security.config.annotation.authentication.configuration.InitializeAuthenticationProviderBeanManagerConfigurer$InitializeAuthenticationProviderManagerConfigurer-Global AuthenticationManager configured with AuthenticationProvider bean with name authenticationProvider
2026-06-04 15:43:45[WARN]org.springframework.security.config.annotation.authentication.configuration.InitializeUserDetailsBeanManagerConfigurer$InitializeUserDetailsManagerConfigurer-Global AuthenticationManager configured with an AuthenticationProvider bean. UserDetailsService beans will not be used by Spring Security for automatically configuring username/password login. Consider removing the AuthenticationProvider bean. Alternatively, consider using the UserDetailsService in a manually instantiated DaoAuthenticationProvider. If the current configuration is intentional, to turn off this warning, increase the logging level of 'org.springframework.security.config.annotation.authentication.configuration.InitializeUserDetailsBeanManagerConfigurer' to ERROR
2026-06-04 15:43:47[INFO]org.apache.coyote.http11.Http11NioProtocol-Starting ProtocolHandler ["http-nio-8080"]
2026-06-04 15:43:47[INFO]org.springframework.boot.tomcat.TomcatWebServer-Tomcat started on port 8080 (http) with context path '/'
2026-06-04 15:43:47[INFO]com.abubakar.connectify.ConnectifyApplication-Started ConnectifyApplication in 8.806 seconds (process running for 9.385)
2026-06-04 15:43:47[INFO]com.abubakar.connectify.scheduler.StoryCleanupScheduler-Running story cleanup job
2026-06-04 15:43:47[INFO]com.abubakar.connectify.scheduler.StoryCleanupScheduler-Expired stories found: 0
2026-06-04 15:43:47[INFO]com.abubakar.connectify.scheduler.StoryCleanupScheduler-Story cleanup completed
2026-06-04 15:43:55[INFO]org.apache.catalina.core.ContainerBase.[Tomcat].[localhost].[/]-Initializing Spring DispatcherServlet 'dispatcherServlet'
2026-06-04 15:43:55[INFO]org.springframework.web.servlet.DispatcherServlet-Initializing Servlet 'dispatcherServlet'
2026-06-04 15:43:55[INFO]org.springframework.web.servlet.DispatcherServlet-Completed initialization in 2 ms
2026-06-04 15:43:55[INFO]com.abubakar.connectify.service.impl.CustomUserDetailsService-Authentication request received for email: abu@gmail.com
2026-06-04 15:43:55[DEBUG]com.abubakar.connectify.service.impl.CustomUserDetailsService-User loaded successfully with email: abu@gmail.com and role: USER
2026-06-04 15:43:55[INFO]com.abubakar.connectify.security.JwtUtils-Token validation result for user abu@gmail.com : true
2026-06-04 15:43:55[INFO]com.abubakar.connectify.security.JwtFilter-User authenticated successfully: abu@gmail.com
2026-06-04 15:43:55[INFO]com.abubakar.connectify.controller.StoryController-Create story Api request received
2026-06-04 15:43:55[INFO]com.abubakar.connectify.service.impl.StoryServiceImpl-Creating new story
2026-06-04 15:43:55[DEBUG]com.abubakar.connectify.util.UserAccessValidator-Validating user access | userId: 1
2026-06-04 15:43:55[DEBUG]com.abubakar.connectify.util.UserAccessValidator-User validation successful | userId: 1
2026-06-04 15:43:55[DEBUG]com.abubakar.connectify.util.AuthUtil-Authenticated active user fetched successfully | userId: 1
2026-06-04 15:43:55[INFO]com.abubakar.connectify.service.impl.StoryServiceImpl-Create story process started | userId: 1
2026-06-04 15:43:55[INFO]com.abubakar.connectify.service.impl.FileServiceImpl-File upload started | EntityId: 1 | Folder: stories
2026-06-04 15:43:55[INFO]com.abubakar.connectify.service.impl.FileServiceImpl-Creating/Checking folder: stories
2026-06-04 15:43:55[DEBUG]com.abubakar.connectify.service.impl.FileServiceImpl-Folder already exists at: C:\Users\wwwab\Desktop\Sem4InternshipPresentation\2\Connectify\backend\.\uploads\stories
2026-06-04 15:43:55[INFO]com.abubakar.connectify.service.impl.FileServiceImpl-File uploaded successfully from one file uploader: 1_00f7b03f-f080-4a2d-918d-7d54fc29d1fc.png
2026-06-04 15:43:55[DEBUG]com.abubakar.connectify.service.impl.StoryServiceImpl-Story media uploaded successfully | userId: 1 | mediaUrl: 1_00f7b03f-f080-4a2d-918d-7d54fc29d1fc.png
2026-06-04 15:43:55[DEBUG]com.abubakar.connectify.service.impl.StoryServiceImpl-Detected story media type | userId: 1 | mediaType: IMAGE
2026-06-04 15:43:55[INFO]com.abubakar.connectify.service.impl.StoryServiceImpl-Story created successfully | storyId: 3 | userId: 1
2026-06-04 15:43:55[INFO]com.abubakar.connectify.configuration.RequestLoggingFilter-POST /api/v1/stories | Status: 201
2026-06-04 15:44:15[INFO]com.abubakar.connectify.service.impl.CustomUserDetailsService-Authentication request received for email: abu@gmail.com
2026-06-04 15:44:15[DEBUG]com.abubakar.connectify.service.impl.CustomUserDetailsService-User loaded successfully with email: abu@gmail.com and role: USER
2026-06-04 15:44:15[INFO]com.abubakar.connectify.security.JwtUtils-Token validation result for user abu@gmail.com : true
2026-06-04 15:44:15[INFO]com.abubakar.connectify.security.JwtFilter-User authenticated successfully: abu@gmail.com
2026-06-04 15:44:15[INFO]com.abubakar.connectify.controller.StoryController-Get active stories api request received | cursor: null | size: 10
2026-06-04 15:44:15[INFO]com.abubakar.connectify.service.impl.StoryServiceImpl-Fetching active stories | cursor: null | size: 10
2026-06-04 15:44:15[DEBUG]com.abubakar.connectify.util.UserAccessValidator-Validating user access | userId: 1
2026-06-04 15:44:15[DEBUG]com.abubakar.connectify.util.UserAccessValidator-User validation successful | userId: 1
2026-06-04 15:44:15[DEBUG]com.abubakar.connectify.util.AuthUtil-Authenticated active user fetched successfully | userId: 1
2026-06-04 15:44:15[DEBUG]com.abubakar.connectify.service.impl.StoryServiceImpl-Validating story owner account status while getting active stories | ownerId: 1
2026-06-04 15:44:15[DEBUG]com.abubakar.connectify.util.UserAccessValidator-Validating user access | userId: 1
2026-06-04 15:44:15[DEBUG]com.abubakar.connectify.util.UserAccessValidator-User validation successful | userId: 1
2026-06-04 15:44:15[INFO]com.abubakar.connectify.service.impl.StoryServiceImpl-Active stories fetched successfully | count: 3
2026-06-04 15:44:15[INFO]com.abubakar.connectify.configuration.RequestLoggingFilter-GET /api/v1/stories | Status: 200
2026-06-04 15:44:24[INFO]com.abubakar.connectify.service.impl.CustomUserDetailsService-Authentication request received for email: abu@gmail.com
2026-06-04 15:44:24[DEBUG]com.abubakar.connectify.service.impl.CustomUserDetailsService-User loaded successfully with email: abu@gmail.com and role: USER
2026-06-04 15:44:24[INFO]com.abubakar.connectify.security.JwtUtils-Token validation result for user abu@gmail.com : true
2026-06-04 15:44:24[INFO]com.abubakar.connectify.security.JwtFilter-User authenticated successfully: abu@gmail.com
2026-06-04 15:44:24[INFO]com.abubakar.connectify.controller.StoryController-Get user active stories request received | userId: 6 | cursor: null | size: 10
2026-06-04 15:44:24[INFO]com.abubakar.connectify.service.impl.StoryServiceImpl-Fetching user active stories | userId: 6 | cursor: null | size: 10
2026-06-04 15:44:24[DEBUG]com.abubakar.connectify.util.UserAccessValidator-Validating user access | userId: 6
2026-06-04 15:44:24[DEBUG]com.abubakar.connectify.util.UserAccessValidator-User validation successful | userId: 6
2026-06-04 15:44:24[INFO]com.abubakar.connectify.service.impl.StoryServiceImpl-User active stories fetched successfully | userId: 6 | storyCount: 0
2026-06-04 15:44:24[DEBUG]com.abubakar.connectify.util.UserAccessValidator-Validating user access | userId: 1
2026-06-04 15:44:24[DEBUG]com.abubakar.connectify.util.UserAccessValidator-User validation successful | userId: 1
2026-06-04 15:44:24[DEBUG]com.abubakar.connectify.util.AuthUtil-Authenticated active user fetched successfully | userId: 1
2026-06-04 15:44:24[INFO]com.abubakar.connectify.configuration.RequestLoggingFilter-GET /api/v1/stories/user/6 | Status: 200
2026-06-04 15:44:29[INFO]com.abubakar.connectify.service.impl.CustomUserDetailsService-Authentication request received for email: abu@gmail.com
2026-06-04 15:44:29[DEBUG]com.abubakar.connectify.service.impl.CustomUserDetailsService-User loaded successfully with email: abu@gmail.com and role: USER
2026-06-04 15:44:29[INFO]com.abubakar.connectify.security.JwtUtils-Token validation result for user abu@gmail.com : true
2026-06-04 15:44:29[INFO]com.abubakar.connectify.security.JwtFilter-User authenticated successfully: abu@gmail.com
2026-06-04 15:44:29[INFO]com.abubakar.connectify.controller.StoryController-Get user active stories request received | userId: 1 | cursor: null | size: 10
2026-06-04 15:44:29[INFO]com.abubakar.connectify.service.impl.StoryServiceImpl-Fetching user active stories | userId: 1 | cursor: null | size: 10
2026-06-04 15:44:29[DEBUG]com.abubakar.connectify.util.UserAccessValidator-Validating user access | userId: 1
2026-06-04 15:44:29[DEBUG]com.abubakar.connectify.util.UserAccessValidator-User validation successful | userId: 1
2026-06-04 15:44:29[INFO]com.abubakar.connectify.service.impl.StoryServiceImpl-User active stories fetched successfully | userId: 1 | storyCount: 3
2026-06-04 15:44:29[DEBUG]com.abubakar.connectify.util.UserAccessValidator-Validating user access | userId: 1
2026-06-04 15:44:29[DEBUG]com.abubakar.connectify.util.UserAccessValidator-User validation successful | userId: 1
2026-06-04 15:44:29[DEBUG]com.abubakar.connectify.util.AuthUtil-Authenticated active user fetched successfully | userId: 1
2026-06-04 15:44:29[INFO]com.abubakar.connectify.configuration.RequestLoggingFilter-GET /api/v1/stories/user/1 | Status: 200
2026-06-04 15:44:37[INFO]com.abubakar.connectify.service.impl.CustomUserDetailsService-Authentication request received for email: abu@gmail.com
2026-06-04 15:44:37[DEBUG]com.abubakar.connectify.service.impl.CustomUserDetailsService-User loaded successfully with email: abu@gmail.com and role: USER
2026-06-04 15:44:37[INFO]com.abubakar.connectify.security.JwtUtils-Token validation result for user abu@gmail.com : true
2026-06-04 15:44:37[INFO]com.abubakar.connectify.security.JwtFilter-User authenticated successfully: abu@gmail.com
2026-06-04 15:44:37[INFO]com.abubakar.connectify.controller.StoryController-Get story viewers request received | storyId: 1 | cursor: null | size: 10
2026-06-04 15:44:37[INFO]com.abubakar.connectify.service.impl.StoryServiceImpl-Fetching story viewers | storyId: 1 | cursor: null | size: 10
2026-06-04 15:44:37[DEBUG]com.abubakar.connectify.util.StoryAccessValidator-Validating active story access | storyId: 1
2026-06-04 15:44:37[DEBUG]com.abubakar.connectify.util.StoryAccessValidator-Fetching story | storyId: 1
2026-06-04 15:44:37[DEBUG]com.abubakar.connectify.util.StoryAccessValidator-Active story validation successful | storyId: 1
2026-06-04 15:44:37[DEBUG]com.abubakar.connectify.service.impl.StoryServiceImpl-Validating story ownership for viewers access | ownerId: 1
2026-06-04 15:44:37[DEBUG]com.abubakar.connectify.util.UserAccessValidator-Validating user access | userId: 1
2026-06-04 15:44:37[DEBUG]com.abubakar.connectify.util.UserAccessValidator-User validation successful | userId: 1
2026-06-04 15:44:37[DEBUG]com.abubakar.connectify.util.AuthUtil-Authenticated active user fetched successfully | userId: 1
2026-06-04 15:44:37[INFO]com.abubakar.connectify.service.impl.StoryServiceImpl-Story viewers fetched successfully | storyId: 1 | viewerCount: 0
2026-06-04 15:44:37[INFO]com.abubakar.connectify.configuration.RequestLoggingFilter-GET /api/v1/stories/1/viewers | Status: 200
2026-06-04 15:45:37[INFO]com.abubakar.connectify.service.impl.CustomUserDetailsService-Authentication request received for email: abu@gmail.com
2026-06-04 15:45:37[DEBUG]com.abubakar.connectify.service.impl.CustomUserDetailsService-User loaded successfully with email: abu@gmail.com and role: USER
2026-06-04 15:45:37[INFO]com.abubakar.connectify.security.JwtUtils-Token validation result for user abu@gmail.com : true
2026-06-04 15:45:37[INFO]com.abubakar.connectify.security.JwtFilter-User authenticated successfully: abu@gmail.com
2026-06-04 15:45:37[INFO]com.abubakar.connectify.controller.StoryController-View story api request received | storyId: 1
2026-06-04 15:45:37[INFO]com.abubakar.connectify.service.impl.StoryServiceImpl-Viewing story | storyId: 1
2026-06-04 15:45:37[DEBUG]com.abubakar.connectify.util.UserAccessValidator-Validating user access | userId: 1
2026-06-04 15:45:37[DEBUG]com.abubakar.connectify.util.UserAccessValidator-User validation successful | userId: 1
2026-06-04 15:45:37[DEBUG]com.abubakar.connectify.util.AuthUtil-Authenticated active user fetched successfully | userId: 1
2026-06-04 15:45:37[DEBUG]com.abubakar.connectify.util.StoryAccessValidator-Validating active story access | storyId: 1
2026-06-04 15:45:37[DEBUG]com.abubakar.connectify.util.StoryAccessValidator-Fetching story | storyId: 1
2026-06-04 15:45:37[DEBUG]com.abubakar.connectify.util.StoryAccessValidator-Active story validation successful | storyId: 1
2026-06-04 15:45:37[DEBUG]com.abubakar.connectify.service.impl.StoryServiceImpl-Validating story owner account status | ownerId: 1
2026-06-04 15:45:37[DEBUG]com.abubakar.connectify.util.UserAccessValidator-Validating user access | userId: 1
2026-06-04 15:45:37[DEBUG]com.abubakar.connectify.util.UserAccessValidator-User validation successful | userId: 1
2026-06-04 15:45:37[DEBUG]com.abubakar.connectify.service.impl.StoryServiceImpl-Skipping story view count increment for owner | storyId: 1 | ownerId: 1
2026-06-04 15:45:37[INFO]com.abubakar.connectify.configuration.RequestLoggingFilter-POST /api/v1/stories/1/view | Status: 200
2026-06-04 15:46:18[INFO]com.abubakar.connectify.service.impl.CustomUserDetailsService-Authentication request received for email: abu@gmail.com
2026-06-04 15:46:18[DEBUG]com.abubakar.connectify.service.impl.CustomUserDetailsService-User loaded successfully with email: abu@gmail.com and role: USER
2026-06-04 15:46:18[INFO]com.abubakar.connectify.security.JwtUtils-Token validation result for user abu@gmail.com : true
2026-06-04 15:46:18[INFO]com.abubakar.connectify.security.JwtFilter-User authenticated successfully: abu@gmail.com
2026-06-04 15:46:18[INFO]com.abubakar.connectify.controller.StoryController-View story api request received | storyId: 1
2026-06-04 15:46:18[INFO]com.abubakar.connectify.service.impl.StoryServiceImpl-Viewing story | storyId: 1
2026-06-04 15:46:18[DEBUG]com.abubakar.connectify.util.UserAccessValidator-Validating user access | userId: 1
2026-06-04 15:46:18[DEBUG]com.abubakar.connectify.util.UserAccessValidator-User validation successful | userId: 1
2026-06-04 15:46:18[DEBUG]com.abubakar.connectify.util.AuthUtil-Authenticated active user fetched successfully | userId: 1
2026-06-04 15:46:18[DEBUG]com.abubakar.connectify.util.StoryAccessValidator-Validating active story access | storyId: 1
2026-06-04 15:46:18[DEBUG]com.abubakar.connectify.util.StoryAccessValidator-Fetching story | storyId: 1
2026-06-04 15:46:18[DEBUG]com.abubakar.connectify.util.StoryAccessValidator-Active story validation successful | storyId: 1
2026-06-04 15:46:18[DEBUG]com.abubakar.connectify.service.impl.StoryServiceImpl-Validating story owner account status | ownerId: 1
2026-06-04 15:46:18[DEBUG]com.abubakar.connectify.util.UserAccessValidator-Validating user access | userId: 1
2026-06-04 15:46:18[DEBUG]com.abubakar.connectify.util.UserAccessValidator-User validation successful | userId: 1
2026-06-04 15:46:18[DEBUG]com.abubakar.connectify.service.impl.StoryServiceImpl-Skipping story view count increment for owner | storyId: 1 | ownerId: 1
2026-06-04 15:46:18[INFO]com.abubakar.connectify.configuration.RequestLoggingFilter-POST /api/v1/stories/1/view | Status: 200
2026-06-04 15:47:13[INFO]com.abubakar.connectify.service.impl.CustomUserDetailsService-Authentication request received for email: abu@gmail.com
2026-06-04 15:47:13[DEBUG]com.abubakar.connectify.service.impl.CustomUserDetailsService-User loaded successfully with email: abu@gmail.com and role: USER
2026-06-04 15:47:13[INFO]com.abubakar.connectify.security.JwtUtils-Token validation result for user abu@gmail.com : true
2026-06-04 15:47:13[INFO]com.abubakar.connectify.security.JwtFilter-User authenticated successfully: abu@gmail.com
2026-06-04 15:47:14[INFO]com.abubakar.connectify.controller.StoryController-Get story viewers request received | storyId: 1 | cursor: null | size: 10
2026-06-04 15:47:14[INFO]com.abubakar.connectify.service.impl.StoryServiceImpl-Fetching story viewers | storyId: 1 | cursor: null | size: 10
2026-06-04 15:47:14[DEBUG]com.abubakar.connectify.util.StoryAccessValidator-Validating active story access | storyId: 1
2026-06-04 15:47:14[DEBUG]com.abubakar.connectify.util.StoryAccessValidator-Fetching story | storyId: 1
2026-06-04 15:47:14[DEBUG]com.abubakar.connectify.util.StoryAccessValidator-Active story validation successful | storyId: 1
2026-06-04 15:47:14[DEBUG]com.abubakar.connectify.service.impl.StoryServiceImpl-Validating story ownership for viewers access | ownerId: 1
2026-06-04 15:47:14[DEBUG]com.abubakar.connectify.util.UserAccessValidator-Validating user access | userId: 1
2026-06-04 15:47:14[DEBUG]com.abubakar.connectify.util.UserAccessValidator-User validation successful | userId: 1
2026-06-04 15:47:14[DEBUG]com.abubakar.connectify.util.AuthUtil-Authenticated active user fetched successfully | userId: 1
2026-06-04 15:47:14[INFO]com.abubakar.connectify.service.impl.StoryServiceImpl-Story viewers fetched successfully | storyId: 1 | viewerCount: 0
2026-06-04 15:47:14[INFO]com.abubakar.connectify.configuration.RequestLoggingFilter-GET /api/v1/stories/1/viewers | Status: 200
2026-06-04 15:47:26[INFO]com.abubakar.connectify.service.impl.CustomUserDetailsService-Authentication request received for email: abu@gmail.com
2026-06-04 15:47:26[DEBUG]com.abubakar.connectify.service.impl.CustomUserDetailsService-User loaded successfully with email: abu@gmail.com and role: USER
2026-06-04 15:47:26[INFO]com.abubakar.connectify.security.JwtUtils-Token validation result for user abu@gmail.com : true
2026-06-04 15:47:26[INFO]com.abubakar.connectify.security.JwtFilter-User authenticated successfully: abu@gmail.com
2026-06-04 15:47:26[INFO]com.abubakar.connectify.controller.StoryController-Get my stories request received | cursor: null | size: 10
2026-06-04 15:47:26[DEBUG]com.abubakar.connectify.util.UserAccessValidator-Validating user access | userId: 1
2026-06-04 15:47:26[DEBUG]com.abubakar.connectify.util.UserAccessValidator-User validation successful | userId: 1
2026-06-04 15:47:26[DEBUG]com.abubakar.connectify.util.AuthUtil-Authenticated active user fetched successfully | userId: 1
2026-06-04 15:47:26[INFO]com.abubakar.connectify.service.impl.StoryServiceImpl-Fetching current user stories | userId: 1 | cursor: null | size: 10
2026-06-04 15:47:26[INFO]com.abubakar.connectify.service.impl.StoryServiceImpl-Current user stories fetched successfully | userId: 1 | storyCount: 3
2026-06-04 15:47:26[INFO]com.abubakar.connectify.configuration.RequestLoggingFilter-GET /api/v1/stories/me | Status: 200
2026-06-04 15:53:47[INFO]com.abubakar.connectify.scheduler.StoryCleanupScheduler-Running story cleanup job
2026-06-04 15:53:47[INFO]com.abubakar.connectify.scheduler.StoryCleanupScheduler-Expired stories found: 0
2026-06-04 15:53:47[INFO]com.abubakar.connectify.scheduler.StoryCleanupScheduler-Story cleanup completed
2026-06-04 15:56:42[INFO]com.abubakar.connectify.controller.AuthController-Login Api initiated for: ahmad@gmail.com
2026-06-04 15:56:42[DEBUG]com.abubakar.connectify.service.impl.AuthServiceImpl-Starting login | email: ahmad@gmail.com
2026-06-04 15:56:42[INFO]com.abubakar.connectify.service.impl.CustomUserDetailsService-Authentication request received for email: ahmad@gmail.com
2026-06-04 15:56:42[DEBUG]com.abubakar.connectify.service.impl.CustomUserDetailsService-User loaded successfully with email: ahmad@gmail.com and role: USER
2026-06-04 15:56:42[INFO]com.abubakar.connectify.security.JwtUtils-Generating token for user: ahmad@gmail.com
2026-06-04 15:56:42[INFO]com.abubakar.connectify.service.impl.RefreshTokenServiceImpl-Refresh token created/updated | userId: 6
2026-06-04 15:56:42[INFO]com.abubakar.connectify.service.impl.AuthServiceImpl-Login successful | userId: 6 | email: ahmad@gmail.com
2026-06-04 15:56:42[INFO]com.abubakar.connectify.configuration.RequestLoggingFilter-POST /api/v1/auth/login | Status: 200
2026-06-04 15:59:37[INFO]com.abubakar.connectify.service.impl.CustomUserDetailsService-Authentication request received for email: ahmad@gmail.com
2026-06-04 15:59:37[DEBUG]com.abubakar.connectify.service.impl.CustomUserDetailsService-User loaded successfully with email: ahmad@gmail.com and role: USER
2026-06-04 15:59:37[INFO]com.abubakar.connectify.security.JwtUtils-Token validation result for user ahmad@gmail.com : true
2026-06-04 15:59:37[INFO]com.abubakar.connectify.security.JwtFilter-User authenticated successfully: ahmad@gmail.com
2026-06-04 15:59:37[INFO]com.abubakar.connectify.controller.AuthController-Fetching Current User Api initiated.
2026-06-04 15:59:37[DEBUG]com.abubakar.connectify.service.impl.AuthServiceImpl-Fetching current user
2026-06-04 15:59:37[DEBUG]com.abubakar.connectify.util.UserAccessValidator-Validating user access | userId: 6
2026-06-04 15:59:37[DEBUG]com.abubakar.connectify.util.UserAccessValidator-User validation successful | userId: 6
2026-06-04 15:59:37[DEBUG]com.abubakar.connectify.util.AuthUtil-Authenticated active user fetched successfully | userId: 6
2026-06-04 15:59:37[INFO]com.abubakar.connectify.service.impl.AuthServiceImpl-Current user fetched successfully | userId: 6
2026-06-04 15:59:37[INFO]com.abubakar.connectify.configuration.RequestLoggingFilter-GET /api/v1/auth/me | Status: 200
2026-06-04 15:59:47[INFO]com.abubakar.connectify.service.impl.CustomUserDetailsService-Authentication request received for email: ahmad@gmail.com
2026-06-04 15:59:47[DEBUG]com.abubakar.connectify.service.impl.CustomUserDetailsService-User loaded successfully with email: ahmad@gmail.com and role: USER
2026-06-04 15:59:47[INFO]com.abubakar.connectify.security.JwtUtils-Token validation result for user ahmad@gmail.com : true
2026-06-04 15:59:47[INFO]com.abubakar.connectify.security.JwtFilter-User authenticated successfully: ahmad@gmail.com
2026-06-04 15:59:47[INFO]com.abubakar.connectify.controller.StoryController-Get my stories request received | cursor: null | size: 10
2026-06-04 15:59:47[DEBUG]com.abubakar.connectify.util.UserAccessValidator-Validating user access | userId: 6
2026-06-04 15:59:47[DEBUG]com.abubakar.connectify.util.UserAccessValidator-User validation successful | userId: 6
2026-06-04 15:59:47[DEBUG]com.abubakar.connectify.util.AuthUtil-Authenticated active user fetched successfully | userId: 6
2026-06-04 15:59:47[INFO]com.abubakar.connectify.service.impl.StoryServiceImpl-Fetching current user stories | userId: 6 | cursor: null | size: 10
2026-06-04 15:59:47[INFO]com.abubakar.connectify.service.impl.StoryServiceImpl-Current user stories fetched successfully | userId: 6 | storyCount: 0
2026-06-04 15:59:47[INFO]com.abubakar.connectify.configuration.RequestLoggingFilter-GET /api/v1/stories/me | Status: 200
2026-06-04 15:59:52[INFO]com.abubakar.connectify.service.impl.CustomUserDetailsService-Authentication request received for email: ahmad@gmail.com
2026-06-04 15:59:52[DEBUG]com.abubakar.connectify.service.impl.CustomUserDetailsService-User loaded successfully with email: ahmad@gmail.com and role: USER
2026-06-04 15:59:52[INFO]com.abubakar.connectify.security.JwtUtils-Token validation result for user ahmad@gmail.com : true
2026-06-04 15:59:52[INFO]com.abubakar.connectify.security.JwtFilter-User authenticated successfully: ahmad@gmail.com
2026-06-04 15:59:52[INFO]com.abubakar.connectify.controller.StoryController-Get active stories api request received | cursor: null | size: 10
2026-06-04 15:59:52[INFO]com.abubakar.connectify.service.impl.StoryServiceImpl-Fetching active stories | cursor: null | size: 10
2026-06-04 15:59:52[DEBUG]com.abubakar.connectify.util.UserAccessValidator-Validating user access | userId: 6
2026-06-04 15:59:52[DEBUG]com.abubakar.connectify.util.UserAccessValidator-User validation successful | userId: 6
2026-06-04 15:59:52[DEBUG]com.abubakar.connectify.util.AuthUtil-Authenticated active user fetched successfully | userId: 6
2026-06-04 15:59:52[DEBUG]com.abubakar.connectify.service.impl.StoryServiceImpl-Validating story owner account status while getting active stories | ownerId: 6
2026-06-04 15:59:52[DEBUG]com.abubakar.connectify.util.UserAccessValidator-Validating user access | userId: 6
2026-06-04 15:59:52[DEBUG]com.abubakar.connectify.util.UserAccessValidator-User validation successful | userId: 6
2026-06-04 15:59:52[INFO]com.abubakar.connectify.service.impl.StoryServiceImpl-Active stories fetched successfully | count: 3
2026-06-04 15:59:52[INFO]com.abubakar.connectify.configuration.RequestLoggingFilter-GET /api/v1/stories | Status: 200
2026-06-04 16:00:00[INFO]com.abubakar.connectify.scheduler.RefreshTokenCleanupScheduler-Expired refresh tokens removed | count: 0
2026-06-04 16:00:13[INFO]com.abubakar.connectify.service.impl.CustomUserDetailsService-Authentication request received for email: ahmad@gmail.com
2026-06-04 16:00:13[DEBUG]com.abubakar.connectify.service.impl.CustomUserDetailsService-User loaded successfully with email: ahmad@gmail.com and role: USER
2026-06-04 16:00:13[INFO]com.abubakar.connectify.security.JwtUtils-Token validation result for user ahmad@gmail.com : true
2026-06-04 16:00:13[INFO]com.abubakar.connectify.security.JwtFilter-User authenticated successfully: ahmad@gmail.com
2026-06-04 16:00:13[INFO]com.abubakar.connectify.controller.StoryController-Get user active stories request received | userId: 6 | cursor: null | size: 10
2026-06-04 16:00:13[INFO]com.abubakar.connectify.service.impl.StoryServiceImpl-Fetching user active stories | userId: 6 | cursor: null | size: 10
2026-06-04 16:00:13[DEBUG]com.abubakar.connectify.util.UserAccessValidator-Validating user access | userId: 6
2026-06-04 16:00:13[DEBUG]com.abubakar.connectify.util.UserAccessValidator-User validation successful | userId: 6
2026-06-04 16:00:13[INFO]com.abubakar.connectify.service.impl.StoryServiceImpl-User active stories fetched successfully | userId: 6 | storyCount: 0
2026-06-04 16:00:13[DEBUG]com.abubakar.connectify.util.UserAccessValidator-Validating user access | userId: 6
2026-06-04 16:00:13[DEBUG]com.abubakar.connectify.util.UserAccessValidator-User validation successful | userId: 6
2026-06-04 16:00:13[DEBUG]com.abubakar.connectify.util.AuthUtil-Authenticated active user fetched successfully | userId: 6
2026-06-04 16:00:13[INFO]com.abubakar.connectify.configuration.RequestLoggingFilter-GET /api/v1/stories/user/6 | Status: 200
2026-06-04 16:00:25[INFO]com.abubakar.connectify.service.impl.CustomUserDetailsService-Authentication request received for email: ahmad@gmail.com
2026-06-04 16:00:25[DEBUG]com.abubakar.connectify.service.impl.CustomUserDetailsService-User loaded successfully with email: ahmad@gmail.com and role: USER
2026-06-04 16:00:25[INFO]com.abubakar.connectify.security.JwtUtils-Token validation result for user ahmad@gmail.com : true
2026-06-04 16:00:25[INFO]com.abubakar.connectify.security.JwtFilter-User authenticated successfully: ahmad@gmail.com
2026-06-04 16:00:25[INFO]com.abubakar.connectify.controller.StoryController-Get story viewers request received | storyId: 1 | cursor: null | size: 10
2026-06-04 16:00:25[INFO]com.abubakar.connectify.service.impl.StoryServiceImpl-Fetching story viewers | storyId: 1 | cursor: null | size: 10
2026-06-04 16:00:25[DEBUG]com.abubakar.connectify.util.StoryAccessValidator-Validating active story access | storyId: 1
2026-06-04 16:00:25[DEBUG]com.abubakar.connectify.util.StoryAccessValidator-Fetching story | storyId: 1
2026-06-04 16:00:25[DEBUG]com.abubakar.connectify.util.StoryAccessValidator-Active story validation successful | storyId: 1
2026-06-04 16:00:25[DEBUG]com.abubakar.connectify.service.impl.StoryServiceImpl-Validating story ownership for viewers access | ownerId: 1
2026-06-04 16:00:25[DEBUG]com.abubakar.connectify.util.UserAccessValidator-Validating user access | userId: 6
2026-06-04 16:00:25[DEBUG]com.abubakar.connectify.util.UserAccessValidator-User validation successful | userId: 6
2026-06-04 16:00:25[DEBUG]com.abubakar.connectify.util.AuthUtil-Authenticated active user fetched successfully | userId: 6
2026-06-04 16:00:25[ERROR]com.abubakar.connectify.exception.GlobalExceptionHandler-Business exception occurred | errorCode: EMAIL_NOT_FOUND | status: 404 NOT_FOUND | message: You are not authorized to access this story
com.abubakar.connectify.exception.UnauthorizedException: You are not authorized to access this story
	at com.abubakar.connectify.util.OwnershipValidator.validate(OwnershipValidator.java:19)
	at com.abubakar.connectify.service.impl.StoryServiceImpl.getStoryViewers(StoryServiceImpl.java:610)
	at java.base/jdk.internal.reflect.DirectMethodHandleAccessor.invoke(DirectMethodHandleAccessor.java:103)
	at java.base/java.lang.reflect.Method.invoke(Method.java:580)
	at org.springframework.aop.support.AopUtils.invokeJoinpointUsingReflection(AopUtils.java:359)
	at org.springframework.aop.framework.ReflectiveMethodInvocation.invokeJoinpoint(ReflectiveMethodInvocation.java:190)
	at org.springframework.aop.framework.ReflectiveMethodInvocation.proceed(ReflectiveMethodInvocation.java:158)
	at org.springframework.transaction.interceptor.TransactionInterceptor$1.proceedWithInvocation(TransactionInterceptor.java:133)
	at org.springframework.transaction.interceptor.TransactionAspectSupport.invokeWithinTransaction(TransactionAspectSupport.java:371)
	at org.springframework.transaction.interceptor.TransactionInterceptor.invoke(TransactionInterceptor.java:130)
	at org.springframework.aop.framework.ReflectiveMethodInvocation.proceed(ReflectiveMethodInvocation.java:179)
	at org.springframework.aop.framework.CglibAopProxy$DynamicAdvisedInterceptor.intercept(CglibAopProxy.java:719)
	at com.abubakar.connectify.service.impl.StoryServiceImpl$$SpringCGLIB$$0.getStoryViewers(<generated>)
	at com.abubakar.connectify.controller.StoryController.getStoryViewers(StoryController.java:183)
	at java.base/jdk.internal.reflect.DirectMethodHandleAccessor.invoke(DirectMethodHandleAccessor.java:103)
	at java.base/java.lang.reflect.Method.invoke(Method.java:580)
	at org.springframework.web.method.support.InvocableHandlerMethod.doInvoke(InvocableHandlerMethod.java:252)
	at org.springframework.web.method.support.InvocableHandlerMethod.invokeForRequest(InvocableHandlerMethod.java:184)
	at org.springframework.web.servlet.mvc.method.annotation.ServletInvocableHandlerMethod.invokeAndHandle(ServletInvocableHandlerMethod.java:117)
	at org.springframework.web.servlet.mvc.method.annotation.RequestMappingHandlerAdapter.invokeHandlerMethod(RequestMappingHandlerAdapter.java:934)
	at org.springframework.web.servlet.mvc.method.annotation.RequestMappingHandlerAdapter.handleInternal(RequestMappingHandlerAdapter.java:853)
	at org.springframework.web.servlet.mvc.method.AbstractHandlerMethodAdapter.handle(AbstractHandlerMethodAdapter.java:86)
	at org.springframework.web.servlet.DispatcherServlet.doDispatch(DispatcherServlet.java:963)
	at org.springframework.web.servlet.DispatcherServlet.doService(DispatcherServlet.java:866)
	at org.springframework.web.servlet.FrameworkServlet.processRequest(FrameworkServlet.java:1000)
	at org.springframework.web.servlet.FrameworkServlet.doGet(FrameworkServlet.java:892)
	at jakarta.servlet.http.HttpServlet.service(HttpServlet.java:622)
	at org.springframework.web.servlet.FrameworkServlet.service(FrameworkServlet.java:874)
	at jakarta.servlet.http.HttpServlet.service(HttpServlet.java:710)
	at org.apache.catalina.core.ApplicationFilterChain.doFilter(ApplicationFilterChain.java:128)
	at org.apache.tomcat.websocket.server.WsFilter.doFilter(WsFilter.java:53)
	at org.apache.catalina.core.ApplicationFilterChain.doFilter(ApplicationFilterChain.java:107)
	at org.springframework.web.filter.OncePerRequestFilter.doFilter(OncePerRequestFilter.java:110)
	at org.apache.catalina.core.ApplicationFilterChain.doFilter(ApplicationFilterChain.java:107)
	at org.springframework.web.filter.OncePerRequestFilter.doFilter(OncePerRequestFilter.java:110)
	at org.apache.catalina.core.ApplicationFilterChain.doFilter(ApplicationFilterChain.java:107)
	at com.abubakar.connectify.configuration.RequestLoggingFilter.doFilterInternal(RequestLoggingFilter.java:30)
	at org.springframework.web.filter.OncePerRequestFilter.doFilter(OncePerRequestFilter.java:116)
	at org.apache.catalina.core.ApplicationFilterChain.doFilter(ApplicationFilterChain.java:107)
	at org.springframework.web.filter.CompositeFilter$VirtualFilterChain.doFilter(CompositeFilter.java:108)
	at org.springframework.security.web.FilterChainProxy.lambda$doFilterInternal$3(FilterChainProxy.java:235)
	at org.springframework.security.web.FilterChainProxy$VirtualFilterChain.doFilter(FilterChainProxy.java:376)
	at org.springframework.security.web.access.intercept.AuthorizationFilter.doFilter(AuthorizationFilter.java:101)
	at org.springframework.security.web.FilterChainProxy$VirtualFilterChain.doFilter(FilterChainProxy.java:385)
	at org.springframework.security.web.access.ExceptionTranslationFilter.doFilter(ExceptionTranslationFilter.java:126)
	at org.springframework.security.web.access.ExceptionTranslationFilter.doFilter(ExceptionTranslationFilter.java:120)
	at org.springframework.security.web.FilterChainProxy$VirtualFilterChain.doFilter(FilterChainProxy.java:385)
	at org.springframework.security.web.session.SessionManagementFilter.doFilter(SessionManagementFilter.java:132)
	at org.springframework.security.web.session.SessionManagementFilter.doFilter(SessionManagementFilter.java:86)
	at org.springframework.security.web.FilterChainProxy$VirtualFilterChain.doFilter(FilterChainProxy.java:385)
	at org.springframework.security.web.authentication.AnonymousAuthenticationFilter.doFilter(AnonymousAuthenticationFilter.java:100)
	at org.springframework.security.web.FilterChainProxy$VirtualFilterChain.doFilter(FilterChainProxy.java:385)
	at org.springframework.security.web.servletapi.SecurityContextHolderAwareRequestFilter.doFilter(SecurityContextHolderAwareRequestFilter.java:181)
	at org.springframework.security.web.FilterChainProxy$VirtualFilterChain.doFilter(FilterChainProxy.java:385)
	at org.springframework.security.web.savedrequest.RequestCacheAwareFilter.doFilter(RequestCacheAwareFilter.java:63)
	at org.springframework.security.web.FilterChainProxy$VirtualFilterChain.doFilter(FilterChainProxy.java:385)
	at org.springframework.security.web.authentication.ui.DefaultLogoutPageGeneratingFilter.doFilterInternal(DefaultLogoutPageGeneratingFilter.java:60)
	at org.springframework.web.filter.OncePerRequestFilter.doFilter(OncePerRequestFilter.java:116)
	at org.springframework.security.web.FilterChainProxy$VirtualFilterChain.doFilter(FilterChainProxy.java:385)
	at org.springframework.security.web.authentication.ui.DefaultLoginPageGeneratingFilter.doFilter(DefaultLoginPageGeneratingFilter.java:246)
	at org.springframework.security.web.authentication.ui.DefaultLoginPageGeneratingFilter.doFilter(DefaultLoginPageGeneratingFilter.java:232)
	at org.springframework.security.web.FilterChainProxy$VirtualFilterChain.doFilter(FilterChainProxy.java:385)
	at org.springframework.security.web.authentication.ui.DefaultResourcesFilter.doFilter(DefaultResourcesFilter.java:73)
	at org.springframework.security.web.FilterChainProxy$VirtualFilterChain.doFilter(FilterChainProxy.java:385)
	at com.abubakar.connectify.security.JwtFilter.doFilterInternal(JwtFilter.java:141)
	at org.springframework.web.filter.OncePerRequestFilter.doFilter(OncePerRequestFilter.java:116)
	at org.springframework.security.web.FilterChainProxy$VirtualFilterChain.doFilter(FilterChainProxy.java:385)
	at org.springframework.security.web.authentication.AbstractAuthenticationProcessingFilter.doFilter(AbstractAuthenticationProcessingFilter.java:245)
	at org.springframework.security.web.authentication.AbstractAuthenticationProcessingFilter.doFilter(AbstractAuthenticationProcessingFilter.java:239)
	at org.springframework.security.web.FilterChainProxy$VirtualFilterChain.doFilter(FilterChainProxy.java:385)
	at org.springframework.security.oauth2.client.web.OAuth2AuthorizationRequestRedirectFilter.doFilterInternal(OAuth2AuthorizationRequestRedirectFilter.java:195)
	at org.springframework.web.filter.OncePerRequestFilter.doFilter(OncePerRequestFilter.java:116)
	at org.springframework.security.web.FilterChainProxy$VirtualFilterChain.doFilter(FilterChainProxy.java:385)
	at org.springframework.security.web.authentication.logout.LogoutFilter.doFilter(LogoutFilter.java:110)
	at org.springframework.security.web.authentication.logout.LogoutFilter.doFilter(LogoutFilter.java:96)
	at org.springframework.security.web.FilterChainProxy$VirtualFilterChain.doFilter(FilterChainProxy.java:385)
	at org.springframework.web.filter.CorsFilter.doFilterInternal(CorsFilter.java:91)
	at org.springframework.web.filter.OncePerRequestFilter.doFilter(OncePerRequestFilter.java:116)
	at org.springframework.security.web.FilterChainProxy$VirtualFilterChain.doFilter(FilterChainProxy.java:385)
	at org.springframework.security.web.header.HeaderWriterFilter.doHeadersAfter(HeaderWriterFilter.java:90)
	at org.springframework.security.web.header.HeaderWriterFilter.doFilterInternal(HeaderWriterFilter.java:75)
	at org.springframework.web.filter.OncePerRequestFilter.doFilter(OncePerRequestFilter.java:116)
	at org.springframework.security.web.FilterChainProxy$VirtualFilterChain.doFilter(FilterChainProxy.java:385)
	at org.springframework.security.web.context.SecurityContextHolderFilter.doFilter(SecurityContextHolderFilter.java:82)
	at org.springframework.security.web.context.SecurityContextHolderFilter.doFilter(SecurityContextHolderFilter.java:69)
	at org.springframework.security.web.FilterChainProxy$VirtualFilterChain.doFilter(FilterChainProxy.java:385)
	at org.springframework.security.web.context.request.async.WebAsyncManagerIntegrationFilter.doFilterInternal(WebAsyncManagerIntegrationFilter.java:62)
	at org.springframework.web.filter.OncePerRequestFilter.doFilter(OncePerRequestFilter.java:116)
	at org.springframework.security.web.FilterChainProxy$VirtualFilterChain.doFilter(FilterChainProxy.java:385)
	at org.springframework.security.web.session.DisableEncodeUrlFilter.doFilterInternal(DisableEncodeUrlFilter.java:42)
	at org.springframework.web.filter.OncePerRequestFilter.doFilter(OncePerRequestFilter.java:116)
	at org.springframework.security.web.FilterChainProxy$VirtualFilterChain.doFilter(FilterChainProxy.java:385)
	at org.springframework.security.web.FilterChainProxy.doFilterInternal(FilterChainProxy.java:237)
	at org.springframework.security.web.FilterChainProxy.doFilter(FilterChainProxy.java:195)
	at org.springframework.web.filter.CompositeFilter$VirtualFilterChain.doFilter(CompositeFilter.java:113)
	at org.springframework.web.filter.ServletRequestPathFilter.doFilter(ServletRequestPathFilter.java:52)
	at org.springframework.web.filter.CompositeFilter$VirtualFilterChain.doFilter(CompositeFilter.java:113)
	at org.springframework.web.filter.CompositeFilter.doFilter(CompositeFilter.java:74)
	at org.springframework.security.config.annotation.web.configuration.WebSecurityConfiguration$CompositeFilterChainProxy.doFilter(WebSecurityConfiguration.java:317)
	at org.springframework.web.filter.DelegatingFilterProxy.invokeDelegate(DelegatingFilterProxy.java:355)
	at org.springframework.web.filter.DelegatingFilterProxy.doFilter(DelegatingFilterProxy.java:272)
	at org.apache.catalina.core.ApplicationFilterChain.doFilter(ApplicationFilterChain.java:107)
	at org.springframework.web.filter.RequestContextFilter.doFilterInternal(RequestContextFilter.java:100)
	at org.springframework.web.filter.OncePerRequestFilter.doFilter(OncePerRequestFilter.java:116)
	at org.apache.catalina.core.ApplicationFilterChain.doFilter(ApplicationFilterChain.java:107)
	at org.springframework.web.filter.FormContentFilter.doFilterInternal(FormContentFilter.java:93)
	at org.springframework.web.filter.OncePerRequestFilter.doFilter(OncePerRequestFilter.java:116)
	at org.apache.catalina.core.ApplicationFilterChain.doFilter(ApplicationFilterChain.java:107)
	at org.springframework.web.filter.CharacterEncodingFilter.doFilterInternal(CharacterEncodingFilter.java:199)
	at org.springframework.web.filter.OncePerRequestFilter.doFilter(OncePerRequestFilter.java:116)
	at org.apache.catalina.core.ApplicationFilterChain.doFilter(ApplicationFilterChain.java:107)
	at org.apache.catalina.core.StandardWrapperValve.invoke(StandardWrapperValve.java:165)
	at org.apache.catalina.core.StandardContextValve.invoke(StandardContextValve.java:77)
	at org.apache.catalina.authenticator.AuthenticatorBase.invoke(AuthenticatorBase.java:492)
	at org.apache.catalina.core.StandardHostValve.invoke(StandardHostValve.java:113)
	at org.apache.catalina.valves.ErrorReportValve.invoke(ErrorReportValve.java:83)
	at org.apache.catalina.core.StandardEngineValve.invoke(StandardEngineValve.java:72)
	at org.apache.catalina.connector.CoyoteAdapter.service(CoyoteAdapter.java:341)
	at org.apache.coyote.http11.Http11Processor.service(Http11Processor.java:397)
	at org.apache.coyote.AbstractProcessorLight.process(AbstractProcessorLight.java:63)
	at org.apache.coyote.AbstractProtocol$ConnectionHandler.process(AbstractProtocol.java:903)
	at org.apache.tomcat.util.net.NioEndpoint$SocketProcessor.doRun(NioEndpoint.java:1801)
	at org.apache.tomcat.util.net.SocketProcessorBase.run(SocketProcessorBase.java:52)
	at org.apache.tomcat.util.threads.ThreadPoolExecutor.runWorker(ThreadPoolExecutor.java:946)
	at org.apache.tomcat.util.threads.ThreadPoolExecutor$Worker.run(ThreadPoolExecutor.java:480)
	at org.apache.tomcat.util.threads.TaskThread$WrappingRunnable.run(TaskThread.java:57)
	at java.base/java.lang.Thread.run(Thread.java:1583)
2026-06-04 16:00:25[INFO]com.abubakar.connectify.configuration.RequestLoggingFilter-GET /api/v1/stories/1/viewers | Status: 404
2026-06-04 16:02:05[INFO]com.abubakar.connectify.service.impl.CustomUserDetailsService-Authentication request received for email: ahmad@gmail.com
2026-06-04 16:02:05[DEBUG]com.abubakar.connectify.service.impl.CustomUserDetailsService-User loaded successfully with email: ahmad@gmail.com and role: USER
2026-06-04 16:02:05[INFO]com.abubakar.connectify.security.JwtUtils-Token validation result for user ahmad@gmail.com : true
2026-06-04 16:02:05[INFO]com.abubakar.connectify.security.JwtFilter-User authenticated successfully: ahmad@gmail.com
2026-06-04 16:02:05[INFO]com.abubakar.connectify.controller.StoryController-Create story Api request received
2026-06-04 16:02:05[INFO]com.abubakar.connectify.service.impl.StoryServiceImpl-Creating new story
2026-06-04 16:02:05[DEBUG]com.abubakar.connectify.util.UserAccessValidator-Validating user access | userId: 6
2026-06-04 16:02:05[DEBUG]com.abubakar.connectify.util.UserAccessValidator-User validation successful | userId: 6
2026-06-04 16:02:05[DEBUG]com.abubakar.connectify.util.AuthUtil-Authenticated active user fetched successfully | userId: 6
2026-06-04 16:02:05[INFO]com.abubakar.connectify.service.impl.StoryServiceImpl-Create story process started | userId: 6
2026-06-04 16:02:05[INFO]com.abubakar.connectify.service.impl.FileServiceImpl-File upload started | EntityId: 6 | Folder: stories
2026-06-04 16:02:05[INFO]com.abubakar.connectify.service.impl.FileServiceImpl-Creating/Checking folder: stories
2026-06-04 16:02:05[DEBUG]com.abubakar.connectify.service.impl.FileServiceImpl-Folder already exists at: C:\Users\wwwab\Desktop\Sem4InternshipPresentation\2\Connectify\backend\.\uploads\stories
2026-06-04 16:02:05[INFO]com.abubakar.connectify.service.impl.FileServiceImpl-File uploaded successfully from one file uploader: 6_3fd03cf9-076f-40f2-bd3a-d824c98deb2f.png
2026-06-04 16:02:05[DEBUG]com.abubakar.connectify.service.impl.StoryServiceImpl-Story media uploaded successfully | userId: 6 | mediaUrl: 6_3fd03cf9-076f-40f2-bd3a-d824c98deb2f.png
2026-06-04 16:02:05[DEBUG]com.abubakar.connectify.service.impl.StoryServiceImpl-Detected story media type | userId: 6 | mediaType: IMAGE
2026-06-04 16:02:05[INFO]com.abubakar.connectify.service.impl.StoryServiceImpl-Story created successfully | storyId: 4 | userId: 6
2026-06-04 16:02:05[INFO]com.abubakar.connectify.configuration.RequestLoggingFilter-POST /api/v1/stories | Status: 201
2026-06-04 16:02:14[INFO]com.abubakar.connectify.service.impl.CustomUserDetailsService-Authentication request received for email: ahmad@gmail.com
2026-06-04 16:02:14[DEBUG]com.abubakar.connectify.service.impl.CustomUserDetailsService-User loaded successfully with email: ahmad@gmail.com and role: USER
2026-06-04 16:02:14[INFO]com.abubakar.connectify.security.JwtUtils-Token validation result for user ahmad@gmail.com : true
2026-06-04 16:02:14[INFO]com.abubakar.connectify.security.JwtFilter-User authenticated successfully: ahmad@gmail.com
2026-06-04 16:02:14[INFO]com.abubakar.connectify.controller.StoryController-Get my stories request received | cursor: null | size: 10
2026-06-04 16:02:14[DEBUG]com.abubakar.connectify.util.UserAccessValidator-Validating user access | userId: 6
2026-06-04 16:02:14[DEBUG]com.abubakar.connectify.util.UserAccessValidator-User validation successful | userId: 6
2026-06-04 16:02:14[DEBUG]com.abubakar.connectify.util.AuthUtil-Authenticated active user fetched successfully | userId: 6
2026-06-04 16:02:14[INFO]com.abubakar.connectify.service.impl.StoryServiceImpl-Fetching current user stories | userId: 6 | cursor: null | size: 10
2026-06-04 16:02:14[INFO]com.abubakar.connectify.service.impl.StoryServiceImpl-Current user stories fetched successfully | userId: 6 | storyCount: 1
2026-06-04 16:02:14[INFO]com.abubakar.connectify.configuration.RequestLoggingFilter-GET /api/v1/stories/me | Status: 200
2026-06-04 16:02:20[INFO]com.abubakar.connectify.service.impl.CustomUserDetailsService-Authentication request received for email: ahmad@gmail.com
2026-06-04 16:02:20[DEBUG]com.abubakar.connectify.service.impl.CustomUserDetailsService-User loaded successfully with email: ahmad@gmail.com and role: USER
2026-06-04 16:02:20[INFO]com.abubakar.connectify.security.JwtUtils-Token validation result for user ahmad@gmail.com : true
2026-06-04 16:02:20[INFO]com.abubakar.connectify.security.JwtFilter-User authenticated successfully: ahmad@gmail.com
2026-06-04 16:02:20[INFO]com.abubakar.connectify.controller.StoryController-Get active stories api request received | cursor: null | size: 10
2026-06-04 16:02:20[INFO]com.abubakar.connectify.service.impl.StoryServiceImpl-Fetching active stories | cursor: null | size: 10
2026-06-04 16:02:20[DEBUG]com.abubakar.connectify.util.UserAccessValidator-Validating user access | userId: 6
2026-06-04 16:02:20[DEBUG]com.abubakar.connectify.util.UserAccessValidator-User validation successful | userId: 6
2026-06-04 16:02:20[DEBUG]com.abubakar.connectify.util.AuthUtil-Authenticated active user fetched successfully | userId: 6
2026-06-04 16:02:20[DEBUG]com.abubakar.connectify.service.impl.StoryServiceImpl-Validating story owner account status while getting active stories | ownerId: 6
2026-06-04 16:02:20[DEBUG]com.abubakar.connectify.util.UserAccessValidator-Validating user access | userId: 6
2026-06-04 16:02:20[DEBUG]com.abubakar.connectify.util.UserAccessValidator-User validation successful | userId: 6
2026-06-04 16:02:20[INFO]com.abubakar.connectify.service.impl.StoryServiceImpl-Active stories fetched successfully | count: 4
2026-06-04 16:02:20[INFO]com.abubakar.connectify.configuration.RequestLoggingFilter-GET /api/v1/stories | Status: 200
2026-06-04 16:03:47[INFO]com.abubakar.connectify.scheduler.StoryCleanupScheduler-Running story cleanup job
2026-06-04 16:03:47[INFO]com.abubakar.connectify.scheduler.StoryCleanupScheduler-Expired stories found: 0
2026-06-04 16:03:47[INFO]com.abubakar.connectify.scheduler.StoryCleanupScheduler-Story cleanup completed
2026-06-04 16:13:38[INFO]com.abubakar.connectify.service.impl.CustomUserDetailsService-Authentication request received for email: ahmad@gmail.com
2026-06-04 16:13:38[DEBUG]com.abubakar.connectify.service.impl.CustomUserDetailsService-User loaded successfully with email: ahmad@gmail.com and role: USER
2026-06-04 16:13:38[INFO]com.abubakar.connectify.security.JwtUtils-Token validation result for user ahmad@gmail.com : true
2026-06-04 16:13:38[INFO]com.abubakar.connectify.security.JwtFilter-User authenticated successfully: ahmad@gmail.com
2026-06-04 16:13:38[ERROR]com.abubakar.connectify.exception.GlobalExceptionHandler-Unexpected exception occurred | type: HttpMessageNotReadableException | message: JSON parse error: Cannot deserialize value of type `com.abubakar.connectify.enums.ReactionType` from String "oops": not one of the values accepted for Enum class: [LAUGH, LOVE, FIRE, LIKE, WOW, SAD]
org.springframework.http.converter.HttpMessageNotReadableException: JSON parse error: Cannot deserialize value of type `com.abubakar.connectify.enums.ReactionType` from String "oops": not one of the values accepted for Enum class: [LAUGH, LOVE, FIRE, LIKE, WOW, SAD]
	at org.springframework.http.converter.AbstractJacksonHttpMessageConverter.readJavaType(AbstractJacksonHttpMessageConverter.java:363)
	at org.springframework.http.converter.AbstractJacksonHttpMessageConverter.read(AbstractJacksonHttpMessageConverter.java:319)
	at org.springframework.web.servlet.mvc.method.annotation.AbstractMessageConverterMethodArgumentResolver.readWithMessageConverters(AbstractMessageConverterMethodArgumentResolver.java:203)
	at org.springframework.web.servlet.mvc.method.annotation.RequestResponseBodyMethodProcessor.readWithMessageConverters(RequestResponseBodyMethodProcessor.java:181)
	at org.springframework.web.servlet.mvc.method.annotation.RequestResponseBodyMethodProcessor.resolveArgument(RequestResponseBodyMethodProcessor.java:156)
	at org.springframework.web.method.support.HandlerMethodArgumentResolverComposite.resolveArgument(HandlerMethodArgumentResolverComposite.java:122)
	at org.springframework.web.method.support.InvocableHandlerMethod.getMethodArgumentValues(InvocableHandlerMethod.java:224)
	at org.springframework.web.method.support.InvocableHandlerMethod.invokeForRequest(InvocableHandlerMethod.java:174)
	at org.springframework.web.servlet.mvc.method.annotation.ServletInvocableHandlerMethod.invokeAndHandle(ServletInvocableHandlerMethod.java:117)
	at org.springframework.web.servlet.mvc.method.annotation.RequestMappingHandlerAdapter.invokeHandlerMethod(RequestMappingHandlerAdapter.java:934)
	at org.springframework.web.servlet.mvc.method.annotation.RequestMappingHandlerAdapter.handleInternal(RequestMappingHandlerAdapter.java:853)
	at org.springframework.web.servlet.mvc.method.AbstractHandlerMethodAdapter.handle(AbstractHandlerMethodAdapter.java:86)
	at org.springframework.web.servlet.DispatcherServlet.doDispatch(DispatcherServlet.java:963)
	at org.springframework.web.servlet.DispatcherServlet.doService(DispatcherServlet.java:866)
	at org.springframework.web.servlet.FrameworkServlet.processRequest(FrameworkServlet.java:1000)
	at org.springframework.web.servlet.FrameworkServlet.doPost(FrameworkServlet.java:903)
	at jakarta.servlet.http.HttpServlet.service(HttpServlet.java:649)
	at org.springframework.web.servlet.FrameworkServlet.service(FrameworkServlet.java:874)
	at jakarta.servlet.http.HttpServlet.service(HttpServlet.java:710)
	at org.apache.catalina.core.ApplicationFilterChain.doFilter(ApplicationFilterChain.java:128)
	at org.apache.tomcat.websocket.server.WsFilter.doFilter(WsFilter.java:53)
	at org.apache.catalina.core.ApplicationFilterChain.doFilter(ApplicationFilterChain.java:107)
	at org.springframework.web.filter.OncePerRequestFilter.doFilter(OncePerRequestFilter.java:110)
	at org.apache.catalina.core.ApplicationFilterChain.doFilter(ApplicationFilterChain.java:107)
	at org.springframework.web.filter.OncePerRequestFilter.doFilter(OncePerRequestFilter.java:110)
	at org.apache.catalina.core.ApplicationFilterChain.doFilter(ApplicationFilterChain.java:107)
	at com.abubakar.connectify.configuration.RequestLoggingFilter.doFilterInternal(RequestLoggingFilter.java:30)
	at org.springframework.web.filter.OncePerRequestFilter.doFilter(OncePerRequestFilter.java:116)
	at org.apache.catalina.core.ApplicationFilterChain.doFilter(ApplicationFilterChain.java:107)
	at org.springframework.web.filter.CompositeFilter$VirtualFilterChain.doFilter(CompositeFilter.java:108)
	at org.springframework.security.web.FilterChainProxy.lambda$doFilterInternal$3(FilterChainProxy.java:235)
	at org.springframework.security.web.FilterChainProxy$VirtualFilterChain.doFilter(FilterChainProxy.java:376)
	at org.springframework.security.web.access.intercept.AuthorizationFilter.doFilter(AuthorizationFilter.java:101)
	at org.springframework.security.web.FilterChainProxy$VirtualFilterChain.doFilter(FilterChainProxy.java:385)
	at org.springframework.security.web.access.ExceptionTranslationFilter.doFilter(ExceptionTranslationFilter.java:126)
	at org.springframework.security.web.access.ExceptionTranslationFilter.doFilter(ExceptionTranslationFilter.java:120)
	at org.springframework.security.web.FilterChainProxy$VirtualFilterChain.doFilter(FilterChainProxy.java:385)
	at org.springframework.security.web.session.SessionManagementFilter.doFilter(SessionManagementFilter.java:132)
	at org.springframework.security.web.session.SessionManagementFilter.doFilter(SessionManagementFilter.java:86)
	at org.springframework.security.web.FilterChainProxy$VirtualFilterChain.doFilter(FilterChainProxy.java:385)
	at org.springframework.security.web.authentication.AnonymousAuthenticationFilter.doFilter(AnonymousAuthenticationFilter.java:100)
	at org.springframework.security.web.FilterChainProxy$VirtualFilterChain.doFilter(FilterChainProxy.java:385)
	at org.springframework.security.web.servletapi.SecurityContextHolderAwareRequestFilter.doFilter(SecurityContextHolderAwareRequestFilter.java:181)
	at org.springframework.security.web.FilterChainProxy$VirtualFilterChain.doFilter(FilterChainProxy.java:385)
	at org.springframework.security.web.savedrequest.RequestCacheAwareFilter.doFilter(RequestCacheAwareFilter.java:63)
	at org.springframework.security.web.FilterChainProxy$VirtualFilterChain.doFilter(FilterChainProxy.java:385)
	at org.springframework.security.web.authentication.ui.DefaultLogoutPageGeneratingFilter.doFilterInternal(DefaultLogoutPageGeneratingFilter.java:60)
	at org.springframework.web.filter.OncePerRequestFilter.doFilter(OncePerRequestFilter.java:116)
	at org.springframework.security.web.FilterChainProxy$VirtualFilterChain.doFilter(FilterChainProxy.java:385)
	at org.springframework.security.web.authentication.ui.DefaultLoginPageGeneratingFilter.doFilter(DefaultLoginPageGeneratingFilter.java:246)
	at org.springframework.security.web.authentication.ui.DefaultLoginPageGeneratingFilter.doFilter(DefaultLoginPageGeneratingFilter.java:232)
	at org.springframework.security.web.FilterChainProxy$VirtualFilterChain.doFilter(FilterChainProxy.java:385)
	at org.springframework.security.web.authentication.ui.DefaultResourcesFilter.doFilter(DefaultResourcesFilter.java:73)
	at org.springframework.security.web.FilterChainProxy$VirtualFilterChain.doFilter(FilterChainProxy.java:385)
	at com.abubakar.connectify.security.JwtFilter.doFilterInternal(JwtFilter.java:141)
	at org.springframework.web.filter.OncePerRequestFilter.doFilter(OncePerRequestFilter.java:116)
	at org.springframework.security.web.FilterChainProxy$VirtualFilterChain.doFilter(FilterChainProxy.java:385)
	at org.springframework.security.web.authentication.AbstractAuthenticationProcessingFilter.doFilter(AbstractAuthenticationProcessingFilter.java:245)
	at org.springframework.security.web.authentication.AbstractAuthenticationProcessingFilter.doFilter(AbstractAuthenticationProcessingFilter.java:239)
	at org.springframework.security.web.FilterChainProxy$VirtualFilterChain.doFilter(FilterChainProxy.java:385)
	at org.springframework.security.oauth2.client.web.OAuth2AuthorizationRequestRedirectFilter.doFilterInternal(OAuth2AuthorizationRequestRedirectFilter.java:195)
	at org.springframework.web.filter.OncePerRequestFilter.doFilter(OncePerRequestFilter.java:116)
	at org.springframework.security.web.FilterChainProxy$VirtualFilterChain.doFilter(FilterChainProxy.java:385)
	at org.springframework.security.web.authentication.logout.LogoutFilter.doFilter(LogoutFilter.java:110)
	at org.springframework.security.web.authentication.logout.LogoutFilter.doFilter(LogoutFilter.java:96)
	at org.springframework.security.web.FilterChainProxy$VirtualFilterChain.doFilter(FilterChainProxy.java:385)
	at org.springframework.web.filter.CorsFilter.doFilterInternal(CorsFilter.java:91)
	at org.springframework.web.filter.OncePerRequestFilter.doFilter(OncePerRequestFilter.java:116)
	at org.springframework.security.web.FilterChainProxy$VirtualFilterChain.doFilter(FilterChainProxy.java:385)
	at org.springframework.security.web.header.HeaderWriterFilter.doHeadersAfter(HeaderWriterFilter.java:90)
	at org.springframework.security.web.header.HeaderWriterFilter.doFilterInternal(HeaderWriterFilter.java:75)
	at org.springframework.web.filter.OncePerRequestFilter.doFilter(OncePerRequestFilter.java:116)
	at org.springframework.security.web.FilterChainProxy$VirtualFilterChain.doFilter(FilterChainProxy.java:385)
	at org.springframework.security.web.context.SecurityContextHolderFilter.doFilter(SecurityContextHolderFilter.java:82)
	at org.springframework.security.web.context.SecurityContextHolderFilter.doFilter(SecurityContextHolderFilter.java:69)
	at org.springframework.security.web.FilterChainProxy$VirtualFilterChain.doFilter(FilterChainProxy.java:385)
	at org.springframework.security.web.context.request.async.WebAsyncManagerIntegrationFilter.doFilterInternal(WebAsyncManagerIntegrationFilter.java:62)
	at org.springframework.web.filter.OncePerRequestFilter.doFilter(OncePerRequestFilter.java:116)
	at org.springframework.security.web.FilterChainProxy$VirtualFilterChain.doFilter(FilterChainProxy.java:385)
	at org.springframework.security.web.session.DisableEncodeUrlFilter.doFilterInternal(DisableEncodeUrlFilter.java:42)
	at org.springframework.web.filter.OncePerRequestFilter.doFilter(OncePerRequestFilter.java:116)
	at org.springframework.security.web.FilterChainProxy$VirtualFilterChain.doFilter(FilterChainProxy.java:385)
	at org.springframework.security.web.FilterChainProxy.doFilterInternal(FilterChainProxy.java:237)
	at org.springframework.security.web.FilterChainProxy.doFilter(FilterChainProxy.java:195)
	at org.springframework.web.filter.CompositeFilter$VirtualFilterChain.doFilter(CompositeFilter.java:113)
	at org.springframework.web.filter.ServletRequestPathFilter.doFilter(ServletRequestPathFilter.java:52)
	at org.springframework.web.filter.CompositeFilter$VirtualFilterChain.doFilter(CompositeFilter.java:113)
	at org.springframework.web.filter.CompositeFilter.doFilter(CompositeFilter.java:74)
	at org.springframework.security.config.annotation.web.configuration.WebSecurityConfiguration$CompositeFilterChainProxy.doFilter(WebSecurityConfiguration.java:317)
	at org.springframework.web.filter.DelegatingFilterProxy.invokeDelegate(DelegatingFilterProxy.java:355)
	at org.springframework.web.filter.DelegatingFilterProxy.doFilter(DelegatingFilterProxy.java:272)
	at org.apache.catalina.core.ApplicationFilterChain.doFilter(ApplicationFilterChain.java:107)
	at org.springframework.web.filter.RequestContextFilter.doFilterInternal(RequestContextFilter.java:100)
	at org.springframework.web.filter.OncePerRequestFilter.doFilter(OncePerRequestFilter.java:116)
	at org.apache.catalina.core.ApplicationFilterChain.doFilter(ApplicationFilterChain.java:107)
	at org.springframework.web.filter.FormContentFilter.doFilterInternal(FormContentFilter.java:93)
	at org.springframework.web.filter.OncePerRequestFilter.doFilter(OncePerRequestFilter.java:116)
	at org.apache.catalina.core.ApplicationFilterChain.doFilter(ApplicationFilterChain.java:107)
	at org.springframework.web.filter.CharacterEncodingFilter.doFilterInternal(CharacterEncodingFilter.java:199)
	at org.springframework.web.filter.OncePerRequestFilter.doFilter(OncePerRequestFilter.java:116)
	at org.apache.catalina.core.ApplicationFilterChain.doFilter(ApplicationFilterChain.java:107)
	at org.apache.catalina.core.StandardWrapperValve.invoke(StandardWrapperValve.java:165)
	at org.apache.catalina.core.StandardContextValve.invoke(StandardContextValve.java:77)
	at org.apache.catalina.authenticator.AuthenticatorBase.invoke(AuthenticatorBase.java:492)
	at org.apache.catalina.core.StandardHostValve.invoke(StandardHostValve.java:113)
	at org.apache.catalina.valves.ErrorReportValve.invoke(ErrorReportValve.java:83)
	at org.apache.catalina.core.StandardEngineValve.invoke(StandardEngineValve.java:72)
	at org.apache.catalina.connector.CoyoteAdapter.service(CoyoteAdapter.java:341)
	at org.apache.coyote.http11.Http11Processor.service(Http11Processor.java:397)
	at org.apache.coyote.AbstractProcessorLight.process(AbstractProcessorLight.java:63)
	at org.apache.coyote.AbstractProtocol$ConnectionHandler.process(AbstractProtocol.java:903)
	at org.apache.tomcat.util.net.NioEndpoint$SocketProcessor.doRun(NioEndpoint.java:1801)
	at org.apache.tomcat.util.net.SocketProcessorBase.run(SocketProcessorBase.java:52)
	at org.apache.tomcat.util.threads.ThreadPoolExecutor.runWorker(ThreadPoolExecutor.java:946)
	at org.apache.tomcat.util.threads.ThreadPoolExecutor$Worker.run(ThreadPoolExecutor.java:480)
	at org.apache.tomcat.util.threads.TaskThread$WrappingRunnable.run(TaskThread.java:57)
	at java.base/java.lang.Thread.run(Thread.java:1583)
Caused by: tools.jackson.databind.exc.InvalidFormatException: Cannot deserialize value of type `com.abubakar.connectify.enums.ReactionType` from String "oops": not one of the values accepted for Enum class: [LAUGH, LOVE, FIRE, LIKE, WOW, SAD]
 at [Source: REDACTED (`StreamReadFeature.INCLUDE_SOURCE_IN_LOCATION` disabled); byte offset: #22] (through reference chain: com.abubakar.connectify.dto.request.StoryReactionRequest["reactionType"])
	at tools.jackson.databind.exc.InvalidFormatException.from(InvalidFormatException.java:37)
	at tools.jackson.databind.DeserializationContext.weirdStringException(DeserializationContext.java:2063)
	at tools.jackson.databind.DeserializationContext.handleWeirdStringValue(DeserializationContext.java:1354)
	at tools.jackson.databind.deser.jdk.EnumDeserializer._deserializeAltString(EnumDeserializer.java:371)
	at tools.jackson.databind.deser.jdk.EnumDeserializer._fromString(EnumDeserializer.java:230)
	at tools.jackson.databind.deser.jdk.EnumDeserializer.deserialize(EnumDeserializer.java:195)
	at tools.jackson.databind.deser.impl.MethodProperty.deserializeAndSet(MethodProperty.java:120)
	at tools.jackson.databind.deser.bean.BeanDeserializer.deserializeFromObject(BeanDeserializer.java:652)
	at tools.jackson.databind.deser.bean.BeanDeserializer.deserialize(BeanDeserializer.java:200)
	at tools.jackson.databind.deser.DeserializationContextExt.readRootValue(DeserializationContextExt.java:266)
	at tools.jackson.databind.ObjectReader._bindAndClose(ObjectReader.java:1888)
	at tools.jackson.databind.ObjectReader.readValue(ObjectReader.java:1270)
	at org.springframework.http.converter.AbstractJacksonHttpMessageConverter.readJavaType(AbstractJacksonHttpMessageConverter.java:352)
	... 116 common frames omitted
2026-06-04 16:13:38[INFO]com.abubakar.connectify.configuration.RequestLoggingFilter-POST /api/v1/stories/4/react | Status: 500
2026-06-04 16:13:47[INFO]com.abubakar.connectify.scheduler.StoryCleanupScheduler-Running story cleanup job
2026-06-04 16:13:47[INFO]com.abubakar.connectify.scheduler.StoryCleanupScheduler-Expired stories found: 0
2026-06-04 16:13:47[INFO]com.abubakar.connectify.scheduler.StoryCleanupScheduler-Story cleanup completed
2026-06-04 16:13:51[INFO]com.abubakar.connectify.service.impl.CustomUserDetailsService-Authentication request received for email: ahmad@gmail.com
2026-06-04 16:13:51[DEBUG]com.abubakar.connectify.service.impl.CustomUserDetailsService-User loaded successfully with email: ahmad@gmail.com and role: USER
2026-06-04 16:13:51[INFO]com.abubakar.connectify.security.JwtUtils-Token validation result for user ahmad@gmail.com : true
2026-06-04 16:13:51[INFO]com.abubakar.connectify.security.JwtFilter-User authenticated successfully: ahmad@gmail.com
2026-06-04 16:13:51[INFO]com.abubakar.connectify.controller.StoryController-React story api request received | storyId: 4
2026-06-04 16:13:51[INFO]com.abubakar.connectify.service.impl.StoryServiceImpl-Reacting to story | storyId: 4
2026-06-04 16:13:51[DEBUG]com.abubakar.connectify.util.UserAccessValidator-Validating user access | userId: 6
2026-06-04 16:13:51[DEBUG]com.abubakar.connectify.util.UserAccessValidator-User validation successful | userId: 6
2026-06-04 16:13:51[DEBUG]com.abubakar.connectify.util.AuthUtil-Authenticated active user fetched successfully | userId: 6
2026-06-04 16:13:51[DEBUG]com.abubakar.connectify.util.StoryAccessValidator-Validating active story access | storyId: 4
2026-06-04 16:13:51[DEBUG]com.abubakar.connectify.util.StoryAccessValidator-Fetching story | storyId: 4
2026-06-04 16:13:52[DEBUG]com.abubakar.connectify.util.StoryAccessValidator-Active story validation successful | storyId: 4
2026-06-04 16:13:52[DEBUG]com.abubakar.connectify.service.impl.StoryServiceImpl-Validating story owner account before reaction | ownerId: 6
2026-06-04 16:13:52[DEBUG]com.abubakar.connectify.util.UserAccessValidator-Validating user access | userId: 6
2026-06-04 16:13:52[DEBUG]com.abubakar.connectify.util.UserAccessValidator-User validation successful | userId: 6
2026-06-04 16:13:52[DEBUG]com.abubakar.connectify.service.impl.StoryServiceImpl-You cannot react to your own story | storyId: 4 | userId: 6
2026-06-04 16:13:52[ERROR]com.abubakar.connectify.exception.GlobalExceptionHandler-Business exception occurred | errorCode: OPERATION_FAILED | status: 400 BAD_REQUEST | message: You cannot react to your own story
com.abubakar.connectify.exception.OperationFailException: You cannot react to your own story
	at com.abubakar.connectify.service.impl.StoryServiceImpl.reactStory(StoryServiceImpl.java:338)
	at java.base/jdk.internal.reflect.DirectMethodHandleAccessor.invoke(DirectMethodHandleAccessor.java:103)
	at java.base/java.lang.reflect.Method.invoke(Method.java:580)
	at org.springframework.aop.support.AopUtils.invokeJoinpointUsingReflection(AopUtils.java:359)
	at org.springframework.aop.framework.ReflectiveMethodInvocation.invokeJoinpoint(ReflectiveMethodInvocation.java:190)
	at org.springframework.aop.framework.ReflectiveMethodInvocation.proceed(ReflectiveMethodInvocation.java:158)
	at org.springframework.transaction.interceptor.TransactionInterceptor$1.proceedWithInvocation(TransactionInterceptor.java:133)
	at org.springframework.transaction.interceptor.TransactionAspectSupport.invokeWithinTransaction(TransactionAspectSupport.java:371)
	at org.springframework.transaction.interceptor.TransactionInterceptor.invoke(TransactionInterceptor.java:130)
	at org.springframework.aop.framework.ReflectiveMethodInvocation.proceed(ReflectiveMethodInvocation.java:179)
	at org.springframework.aop.framework.CglibAopProxy$DynamicAdvisedInterceptor.intercept(CglibAopProxy.java:719)
	at com.abubakar.connectify.service.impl.StoryServiceImpl$$SpringCGLIB$$0.reactStory(<generated>)
	at com.abubakar.connectify.controller.StoryController.reactStory(StoryController.java:112)
	at java.base/jdk.internal.reflect.DirectMethodHandleAccessor.invoke(DirectMethodHandleAccessor.java:103)
	at java.base/java.lang.reflect.Method.invoke(Method.java:580)
	at org.springframework.web.method.support.InvocableHandlerMethod.doInvoke(InvocableHandlerMethod.java:252)
	at org.springframework.web.method.support.InvocableHandlerMethod.invokeForRequest(InvocableHandlerMethod.java:184)
	at org.springframework.web.servlet.mvc.method.annotation.ServletInvocableHandlerMethod.invokeAndHandle(ServletInvocableHandlerMethod.java:117)
	at org.springframework.web.servlet.mvc.method.annotation.RequestMappingHandlerAdapter.invokeHandlerMethod(RequestMappingHandlerAdapter.java:934)
	at org.springframework.web.servlet.mvc.method.annotation.RequestMappingHandlerAdapter.handleInternal(RequestMappingHandlerAdapter.java:853)
	at org.springframework.web.servlet.mvc.method.AbstractHandlerMethodAdapter.handle(AbstractHandlerMethodAdapter.java:86)
	at org.springframework.web.servlet.DispatcherServlet.doDispatch(DispatcherServlet.java:963)
	at org.springframework.web.servlet.DispatcherServlet.doService(DispatcherServlet.java:866)
	at org.springframework.web.servlet.FrameworkServlet.processRequest(FrameworkServlet.java:1000)
	at org.springframework.web.servlet.FrameworkServlet.doPost(FrameworkServlet.java:903)
	at jakarta.servlet.http.HttpServlet.service(HttpServlet.java:649)
	at org.springframework.web.servlet.FrameworkServlet.service(FrameworkServlet.java:874)
	at jakarta.servlet.http.HttpServlet.service(HttpServlet.java:710)
	at org.apache.catalina.core.ApplicationFilterChain.doFilter(ApplicationFilterChain.java:128)
	at org.apache.tomcat.websocket.server.WsFilter.doFilter(WsFilter.java:53)
	at org.apache.catalina.core.ApplicationFilterChain.doFilter(ApplicationFilterChain.java:107)
	at org.springframework.web.filter.OncePerRequestFilter.doFilter(OncePerRequestFilter.java:110)
	at org.apache.catalina.core.ApplicationFilterChain.doFilter(ApplicationFilterChain.java:107)
	at org.springframework.web.filter.OncePerRequestFilter.doFilter(OncePerRequestFilter.java:110)
	at org.apache.catalina.core.ApplicationFilterChain.doFilter(ApplicationFilterChain.java:107)
	at com.abubakar.connectify.configuration.RequestLoggingFilter.doFilterInternal(RequestLoggingFilter.java:30)
	at org.springframework.web.filter.OncePerRequestFilter.doFilter(OncePerRequestFilter.java:116)
	at org.apache.catalina.core.ApplicationFilterChain.doFilter(ApplicationFilterChain.java:107)
	at org.springframework.web.filter.CompositeFilter$VirtualFilterChain.doFilter(CompositeFilter.java:108)
	at org.springframework.security.web.FilterChainProxy.lambda$doFilterInternal$3(FilterChainProxy.java:235)
	at org.springframework.security.web.FilterChainProxy$VirtualFilterChain.doFilter(FilterChainProxy.java:376)
	at org.springframework.security.web.access.intercept.AuthorizationFilter.doFilter(AuthorizationFilter.java:101)
	at org.springframework.security.web.FilterChainProxy$VirtualFilterChain.doFilter(FilterChainProxy.java:385)
	at org.springframework.security.web.access.ExceptionTranslationFilter.doFilter(ExceptionTranslationFilter.java:126)
	at org.springframework.security.web.access.ExceptionTranslationFilter.doFilter(ExceptionTranslationFilter.java:120)
	at org.springframework.security.web.FilterChainProxy$VirtualFilterChain.doFilter(FilterChainProxy.java:385)
	at org.springframework.security.web.session.SessionManagementFilter.doFilter(SessionManagementFilter.java:132)
	at org.springframework.security.web.session.SessionManagementFilter.doFilter(SessionManagementFilter.java:86)
	at org.springframework.security.web.FilterChainProxy$VirtualFilterChain.doFilter(FilterChainProxy.java:385)
	at org.springframework.security.web.authentication.AnonymousAuthenticationFilter.doFilter(AnonymousAuthenticationFilter.java:100)
	at org.springframework.security.web.FilterChainProxy$VirtualFilterChain.doFilter(FilterChainProxy.java:385)
	at org.springframework.security.web.servletapi.SecurityContextHolderAwareRequestFilter.doFilter(SecurityContextHolderAwareRequestFilter.java:181)
	at org.springframework.security.web.FilterChainProxy$VirtualFilterChain.doFilter(FilterChainProxy.java:385)
	at org.springframework.security.web.savedrequest.RequestCacheAwareFilter.doFilter(RequestCacheAwareFilter.java:63)
	at org.springframework.security.web.FilterChainProxy$VirtualFilterChain.doFilter(FilterChainProxy.java:385)
	at org.springframework.security.web.authentication.ui.DefaultLogoutPageGeneratingFilter.doFilterInternal(DefaultLogoutPageGeneratingFilter.java:60)
	at org.springframework.web.filter.OncePerRequestFilter.doFilter(OncePerRequestFilter.java:116)
	at org.springframework.security.web.FilterChainProxy$VirtualFilterChain.doFilter(FilterChainProxy.java:385)
	at org.springframework.security.web.authentication.ui.DefaultLoginPageGeneratingFilter.doFilter(DefaultLoginPageGeneratingFilter.java:246)
	at org.springframework.security.web.authentication.ui.DefaultLoginPageGeneratingFilter.doFilter(DefaultLoginPageGeneratingFilter.java:232)
	at org.springframework.security.web.FilterChainProxy$VirtualFilterChain.doFilter(FilterChainProxy.java:385)
	at org.springframework.security.web.authentication.ui.DefaultResourcesFilter.doFilter(DefaultResourcesFilter.java:73)
	at org.springframework.security.web.FilterChainProxy$VirtualFilterChain.doFilter(FilterChainProxy.java:385)
	at com.abubakar.connectify.security.JwtFilter.doFilterInternal(JwtFilter.java:141)
	at org.springframework.web.filter.OncePerRequestFilter.doFilter(OncePerRequestFilter.java:116)
	at org.springframework.security.web.FilterChainProxy$VirtualFilterChain.doFilter(FilterChainProxy.java:385)
	at org.springframework.security.web.authentication.AbstractAuthenticationProcessingFilter.doFilter(AbstractAuthenticationProcessingFilter.java:245)
	at org.springframework.security.web.authentication.AbstractAuthenticationProcessingFilter.doFilter(AbstractAuthenticationProcessingFilter.java:239)
	at org.springframework.security.web.FilterChainProxy$VirtualFilterChain.doFilter(FilterChainProxy.java:385)
	at org.springframework.security.oauth2.client.web.OAuth2AuthorizationRequestRedirectFilter.doFilterInternal(OAuth2AuthorizationRequestRedirectFilter.java:195)
	at org.springframework.web.filter.OncePerRequestFilter.doFilter(OncePerRequestFilter.java:116)
	at org.springframework.security.web.FilterChainProxy$VirtualFilterChain.doFilter(FilterChainProxy.java:385)
	at org.springframework.security.web.authentication.logout.LogoutFilter.doFilter(LogoutFilter.java:110)
	at org.springframework.security.web.authentication.logout.LogoutFilter.doFilter(LogoutFilter.java:96)
	at org.springframework.security.web.FilterChainProxy$VirtualFilterChain.doFilter(FilterChainProxy.java:385)
	at org.springframework.web.filter.CorsFilter.doFilterInternal(CorsFilter.java:91)
	at org.springframework.web.filter.OncePerRequestFilter.doFilter(OncePerRequestFilter.java:116)
	at org.springframework.security.web.FilterChainProxy$VirtualFilterChain.doFilter(FilterChainProxy.java:385)
	at org.springframework.security.web.header.HeaderWriterFilter.doHeadersAfter(HeaderWriterFilter.java:90)
	at org.springframework.security.web.header.HeaderWriterFilter.doFilterInternal(HeaderWriterFilter.java:75)
	at org.springframework.web.filter.OncePerRequestFilter.doFilter(OncePerRequestFilter.java:116)
	at org.springframework.security.web.FilterChainProxy$VirtualFilterChain.doFilter(FilterChainProxy.java:385)
	at org.springframework.security.web.context.SecurityContextHolderFilter.doFilter(SecurityContextHolderFilter.java:82)
	at org.springframework.security.web.context.SecurityContextHolderFilter.doFilter(SecurityContextHolderFilter.java:69)
	at org.springframework.security.web.FilterChainProxy$VirtualFilterChain.doFilter(FilterChainProxy.java:385)
	at org.springframework.security.web.context.request.async.WebAsyncManagerIntegrationFilter.doFilterInternal(WebAsyncManagerIntegrationFilter.java:62)
	at org.springframework.web.filter.OncePerRequestFilter.doFilter(OncePerRequestFilter.java:116)
	at org.springframework.security.web.FilterChainProxy$VirtualFilterChain.doFilter(FilterChainProxy.java:385)
	at org.springframework.security.web.session.DisableEncodeUrlFilter.doFilterInternal(DisableEncodeUrlFilter.java:42)
	at org.springframework.web.filter.OncePerRequestFilter.doFilter(OncePerRequestFilter.java:116)
	at org.springframework.security.web.FilterChainProxy$VirtualFilterChain.doFilter(FilterChainProxy.java:385)
	at org.springframework.security.web.FilterChainProxy.doFilterInternal(FilterChainProxy.java:237)
	at org.springframework.security.web.FilterChainProxy.doFilter(FilterChainProxy.java:195)
	at org.springframework.web.filter.CompositeFilter$VirtualFilterChain.doFilter(CompositeFilter.java:113)
	at org.springframework.web.filter.ServletRequestPathFilter.doFilter(ServletRequestPathFilter.java:52)
	at org.springframework.web.filter.CompositeFilter$VirtualFilterChain.doFilter(CompositeFilter.java:113)
	at org.springframework.web.filter.CompositeFilter.doFilter(CompositeFilter.java:74)
	at org.springframework.security.config.annotation.web.configuration.WebSecurityConfiguration$CompositeFilterChainProxy.doFilter(WebSecurityConfiguration.java:317)
	at org.springframework.web.filter.DelegatingFilterProxy.invokeDelegate(DelegatingFilterProxy.java:355)
	at org.springframework.web.filter.DelegatingFilterProxy.doFilter(DelegatingFilterProxy.java:272)
	at org.apache.catalina.core.ApplicationFilterChain.doFilter(ApplicationFilterChain.java:107)
	at org.springframework.web.filter.RequestContextFilter.doFilterInternal(RequestContextFilter.java:100)
	at org.springframework.web.filter.OncePerRequestFilter.doFilter(OncePerRequestFilter.java:116)
	at org.apache.catalina.core.ApplicationFilterChain.doFilter(ApplicationFilterChain.java:107)
	at org.springframework.web.filter.FormContentFilter.doFilterInternal(FormContentFilter.java:93)
	at org.springframework.web.filter.OncePerRequestFilter.doFilter(OncePerRequestFilter.java:116)
	at org.apache.catalina.core.ApplicationFilterChain.doFilter(ApplicationFilterChain.java:107)
	at org.springframework.web.filter.CharacterEncodingFilter.doFilterInternal(CharacterEncodingFilter.java:199)
	at org.springframework.web.filter.OncePerRequestFilter.doFilter(OncePerRequestFilter.java:116)
	at org.apache.catalina.core.ApplicationFilterChain.doFilter(ApplicationFilterChain.java:107)
	at org.apache.catalina.core.StandardWrapperValve.invoke(StandardWrapperValve.java:165)
	at org.apache.catalina.core.StandardContextValve.invoke(StandardContextValve.java:77)
	at org.apache.catalina.authenticator.AuthenticatorBase.invoke(AuthenticatorBase.java:492)
	at org.apache.catalina.core.StandardHostValve.invoke(StandardHostValve.java:113)
	at org.apache.catalina.valves.ErrorReportValve.invoke(ErrorReportValve.java:83)
	at org.apache.catalina.core.StandardEngineValve.invoke(StandardEngineValve.java:72)
	at org.apache.catalina.connector.CoyoteAdapter.service(CoyoteAdapter.java:341)
	at org.apache.coyote.http11.Http11Processor.service(Http11Processor.java:397)
	at org.apache.coyote.AbstractProcessorLight.process(AbstractProcessorLight.java:63)
	at org.apache.coyote.AbstractProtocol$ConnectionHandler.process(AbstractProtocol.java:903)
	at org.apache.tomcat.util.net.NioEndpoint$SocketProcessor.doRun(NioEndpoint.java:1801)
	at org.apache.tomcat.util.net.SocketProcessorBase.run(SocketProcessorBase.java:52)
	at org.apache.tomcat.util.threads.ThreadPoolExecutor.runWorker(ThreadPoolExecutor.java:946)
	at org.apache.tomcat.util.threads.ThreadPoolExecutor$Worker.run(ThreadPoolExecutor.java:480)
	at org.apache.tomcat.util.threads.TaskThread$WrappingRunnable.run(TaskThread.java:57)
	at java.base/java.lang.Thread.run(Thread.java:1583)
2026-06-04 16:13:52[INFO]com.abubakar.connectify.configuration.RequestLoggingFilter-POST /api/v1/stories/4/react | Status: 400
2026-06-04 16:14:01[INFO]com.abubakar.connectify.service.impl.CustomUserDetailsService-Authentication request received for email: ahmad@gmail.com
2026-06-04 16:14:01[DEBUG]com.abubakar.connectify.service.impl.CustomUserDetailsService-User loaded successfully with email: ahmad@gmail.com and role: USER
2026-06-04 16:14:01[INFO]com.abubakar.connectify.security.JwtUtils-Token validation result for user ahmad@gmail.com : true
2026-06-04 16:14:01[INFO]com.abubakar.connectify.security.JwtFilter-User authenticated successfully: ahmad@gmail.com
2026-06-04 16:14:01[INFO]com.abubakar.connectify.controller.StoryController-React story api request received | storyId: 1
2026-06-04 16:14:01[INFO]com.abubakar.connectify.service.impl.StoryServiceImpl-Reacting to story | storyId: 1
2026-06-04 16:14:01[DEBUG]com.abubakar.connectify.util.UserAccessValidator-Validating user access | userId: 6
2026-06-04 16:14:01[DEBUG]com.abubakar.connectify.util.UserAccessValidator-User validation successful | userId: 6
2026-06-04 16:14:01[DEBUG]com.abubakar.connectify.util.AuthUtil-Authenticated active user fetched successfully | userId: 6
2026-06-04 16:14:01[DEBUG]com.abubakar.connectify.util.StoryAccessValidator-Validating active story access | storyId: 1
2026-06-04 16:14:01[DEBUG]com.abubakar.connectify.util.StoryAccessValidator-Fetching story | storyId: 1
2026-06-04 16:14:01[DEBUG]com.abubakar.connectify.util.StoryAccessValidator-Active story validation successful | storyId: 1
2026-06-04 16:14:01[DEBUG]com.abubakar.connectify.service.impl.StoryServiceImpl-Validating story owner account before reaction | ownerId: 1
2026-06-04 16:14:01[DEBUG]com.abubakar.connectify.util.UserAccessValidator-Validating user access | userId: 1
2026-06-04 16:14:01[DEBUG]com.abubakar.connectify.util.UserAccessValidator-User validation successful | userId: 1
2026-06-04 16:14:01[INFO]com.abubakar.connectify.service.impl.NotificationServiceImpl-Creating notification | receiverId: 1 | senderId: 6
2026-06-04 16:14:01[DEBUG]com.abubakar.connectify.util.UserAccessValidator-Validating user access | userId: 1
2026-06-04 16:14:01[DEBUG]com.abubakar.connectify.util.UserAccessValidator-User validation successful | userId: 1
2026-06-04 16:14:01[DEBUG]com.abubakar.connectify.util.UserAccessValidator-Validating user access | userId: 6
2026-06-04 16:14:01[DEBUG]com.abubakar.connectify.util.UserAccessValidator-User validation successful | userId: 6
2026-06-04 16:14:01[INFO]com.abubakar.connectify.service.impl.NotificationServiceImpl-Notification created successfully
| receiverId: 1
| senderId: 6
| type: STORY_REACTION

2026-06-04 16:14:01[INFO]com.abubakar.connectify.service.impl.StoryServiceImpl-Story reaction added successfully | storyId: 1 | userId: 6
2026-06-04 16:14:01[INFO]com.abubakar.connectify.configuration.RequestLoggingFilter-POST /api/v1/stories/1/react | Status: 200
2026-06-04 16:14:06[INFO]com.abubakar.connectify.service.impl.CustomUserDetailsService-Authentication request received for email: ahmad@gmail.com
2026-06-04 16:14:06[DEBUG]com.abubakar.connectify.service.impl.CustomUserDetailsService-User loaded successfully with email: ahmad@gmail.com and role: USER
2026-06-04 16:14:06[INFO]com.abubakar.connectify.security.JwtUtils-Token validation result for user ahmad@gmail.com : true
2026-06-04 16:14:06[INFO]com.abubakar.connectify.security.JwtFilter-User authenticated successfully: ahmad@gmail.com
2026-06-04 16:14:06[INFO]com.abubakar.connectify.controller.StoryController-React story api request received | storyId: 1
2026-06-04 16:14:06[INFO]com.abubakar.connectify.service.impl.StoryServiceImpl-Reacting to story | storyId: 1
2026-06-04 16:14:06[DEBUG]com.abubakar.connectify.util.UserAccessValidator-Validating user access | userId: 6
2026-06-04 16:14:06[DEBUG]com.abubakar.connectify.util.UserAccessValidator-User validation successful | userId: 6
2026-06-04 16:14:06[DEBUG]com.abubakar.connectify.util.AuthUtil-Authenticated active user fetched successfully | userId: 6
2026-06-04 16:14:06[DEBUG]com.abubakar.connectify.util.StoryAccessValidator-Validating active story access | storyId: 1
2026-06-04 16:14:06[DEBUG]com.abubakar.connectify.util.StoryAccessValidator-Fetching story | storyId: 1
2026-06-04 16:14:06[DEBUG]com.abubakar.connectify.util.StoryAccessValidator-Active story validation successful | storyId: 1
2026-06-04 16:14:06[DEBUG]com.abubakar.connectify.service.impl.StoryServiceImpl-Validating story owner account before reaction | ownerId: 1
2026-06-04 16:14:06[DEBUG]com.abubakar.connectify.util.UserAccessValidator-Validating user access | userId: 1
2026-06-04 16:14:06[DEBUG]com.abubakar.connectify.util.UserAccessValidator-User validation successful | userId: 1
2026-06-04 16:14:06[INFO]com.abubakar.connectify.service.impl.StoryServiceImpl-Story reaction removed | storyId: 1 | userId: 6
2026-06-04 16:14:06[INFO]com.abubakar.connectify.configuration.RequestLoggingFilter-POST /api/v1/stories/1/react | Status: 200
2026-06-04 16:17:12[INFO]com.abubakar.connectify.service.impl.CustomUserDetailsService-Authentication request received for email: ahmad@gmail.com
2026-06-04 16:17:12[DEBUG]com.abubakar.connectify.service.impl.CustomUserDetailsService-User loaded successfully with email: ahmad@gmail.com and role: USER
2026-06-04 16:17:12[INFO]com.abubakar.connectify.security.JwtUtils-Token validation result for user ahmad@gmail.com : true
2026-06-04 16:17:12[INFO]com.abubakar.connectify.security.JwtFilter-User authenticated successfully: ahmad@gmail.com
2026-06-04 16:17:12[INFO]com.abubakar.connectify.controller.StoryController-Reply story api request received | storyId: 4
2026-06-04 16:17:12[INFO]com.abubakar.connectify.service.impl.StoryServiceImpl-Replying to story | storyId: 4
2026-06-04 16:17:12[DEBUG]com.abubakar.connectify.util.UserAccessValidator-Validating user access | userId: 6
2026-06-04 16:17:12[DEBUG]com.abubakar.connectify.util.UserAccessValidator-User validation successful | userId: 6
2026-06-04 16:17:12[DEBUG]com.abubakar.connectify.util.AuthUtil-Authenticated active user fetched successfully | userId: 6
2026-06-04 16:17:12[DEBUG]com.abubakar.connectify.util.StoryAccessValidator-Validating active story access | storyId: 4
2026-06-04 16:17:12[DEBUG]com.abubakar.connectify.util.StoryAccessValidator-Fetching story | storyId: 4
2026-06-04 16:17:12[DEBUG]com.abubakar.connectify.util.StoryAccessValidator-Active story validation successful | storyId: 4
2026-06-04 16:17:12[DEBUG]com.abubakar.connectify.service.impl.StoryServiceImpl-Validating story owner account before reply | ownerId: 6
2026-06-04 16:17:12[DEBUG]com.abubakar.connectify.util.UserAccessValidator-Validating user access | userId: 6
2026-06-04 16:17:12[DEBUG]com.abubakar.connectify.util.UserAccessValidator-User validation successful | userId: 6
2026-06-04 16:17:12[DEBUG]com.abubakar.connectify.service.impl.StoryServiceImpl-You cannot reply to your own story | storyId: 4 | senderId: 6
2026-06-04 16:17:12[ERROR]com.abubakar.connectify.exception.GlobalExceptionHandler-Business exception occurred | errorCode: OPERATION_FAILED | status: 400 BAD_REQUEST | message: You cannot reply to your own story
com.abubakar.connectify.exception.OperationFailException: You cannot reply to your own story
	at com.abubakar.connectify.service.impl.StoryServiceImpl.replyStory(StoryServiceImpl.java:438)
	at java.base/jdk.internal.reflect.DirectMethodHandleAccessor.invoke(DirectMethodHandleAccessor.java:103)
	at java.base/java.lang.reflect.Method.invoke(Method.java:580)
	at org.springframework.aop.support.AopUtils.invokeJoinpointUsingReflection(AopUtils.java:359)
	at org.springframework.aop.framework.ReflectiveMethodInvocation.invokeJoinpoint(ReflectiveMethodInvocation.java:190)
	at org.springframework.aop.framework.ReflectiveMethodInvocation.proceed(ReflectiveMethodInvocation.java:158)
	at org.springframework.transaction.interceptor.TransactionInterceptor$1.proceedWithInvocation(TransactionInterceptor.java:133)
	at org.springframework.transaction.interceptor.TransactionAspectSupport.invokeWithinTransaction(TransactionAspectSupport.java:371)
	at org.springframework.transaction.interceptor.TransactionInterceptor.invoke(TransactionInterceptor.java:130)
	at org.springframework.aop.framework.ReflectiveMethodInvocation.proceed(ReflectiveMethodInvocation.java:179)
	at org.springframework.aop.framework.CglibAopProxy$DynamicAdvisedInterceptor.intercept(CglibAopProxy.java:719)
	at com.abubakar.connectify.service.impl.StoryServiceImpl$$SpringCGLIB$$0.replyStory(<generated>)
	at com.abubakar.connectify.controller.StoryController.replyStory(StoryController.java:134)
	at java.base/jdk.internal.reflect.DirectMethodHandleAccessor.invoke(DirectMethodHandleAccessor.java:103)
	at java.base/java.lang.reflect.Method.invoke(Method.java:580)
	at org.springframework.web.method.support.InvocableHandlerMethod.doInvoke(InvocableHandlerMethod.java:252)
	at org.springframework.web.method.support.InvocableHandlerMethod.invokeForRequest(InvocableHandlerMethod.java:184)
	at org.springframework.web.servlet.mvc.method.annotation.ServletInvocableHandlerMethod.invokeAndHandle(ServletInvocableHandlerMethod.java:117)
	at org.springframework.web.servlet.mvc.method.annotation.RequestMappingHandlerAdapter.invokeHandlerMethod(RequestMappingHandlerAdapter.java:934)
	at org.springframework.web.servlet.mvc.method.annotation.RequestMappingHandlerAdapter.handleInternal(RequestMappingHandlerAdapter.java:853)
	at org.springframework.web.servlet.mvc.method.AbstractHandlerMethodAdapter.handle(AbstractHandlerMethodAdapter.java:86)
	at org.springframework.web.servlet.DispatcherServlet.doDispatch(DispatcherServlet.java:963)
	at org.springframework.web.servlet.DispatcherServlet.doService(DispatcherServlet.java:866)
	at org.springframework.web.servlet.FrameworkServlet.processRequest(FrameworkServlet.java:1000)
	at org.springframework.web.servlet.FrameworkServlet.doPost(FrameworkServlet.java:903)
	at jakarta.servlet.http.HttpServlet.service(HttpServlet.java:649)
	at org.springframework.web.servlet.FrameworkServlet.service(FrameworkServlet.java:874)
	at jakarta.servlet.http.HttpServlet.service(HttpServlet.java:710)
	at org.apache.catalina.core.ApplicationFilterChain.doFilter(ApplicationFilterChain.java:128)
	at org.apache.tomcat.websocket.server.WsFilter.doFilter(WsFilter.java:53)
	at org.apache.catalina.core.ApplicationFilterChain.doFilter(ApplicationFilterChain.java:107)
	at org.springframework.web.filter.OncePerRequestFilter.doFilter(OncePerRequestFilter.java:110)
	at org.apache.catalina.core.ApplicationFilterChain.doFilter(ApplicationFilterChain.java:107)
	at org.springframework.web.filter.OncePerRequestFilter.doFilter(OncePerRequestFilter.java:110)
	at org.apache.catalina.core.ApplicationFilterChain.doFilter(ApplicationFilterChain.java:107)
	at com.abubakar.connectify.configuration.RequestLoggingFilter.doFilterInternal(RequestLoggingFilter.java:30)
	at org.springframework.web.filter.OncePerRequestFilter.doFilter(OncePerRequestFilter.java:116)
	at org.apache.catalina.core.ApplicationFilterChain.doFilter(ApplicationFilterChain.java:107)
	at org.springframework.web.filter.CompositeFilter$VirtualFilterChain.doFilter(CompositeFilter.java:108)
	at org.springframework.security.web.FilterChainProxy.lambda$doFilterInternal$3(FilterChainProxy.java:235)
	at org.springframework.security.web.FilterChainProxy$VirtualFilterChain.doFilter(FilterChainProxy.java:376)
	at org.springframework.security.web.access.intercept.AuthorizationFilter.doFilter(AuthorizationFilter.java:101)
	at org.springframework.security.web.FilterChainProxy$VirtualFilterChain.doFilter(FilterChainProxy.java:385)
	at org.springframework.security.web.access.ExceptionTranslationFilter.doFilter(ExceptionTranslationFilter.java:126)
	at org.springframework.security.web.access.ExceptionTranslationFilter.doFilter(ExceptionTranslationFilter.java:120)
	at org.springframework.security.web.FilterChainProxy$VirtualFilterChain.doFilter(FilterChainProxy.java:385)
	at org.springframework.security.web.session.SessionManagementFilter.doFilter(SessionManagementFilter.java:132)
	at org.springframework.security.web.session.SessionManagementFilter.doFilter(SessionManagementFilter.java:86)
	at org.springframework.security.web.FilterChainProxy$VirtualFilterChain.doFilter(FilterChainProxy.java:385)
	at org.springframework.security.web.authentication.AnonymousAuthenticationFilter.doFilter(AnonymousAuthenticationFilter.java:100)
	at org.springframework.security.web.FilterChainProxy$VirtualFilterChain.doFilter(FilterChainProxy.java:385)
	at org.springframework.security.web.servletapi.SecurityContextHolderAwareRequestFilter.doFilter(SecurityContextHolderAwareRequestFilter.java:181)
	at org.springframework.security.web.FilterChainProxy$VirtualFilterChain.doFilter(FilterChainProxy.java:385)
	at org.springframework.security.web.savedrequest.RequestCacheAwareFilter.doFilter(RequestCacheAwareFilter.java:63)
	at org.springframework.security.web.FilterChainProxy$VirtualFilterChain.doFilter(FilterChainProxy.java:385)
	at org.springframework.security.web.authentication.ui.DefaultLogoutPageGeneratingFilter.doFilterInternal(DefaultLogoutPageGeneratingFilter.java:60)
	at org.springframework.web.filter.OncePerRequestFilter.doFilter(OncePerRequestFilter.java:116)
	at org.springframework.security.web.FilterChainProxy$VirtualFilterChain.doFilter(FilterChainProxy.java:385)
	at org.springframework.security.web.authentication.ui.DefaultLoginPageGeneratingFilter.doFilter(DefaultLoginPageGeneratingFilter.java:246)
	at org.springframework.security.web.authentication.ui.DefaultLoginPageGeneratingFilter.doFilter(DefaultLoginPageGeneratingFilter.java:232)
	at org.springframework.security.web.FilterChainProxy$VirtualFilterChain.doFilter(FilterChainProxy.java:385)
	at org.springframework.security.web.authentication.ui.DefaultResourcesFilter.doFilter(DefaultResourcesFilter.java:73)
	at org.springframework.security.web.FilterChainProxy$VirtualFilterChain.doFilter(FilterChainProxy.java:385)
	at com.abubakar.connectify.security.JwtFilter.doFilterInternal(JwtFilter.java:141)
	at org.springframework.web.filter.OncePerRequestFilter.doFilter(OncePerRequestFilter.java:116)
	at org.springframework.security.web.FilterChainProxy$VirtualFilterChain.doFilter(FilterChainProxy.java:385)
	at org.springframework.security.web.authentication.AbstractAuthenticationProcessingFilter.doFilter(AbstractAuthenticationProcessingFilter.java:245)
	at org.springframework.security.web.authentication.AbstractAuthenticationProcessingFilter.doFilter(AbstractAuthenticationProcessingFilter.java:239)
	at org.springframework.security.web.FilterChainProxy$VirtualFilterChain.doFilter(FilterChainProxy.java:385)
	at org.springframework.security.oauth2.client.web.OAuth2AuthorizationRequestRedirectFilter.doFilterInternal(OAuth2AuthorizationRequestRedirectFilter.java:195)
	at org.springframework.web.filter.OncePerRequestFilter.doFilter(OncePerRequestFilter.java:116)
	at org.springframework.security.web.FilterChainProxy$VirtualFilterChain.doFilter(FilterChainProxy.java:385)
	at org.springframework.security.web.authentication.logout.LogoutFilter.doFilter(LogoutFilter.java:110)
	at org.springframework.security.web.authentication.logout.LogoutFilter.doFilter(LogoutFilter.java:96)
	at org.springframework.security.web.FilterChainProxy$VirtualFilterChain.doFilter(FilterChainProxy.java:385)
	at org.springframework.web.filter.CorsFilter.doFilterInternal(CorsFilter.java:91)
	at org.springframework.web.filter.OncePerRequestFilter.doFilter(OncePerRequestFilter.java:116)
	at org.springframework.security.web.FilterChainProxy$VirtualFilterChain.doFilter(FilterChainProxy.java:385)
	at org.springframework.security.web.header.HeaderWriterFilter.doHeadersAfter(HeaderWriterFilter.java:90)
	at org.springframework.security.web.header.HeaderWriterFilter.doFilterInternal(HeaderWriterFilter.java:75)
	at org.springframework.web.filter.OncePerRequestFilter.doFilter(OncePerRequestFilter.java:116)
	at org.springframework.security.web.FilterChainProxy$VirtualFilterChain.doFilter(FilterChainProxy.java:385)
	at org.springframework.security.web.context.SecurityContextHolderFilter.doFilter(SecurityContextHolderFilter.java:82)
	at org.springframework.security.web.context.SecurityContextHolderFilter.doFilter(SecurityContextHolderFilter.java:69)
	at org.springframework.security.web.FilterChainProxy$VirtualFilterChain.doFilter(FilterChainProxy.java:385)
	at org.springframework.security.web.context.request.async.WebAsyncManagerIntegrationFilter.doFilterInternal(WebAsyncManagerIntegrationFilter.java:62)
	at org.springframework.web.filter.OncePerRequestFilter.doFilter(OncePerRequestFilter.java:116)
	at org.springframework.security.web.FilterChainProxy$VirtualFilterChain.doFilter(FilterChainProxy.java:385)
	at org.springframework.security.web.session.DisableEncodeUrlFilter.doFilterInternal(DisableEncodeUrlFilter.java:42)
	at org.springframework.web.filter.OncePerRequestFilter.doFilter(OncePerRequestFilter.java:116)
	at org.springframework.security.web.FilterChainProxy$VirtualFilterChain.doFilter(FilterChainProxy.java:385)
	at org.springframework.security.web.FilterChainProxy.doFilterInternal(FilterChainProxy.java:237)
	at org.springframework.security.web.FilterChainProxy.doFilter(FilterChainProxy.java:195)
	at org.springframework.web.filter.CompositeFilter$VirtualFilterChain.doFilter(CompositeFilter.java:113)
	at org.springframework.web.filter.ServletRequestPathFilter.doFilter(ServletRequestPathFilter.java:52)
	at org.springframework.web.filter.CompositeFilter$VirtualFilterChain.doFilter(CompositeFilter.java:113)
	at org.springframework.web.filter.CompositeFilter.doFilter(CompositeFilter.java:74)
	at org.springframework.security.config.annotation.web.configuration.WebSecurityConfiguration$CompositeFilterChainProxy.doFilter(WebSecurityConfiguration.java:317)
	at org.springframework.web.filter.DelegatingFilterProxy.invokeDelegate(DelegatingFilterProxy.java:355)
	at org.springframework.web.filter.DelegatingFilterProxy.doFilter(DelegatingFilterProxy.java:272)
	at org.apache.catalina.core.ApplicationFilterChain.doFilter(ApplicationFilterChain.java:107)
	at org.springframework.web.filter.RequestContextFilter.doFilterInternal(RequestContextFilter.java:100)
	at org.springframework.web.filter.OncePerRequestFilter.doFilter(OncePerRequestFilter.java:116)
	at org.apache.catalina.core.ApplicationFilterChain.doFilter(ApplicationFilterChain.java:107)
	at org.springframework.web.filter.FormContentFilter.doFilterInternal(FormContentFilter.java:93)
	at org.springframework.web.filter.OncePerRequestFilter.doFilter(OncePerRequestFilter.java:116)
	at org.apache.catalina.core.ApplicationFilterChain.doFilter(ApplicationFilterChain.java:107)
	at org.springframework.web.filter.CharacterEncodingFilter.doFilterInternal(CharacterEncodingFilter.java:199)
	at org.springframework.web.filter.OncePerRequestFilter.doFilter(OncePerRequestFilter.java:116)
	at org.apache.catalina.core.ApplicationFilterChain.doFilter(ApplicationFilterChain.java:107)
	at org.apache.catalina.core.StandardWrapperValve.invoke(StandardWrapperValve.java:165)
	at org.apache.catalina.core.StandardContextValve.invoke(StandardContextValve.java:77)
	at org.apache.catalina.authenticator.AuthenticatorBase.invoke(AuthenticatorBase.java:492)
	at org.apache.catalina.core.StandardHostValve.invoke(StandardHostValve.java:113)
	at org.apache.catalina.valves.ErrorReportValve.invoke(ErrorReportValve.java:83)
	at org.apache.catalina.core.StandardEngineValve.invoke(StandardEngineValve.java:72)
	at org.apache.catalina.connector.CoyoteAdapter.service(CoyoteAdapter.java:341)
	at org.apache.coyote.http11.Http11Processor.service(Http11Processor.java:397)
	at org.apache.coyote.AbstractProcessorLight.process(AbstractProcessorLight.java:63)
	at org.apache.coyote.AbstractProtocol$ConnectionHandler.process(AbstractProtocol.java:903)
	at org.apache.tomcat.util.net.NioEndpoint$SocketProcessor.doRun(NioEndpoint.java:1801)
	at org.apache.tomcat.util.net.SocketProcessorBase.run(SocketProcessorBase.java:52)
	at org.apache.tomcat.util.threads.ThreadPoolExecutor.runWorker(ThreadPoolExecutor.java:946)
	at org.apache.tomcat.util.threads.ThreadPoolExecutor$Worker.run(ThreadPoolExecutor.java:480)
	at org.apache.tomcat.util.threads.TaskThread$WrappingRunnable.run(TaskThread.java:57)
	at java.base/java.lang.Thread.run(Thread.java:1583)
2026-06-04 16:17:12[INFO]com.abubakar.connectify.configuration.RequestLoggingFilter-POST /api/v1/stories/4/reply | Status: 400
2026-06-04 16:17:20[INFO]com.abubakar.connectify.service.impl.CustomUserDetailsService-Authentication request received for email: ahmad@gmail.com
2026-06-04 16:17:20[DEBUG]com.abubakar.connectify.service.impl.CustomUserDetailsService-User loaded successfully with email: ahmad@gmail.com and role: USER
2026-06-04 16:17:20[INFO]com.abubakar.connectify.security.JwtUtils-Token validation result for user ahmad@gmail.com : true
2026-06-04 16:17:20[INFO]com.abubakar.connectify.security.JwtFilter-User authenticated successfully: ahmad@gmail.com
2026-06-04 16:17:20[INFO]com.abubakar.connectify.controller.StoryController-Reply story api request received | storyId: 1
2026-06-04 16:17:20[INFO]com.abubakar.connectify.service.impl.StoryServiceImpl-Replying to story | storyId: 1
2026-06-04 16:17:20[DEBUG]com.abubakar.connectify.util.UserAccessValidator-Validating user access | userId: 6
2026-06-04 16:17:20[DEBUG]com.abubakar.connectify.util.UserAccessValidator-User validation successful | userId: 6
2026-06-04 16:17:20[DEBUG]com.abubakar.connectify.util.AuthUtil-Authenticated active user fetched successfully | userId: 6
2026-06-04 16:17:20[DEBUG]com.abubakar.connectify.util.StoryAccessValidator-Validating active story access | storyId: 1
2026-06-04 16:17:20[DEBUG]com.abubakar.connectify.util.StoryAccessValidator-Fetching story | storyId: 1
2026-06-04 16:17:20[DEBUG]com.abubakar.connectify.util.StoryAccessValidator-Active story validation successful | storyId: 1
2026-06-04 16:17:20[DEBUG]com.abubakar.connectify.service.impl.StoryServiceImpl-Validating story owner account before reply | ownerId: 1
2026-06-04 16:17:20[DEBUG]com.abubakar.connectify.util.UserAccessValidator-Validating user access | userId: 1
2026-06-04 16:17:20[DEBUG]com.abubakar.connectify.util.UserAccessValidator-User validation successful | userId: 1
2026-06-04 16:17:21[INFO]com.abubakar.connectify.service.impl.NotificationServiceImpl-Creating notification | receiverId: 1 | senderId: 6
2026-06-04 16:17:21[DEBUG]com.abubakar.connectify.util.UserAccessValidator-Validating user access | userId: 1
2026-06-04 16:17:21[DEBUG]com.abubakar.connectify.util.UserAccessValidator-User validation successful | userId: 1
2026-06-04 16:17:21[DEBUG]com.abubakar.connectify.util.UserAccessValidator-Validating user access | userId: 6
2026-06-04 16:17:21[DEBUG]com.abubakar.connectify.util.UserAccessValidator-User validation successful | userId: 6
2026-06-04 16:17:21[INFO]com.abubakar.connectify.service.impl.NotificationServiceImpl-Notification created successfully
| receiverId: 1
| senderId: 6
| type: STORY_REPLY

2026-06-04 16:17:21[INFO]com.abubakar.connectify.service.impl.StoryServiceImpl-Story reply added successfully | storyId: 1 | senderId: 6
2026-06-04 16:17:21[INFO]com.abubakar.connectify.configuration.RequestLoggingFilter-POST /api/v1/stories/1/reply | Status: 200
2026-06-04 16:17:23[INFO]com.abubakar.connectify.service.impl.CustomUserDetailsService-Authentication request received for email: ahmad@gmail.com
2026-06-04 16:17:23[DEBUG]com.abubakar.connectify.service.impl.CustomUserDetailsService-User loaded successfully with email: ahmad@gmail.com and role: USER
2026-06-04 16:17:23[INFO]com.abubakar.connectify.security.JwtUtils-Token validation result for user ahmad@gmail.com : true
2026-06-04 16:17:23[INFO]com.abubakar.connectify.security.JwtFilter-User authenticated successfully: ahmad@gmail.com
2026-06-04 16:17:23[INFO]com.abubakar.connectify.controller.StoryController-Reply story api request received | storyId: 1
2026-06-04 16:17:23[INFO]com.abubakar.connectify.service.impl.StoryServiceImpl-Replying to story | storyId: 1
2026-06-04 16:17:23[DEBUG]com.abubakar.connectify.util.UserAccessValidator-Validating user access | userId: 6
2026-06-04 16:17:23[DEBUG]com.abubakar.connectify.util.UserAccessValidator-User validation successful | userId: 6
2026-06-04 16:17:23[DEBUG]com.abubakar.connectify.util.AuthUtil-Authenticated active user fetched successfully | userId: 6
2026-06-04 16:17:23[DEBUG]com.abubakar.connectify.util.StoryAccessValidator-Validating active story access | storyId: 1
2026-06-04 16:17:23[DEBUG]com.abubakar.connectify.util.StoryAccessValidator-Fetching story | storyId: 1
2026-06-04 16:17:23[DEBUG]com.abubakar.connectify.util.StoryAccessValidator-Active story validation successful | storyId: 1
2026-06-04 16:17:23[DEBUG]com.abubakar.connectify.service.impl.StoryServiceImpl-Validating story owner account before reply | ownerId: 1
2026-06-04 16:17:23[DEBUG]com.abubakar.connectify.util.UserAccessValidator-Validating user access | userId: 1
2026-06-04 16:17:23[DEBUG]com.abubakar.connectify.util.UserAccessValidator-User validation successful | userId: 1
2026-06-04 16:17:23[INFO]com.abubakar.connectify.service.impl.NotificationServiceImpl-Creating notification | receiverId: 1 | senderId: 6
2026-06-04 16:17:23[DEBUG]com.abubakar.connectify.util.UserAccessValidator-Validating user access | userId: 1
2026-06-04 16:17:23[DEBUG]com.abubakar.connectify.util.UserAccessValidator-User validation successful | userId: 1
2026-06-04 16:17:23[DEBUG]com.abubakar.connectify.util.UserAccessValidator-Validating user access | userId: 6
2026-06-04 16:17:23[DEBUG]com.abubakar.connectify.util.UserAccessValidator-User validation successful | userId: 6
2026-06-04 16:17:23[INFO]com.abubakar.connectify.service.impl.NotificationServiceImpl-Notification created successfully
| receiverId: 1
| senderId: 6
| type: STORY_REPLY

2026-06-04 16:17:23[INFO]com.abubakar.connectify.service.impl.StoryServiceImpl-Story reply added successfully | storyId: 1 | senderId: 6
2026-06-04 16:17:23[INFO]com.abubakar.connectify.configuration.RequestLoggingFilter-POST /api/v1/stories/1/reply | Status: 200
2026-06-04 16:17:53[INFO]com.abubakar.connectify.service.impl.CustomUserDetailsService-Authentication request received for email: ahmad@gmail.com
2026-06-04 16:17:53[DEBUG]com.abubakar.connectify.service.impl.CustomUserDetailsService-User loaded successfully with email: ahmad@gmail.com and role: USER
2026-06-04 16:17:53[INFO]com.abubakar.connectify.security.JwtUtils-Token validation result for user ahmad@gmail.com : true
2026-06-04 16:17:53[INFO]com.abubakar.connectify.security.JwtFilter-User authenticated successfully: ahmad@gmail.com
2026-06-04 16:17:53[INFO]com.abubakar.connectify.controller.StoryController-View story api request received | storyId: 1
2026-06-04 16:17:53[INFO]com.abubakar.connectify.service.impl.StoryServiceImpl-Viewing story | storyId: 1
2026-06-04 16:17:53[DEBUG]com.abubakar.connectify.util.UserAccessValidator-Validating user access | userId: 6
2026-06-04 16:17:53[DEBUG]com.abubakar.connectify.util.UserAccessValidator-User validation successful | userId: 6
2026-06-04 16:17:53[DEBUG]com.abubakar.connectify.util.AuthUtil-Authenticated active user fetched successfully | userId: 6
2026-06-04 16:17:53[DEBUG]com.abubakar.connectify.util.StoryAccessValidator-Validating active story access | storyId: 1
2026-06-04 16:17:53[DEBUG]com.abubakar.connectify.util.StoryAccessValidator-Fetching story | storyId: 1
2026-06-04 16:17:53[DEBUG]com.abubakar.connectify.util.StoryAccessValidator-Active story validation successful | storyId: 1
2026-06-04 16:17:53[DEBUG]com.abubakar.connectify.service.impl.StoryServiceImpl-Validating story owner account status | ownerId: 1
2026-06-04 16:17:53[DEBUG]com.abubakar.connectify.util.UserAccessValidator-Validating user access | userId: 1
2026-06-04 16:17:53[DEBUG]com.abubakar.connectify.util.UserAccessValidator-User validation successful | userId: 1
2026-06-04 16:17:54[INFO]com.abubakar.connectify.service.impl.StoryServiceImpl-Story viewed successfully | storyId: 1 | viewerId: 6
2026-06-04 16:17:54[INFO]com.abubakar.connectify.configuration.RequestLoggingFilter-POST /api/v1/stories/1/view | Status: 200
2026-06-04 16:18:01[INFO]com.abubakar.connectify.service.impl.CustomUserDetailsService-Authentication request received for email: ahmad@gmail.com
2026-06-04 16:18:01[DEBUG]com.abubakar.connectify.service.impl.CustomUserDetailsService-User loaded successfully with email: ahmad@gmail.com and role: USER
2026-06-04 16:18:01[INFO]com.abubakar.connectify.security.JwtUtils-Token validation result for user ahmad@gmail.com : true
2026-06-04 16:18:01[INFO]com.abubakar.connectify.security.JwtFilter-User authenticated successfully: ahmad@gmail.com
2026-06-04 16:18:01[INFO]com.abubakar.connectify.controller.StoryController-View story api request received | storyId: 4
2026-06-04 16:18:01[INFO]com.abubakar.connectify.service.impl.StoryServiceImpl-Viewing story | storyId: 4
2026-06-04 16:18:01[DEBUG]com.abubakar.connectify.util.UserAccessValidator-Validating user access | userId: 6
2026-06-04 16:18:01[DEBUG]com.abubakar.connectify.util.UserAccessValidator-User validation successful | userId: 6
2026-06-04 16:18:01[DEBUG]com.abubakar.connectify.util.AuthUtil-Authenticated active user fetched successfully | userId: 6
2026-06-04 16:18:01[DEBUG]com.abubakar.connectify.util.StoryAccessValidator-Validating active story access | storyId: 4
2026-06-04 16:18:01[DEBUG]com.abubakar.connectify.util.StoryAccessValidator-Fetching story | storyId: 4
2026-06-04 16:18:01[DEBUG]com.abubakar.connectify.util.StoryAccessValidator-Active story validation successful | storyId: 4
2026-06-04 16:18:01[DEBUG]com.abubakar.connectify.service.impl.StoryServiceImpl-Validating story owner account status | ownerId: 6
2026-06-04 16:18:01[DEBUG]com.abubakar.connectify.util.UserAccessValidator-Validating user access | userId: 6
2026-06-04 16:18:01[DEBUG]com.abubakar.connectify.util.UserAccessValidator-User validation successful | userId: 6
2026-06-04 16:18:01[DEBUG]com.abubakar.connectify.service.impl.StoryServiceImpl-Skipping story view count increment for owner | storyId: 4 | ownerId: 6
2026-06-04 16:18:01[INFO]com.abubakar.connectify.configuration.RequestLoggingFilter-POST /api/v1/stories/4/view | Status: 200
2026-06-04 16:18:14[INFO]com.abubakar.connectify.service.impl.CustomUserDetailsService-Authentication request received for email: ahmad@gmail.com
2026-06-04 16:18:14[DEBUG]com.abubakar.connectify.service.impl.CustomUserDetailsService-User loaded successfully with email: ahmad@gmail.com and role: USER
2026-06-04 16:18:14[INFO]com.abubakar.connectify.security.JwtUtils-Token validation result for user ahmad@gmail.com : true
2026-06-04 16:18:14[INFO]com.abubakar.connectify.security.JwtFilter-User authenticated successfully: ahmad@gmail.com
2026-06-04 16:18:14[INFO]com.abubakar.connectify.controller.StoryController-Get story viewers request received | storyId: 1 | cursor: null | size: 10
2026-06-04 16:18:14[INFO]com.abubakar.connectify.service.impl.StoryServiceImpl-Fetching story viewers | storyId: 1 | cursor: null | size: 10
2026-06-04 16:18:14[DEBUG]com.abubakar.connectify.util.StoryAccessValidator-Validating active story access | storyId: 1
2026-06-04 16:18:14[DEBUG]com.abubakar.connectify.util.StoryAccessValidator-Fetching story | storyId: 1
2026-06-04 16:18:14[DEBUG]com.abubakar.connectify.util.StoryAccessValidator-Active story validation successful | storyId: 1
2026-06-04 16:18:14[DEBUG]com.abubakar.connectify.service.impl.StoryServiceImpl-Validating story ownership for viewers access | ownerId: 1
2026-06-04 16:18:14[DEBUG]com.abubakar.connectify.util.UserAccessValidator-Validating user access | userId: 6
2026-06-04 16:18:14[DEBUG]com.abubakar.connectify.util.UserAccessValidator-User validation successful | userId: 6
2026-06-04 16:18:14[DEBUG]com.abubakar.connectify.util.AuthUtil-Authenticated active user fetched successfully | userId: 6
2026-06-04 16:18:14[ERROR]com.abubakar.connectify.exception.GlobalExceptionHandler-Business exception occurred | errorCode: EMAIL_NOT_FOUND | status: 404 NOT_FOUND | message: You are not authorized to access this story
com.abubakar.connectify.exception.UnauthorizedException: You are not authorized to access this story
	at com.abubakar.connectify.util.OwnershipValidator.validate(OwnershipValidator.java:19)
	at com.abubakar.connectify.service.impl.StoryServiceImpl.getStoryViewers(StoryServiceImpl.java:610)
	at java.base/jdk.internal.reflect.DirectMethodHandleAccessor.invoke(DirectMethodHandleAccessor.java:103)
	at java.base/java.lang.reflect.Method.invoke(Method.java:580)
	at org.springframework.aop.support.AopUtils.invokeJoinpointUsingReflection(AopUtils.java:359)
	at org.springframework.aop.framework.ReflectiveMethodInvocation.invokeJoinpoint(ReflectiveMethodInvocation.java:190)
	at org.springframework.aop.framework.ReflectiveMethodInvocation.proceed(ReflectiveMethodInvocation.java:158)
	at org.springframework.transaction.interceptor.TransactionInterceptor$1.proceedWithInvocation(TransactionInterceptor.java:133)
	at org.springframework.transaction.interceptor.TransactionAspectSupport.invokeWithinTransaction(TransactionAspectSupport.java:371)
	at org.springframework.transaction.interceptor.TransactionInterceptor.invoke(TransactionInterceptor.java:130)
	at org.springframework.aop.framework.ReflectiveMethodInvocation.proceed(ReflectiveMethodInvocation.java:179)
	at org.springframework.aop.framework.CglibAopProxy$DynamicAdvisedInterceptor.intercept(CglibAopProxy.java:719)
	at com.abubakar.connectify.service.impl.StoryServiceImpl$$SpringCGLIB$$0.getStoryViewers(<generated>)
	at com.abubakar.connectify.controller.StoryController.getStoryViewers(StoryController.java:183)
	at java.base/jdk.internal.reflect.DirectMethodHandleAccessor.invoke(DirectMethodHandleAccessor.java:103)
	at java.base/java.lang.reflect.Method.invoke(Method.java:580)
	at org.springframework.web.method.support.InvocableHandlerMethod.doInvoke(InvocableHandlerMethod.java:252)
	at org.springframework.web.method.support.InvocableHandlerMethod.invokeForRequest(InvocableHandlerMethod.java:184)
	at org.springframework.web.servlet.mvc.method.annotation.ServletInvocableHandlerMethod.invokeAndHandle(ServletInvocableHandlerMethod.java:117)
	at org.springframework.web.servlet.mvc.method.annotation.RequestMappingHandlerAdapter.invokeHandlerMethod(RequestMappingHandlerAdapter.java:934)
	at org.springframework.web.servlet.mvc.method.annotation.RequestMappingHandlerAdapter.handleInternal(RequestMappingHandlerAdapter.java:853)
	at org.springframework.web.servlet.mvc.method.AbstractHandlerMethodAdapter.handle(AbstractHandlerMethodAdapter.java:86)
	at org.springframework.web.servlet.DispatcherServlet.doDispatch(DispatcherServlet.java:963)
	at org.springframework.web.servlet.DispatcherServlet.doService(DispatcherServlet.java:866)
	at org.springframework.web.servlet.FrameworkServlet.processRequest(FrameworkServlet.java:1000)
	at org.springframework.web.servlet.FrameworkServlet.doGet(FrameworkServlet.java:892)
	at jakarta.servlet.http.HttpServlet.service(HttpServlet.java:622)
	at org.springframework.web.servlet.FrameworkServlet.service(FrameworkServlet.java:874)
	at jakarta.servlet.http.HttpServlet.service(HttpServlet.java:710)
	at org.apache.catalina.core.ApplicationFilterChain.doFilter(ApplicationFilterChain.java:128)
	at org.apache.tomcat.websocket.server.WsFilter.doFilter(WsFilter.java:53)
	at org.apache.catalina.core.ApplicationFilterChain.doFilter(ApplicationFilterChain.java:107)
	at org.springframework.web.filter.OncePerRequestFilter.doFilter(OncePerRequestFilter.java:110)
	at org.apache.catalina.core.ApplicationFilterChain.doFilter(ApplicationFilterChain.java:107)
	at org.springframework.web.filter.OncePerRequestFilter.doFilter(OncePerRequestFilter.java:110)
	at org.apache.catalina.core.ApplicationFilterChain.doFilter(ApplicationFilterChain.java:107)
	at com.abubakar.connectify.configuration.RequestLoggingFilter.doFilterInternal(RequestLoggingFilter.java:30)
	at org.springframework.web.filter.OncePerRequestFilter.doFilter(OncePerRequestFilter.java:116)
	at org.apache.catalina.core.ApplicationFilterChain.doFilter(ApplicationFilterChain.java:107)
	at org.springframework.web.filter.CompositeFilter$VirtualFilterChain.doFilter(CompositeFilter.java:108)
	at org.springframework.security.web.FilterChainProxy.lambda$doFilterInternal$3(FilterChainProxy.java:235)
	at org.springframework.security.web.FilterChainProxy$VirtualFilterChain.doFilter(FilterChainProxy.java:376)
	at org.springframework.security.web.access.intercept.AuthorizationFilter.doFilter(AuthorizationFilter.java:101)
	at org.springframework.security.web.FilterChainProxy$VirtualFilterChain.doFilter(FilterChainProxy.java:385)
	at org.springframework.security.web.access.ExceptionTranslationFilter.doFilter(ExceptionTranslationFilter.java:126)
	at org.springframework.security.web.access.ExceptionTranslationFilter.doFilter(ExceptionTranslationFilter.java:120)
	at org.springframework.security.web.FilterChainProxy$VirtualFilterChain.doFilter(FilterChainProxy.java:385)
	at org.springframework.security.web.session.SessionManagementFilter.doFilter(SessionManagementFilter.java:132)
	at org.springframework.security.web.session.SessionManagementFilter.doFilter(SessionManagementFilter.java:86)
	at org.springframework.security.web.FilterChainProxy$VirtualFilterChain.doFilter(FilterChainProxy.java:385)
	at org.springframework.security.web.authentication.AnonymousAuthenticationFilter.doFilter(AnonymousAuthenticationFilter.java:100)
	at org.springframework.security.web.FilterChainProxy$VirtualFilterChain.doFilter(FilterChainProxy.java:385)
	at org.springframework.security.web.servletapi.SecurityContextHolderAwareRequestFilter.doFilter(SecurityContextHolderAwareRequestFilter.java:181)
	at org.springframework.security.web.FilterChainProxy$VirtualFilterChain.doFilter(FilterChainProxy.java:385)
	at org.springframework.security.web.savedrequest.RequestCacheAwareFilter.doFilter(RequestCacheAwareFilter.java:63)
	at org.springframework.security.web.FilterChainProxy$VirtualFilterChain.doFilter(FilterChainProxy.java:385)
	at org.springframework.security.web.authentication.ui.DefaultLogoutPageGeneratingFilter.doFilterInternal(DefaultLogoutPageGeneratingFilter.java:60)
	at org.springframework.web.filter.OncePerRequestFilter.doFilter(OncePerRequestFilter.java:116)
	at org.springframework.security.web.FilterChainProxy$VirtualFilterChain.doFilter(FilterChainProxy.java:385)
	at org.springframework.security.web.authentication.ui.DefaultLoginPageGeneratingFilter.doFilter(DefaultLoginPageGeneratingFilter.java:246)
	at org.springframework.security.web.authentication.ui.DefaultLoginPageGeneratingFilter.doFilter(DefaultLoginPageGeneratingFilter.java:232)
	at org.springframework.security.web.FilterChainProxy$VirtualFilterChain.doFilter(FilterChainProxy.java:385)
	at org.springframework.security.web.authentication.ui.DefaultResourcesFilter.doFilter(DefaultResourcesFilter.java:73)
	at org.springframework.security.web.FilterChainProxy$VirtualFilterChain.doFilter(FilterChainProxy.java:385)
	at com.abubakar.connectify.security.JwtFilter.doFilterInternal(JwtFilter.java:141)
	at org.springframework.web.filter.OncePerRequestFilter.doFilter(OncePerRequestFilter.java:116)
	at org.springframework.security.web.FilterChainProxy$VirtualFilterChain.doFilter(FilterChainProxy.java:385)
	at org.springframework.security.web.authentication.AbstractAuthenticationProcessingFilter.doFilter(AbstractAuthenticationProcessingFilter.java:245)
	at org.springframework.security.web.authentication.AbstractAuthenticationProcessingFilter.doFilter(AbstractAuthenticationProcessingFilter.java:239)
	at org.springframework.security.web.FilterChainProxy$VirtualFilterChain.doFilter(FilterChainProxy.java:385)
	at org.springframework.security.oauth2.client.web.OAuth2AuthorizationRequestRedirectFilter.doFilterInternal(OAuth2AuthorizationRequestRedirectFilter.java:195)
	at org.springframework.web.filter.OncePerRequestFilter.doFilter(OncePerRequestFilter.java:116)
	at org.springframework.security.web.FilterChainProxy$VirtualFilterChain.doFilter(FilterChainProxy.java:385)
	at org.springframework.security.web.authentication.logout.LogoutFilter.doFilter(LogoutFilter.java:110)
	at org.springframework.security.web.authentication.logout.LogoutFilter.doFilter(LogoutFilter.java:96)
	at org.springframework.security.web.FilterChainProxy$VirtualFilterChain.doFilter(FilterChainProxy.java:385)
	at org.springframework.web.filter.CorsFilter.doFilterInternal(CorsFilter.java:91)
	at org.springframework.web.filter.OncePerRequestFilter.doFilter(OncePerRequestFilter.java:116)
	at org.springframework.security.web.FilterChainProxy$VirtualFilterChain.doFilter(FilterChainProxy.java:385)
	at org.springframework.security.web.header.HeaderWriterFilter.doHeadersAfter(HeaderWriterFilter.java:90)
	at org.springframework.security.web.header.HeaderWriterFilter.doFilterInternal(HeaderWriterFilter.java:75)
	at org.springframework.web.filter.OncePerRequestFilter.doFilter(OncePerRequestFilter.java:116)
	at org.springframework.security.web.FilterChainProxy$VirtualFilterChain.doFilter(FilterChainProxy.java:385)
	at org.springframework.security.web.context.SecurityContextHolderFilter.doFilter(SecurityContextHolderFilter.java:82)
	at org.springframework.security.web.context.SecurityContextHolderFilter.doFilter(SecurityContextHolderFilter.java:69)
	at org.springframework.security.web.FilterChainProxy$VirtualFilterChain.doFilter(FilterChainProxy.java:385)
	at org.springframework.security.web.context.request.async.WebAsyncManagerIntegrationFilter.doFilterInternal(WebAsyncManagerIntegrationFilter.java:62)
	at org.springframework.web.filter.OncePerRequestFilter.doFilter(OncePerRequestFilter.java:116)
	at org.springframework.security.web.FilterChainProxy$VirtualFilterChain.doFilter(FilterChainProxy.java:385)
	at org.springframework.security.web.session.DisableEncodeUrlFilter.doFilterInternal(DisableEncodeUrlFilter.java:42)
	at org.springframework.web.filter.OncePerRequestFilter.doFilter(OncePerRequestFilter.java:116)
	at org.springframework.security.web.FilterChainProxy$VirtualFilterChain.doFilter(FilterChainProxy.java:385)
	at org.springframework.security.web.FilterChainProxy.doFilterInternal(FilterChainProxy.java:237)
	at org.springframework.security.web.FilterChainProxy.doFilter(FilterChainProxy.java:195)
	at org.springframework.web.filter.CompositeFilter$VirtualFilterChain.doFilter(CompositeFilter.java:113)
	at org.springframework.web.filter.ServletRequestPathFilter.doFilter(ServletRequestPathFilter.java:52)
	at org.springframework.web.filter.CompositeFilter$VirtualFilterChain.doFilter(CompositeFilter.java:113)
	at org.springframework.web.filter.CompositeFilter.doFilter(CompositeFilter.java:74)
	at org.springframework.security.config.annotation.web.configuration.WebSecurityConfiguration$CompositeFilterChainProxy.doFilter(WebSecurityConfiguration.java:317)
	at org.springframework.web.filter.DelegatingFilterProxy.invokeDelegate(DelegatingFilterProxy.java:355)
	at org.springframework.web.filter.DelegatingFilterProxy.doFilter(DelegatingFilterProxy.java:272)
	at org.apache.catalina.core.ApplicationFilterChain.doFilter(ApplicationFilterChain.java:107)
	at org.springframework.web.filter.RequestContextFilter.doFilterInternal(RequestContextFilter.java:100)
	at org.springframework.web.filter.OncePerRequestFilter.doFilter(OncePerRequestFilter.java:116)
	at org.apache.catalina.core.ApplicationFilterChain.doFilter(ApplicationFilterChain.java:107)
	at org.springframework.web.filter.FormContentFilter.doFilterInternal(FormContentFilter.java:93)
	at org.springframework.web.filter.OncePerRequestFilter.doFilter(OncePerRequestFilter.java:116)
	at org.apache.catalina.core.ApplicationFilterChain.doFilter(ApplicationFilterChain.java:107)
	at org.springframework.web.filter.CharacterEncodingFilter.doFilterInternal(CharacterEncodingFilter.java:199)
	at org.springframework.web.filter.OncePerRequestFilter.doFilter(OncePerRequestFilter.java:116)
	at org.apache.catalina.core.ApplicationFilterChain.doFilter(ApplicationFilterChain.java:107)
	at org.apache.catalina.core.StandardWrapperValve.invoke(StandardWrapperValve.java:165)
	at org.apache.catalina.core.StandardContextValve.invoke(StandardContextValve.java:77)
	at org.apache.catalina.authenticator.AuthenticatorBase.invoke(AuthenticatorBase.java:492)
	at org.apache.catalina.core.StandardHostValve.invoke(StandardHostValve.java:113)
	at org.apache.catalina.valves.ErrorReportValve.invoke(ErrorReportValve.java:83)
	at org.apache.catalina.core.StandardEngineValve.invoke(StandardEngineValve.java:72)
	at org.apache.catalina.connector.CoyoteAdapter.service(CoyoteAdapter.java:341)
	at org.apache.coyote.http11.Http11Processor.service(Http11Processor.java:397)
	at org.apache.coyote.AbstractProcessorLight.process(AbstractProcessorLight.java:63)
	at org.apache.coyote.AbstractProtocol$ConnectionHandler.process(AbstractProtocol.java:903)
	at org.apache.tomcat.util.net.NioEndpoint$SocketProcessor.doRun(NioEndpoint.java:1801)
	at org.apache.tomcat.util.net.SocketProcessorBase.run(SocketProcessorBase.java:52)
	at org.apache.tomcat.util.threads.ThreadPoolExecutor.runWorker(ThreadPoolExecutor.java:946)
	at org.apache.tomcat.util.threads.ThreadPoolExecutor$Worker.run(ThreadPoolExecutor.java:480)
	at org.apache.tomcat.util.threads.TaskThread$WrappingRunnable.run(TaskThread.java:57)
	at java.base/java.lang.Thread.run(Thread.java:1583)
2026-06-04 16:18:14[INFO]com.abubakar.connectify.configuration.RequestLoggingFilter-GET /api/v1/stories/1/viewers | Status: 404
2026-06-04 16:18:26[INFO]com.abubakar.connectify.service.impl.CustomUserDetailsService-Authentication request received for email: ahmad@gmail.com
2026-06-04 16:18:26[DEBUG]com.abubakar.connectify.service.impl.CustomUserDetailsService-User loaded successfully with email: ahmad@gmail.com and role: USER
2026-06-04 16:18:26[INFO]com.abubakar.connectify.security.JwtUtils-Token validation result for user ahmad@gmail.com : true
2026-06-04 16:18:26[INFO]com.abubakar.connectify.security.JwtFilter-User authenticated successfully: ahmad@gmail.com
2026-06-04 16:18:26[INFO]com.abubakar.connectify.controller.StoryController-Get active stories api request received | cursor: null | size: 10
2026-06-04 16:18:26[INFO]com.abubakar.connectify.service.impl.StoryServiceImpl-Fetching active stories | cursor: null | size: 10
2026-06-04 16:18:26[DEBUG]com.abubakar.connectify.util.UserAccessValidator-Validating user access | userId: 6
2026-06-04 16:18:26[DEBUG]com.abubakar.connectify.util.UserAccessValidator-User validation successful | userId: 6
2026-06-04 16:18:26[DEBUG]com.abubakar.connectify.util.AuthUtil-Authenticated active user fetched successfully | userId: 6
2026-06-04 16:18:26[DEBUG]com.abubakar.connectify.service.impl.StoryServiceImpl-Validating story owner account status while getting active stories | ownerId: 6
2026-06-04 16:18:26[DEBUG]com.abubakar.connectify.util.UserAccessValidator-Validating user access | userId: 6
2026-06-04 16:18:26[DEBUG]com.abubakar.connectify.util.UserAccessValidator-User validation successful | userId: 6
2026-06-04 16:18:26[INFO]com.abubakar.connectify.service.impl.StoryServiceImpl-Active stories fetched successfully | count: 4
2026-06-04 16:18:26[INFO]com.abubakar.connectify.configuration.RequestLoggingFilter-GET /api/v1/stories | Status: 200
2026-06-04 16:19:14[INFO]com.abubakar.connectify.service.impl.CustomUserDetailsService-Authentication request received for email: ahmad@gmail.com
2026-06-04 16:19:14[DEBUG]com.abubakar.connectify.service.impl.CustomUserDetailsService-User loaded successfully with email: ahmad@gmail.com and role: USER
2026-06-04 16:19:14[INFO]com.abubakar.connectify.security.JwtUtils-Token validation result for user ahmad@gmail.com : true
2026-06-04 16:19:14[INFO]com.abubakar.connectify.security.JwtFilter-User authenticated successfully: ahmad@gmail.com
2026-06-04 16:19:14[INFO]com.abubakar.connectify.controller.StoryController-React story api request received | storyId: 1
2026-06-04 16:19:14[INFO]com.abubakar.connectify.service.impl.StoryServiceImpl-Reacting to story | storyId: 1
2026-06-04 16:19:14[DEBUG]com.abubakar.connectify.util.UserAccessValidator-Validating user access | userId: 6
2026-06-04 16:19:14[DEBUG]com.abubakar.connectify.util.UserAccessValidator-User validation successful | userId: 6
2026-06-04 16:19:14[DEBUG]com.abubakar.connectify.util.AuthUtil-Authenticated active user fetched successfully | userId: 6
2026-06-04 16:19:14[DEBUG]com.abubakar.connectify.util.StoryAccessValidator-Validating active story access | storyId: 1
2026-06-04 16:19:14[DEBUG]com.abubakar.connectify.util.StoryAccessValidator-Fetching story | storyId: 1
2026-06-04 16:19:14[DEBUG]com.abubakar.connectify.util.StoryAccessValidator-Active story validation successful | storyId: 1
2026-06-04 16:19:14[DEBUG]com.abubakar.connectify.service.impl.StoryServiceImpl-Validating story owner account before reaction | ownerId: 1
2026-06-04 16:19:14[DEBUG]com.abubakar.connectify.util.UserAccessValidator-Validating user access | userId: 1
2026-06-04 16:19:14[DEBUG]com.abubakar.connectify.util.UserAccessValidator-User validation successful | userId: 1
2026-06-04 16:19:14[INFO]com.abubakar.connectify.service.impl.NotificationServiceImpl-Creating notification | receiverId: 1 | senderId: 6
2026-06-04 16:19:14[DEBUG]com.abubakar.connectify.util.UserAccessValidator-Validating user access | userId: 1
2026-06-04 16:19:14[DEBUG]com.abubakar.connectify.util.UserAccessValidator-User validation successful | userId: 1
2026-06-04 16:19:14[DEBUG]com.abubakar.connectify.util.UserAccessValidator-Validating user access | userId: 6
2026-06-04 16:19:14[DEBUG]com.abubakar.connectify.util.UserAccessValidator-User validation successful | userId: 6
2026-06-04 16:19:14[INFO]com.abubakar.connectify.service.impl.NotificationServiceImpl-Notification created successfully
| receiverId: 1
| senderId: 6
| type: STORY_REACTION

2026-06-04 16:19:14[INFO]com.abubakar.connectify.service.impl.StoryServiceImpl-Story reaction added successfully | storyId: 1 | userId: 6
2026-06-04 16:19:14[INFO]com.abubakar.connectify.configuration.RequestLoggingFilter-POST /api/v1/stories/1/react | Status: 200
2026-06-04 16:19:21[INFO]com.abubakar.connectify.service.impl.CustomUserDetailsService-Authentication request received for email: ahmad@gmail.com
2026-06-04 16:19:21[DEBUG]com.abubakar.connectify.service.impl.CustomUserDetailsService-User loaded successfully with email: ahmad@gmail.com and role: USER
2026-06-04 16:19:21[INFO]com.abubakar.connectify.security.JwtUtils-Token validation result for user ahmad@gmail.com : true
2026-06-04 16:19:21[INFO]com.abubakar.connectify.security.JwtFilter-User authenticated successfully: ahmad@gmail.com
2026-06-04 16:19:21[INFO]com.abubakar.connectify.controller.StoryController-Get active stories api request received | cursor: null | size: 10
2026-06-04 16:19:21[INFO]com.abubakar.connectify.service.impl.StoryServiceImpl-Fetching active stories | cursor: null | size: 10
2026-06-04 16:19:21[DEBUG]com.abubakar.connectify.util.UserAccessValidator-Validating user access | userId: 6
2026-06-04 16:19:21[DEBUG]com.abubakar.connectify.util.UserAccessValidator-User validation successful | userId: 6
2026-06-04 16:19:21[DEBUG]com.abubakar.connectify.util.AuthUtil-Authenticated active user fetched successfully | userId: 6
2026-06-04 16:19:21[DEBUG]com.abubakar.connectify.service.impl.StoryServiceImpl-Validating story owner account status while getting active stories | ownerId: 6
2026-06-04 16:19:21[DEBUG]com.abubakar.connectify.util.UserAccessValidator-Validating user access | userId: 6
2026-06-04 16:19:21[DEBUG]com.abubakar.connectify.util.UserAccessValidator-User validation successful | userId: 6
2026-06-04 16:19:21[INFO]com.abubakar.connectify.service.impl.StoryServiceImpl-Active stories fetched successfully | count: 4
2026-06-04 16:19:21[INFO]com.abubakar.connectify.configuration.RequestLoggingFilter-GET /api/v1/stories | Status: 200
2026-06-04 16:20:02[INFO]com.abubakar.connectify.controller.AuthController-Login Api initiated for: abu@gmail.com
2026-06-04 16:20:02[DEBUG]com.abubakar.connectify.service.impl.AuthServiceImpl-Starting login | email: abu@gmail.com
2026-06-04 16:20:02[INFO]com.abubakar.connectify.service.impl.CustomUserDetailsService-Authentication request received for email: abu@gmail.com
2026-06-04 16:20:02[DEBUG]com.abubakar.connectify.service.impl.CustomUserDetailsService-User loaded successfully with email: abu@gmail.com and role: USER
2026-06-04 16:20:02[INFO]com.abubakar.connectify.security.JwtUtils-Generating token for user: abu@gmail.com
2026-06-04 16:20:02[INFO]com.abubakar.connectify.service.impl.RefreshTokenServiceImpl-Refresh token created/updated | userId: 1
2026-06-04 16:20:02[INFO]com.abubakar.connectify.service.impl.AuthServiceImpl-Login successful | userId: 1 | email: abu@gmail.com
2026-06-04 16:20:02[INFO]com.abubakar.connectify.configuration.RequestLoggingFilter-POST /api/v1/auth/login | Status: 200
2026-06-04 16:20:43[INFO]com.abubakar.connectify.service.impl.CustomUserDetailsService-Authentication request received for email: abu@gmail.com
2026-06-04 16:20:43[DEBUG]com.abubakar.connectify.service.impl.CustomUserDetailsService-User loaded successfully with email: abu@gmail.com and role: USER
2026-06-04 16:20:43[INFO]com.abubakar.connectify.security.JwtUtils-Token validation result for user abu@gmail.com : true
2026-06-04 16:20:43[INFO]com.abubakar.connectify.security.JwtFilter-User authenticated successfully: abu@gmail.com
2026-06-04 16:20:43[INFO]com.abubakar.connectify.controller.AuthController-Fetching Current User Api initiated.
2026-06-04 16:20:43[DEBUG]com.abubakar.connectify.service.impl.AuthServiceImpl-Fetching current user
2026-06-04 16:20:43[DEBUG]com.abubakar.connectify.util.UserAccessValidator-Validating user access | userId: 1
2026-06-04 16:20:43[DEBUG]com.abubakar.connectify.util.UserAccessValidator-User validation successful | userId: 1
2026-06-04 16:20:43[DEBUG]com.abubakar.connectify.util.AuthUtil-Authenticated active user fetched successfully | userId: 1
2026-06-04 16:20:43[INFO]com.abubakar.connectify.service.impl.AuthServiceImpl-Current user fetched successfully | userId: 1
2026-06-04 16:20:43[INFO]com.abubakar.connectify.configuration.RequestLoggingFilter-GET /api/v1/auth/me | Status: 200
2026-06-04 16:21:03[INFO]com.abubakar.connectify.service.impl.CustomUserDetailsService-Authentication request received for email: abu@gmail.com
2026-06-04 16:21:03[DEBUG]com.abubakar.connectify.service.impl.CustomUserDetailsService-User loaded successfully with email: abu@gmail.com and role: USER
2026-06-04 16:21:03[INFO]com.abubakar.connectify.security.JwtUtils-Token validation result for user abu@gmail.com : true
2026-06-04 16:21:03[INFO]com.abubakar.connectify.security.JwtFilter-User authenticated successfully: abu@gmail.com
2026-06-04 16:21:03[INFO]com.abubakar.connectify.controller.StoryController-Get my stories request received | cursor: null | size: 10
2026-06-04 16:21:03[DEBUG]com.abubakar.connectify.util.UserAccessValidator-Validating user access | userId: 1
2026-06-04 16:21:03[DEBUG]com.abubakar.connectify.util.UserAccessValidator-User validation successful | userId: 1
2026-06-04 16:21:03[DEBUG]com.abubakar.connectify.util.AuthUtil-Authenticated active user fetched successfully | userId: 1
2026-06-04 16:21:03[INFO]com.abubakar.connectify.service.impl.StoryServiceImpl-Fetching current user stories | userId: 1 | cursor: null | size: 10
2026-06-04 16:21:03[INFO]com.abubakar.connectify.service.impl.StoryServiceImpl-Current user stories fetched successfully | userId: 1 | storyCount: 3
2026-06-04 16:21:03[INFO]com.abubakar.connectify.configuration.RequestLoggingFilter-GET /api/v1/stories/me | Status: 200
2026-06-04 16:21:37[INFO]com.abubakar.connectify.service.impl.CustomUserDetailsService-Authentication request received for email: abu@gmail.com
2026-06-04 16:21:37[DEBUG]com.abubakar.connectify.service.impl.CustomUserDetailsService-User loaded successfully with email: abu@gmail.com and role: USER
2026-06-04 16:21:37[INFO]com.abubakar.connectify.security.JwtUtils-Token validation result for user abu@gmail.com : true
2026-06-04 16:21:37[INFO]com.abubakar.connectify.security.JwtFilter-User authenticated successfully: abu@gmail.com
2026-06-04 16:21:37[INFO]com.abubakar.connectify.controller.StoryController-View story api request received | storyId: 1
2026-06-04 16:21:37[INFO]com.abubakar.connectify.service.impl.StoryServiceImpl-Viewing story | storyId: 1
2026-06-04 16:21:37[DEBUG]com.abubakar.connectify.util.UserAccessValidator-Validating user access | userId: 1
2026-06-04 16:21:37[DEBUG]com.abubakar.connectify.util.UserAccessValidator-User validation successful | userId: 1
2026-06-04 16:21:37[DEBUG]com.abubakar.connectify.util.AuthUtil-Authenticated active user fetched successfully | userId: 1
2026-06-04 16:21:37[DEBUG]com.abubakar.connectify.util.StoryAccessValidator-Validating active story access | storyId: 1
2026-06-04 16:21:37[DEBUG]com.abubakar.connectify.util.StoryAccessValidator-Fetching story | storyId: 1
2026-06-04 16:21:37[DEBUG]com.abubakar.connectify.util.StoryAccessValidator-Active story validation successful | storyId: 1
2026-06-04 16:21:37[DEBUG]com.abubakar.connectify.service.impl.StoryServiceImpl-Validating story owner account status | ownerId: 1
2026-06-04 16:21:37[DEBUG]com.abubakar.connectify.util.UserAccessValidator-Validating user access | userId: 1
2026-06-04 16:21:37[DEBUG]com.abubakar.connectify.util.UserAccessValidator-User validation successful | userId: 1
2026-06-04 16:21:37[DEBUG]com.abubakar.connectify.service.impl.StoryServiceImpl-Skipping story view count increment for owner | storyId: 1 | ownerId: 1
2026-06-04 16:21:37[INFO]com.abubakar.connectify.configuration.RequestLoggingFilter-POST /api/v1/stories/1/view | Status: 200
2026-06-04 16:21:45[INFO]com.abubakar.connectify.service.impl.CustomUserDetailsService-Authentication request received for email: abu@gmail.com
2026-06-04 16:21:45[DEBUG]com.abubakar.connectify.service.impl.CustomUserDetailsService-User loaded successfully with email: abu@gmail.com and role: USER
2026-06-04 16:21:45[INFO]com.abubakar.connectify.security.JwtUtils-Token validation result for user abu@gmail.com : true
2026-06-04 16:21:45[INFO]com.abubakar.connectify.security.JwtFilter-User authenticated successfully: abu@gmail.com
2026-06-04 16:21:45[INFO]com.abubakar.connectify.controller.StoryController-Get my stories request received | cursor: null | size: 10
2026-06-04 16:21:45[DEBUG]com.abubakar.connectify.util.UserAccessValidator-Validating user access | userId: 1
2026-06-04 16:21:45[DEBUG]com.abubakar.connectify.util.UserAccessValidator-User validation successful | userId: 1
2026-06-04 16:21:45[DEBUG]com.abubakar.connectify.util.AuthUtil-Authenticated active user fetched successfully | userId: 1
2026-06-04 16:21:45[INFO]com.abubakar.connectify.service.impl.StoryServiceImpl-Fetching current user stories | userId: 1 | cursor: null | size: 10
2026-06-04 16:21:45[INFO]com.abubakar.connectify.service.impl.StoryServiceImpl-Current user stories fetched successfully | userId: 1 | storyCount: 3
2026-06-04 16:21:46[INFO]com.abubakar.connectify.configuration.RequestLoggingFilter-GET /api/v1/stories/me | Status: 200
2026-06-04 16:21:52[INFO]com.abubakar.connectify.service.impl.CustomUserDetailsService-Authentication request received for email: abu@gmail.com
2026-06-04 16:21:52[DEBUG]com.abubakar.connectify.service.impl.CustomUserDetailsService-User loaded successfully with email: abu@gmail.com and role: USER
2026-06-04 16:21:52[INFO]com.abubakar.connectify.security.JwtUtils-Token validation result for user abu@gmail.com : true
2026-06-04 16:21:52[INFO]com.abubakar.connectify.security.JwtFilter-User authenticated successfully: abu@gmail.com
2026-06-04 16:21:52[INFO]com.abubakar.connectify.controller.StoryController-Get my stories request received | cursor: null | size: 10
2026-06-04 16:21:52[DEBUG]com.abubakar.connectify.util.UserAccessValidator-Validating user access | userId: 1
2026-06-04 16:21:52[DEBUG]com.abubakar.connectify.util.UserAccessValidator-User validation successful | userId: 1
2026-06-04 16:21:52[DEBUG]com.abubakar.connectify.util.AuthUtil-Authenticated active user fetched successfully | userId: 1
2026-06-04 16:21:52[INFO]com.abubakar.connectify.service.impl.StoryServiceImpl-Fetching current user stories | userId: 1 | cursor: null | size: 10
2026-06-04 16:21:52[INFO]com.abubakar.connectify.service.impl.StoryServiceImpl-Current user stories fetched successfully | userId: 1 | storyCount: 3
2026-06-04 16:21:52[INFO]com.abubakar.connectify.configuration.RequestLoggingFilter-GET /api/v1/stories/me | Status: 200
2026-06-04 16:22:03[INFO]com.abubakar.connectify.service.impl.CustomUserDetailsService-Authentication request received for email: abu@gmail.com
2026-06-04 16:22:03[DEBUG]com.abubakar.connectify.service.impl.CustomUserDetailsService-User loaded successfully with email: abu@gmail.com and role: USER
2026-06-04 16:22:03[INFO]com.abubakar.connectify.security.JwtUtils-Token validation result for user abu@gmail.com : true
2026-06-04 16:22:03[INFO]com.abubakar.connectify.security.JwtFilter-User authenticated successfully: abu@gmail.com
2026-06-04 16:22:03[INFO]com.abubakar.connectify.controller.StoryController-View story api request received | storyId: 1
2026-06-04 16:22:03[INFO]com.abubakar.connectify.service.impl.StoryServiceImpl-Viewing story | storyId: 1
2026-06-04 16:22:03[DEBUG]com.abubakar.connectify.util.UserAccessValidator-Validating user access | userId: 1
2026-06-04 16:22:03[DEBUG]com.abubakar.connectify.util.UserAccessValidator-User validation successful | userId: 1
2026-06-04 16:22:03[DEBUG]com.abubakar.connectify.util.AuthUtil-Authenticated active user fetched successfully | userId: 1
2026-06-04 16:22:03[DEBUG]com.abubakar.connectify.util.StoryAccessValidator-Validating active story access | storyId: 1
2026-06-04 16:22:03[DEBUG]com.abubakar.connectify.util.StoryAccessValidator-Fetching story | storyId: 1
2026-06-04 16:22:03[DEBUG]com.abubakar.connectify.util.StoryAccessValidator-Active story validation successful | storyId: 1
2026-06-04 16:22:03[DEBUG]com.abubakar.connectify.service.impl.StoryServiceImpl-Validating story owner account status | ownerId: 1
2026-06-04 16:22:03[DEBUG]com.abubakar.connectify.util.UserAccessValidator-Validating user access | userId: 1
2026-06-04 16:22:03[DEBUG]com.abubakar.connectify.util.UserAccessValidator-User validation successful | userId: 1
2026-06-04 16:22:03[DEBUG]com.abubakar.connectify.service.impl.StoryServiceImpl-Skipping story view count increment for owner | storyId: 1 | ownerId: 1
2026-06-04 16:22:03[INFO]com.abubakar.connectify.configuration.RequestLoggingFilter-POST /api/v1/stories/1/view | Status: 200
2026-06-04 16:22:11[INFO]com.abubakar.connectify.service.impl.CustomUserDetailsService-Authentication request received for email: abu@gmail.com
2026-06-04 16:22:11[DEBUG]com.abubakar.connectify.service.impl.CustomUserDetailsService-User loaded successfully with email: abu@gmail.com and role: USER
2026-06-04 16:22:11[INFO]com.abubakar.connectify.security.JwtUtils-Token validation result for user abu@gmail.com : true
2026-06-04 16:22:11[INFO]com.abubakar.connectify.security.JwtFilter-User authenticated successfully: abu@gmail.com
2026-06-04 16:22:11[INFO]com.abubakar.connectify.controller.StoryController-Get my stories request received | cursor: null | size: 10
2026-06-04 16:22:11[DEBUG]com.abubakar.connectify.util.UserAccessValidator-Validating user access | userId: 1
2026-06-04 16:22:11[DEBUG]com.abubakar.connectify.util.UserAccessValidator-User validation successful | userId: 1
2026-06-04 16:22:11[DEBUG]com.abubakar.connectify.util.AuthUtil-Authenticated active user fetched successfully | userId: 1
2026-06-04 16:22:11[INFO]com.abubakar.connectify.service.impl.StoryServiceImpl-Fetching current user stories | userId: 1 | cursor: null | size: 10
2026-06-04 16:22:11[INFO]com.abubakar.connectify.service.impl.StoryServiceImpl-Current user stories fetched successfully | userId: 1 | storyCount: 3
2026-06-04 16:22:11[INFO]com.abubakar.connectify.configuration.RequestLoggingFilter-GET /api/v1/stories/me | Status: 200
2026-06-04 16:23:47[INFO]com.abubakar.connectify.scheduler.StoryCleanupScheduler-Running story cleanup job
2026-06-04 16:23:47[INFO]com.abubakar.connectify.scheduler.StoryCleanupScheduler-Expired stories found: 0
2026-06-04 16:23:47[INFO]com.abubakar.connectify.scheduler.StoryCleanupScheduler-Story cleanup completed
2026-06-04 16:24:25[INFO]com.abubakar.connectify.service.impl.CustomUserDetailsService-Authentication request received for email: abu@gmail.com
2026-06-04 16:24:25[DEBUG]com.abubakar.connectify.service.impl.CustomUserDetailsService-User loaded successfully with email: abu@gmail.com and role: USER
2026-06-04 16:24:25[INFO]com.abubakar.connectify.security.JwtUtils-Token validation result for user abu@gmail.com : true
2026-06-04 16:24:25[INFO]com.abubakar.connectify.security.JwtFilter-User authenticated successfully: abu@gmail.com
2026-06-04 16:24:25[INFO]com.abubakar.connectify.controller.StoryController-View story api request received | storyId: 4
2026-06-04 16:24:25[INFO]com.abubakar.connectify.service.impl.StoryServiceImpl-Viewing story | storyId: 4
2026-06-04 16:24:25[DEBUG]com.abubakar.connectify.util.UserAccessValidator-Validating user access | userId: 1
2026-06-04 16:24:25[DEBUG]com.abubakar.connectify.util.UserAccessValidator-User validation successful | userId: 1
2026-06-04 16:24:25[DEBUG]com.abubakar.connectify.util.AuthUtil-Authenticated active user fetched successfully | userId: 1
2026-06-04 16:24:25[DEBUG]com.abubakar.connectify.util.StoryAccessValidator-Validating active story access | storyId: 4
2026-06-04 16:24:25[DEBUG]com.abubakar.connectify.util.StoryAccessValidator-Fetching story | storyId: 4
2026-06-04 16:24:25[DEBUG]com.abubakar.connectify.util.StoryAccessValidator-Active story validation successful | storyId: 4
2026-06-04 16:24:25[DEBUG]com.abubakar.connectify.service.impl.StoryServiceImpl-Validating story owner account status | ownerId: 6
2026-06-04 16:24:25[DEBUG]com.abubakar.connectify.util.UserAccessValidator-Validating user access | userId: 6
2026-06-04 16:24:25[DEBUG]com.abubakar.connectify.util.UserAccessValidator-User validation successful | userId: 6
2026-06-04 16:24:26[INFO]com.abubakar.connectify.service.impl.StoryServiceImpl-Story viewed successfully | storyId: 4 | viewerId: 1
2026-06-04 16:24:26[INFO]com.abubakar.connectify.configuration.RequestLoggingFilter-POST /api/v1/stories/4/view | Status: 200
2026-06-04 16:24:30[INFO]com.abubakar.connectify.service.impl.CustomUserDetailsService-Authentication request received for email: abu@gmail.com
2026-06-04 16:24:30[DEBUG]com.abubakar.connectify.service.impl.CustomUserDetailsService-User loaded successfully with email: abu@gmail.com and role: USER
2026-06-04 16:24:30[INFO]com.abubakar.connectify.security.JwtUtils-Token validation result for user abu@gmail.com : true
2026-06-04 16:24:30[INFO]com.abubakar.connectify.security.JwtFilter-User authenticated successfully: abu@gmail.com
2026-06-04 16:24:30[INFO]com.abubakar.connectify.controller.StoryController-View story api request received | storyId: 4
2026-06-04 16:24:30[INFO]com.abubakar.connectify.service.impl.StoryServiceImpl-Viewing story | storyId: 4
2026-06-04 16:24:30[DEBUG]com.abubakar.connectify.util.UserAccessValidator-Validating user access | userId: 1
2026-06-04 16:24:30[DEBUG]com.abubakar.connectify.util.UserAccessValidator-User validation successful | userId: 1
2026-06-04 16:24:30[DEBUG]com.abubakar.connectify.util.AuthUtil-Authenticated active user fetched successfully | userId: 1
2026-06-04 16:24:30[DEBUG]com.abubakar.connectify.util.StoryAccessValidator-Validating active story access | storyId: 4
2026-06-04 16:24:30[DEBUG]com.abubakar.connectify.util.StoryAccessValidator-Fetching story | storyId: 4
2026-06-04 16:24:30[DEBUG]com.abubakar.connectify.util.StoryAccessValidator-Active story validation successful | storyId: 4
2026-06-04 16:24:30[DEBUG]com.abubakar.connectify.service.impl.StoryServiceImpl-Validating story owner account status | ownerId: 6
2026-06-04 16:24:30[DEBUG]com.abubakar.connectify.util.UserAccessValidator-Validating user access | userId: 6
2026-06-04 16:24:30[DEBUG]com.abubakar.connectify.util.UserAccessValidator-User validation successful | userId: 6
2026-06-04 16:24:30[INFO]com.abubakar.connectify.configuration.RequestLoggingFilter-POST /api/v1/stories/4/view | Status: 200
2026-06-04 16:24:38[INFO]com.abubakar.connectify.service.impl.CustomUserDetailsService-Authentication request received for email: abu@gmail.com
2026-06-04 16:24:38[DEBUG]com.abubakar.connectify.service.impl.CustomUserDetailsService-User loaded successfully with email: abu@gmail.com and role: USER
2026-06-04 16:24:38[INFO]com.abubakar.connectify.security.JwtUtils-Token validation result for user abu@gmail.com : true
2026-06-04 16:24:38[INFO]com.abubakar.connectify.security.JwtFilter-User authenticated successfully: abu@gmail.com
2026-06-04 16:24:38[INFO]com.abubakar.connectify.controller.StoryController-Get active stories api request received | cursor: null | size: 10
2026-06-04 16:24:38[INFO]com.abubakar.connectify.service.impl.StoryServiceImpl-Fetching active stories | cursor: null | size: 10
2026-06-04 16:24:38[DEBUG]com.abubakar.connectify.util.UserAccessValidator-Validating user access | userId: 1
2026-06-04 16:24:38[DEBUG]com.abubakar.connectify.util.UserAccessValidator-User validation successful | userId: 1
2026-06-04 16:24:38[DEBUG]com.abubakar.connectify.util.AuthUtil-Authenticated active user fetched successfully | userId: 1
2026-06-04 16:24:38[DEBUG]com.abubakar.connectify.service.impl.StoryServiceImpl-Validating story owner account status while getting active stories | ownerId: 1
2026-06-04 16:24:38[DEBUG]com.abubakar.connectify.util.UserAccessValidator-Validating user access | userId: 1
2026-06-04 16:24:38[DEBUG]com.abubakar.connectify.util.UserAccessValidator-User validation successful | userId: 1
2026-06-04 16:24:38[INFO]com.abubakar.connectify.service.impl.StoryServiceImpl-Active stories fetched successfully | count: 4
2026-06-04 16:24:38[INFO]com.abubakar.connectify.configuration.RequestLoggingFilter-GET /api/v1/stories | Status: 200
2026-06-04 16:24:56[INFO]com.abubakar.connectify.service.impl.CustomUserDetailsService-Authentication request received for email: abu@gmail.com
2026-06-04 16:24:56[DEBUG]com.abubakar.connectify.service.impl.CustomUserDetailsService-User loaded successfully with email: abu@gmail.com and role: USER
2026-06-04 16:24:56[INFO]com.abubakar.connectify.security.JwtUtils-Token validation result for user abu@gmail.com : true
2026-06-04 16:24:56[INFO]com.abubakar.connectify.security.JwtFilter-User authenticated successfully: abu@gmail.com
2026-06-04 16:24:56[INFO]com.abubakar.connectify.controller.StoryController-Get my stories request received | cursor: null | size: 10
2026-06-04 16:24:56[DEBUG]com.abubakar.connectify.util.UserAccessValidator-Validating user access | userId: 1
2026-06-04 16:24:56[DEBUG]com.abubakar.connectify.util.UserAccessValidator-User validation successful | userId: 1
2026-06-04 16:24:56[DEBUG]com.abubakar.connectify.util.AuthUtil-Authenticated active user fetched successfully | userId: 1
2026-06-04 16:24:56[INFO]com.abubakar.connectify.service.impl.StoryServiceImpl-Fetching current user stories | userId: 1 | cursor: null | size: 10
2026-06-04 16:24:56[INFO]com.abubakar.connectify.service.impl.StoryServiceImpl-Current user stories fetched successfully | userId: 1 | storyCount: 3
2026-06-04 16:24:56[INFO]com.abubakar.connectify.configuration.RequestLoggingFilter-GET /api/v1/stories/me | Status: 200
2026-06-04 16:27:13[INFO]com.abubakar.connectify.service.impl.CustomUserDetailsService-Authentication request received for email: abu@gmail.com
2026-06-04 16:27:13[DEBUG]com.abubakar.connectify.service.impl.CustomUserDetailsService-User loaded successfully with email: abu@gmail.com and role: USER
2026-06-04 16:27:13[INFO]com.abubakar.connectify.security.JwtUtils-Token validation result for user abu@gmail.com : true
2026-06-04 16:27:13[INFO]com.abubakar.connectify.security.JwtFilter-User authenticated successfully: abu@gmail.com
2026-06-04 16:27:13[INFO]com.abubakar.connectify.controller.StoryController-Delete story api request received | storyId: 4
2026-06-04 16:27:13[INFO]com.abubakar.connectify.service.impl.StoryServiceImpl-Deleting story | storyId: 4
2026-06-04 16:27:13[DEBUG]com.abubakar.connectify.util.UserAccessValidator-Validating user access | userId: 1
2026-06-04 16:27:13[DEBUG]com.abubakar.connectify.util.UserAccessValidator-User validation successful | userId: 1
2026-06-04 16:27:13[DEBUG]com.abubakar.connectify.util.AuthUtil-Authenticated active user fetched successfully | userId: 1
2026-06-04 16:27:13[DEBUG]com.abubakar.connectify.util.StoryAccessValidator-Fetching story | storyId: 4
2026-06-04 16:27:13[DEBUG]com.abubakar.connectify.service.impl.StoryServiceImpl-Validating story ownership for deletion | ownerId: 6 | requesterId: 1
2026-06-04 16:27:13[ERROR]com.abubakar.connectify.exception.GlobalExceptionHandler-Business exception occurred | errorCode: EMAIL_NOT_FOUND | status: 404 NOT_FOUND | message: You are not authorized to access this story
com.abubakar.connectify.exception.UnauthorizedException: You are not authorized to access this story
	at com.abubakar.connectify.util.OwnershipValidator.validate(OwnershipValidator.java:19)
	at com.abubakar.connectify.service.impl.StoryServiceImpl.deleteStory(StoryServiceImpl.java:559)
	at java.base/jdk.internal.reflect.DirectMethodHandleAccessor.invoke(DirectMethodHandleAccessor.java:103)
	at java.base/java.lang.reflect.Method.invoke(Method.java:580)
	at org.springframework.aop.support.AopUtils.invokeJoinpointUsingReflection(AopUtils.java:359)
	at org.springframework.aop.framework.ReflectiveMethodInvocation.invokeJoinpoint(ReflectiveMethodInvocation.java:190)
	at org.springframework.aop.framework.ReflectiveMethodInvocation.proceed(ReflectiveMethodInvocation.java:158)
	at org.springframework.transaction.interceptor.TransactionInterceptor$1.proceedWithInvocation(TransactionInterceptor.java:133)
	at org.springframework.transaction.interceptor.TransactionAspectSupport.invokeWithinTransaction(TransactionAspectSupport.java:371)
	at org.springframework.transaction.interceptor.TransactionInterceptor.invoke(TransactionInterceptor.java:130)
	at org.springframework.aop.framework.ReflectiveMethodInvocation.proceed(ReflectiveMethodInvocation.java:179)
	at org.springframework.aop.framework.CglibAopProxy$DynamicAdvisedInterceptor.intercept(CglibAopProxy.java:719)
	at com.abubakar.connectify.service.impl.StoryServiceImpl$$SpringCGLIB$$0.deleteStory(<generated>)
	at com.abubakar.connectify.controller.StoryController.deleteStory(StoryController.java:155)
	at java.base/jdk.internal.reflect.DirectMethodHandleAccessor.invoke(DirectMethodHandleAccessor.java:103)
	at java.base/java.lang.reflect.Method.invoke(Method.java:580)
	at org.springframework.web.method.support.InvocableHandlerMethod.doInvoke(InvocableHandlerMethod.java:252)
	at org.springframework.web.method.support.InvocableHandlerMethod.invokeForRequest(InvocableHandlerMethod.java:184)
	at org.springframework.web.servlet.mvc.method.annotation.ServletInvocableHandlerMethod.invokeAndHandle(ServletInvocableHandlerMethod.java:117)
	at org.springframework.web.servlet.mvc.method.annotation.RequestMappingHandlerAdapter.invokeHandlerMethod(RequestMappingHandlerAdapter.java:934)
	at org.springframework.web.servlet.mvc.method.annotation.RequestMappingHandlerAdapter.handleInternal(RequestMappingHandlerAdapter.java:853)
	at org.springframework.web.servlet.mvc.method.AbstractHandlerMethodAdapter.handle(AbstractHandlerMethodAdapter.java:86)
	at org.springframework.web.servlet.DispatcherServlet.doDispatch(DispatcherServlet.java:963)
	at org.springframework.web.servlet.DispatcherServlet.doService(DispatcherServlet.java:866)
	at org.springframework.web.servlet.FrameworkServlet.processRequest(FrameworkServlet.java:1000)
	at org.springframework.web.servlet.FrameworkServlet.doDelete(FrameworkServlet.java:925)
	at jakarta.servlet.http.HttpServlet.service(HttpServlet.java:651)
	at org.springframework.web.servlet.FrameworkServlet.service(FrameworkServlet.java:874)
	at jakarta.servlet.http.HttpServlet.service(HttpServlet.java:710)
	at org.apache.catalina.core.ApplicationFilterChain.doFilter(ApplicationFilterChain.java:128)
	at org.apache.tomcat.websocket.server.WsFilter.doFilter(WsFilter.java:53)
	at org.apache.catalina.core.ApplicationFilterChain.doFilter(ApplicationFilterChain.java:107)
	at org.springframework.web.filter.OncePerRequestFilter.doFilter(OncePerRequestFilter.java:110)
	at org.apache.catalina.core.ApplicationFilterChain.doFilter(ApplicationFilterChain.java:107)
	at org.springframework.web.filter.OncePerRequestFilter.doFilter(OncePerRequestFilter.java:110)
	at org.apache.catalina.core.ApplicationFilterChain.doFilter(ApplicationFilterChain.java:107)
	at com.abubakar.connectify.configuration.RequestLoggingFilter.doFilterInternal(RequestLoggingFilter.java:30)
	at org.springframework.web.filter.OncePerRequestFilter.doFilter(OncePerRequestFilter.java:116)
	at org.apache.catalina.core.ApplicationFilterChain.doFilter(ApplicationFilterChain.java:107)
	at org.springframework.web.filter.CompositeFilter$VirtualFilterChain.doFilter(CompositeFilter.java:108)
	at org.springframework.security.web.FilterChainProxy.lambda$doFilterInternal$3(FilterChainProxy.java:235)
	at org.springframework.security.web.FilterChainProxy$VirtualFilterChain.doFilter(FilterChainProxy.java:376)
	at org.springframework.security.web.access.intercept.AuthorizationFilter.doFilter(AuthorizationFilter.java:101)
	at org.springframework.security.web.FilterChainProxy$VirtualFilterChain.doFilter(FilterChainProxy.java:385)
	at org.springframework.security.web.access.ExceptionTranslationFilter.doFilter(ExceptionTranslationFilter.java:126)
	at org.springframework.security.web.access.ExceptionTranslationFilter.doFilter(ExceptionTranslationFilter.java:120)
	at org.springframework.security.web.FilterChainProxy$VirtualFilterChain.doFilter(FilterChainProxy.java:385)
	at org.springframework.security.web.session.SessionManagementFilter.doFilter(SessionManagementFilter.java:132)
	at org.springframework.security.web.session.SessionManagementFilter.doFilter(SessionManagementFilter.java:86)
	at org.springframework.security.web.FilterChainProxy$VirtualFilterChain.doFilter(FilterChainProxy.java:385)
	at org.springframework.security.web.authentication.AnonymousAuthenticationFilter.doFilter(AnonymousAuthenticationFilter.java:100)
	at org.springframework.security.web.FilterChainProxy$VirtualFilterChain.doFilter(FilterChainProxy.java:385)
	at org.springframework.security.web.servletapi.SecurityContextHolderAwareRequestFilter.doFilter(SecurityContextHolderAwareRequestFilter.java:181)
	at org.springframework.security.web.FilterChainProxy$VirtualFilterChain.doFilter(FilterChainProxy.java:385)
	at org.springframework.security.web.savedrequest.RequestCacheAwareFilter.doFilter(RequestCacheAwareFilter.java:63)
	at org.springframework.security.web.FilterChainProxy$VirtualFilterChain.doFilter(FilterChainProxy.java:385)
	at org.springframework.security.web.authentication.ui.DefaultLogoutPageGeneratingFilter.doFilterInternal(DefaultLogoutPageGeneratingFilter.java:60)
	at org.springframework.web.filter.OncePerRequestFilter.doFilter(OncePerRequestFilter.java:116)
	at org.springframework.security.web.FilterChainProxy$VirtualFilterChain.doFilter(FilterChainProxy.java:385)
	at org.springframework.security.web.authentication.ui.DefaultLoginPageGeneratingFilter.doFilter(DefaultLoginPageGeneratingFilter.java:246)
	at org.springframework.security.web.authentication.ui.DefaultLoginPageGeneratingFilter.doFilter(DefaultLoginPageGeneratingFilter.java:232)
	at org.springframework.security.web.FilterChainProxy$VirtualFilterChain.doFilter(FilterChainProxy.java:385)
	at org.springframework.security.web.authentication.ui.DefaultResourcesFilter.doFilter(DefaultResourcesFilter.java:73)
	at org.springframework.security.web.FilterChainProxy$VirtualFilterChain.doFilter(FilterChainProxy.java:385)
	at com.abubakar.connectify.security.JwtFilter.doFilterInternal(JwtFilter.java:141)
	at org.springframework.web.filter.OncePerRequestFilter.doFilter(OncePerRequestFilter.java:116)
	at org.springframework.security.web.FilterChainProxy$VirtualFilterChain.doFilter(FilterChainProxy.java:385)
	at org.springframework.security.web.authentication.AbstractAuthenticationProcessingFilter.doFilter(AbstractAuthenticationProcessingFilter.java:245)
	at org.springframework.security.web.authentication.AbstractAuthenticationProcessingFilter.doFilter(AbstractAuthenticationProcessingFilter.java:239)
	at org.springframework.security.web.FilterChainProxy$VirtualFilterChain.doFilter(FilterChainProxy.java:385)
	at org.springframework.security.oauth2.client.web.OAuth2AuthorizationRequestRedirectFilter.doFilterInternal(OAuth2AuthorizationRequestRedirectFilter.java:195)
	at org.springframework.web.filter.OncePerRequestFilter.doFilter(OncePerRequestFilter.java:116)
	at org.springframework.security.web.FilterChainProxy$VirtualFilterChain.doFilter(FilterChainProxy.java:385)
	at org.springframework.security.web.authentication.logout.LogoutFilter.doFilter(LogoutFilter.java:110)
	at org.springframework.security.web.authentication.logout.LogoutFilter.doFilter(LogoutFilter.java:96)
	at org.springframework.security.web.FilterChainProxy$VirtualFilterChain.doFilter(FilterChainProxy.java:385)
	at org.springframework.web.filter.CorsFilter.doFilterInternal(CorsFilter.java:91)
	at org.springframework.web.filter.OncePerRequestFilter.doFilter(OncePerRequestFilter.java:116)
	at org.springframework.security.web.FilterChainProxy$VirtualFilterChain.doFilter(FilterChainProxy.java:385)
	at org.springframework.security.web.header.HeaderWriterFilter.doHeadersAfter(HeaderWriterFilter.java:90)
	at org.springframework.security.web.header.HeaderWriterFilter.doFilterInternal(HeaderWriterFilter.java:75)
	at org.springframework.web.filter.OncePerRequestFilter.doFilter(OncePerRequestFilter.java:116)
	at org.springframework.security.web.FilterChainProxy$VirtualFilterChain.doFilter(FilterChainProxy.java:385)
	at org.springframework.security.web.context.SecurityContextHolderFilter.doFilter(SecurityContextHolderFilter.java:82)
	at org.springframework.security.web.context.SecurityContextHolderFilter.doFilter(SecurityContextHolderFilter.java:69)
	at org.springframework.security.web.FilterChainProxy$VirtualFilterChain.doFilter(FilterChainProxy.java:385)
	at org.springframework.security.web.context.request.async.WebAsyncManagerIntegrationFilter.doFilterInternal(WebAsyncManagerIntegrationFilter.java:62)
	at org.springframework.web.filter.OncePerRequestFilter.doFilter(OncePerRequestFilter.java:116)
	at org.springframework.security.web.FilterChainProxy$VirtualFilterChain.doFilter(FilterChainProxy.java:385)
	at org.springframework.security.web.session.DisableEncodeUrlFilter.doFilterInternal(DisableEncodeUrlFilter.java:42)
	at org.springframework.web.filter.OncePerRequestFilter.doFilter(OncePerRequestFilter.java:116)
	at org.springframework.security.web.FilterChainProxy$VirtualFilterChain.doFilter(FilterChainProxy.java:385)
	at org.springframework.security.web.FilterChainProxy.doFilterInternal(FilterChainProxy.java:237)
	at org.springframework.security.web.FilterChainProxy.doFilter(FilterChainProxy.java:195)
	at org.springframework.web.filter.CompositeFilter$VirtualFilterChain.doFilter(CompositeFilter.java:113)
	at org.springframework.web.filter.ServletRequestPathFilter.doFilter(ServletRequestPathFilter.java:52)
	at org.springframework.web.filter.CompositeFilter$VirtualFilterChain.doFilter(CompositeFilter.java:113)
	at org.springframework.web.filter.CompositeFilter.doFilter(CompositeFilter.java:74)
	at org.springframework.security.config.annotation.web.configuration.WebSecurityConfiguration$CompositeFilterChainProxy.doFilter(WebSecurityConfiguration.java:317)
	at org.springframework.web.filter.DelegatingFilterProxy.invokeDelegate(DelegatingFilterProxy.java:355)
	at org.springframework.web.filter.DelegatingFilterProxy.doFilter(DelegatingFilterProxy.java:272)
	at org.apache.catalina.core.ApplicationFilterChain.doFilter(ApplicationFilterChain.java:107)
	at org.springframework.web.filter.RequestContextFilter.doFilterInternal(RequestContextFilter.java:100)
	at org.springframework.web.filter.OncePerRequestFilter.doFilter(OncePerRequestFilter.java:116)
	at org.apache.catalina.core.ApplicationFilterChain.doFilter(ApplicationFilterChain.java:107)
	at org.springframework.web.filter.FormContentFilter.doFilterInternal(FormContentFilter.java:93)
	at org.springframework.web.filter.OncePerRequestFilter.doFilter(OncePerRequestFilter.java:116)
	at org.apache.catalina.core.ApplicationFilterChain.doFilter(ApplicationFilterChain.java:107)
	at org.springframework.web.filter.CharacterEncodingFilter.doFilterInternal(CharacterEncodingFilter.java:199)
	at org.springframework.web.filter.OncePerRequestFilter.doFilter(OncePerRequestFilter.java:116)
	at org.apache.catalina.core.ApplicationFilterChain.doFilter(ApplicationFilterChain.java:107)
	at org.apache.catalina.core.StandardWrapperValve.invoke(StandardWrapperValve.java:165)
	at org.apache.catalina.core.StandardContextValve.invoke(StandardContextValve.java:77)
	at org.apache.catalina.authenticator.AuthenticatorBase.invoke(AuthenticatorBase.java:492)
	at org.apache.catalina.core.StandardHostValve.invoke(StandardHostValve.java:113)
	at org.apache.catalina.valves.ErrorReportValve.invoke(ErrorReportValve.java:83)
	at org.apache.catalina.core.StandardEngineValve.invoke(StandardEngineValve.java:72)
	at org.apache.catalina.connector.CoyoteAdapter.service(CoyoteAdapter.java:341)
	at org.apache.coyote.http11.Http11Processor.service(Http11Processor.java:397)
	at org.apache.coyote.AbstractProcessorLight.process(AbstractProcessorLight.java:63)
	at org.apache.coyote.AbstractProtocol$ConnectionHandler.process(AbstractProtocol.java:903)
	at org.apache.tomcat.util.net.NioEndpoint$SocketProcessor.doRun(NioEndpoint.java:1801)
	at org.apache.tomcat.util.net.SocketProcessorBase.run(SocketProcessorBase.java:52)
	at org.apache.tomcat.util.threads.ThreadPoolExecutor.runWorker(ThreadPoolExecutor.java:946)
	at org.apache.tomcat.util.threads.ThreadPoolExecutor$Worker.run(ThreadPoolExecutor.java:480)
	at org.apache.tomcat.util.threads.TaskThread$WrappingRunnable.run(TaskThread.java:57)
	at java.base/java.lang.Thread.run(Thread.java:1583)
2026-06-04 16:27:13[INFO]com.abubakar.connectify.configuration.RequestLoggingFilter-DELETE /api/v1/stories/4 | Status: 404
2026-06-04 16:27:22[INFO]com.abubakar.connectify.service.impl.CustomUserDetailsService-Authentication request received for email: abu@gmail.com
2026-06-04 16:27:22[DEBUG]com.abubakar.connectify.service.impl.CustomUserDetailsService-User loaded successfully with email: abu@gmail.com and role: USER
2026-06-04 16:27:22[INFO]com.abubakar.connectify.security.JwtUtils-Token validation result for user abu@gmail.com : true
2026-06-04 16:27:22[INFO]com.abubakar.connectify.security.JwtFilter-User authenticated successfully: abu@gmail.com
2026-06-04 16:27:22[INFO]com.abubakar.connectify.controller.StoryController-Delete story api request received | storyId: 3
2026-06-04 16:27:22[INFO]com.abubakar.connectify.service.impl.StoryServiceImpl-Deleting story | storyId: 3
2026-06-04 16:27:22[DEBUG]com.abubakar.connectify.util.UserAccessValidator-Validating user access | userId: 1
2026-06-04 16:27:22[DEBUG]com.abubakar.connectify.util.UserAccessValidator-User validation successful | userId: 1
2026-06-04 16:27:22[DEBUG]com.abubakar.connectify.util.AuthUtil-Authenticated active user fetched successfully | userId: 1
2026-06-04 16:27:22[DEBUG]com.abubakar.connectify.util.StoryAccessValidator-Fetching story | storyId: 3
2026-06-04 16:27:22[DEBUG]com.abubakar.connectify.service.impl.StoryServiceImpl-Validating story ownership for deletion | ownerId: 1 | requesterId: 1
2026-06-04 16:27:22[INFO]com.abubakar.connectify.service.impl.StoryServiceImpl-Story deleted successfully | storyId: 3
2026-06-04 16:27:22[INFO]com.abubakar.connectify.configuration.RequestLoggingFilter-DELETE /api/v1/stories/3 | Status: 200
2026-06-04 16:27:25[INFO]com.abubakar.connectify.service.impl.CustomUserDetailsService-Authentication request received for email: abu@gmail.com
2026-06-04 16:27:25[DEBUG]com.abubakar.connectify.service.impl.CustomUserDetailsService-User loaded successfully with email: abu@gmail.com and role: USER
2026-06-04 16:27:25[INFO]com.abubakar.connectify.security.JwtUtils-Token validation result for user abu@gmail.com : true
2026-06-04 16:27:25[INFO]com.abubakar.connectify.security.JwtFilter-User authenticated successfully: abu@gmail.com
2026-06-04 16:27:25[INFO]com.abubakar.connectify.controller.StoryController-Delete story api request received | storyId: 3
2026-06-04 16:27:25[INFO]com.abubakar.connectify.service.impl.StoryServiceImpl-Deleting story | storyId: 3
2026-06-04 16:27:25[DEBUG]com.abubakar.connectify.util.UserAccessValidator-Validating user access | userId: 1
2026-06-04 16:27:25[DEBUG]com.abubakar.connectify.util.UserAccessValidator-User validation successful | userId: 1
2026-06-04 16:27:25[DEBUG]com.abubakar.connectify.util.AuthUtil-Authenticated active user fetched successfully | userId: 1
2026-06-04 16:27:25[DEBUG]com.abubakar.connectify.util.StoryAccessValidator-Fetching story | storyId: 3
2026-06-04 16:27:25[DEBUG]com.abubakar.connectify.service.impl.StoryServiceImpl-Validating story ownership for deletion | ownerId: 1 | requesterId: 1
2026-06-04 16:27:25[WARN]com.abubakar.connectify.service.impl.StoryServiceImpl-Story already deleted | storyId: 3
2026-06-04 16:27:25[ERROR]com.abubakar.connectify.exception.GlobalExceptionHandler-Business exception occurred | errorCode: OPERATION_FAILED | status: 400 BAD_REQUEST | message: Story already deleted
com.abubakar.connectify.exception.OperationFailException: Story already deleted
	at com.abubakar.connectify.service.impl.StoryServiceImpl.deleteStory(StoryServiceImpl.java:573)
	at java.base/jdk.internal.reflect.DirectMethodHandleAccessor.invoke(DirectMethodHandleAccessor.java:103)
	at java.base/java.lang.reflect.Method.invoke(Method.java:580)
	at org.springframework.aop.support.AopUtils.invokeJoinpointUsingReflection(AopUtils.java:359)
	at org.springframework.aop.framework.ReflectiveMethodInvocation.invokeJoinpoint(ReflectiveMethodInvocation.java:190)
	at org.springframework.aop.framework.ReflectiveMethodInvocation.proceed(ReflectiveMethodInvocation.java:158)
	at org.springframework.transaction.interceptor.TransactionInterceptor$1.proceedWithInvocation(TransactionInterceptor.java:133)
	at org.springframework.transaction.interceptor.TransactionAspectSupport.invokeWithinTransaction(TransactionAspectSupport.java:371)
	at org.springframework.transaction.interceptor.TransactionInterceptor.invoke(TransactionInterceptor.java:130)
	at org.springframework.aop.framework.ReflectiveMethodInvocation.proceed(ReflectiveMethodInvocation.java:179)
	at org.springframework.aop.framework.CglibAopProxy$DynamicAdvisedInterceptor.intercept(CglibAopProxy.java:719)
	at com.abubakar.connectify.service.impl.StoryServiceImpl$$SpringCGLIB$$0.deleteStory(<generated>)
	at com.abubakar.connectify.controller.StoryController.deleteStory(StoryController.java:155)
	at java.base/jdk.internal.reflect.DirectMethodHandleAccessor.invoke(DirectMethodHandleAccessor.java:103)
	at java.base/java.lang.reflect.Method.invoke(Method.java:580)
	at org.springframework.web.method.support.InvocableHandlerMethod.doInvoke(InvocableHandlerMethod.java:252)
	at org.springframework.web.method.support.InvocableHandlerMethod.invokeForRequest(InvocableHandlerMethod.java:184)
	at org.springframework.web.servlet.mvc.method.annotation.ServletInvocableHandlerMethod.invokeAndHandle(ServletInvocableHandlerMethod.java:117)
	at org.springframework.web.servlet.mvc.method.annotation.RequestMappingHandlerAdapter.invokeHandlerMethod(RequestMappingHandlerAdapter.java:934)
	at org.springframework.web.servlet.mvc.method.annotation.RequestMappingHandlerAdapter.handleInternal(RequestMappingHandlerAdapter.java:853)
	at org.springframework.web.servlet.mvc.method.AbstractHandlerMethodAdapter.handle(AbstractHandlerMethodAdapter.java:86)
	at org.springframework.web.servlet.DispatcherServlet.doDispatch(DispatcherServlet.java:963)
	at org.springframework.web.servlet.DispatcherServlet.doService(DispatcherServlet.java:866)
	at org.springframework.web.servlet.FrameworkServlet.processRequest(FrameworkServlet.java:1000)
	at org.springframework.web.servlet.FrameworkServlet.doDelete(FrameworkServlet.java:925)
	at jakarta.servlet.http.HttpServlet.service(HttpServlet.java:651)
	at org.springframework.web.servlet.FrameworkServlet.service(FrameworkServlet.java:874)
	at jakarta.servlet.http.HttpServlet.service(HttpServlet.java:710)
	at org.apache.catalina.core.ApplicationFilterChain.doFilter(ApplicationFilterChain.java:128)
	at org.apache.tomcat.websocket.server.WsFilter.doFilter(WsFilter.java:53)
	at org.apache.catalina.core.ApplicationFilterChain.doFilter(ApplicationFilterChain.java:107)
	at org.springframework.web.filter.OncePerRequestFilter.doFilter(OncePerRequestFilter.java:110)
	at org.apache.catalina.core.ApplicationFilterChain.doFilter(ApplicationFilterChain.java:107)
	at org.springframework.web.filter.OncePerRequestFilter.doFilter(OncePerRequestFilter.java:110)
	at org.apache.catalina.core.ApplicationFilterChain.doFilter(ApplicationFilterChain.java:107)
	at com.abubakar.connectify.configuration.RequestLoggingFilter.doFilterInternal(RequestLoggingFilter.java:30)
	at org.springframework.web.filter.OncePerRequestFilter.doFilter(OncePerRequestFilter.java:116)
	at org.apache.catalina.core.ApplicationFilterChain.doFilter(ApplicationFilterChain.java:107)
	at org.springframework.web.filter.CompositeFilter$VirtualFilterChain.doFilter(CompositeFilter.java:108)
	at org.springframework.security.web.FilterChainProxy.lambda$doFilterInternal$3(FilterChainProxy.java:235)
	at org.springframework.security.web.FilterChainProxy$VirtualFilterChain.doFilter(FilterChainProxy.java:376)
	at org.springframework.security.web.access.intercept.AuthorizationFilter.doFilter(AuthorizationFilter.java:101)
	at org.springframework.security.web.FilterChainProxy$VirtualFilterChain.doFilter(FilterChainProxy.java:385)
	at org.springframework.security.web.access.ExceptionTranslationFilter.doFilter(ExceptionTranslationFilter.java:126)
	at org.springframework.security.web.access.ExceptionTranslationFilter.doFilter(ExceptionTranslationFilter.java:120)
	at org.springframework.security.web.FilterChainProxy$VirtualFilterChain.doFilter(FilterChainProxy.java:385)
	at org.springframework.security.web.session.SessionManagementFilter.doFilter(SessionManagementFilter.java:132)
	at org.springframework.security.web.session.SessionManagementFilter.doFilter(SessionManagementFilter.java:86)
	at org.springframework.security.web.FilterChainProxy$VirtualFilterChain.doFilter(FilterChainProxy.java:385)
	at org.springframework.security.web.authentication.AnonymousAuthenticationFilter.doFilter(AnonymousAuthenticationFilter.java:100)
	at org.springframework.security.web.FilterChainProxy$VirtualFilterChain.doFilter(FilterChainProxy.java:385)
	at org.springframework.security.web.servletapi.SecurityContextHolderAwareRequestFilter.doFilter(SecurityContextHolderAwareRequestFilter.java:181)
	at org.springframework.security.web.FilterChainProxy$VirtualFilterChain.doFilter(FilterChainProxy.java:385)
	at org.springframework.security.web.savedrequest.RequestCacheAwareFilter.doFilter(RequestCacheAwareFilter.java:63)
	at org.springframework.security.web.FilterChainProxy$VirtualFilterChain.doFilter(FilterChainProxy.java:385)
	at org.springframework.security.web.authentication.ui.DefaultLogoutPageGeneratingFilter.doFilterInternal(DefaultLogoutPageGeneratingFilter.java:60)
	at org.springframework.web.filter.OncePerRequestFilter.doFilter(OncePerRequestFilter.java:116)
	at org.springframework.security.web.FilterChainProxy$VirtualFilterChain.doFilter(FilterChainProxy.java:385)
	at org.springframework.security.web.authentication.ui.DefaultLoginPageGeneratingFilter.doFilter(DefaultLoginPageGeneratingFilter.java:246)
	at org.springframework.security.web.authentication.ui.DefaultLoginPageGeneratingFilter.doFilter(DefaultLoginPageGeneratingFilter.java:232)
	at org.springframework.security.web.FilterChainProxy$VirtualFilterChain.doFilter(FilterChainProxy.java:385)
	at org.springframework.security.web.authentication.ui.DefaultResourcesFilter.doFilter(DefaultResourcesFilter.java:73)
	at org.springframework.security.web.FilterChainProxy$VirtualFilterChain.doFilter(FilterChainProxy.java:385)
	at com.abubakar.connectify.security.JwtFilter.doFilterInternal(JwtFilter.java:141)
	at org.springframework.web.filter.OncePerRequestFilter.doFilter(OncePerRequestFilter.java:116)
	at org.springframework.security.web.FilterChainProxy$VirtualFilterChain.doFilter(FilterChainProxy.java:385)
	at org.springframework.security.web.authentication.AbstractAuthenticationProcessingFilter.doFilter(AbstractAuthenticationProcessingFilter.java:245)
	at org.springframework.security.web.authentication.AbstractAuthenticationProcessingFilter.doFilter(AbstractAuthenticationProcessingFilter.java:239)
	at org.springframework.security.web.FilterChainProxy$VirtualFilterChain.doFilter(FilterChainProxy.java:385)
	at org.springframework.security.oauth2.client.web.OAuth2AuthorizationRequestRedirectFilter.doFilterInternal(OAuth2AuthorizationRequestRedirectFilter.java:195)
	at org.springframework.web.filter.OncePerRequestFilter.doFilter(OncePerRequestFilter.java:116)
	at org.springframework.security.web.FilterChainProxy$VirtualFilterChain.doFilter(FilterChainProxy.java:385)
	at org.springframework.security.web.authentication.logout.LogoutFilter.doFilter(LogoutFilter.java:110)
	at org.springframework.security.web.authentication.logout.LogoutFilter.doFilter(LogoutFilter.java:96)
	at org.springframework.security.web.FilterChainProxy$VirtualFilterChain.doFilter(FilterChainProxy.java:385)
	at org.springframework.web.filter.CorsFilter.doFilterInternal(CorsFilter.java:91)
	at org.springframework.web.filter.OncePerRequestFilter.doFilter(OncePerRequestFilter.java:116)
	at org.springframework.security.web.FilterChainProxy$VirtualFilterChain.doFilter(FilterChainProxy.java:385)
	at org.springframework.security.web.header.HeaderWriterFilter.doHeadersAfter(HeaderWriterFilter.java:90)
	at org.springframework.security.web.header.HeaderWriterFilter.doFilterInternal(HeaderWriterFilter.java:75)
	at org.springframework.web.filter.OncePerRequestFilter.doFilter(OncePerRequestFilter.java:116)
	at org.springframework.security.web.FilterChainProxy$VirtualFilterChain.doFilter(FilterChainProxy.java:385)
	at org.springframework.security.web.context.SecurityContextHolderFilter.doFilter(SecurityContextHolderFilter.java:82)
	at org.springframework.security.web.context.SecurityContextHolderFilter.doFilter(SecurityContextHolderFilter.java:69)
	at org.springframework.security.web.FilterChainProxy$VirtualFilterChain.doFilter(FilterChainProxy.java:385)
	at org.springframework.security.web.context.request.async.WebAsyncManagerIntegrationFilter.doFilterInternal(WebAsyncManagerIntegrationFilter.java:62)
	at org.springframework.web.filter.OncePerRequestFilter.doFilter(OncePerRequestFilter.java:116)
	at org.springframework.security.web.FilterChainProxy$VirtualFilterChain.doFilter(FilterChainProxy.java:385)
	at org.springframework.security.web.session.DisableEncodeUrlFilter.doFilterInternal(DisableEncodeUrlFilter.java:42)
	at org.springframework.web.filter.OncePerRequestFilter.doFilter(OncePerRequestFilter.java:116)
	at org.springframework.security.web.FilterChainProxy$VirtualFilterChain.doFilter(FilterChainProxy.java:385)
	at org.springframework.security.web.FilterChainProxy.doFilterInternal(FilterChainProxy.java:237)
	at org.springframework.security.web.FilterChainProxy.doFilter(FilterChainProxy.java:195)
	at org.springframework.web.filter.CompositeFilter$VirtualFilterChain.doFilter(CompositeFilter.java:113)
	at org.springframework.web.filter.ServletRequestPathFilter.doFilter(ServletRequestPathFilter.java:52)
	at org.springframework.web.filter.CompositeFilter$VirtualFilterChain.doFilter(CompositeFilter.java:113)
	at org.springframework.web.filter.CompositeFilter.doFilter(CompositeFilter.java:74)
	at org.springframework.security.config.annotation.web.configuration.WebSecurityConfiguration$CompositeFilterChainProxy.doFilter(WebSecurityConfiguration.java:317)
	at org.springframework.web.filter.DelegatingFilterProxy.invokeDelegate(DelegatingFilterProxy.java:355)
	at org.springframework.web.filter.DelegatingFilterProxy.doFilter(DelegatingFilterProxy.java:272)
	at org.apache.catalina.core.ApplicationFilterChain.doFilter(ApplicationFilterChain.java:107)
	at org.springframework.web.filter.RequestContextFilter.doFilterInternal(RequestContextFilter.java:100)
	at org.springframework.web.filter.OncePerRequestFilter.doFilter(OncePerRequestFilter.java:116)
	at org.apache.catalina.core.ApplicationFilterChain.doFilter(ApplicationFilterChain.java:107)
	at org.springframework.web.filter.FormContentFilter.doFilterInternal(FormContentFilter.java:93)
	at org.springframework.web.filter.OncePerRequestFilter.doFilter(OncePerRequestFilter.java:116)
	at org.apache.catalina.core.ApplicationFilterChain.doFilter(ApplicationFilterChain.java:107)
	at org.springframework.web.filter.CharacterEncodingFilter.doFilterInternal(CharacterEncodingFilter.java:199)
	at org.springframework.web.filter.OncePerRequestFilter.doFilter(OncePerRequestFilter.java:116)
	at org.apache.catalina.core.ApplicationFilterChain.doFilter(ApplicationFilterChain.java:107)
	at org.apache.catalina.core.StandardWrapperValve.invoke(StandardWrapperValve.java:165)
	at org.apache.catalina.core.StandardContextValve.invoke(StandardContextValve.java:77)
	at org.apache.catalina.authenticator.AuthenticatorBase.invoke(AuthenticatorBase.java:492)
	at org.apache.catalina.core.StandardHostValve.invoke(StandardHostValve.java:113)
	at org.apache.catalina.valves.ErrorReportValve.invoke(ErrorReportValve.java:83)
	at org.apache.catalina.core.StandardEngineValve.invoke(StandardEngineValve.java:72)
	at org.apache.catalina.connector.CoyoteAdapter.service(CoyoteAdapter.java:341)
	at org.apache.coyote.http11.Http11Processor.service(Http11Processor.java:397)
	at org.apache.coyote.AbstractProcessorLight.process(AbstractProcessorLight.java:63)
	at org.apache.coyote.AbstractProtocol$ConnectionHandler.process(AbstractProtocol.java:903)
	at org.apache.tomcat.util.net.NioEndpoint$SocketProcessor.doRun(NioEndpoint.java:1801)
	at org.apache.tomcat.util.net.SocketProcessorBase.run(SocketProcessorBase.java:52)
	at org.apache.tomcat.util.threads.ThreadPoolExecutor.runWorker(ThreadPoolExecutor.java:946)
	at org.apache.tomcat.util.threads.ThreadPoolExecutor$Worker.run(ThreadPoolExecutor.java:480)
	at org.apache.tomcat.util.threads.TaskThread$WrappingRunnable.run(TaskThread.java:57)
	at java.base/java.lang.Thread.run(Thread.java:1583)
2026-06-04 16:27:25[INFO]com.abubakar.connectify.configuration.RequestLoggingFilter-DELETE /api/v1/stories/3 | Status: 400
2026-06-04 16:27:38[INFO]com.abubakar.connectify.service.impl.CustomUserDetailsService-Authentication request received for email: abu@gmail.com
2026-06-04 16:27:38[DEBUG]com.abubakar.connectify.service.impl.CustomUserDetailsService-User loaded successfully with email: abu@gmail.com and role: USER
2026-06-04 16:27:38[INFO]com.abubakar.connectify.security.JwtUtils-Token validation result for user abu@gmail.com : true
2026-06-04 16:27:38[INFO]com.abubakar.connectify.security.JwtFilter-User authenticated successfully: abu@gmail.com
2026-06-04 16:27:38[INFO]com.abubakar.connectify.controller.StoryController-Restore story request received | storyId: 1
2026-06-04 16:27:38[INFO]com.abubakar.connectify.service.impl.StoryServiceImpl-Story restore request | storyId: 1
2026-06-04 16:27:38[DEBUG]com.abubakar.connectify.util.UserAccessValidator-Validating user access | userId: 1
2026-06-04 16:27:38[DEBUG]com.abubakar.connectify.util.UserAccessValidator-User validation successful | userId: 1
2026-06-04 16:27:38[DEBUG]com.abubakar.connectify.util.AuthUtil-Authenticated active user fetched successfully | userId: 1
2026-06-04 16:27:38[DEBUG]com.abubakar.connectify.util.StoryAccessValidator-Fetching story | storyId: 1
2026-06-04 16:27:38[DEBUG]com.abubakar.connectify.service.impl.StoryServiceImpl-Validating story ownership for restore request | ownerId: 1 | requesterId: 1
2026-06-04 16:27:38[WARN]com.abubakar.connectify.service.impl.StoryServiceImpl-Story is not deleted
2026-06-04 16:27:38[ERROR]com.abubakar.connectify.exception.GlobalExceptionHandler-Business exception occurred | errorCode: OPERATION_FAILED | status: 400 BAD_REQUEST | message: Story is not deleted
com.abubakar.connectify.exception.OperationFailException: Story is not deleted
	at com.abubakar.connectify.service.impl.StoryServiceImpl.requestRestoreStory(StoryServiceImpl.java:507)
	at java.base/jdk.internal.reflect.DirectMethodHandleAccessor.invoke(DirectMethodHandleAccessor.java:103)
	at java.base/java.lang.reflect.Method.invoke(Method.java:580)
	at org.springframework.aop.support.AopUtils.invokeJoinpointUsingReflection(AopUtils.java:359)
	at org.springframework.aop.framework.ReflectiveMethodInvocation.invokeJoinpoint(ReflectiveMethodInvocation.java:190)
	at org.springframework.aop.framework.ReflectiveMethodInvocation.proceed(ReflectiveMethodInvocation.java:158)
	at org.springframework.transaction.interceptor.TransactionInterceptor$1.proceedWithInvocation(TransactionInterceptor.java:133)
	at org.springframework.transaction.interceptor.TransactionAspectSupport.invokeWithinTransaction(TransactionAspectSupport.java:371)
	at org.springframework.transaction.interceptor.TransactionInterceptor.invoke(TransactionInterceptor.java:130)
	at org.springframework.aop.framework.ReflectiveMethodInvocation.proceed(ReflectiveMethodInvocation.java:179)
	at org.springframework.aop.framework.CglibAopProxy$DynamicAdvisedInterceptor.intercept(CglibAopProxy.java:719)
	at com.abubakar.connectify.service.impl.StoryServiceImpl$$SpringCGLIB$$0.requestRestoreStory(<generated>)
	at com.abubakar.connectify.controller.StoryController.requestRestoreStory(StoryController.java:272)
	at java.base/jdk.internal.reflect.DirectMethodHandleAccessor.invoke(DirectMethodHandleAccessor.java:103)
	at java.base/java.lang.reflect.Method.invoke(Method.java:580)
	at org.springframework.web.method.support.InvocableHandlerMethod.doInvoke(InvocableHandlerMethod.java:252)
	at org.springframework.web.method.support.InvocableHandlerMethod.invokeForRequest(InvocableHandlerMethod.java:184)
	at org.springframework.web.servlet.mvc.method.annotation.ServletInvocableHandlerMethod.invokeAndHandle(ServletInvocableHandlerMethod.java:117)
	at org.springframework.web.servlet.mvc.method.annotation.RequestMappingHandlerAdapter.invokeHandlerMethod(RequestMappingHandlerAdapter.java:934)
	at org.springframework.web.servlet.mvc.method.annotation.RequestMappingHandlerAdapter.handleInternal(RequestMappingHandlerAdapter.java:853)
	at org.springframework.web.servlet.mvc.method.AbstractHandlerMethodAdapter.handle(AbstractHandlerMethodAdapter.java:86)
	at org.springframework.web.servlet.DispatcherServlet.doDispatch(DispatcherServlet.java:963)
	at org.springframework.web.servlet.DispatcherServlet.doService(DispatcherServlet.java:866)
	at org.springframework.web.servlet.FrameworkServlet.processRequest(FrameworkServlet.java:1000)
	at org.springframework.web.servlet.FrameworkServlet.doPut(FrameworkServlet.java:914)
	at jakarta.servlet.http.HttpServlet.service(HttpServlet.java:650)
	at org.springframework.web.servlet.FrameworkServlet.service(FrameworkServlet.java:874)
	at jakarta.servlet.http.HttpServlet.service(HttpServlet.java:710)
	at org.apache.catalina.core.ApplicationFilterChain.doFilter(ApplicationFilterChain.java:128)
	at org.apache.tomcat.websocket.server.WsFilter.doFilter(WsFilter.java:53)
	at org.apache.catalina.core.ApplicationFilterChain.doFilter(ApplicationFilterChain.java:107)
	at org.springframework.web.filter.OncePerRequestFilter.doFilter(OncePerRequestFilter.java:110)
	at org.apache.catalina.core.ApplicationFilterChain.doFilter(ApplicationFilterChain.java:107)
	at org.springframework.web.filter.OncePerRequestFilter.doFilter(OncePerRequestFilter.java:110)
	at org.apache.catalina.core.ApplicationFilterChain.doFilter(ApplicationFilterChain.java:107)
	at com.abubakar.connectify.configuration.RequestLoggingFilter.doFilterInternal(RequestLoggingFilter.java:30)
	at org.springframework.web.filter.OncePerRequestFilter.doFilter(OncePerRequestFilter.java:116)
	at org.apache.catalina.core.ApplicationFilterChain.doFilter(ApplicationFilterChain.java:107)
	at org.springframework.web.filter.CompositeFilter$VirtualFilterChain.doFilter(CompositeFilter.java:108)
	at org.springframework.security.web.FilterChainProxy.lambda$doFilterInternal$3(FilterChainProxy.java:235)
	at org.springframework.security.web.FilterChainProxy$VirtualFilterChain.doFilter(FilterChainProxy.java:376)
	at org.springframework.security.web.access.intercept.AuthorizationFilter.doFilter(AuthorizationFilter.java:101)
	at org.springframework.security.web.FilterChainProxy$VirtualFilterChain.doFilter(FilterChainProxy.java:385)
	at org.springframework.security.web.access.ExceptionTranslationFilter.doFilter(ExceptionTranslationFilter.java:126)
	at org.springframework.security.web.access.ExceptionTranslationFilter.doFilter(ExceptionTranslationFilter.java:120)
	at org.springframework.security.web.FilterChainProxy$VirtualFilterChain.doFilter(FilterChainProxy.java:385)
	at org.springframework.security.web.session.SessionManagementFilter.doFilter(SessionManagementFilter.java:132)
	at org.springframework.security.web.session.SessionManagementFilter.doFilter(SessionManagementFilter.java:86)
	at org.springframework.security.web.FilterChainProxy$VirtualFilterChain.doFilter(FilterChainProxy.java:385)
	at org.springframework.security.web.authentication.AnonymousAuthenticationFilter.doFilter(AnonymousAuthenticationFilter.java:100)
	at org.springframework.security.web.FilterChainProxy$VirtualFilterChain.doFilter(FilterChainProxy.java:385)
	at org.springframework.security.web.servletapi.SecurityContextHolderAwareRequestFilter.doFilter(SecurityContextHolderAwareRequestFilter.java:181)
	at org.springframework.security.web.FilterChainProxy$VirtualFilterChain.doFilter(FilterChainProxy.java:385)
	at org.springframework.security.web.savedrequest.RequestCacheAwareFilter.doFilter(RequestCacheAwareFilter.java:63)
	at org.springframework.security.web.FilterChainProxy$VirtualFilterChain.doFilter(FilterChainProxy.java:385)
	at org.springframework.security.web.authentication.ui.DefaultLogoutPageGeneratingFilter.doFilterInternal(DefaultLogoutPageGeneratingFilter.java:60)
	at org.springframework.web.filter.OncePerRequestFilter.doFilter(OncePerRequestFilter.java:116)
	at org.springframework.security.web.FilterChainProxy$VirtualFilterChain.doFilter(FilterChainProxy.java:385)
	at org.springframework.security.web.authentication.ui.DefaultLoginPageGeneratingFilter.doFilter(DefaultLoginPageGeneratingFilter.java:246)
	at org.springframework.security.web.authentication.ui.DefaultLoginPageGeneratingFilter.doFilter(DefaultLoginPageGeneratingFilter.java:232)
	at org.springframework.security.web.FilterChainProxy$VirtualFilterChain.doFilter(FilterChainProxy.java:385)
	at org.springframework.security.web.authentication.ui.DefaultResourcesFilter.doFilter(DefaultResourcesFilter.java:73)
	at org.springframework.security.web.FilterChainProxy$VirtualFilterChain.doFilter(FilterChainProxy.java:385)
	at com.abubakar.connectify.security.JwtFilter.doFilterInternal(JwtFilter.java:141)
	at org.springframework.web.filter.OncePerRequestFilter.doFilter(OncePerRequestFilter.java:116)
	at org.springframework.security.web.FilterChainProxy$VirtualFilterChain.doFilter(FilterChainProxy.java:385)
	at org.springframework.security.web.authentication.AbstractAuthenticationProcessingFilter.doFilter(AbstractAuthenticationProcessingFilter.java:245)
	at org.springframework.security.web.authentication.AbstractAuthenticationProcessingFilter.doFilter(AbstractAuthenticationProcessingFilter.java:239)
	at org.springframework.security.web.FilterChainProxy$VirtualFilterChain.doFilter(FilterChainProxy.java:385)
	at org.springframework.security.oauth2.client.web.OAuth2AuthorizationRequestRedirectFilter.doFilterInternal(OAuth2AuthorizationRequestRedirectFilter.java:195)
	at org.springframework.web.filter.OncePerRequestFilter.doFilter(OncePerRequestFilter.java:116)
	at org.springframework.security.web.FilterChainProxy$VirtualFilterChain.doFilter(FilterChainProxy.java:385)
	at org.springframework.security.web.authentication.logout.LogoutFilter.doFilter(LogoutFilter.java:110)
	at org.springframework.security.web.authentication.logout.LogoutFilter.doFilter(LogoutFilter.java:96)
	at org.springframework.security.web.FilterChainProxy$VirtualFilterChain.doFilter(FilterChainProxy.java:385)
	at org.springframework.web.filter.CorsFilter.doFilterInternal(CorsFilter.java:91)
	at org.springframework.web.filter.OncePerRequestFilter.doFilter(OncePerRequestFilter.java:116)
	at org.springframework.security.web.FilterChainProxy$VirtualFilterChain.doFilter(FilterChainProxy.java:385)
	at org.springframework.security.web.header.HeaderWriterFilter.doHeadersAfter(HeaderWriterFilter.java:90)
	at org.springframework.security.web.header.HeaderWriterFilter.doFilterInternal(HeaderWriterFilter.java:75)
	at org.springframework.web.filter.OncePerRequestFilter.doFilter(OncePerRequestFilter.java:116)
	at org.springframework.security.web.FilterChainProxy$VirtualFilterChain.doFilter(FilterChainProxy.java:385)
	at org.springframework.security.web.context.SecurityContextHolderFilter.doFilter(SecurityContextHolderFilter.java:82)
	at org.springframework.security.web.context.SecurityContextHolderFilter.doFilter(SecurityContextHolderFilter.java:69)
	at org.springframework.security.web.FilterChainProxy$VirtualFilterChain.doFilter(FilterChainProxy.java:385)
	at org.springframework.security.web.context.request.async.WebAsyncManagerIntegrationFilter.doFilterInternal(WebAsyncManagerIntegrationFilter.java:62)
	at org.springframework.web.filter.OncePerRequestFilter.doFilter(OncePerRequestFilter.java:116)
	at org.springframework.security.web.FilterChainProxy$VirtualFilterChain.doFilter(FilterChainProxy.java:385)
	at org.springframework.security.web.session.DisableEncodeUrlFilter.doFilterInternal(DisableEncodeUrlFilter.java:42)
	at org.springframework.web.filter.OncePerRequestFilter.doFilter(OncePerRequestFilter.java:116)
	at org.springframework.security.web.FilterChainProxy$VirtualFilterChain.doFilter(FilterChainProxy.java:385)
	at org.springframework.security.web.FilterChainProxy.doFilterInternal(FilterChainProxy.java:237)
	at org.springframework.security.web.FilterChainProxy.doFilter(FilterChainProxy.java:195)
	at org.springframework.web.filter.CompositeFilter$VirtualFilterChain.doFilter(CompositeFilter.java:113)
	at org.springframework.web.filter.ServletRequestPathFilter.doFilter(ServletRequestPathFilter.java:52)
	at org.springframework.web.filter.CompositeFilter$VirtualFilterChain.doFilter(CompositeFilter.java:113)
	at org.springframework.web.filter.CompositeFilter.doFilter(CompositeFilter.java:74)
	at org.springframework.security.config.annotation.web.configuration.WebSecurityConfiguration$CompositeFilterChainProxy.doFilter(WebSecurityConfiguration.java:317)
	at org.springframework.web.filter.DelegatingFilterProxy.invokeDelegate(DelegatingFilterProxy.java:355)
	at org.springframework.web.filter.DelegatingFilterProxy.doFilter(DelegatingFilterProxy.java:272)
	at org.apache.catalina.core.ApplicationFilterChain.doFilter(ApplicationFilterChain.java:107)
	at org.springframework.web.filter.RequestContextFilter.doFilterInternal(RequestContextFilter.java:100)
	at org.springframework.web.filter.OncePerRequestFilter.doFilter(OncePerRequestFilter.java:116)
	at org.apache.catalina.core.ApplicationFilterChain.doFilter(ApplicationFilterChain.java:107)
	at org.springframework.web.filter.FormContentFilter.doFilterInternal(FormContentFilter.java:93)
	at org.springframework.web.filter.OncePerRequestFilter.doFilter(OncePerRequestFilter.java:116)
	at org.apache.catalina.core.ApplicationFilterChain.doFilter(ApplicationFilterChain.java:107)
	at org.springframework.web.filter.CharacterEncodingFilter.doFilterInternal(CharacterEncodingFilter.java:199)
	at org.springframework.web.filter.OncePerRequestFilter.doFilter(OncePerRequestFilter.java:116)
	at org.apache.catalina.core.ApplicationFilterChain.doFilter(ApplicationFilterChain.java:107)
	at org.apache.catalina.core.StandardWrapperValve.invoke(StandardWrapperValve.java:165)
	at org.apache.catalina.core.StandardContextValve.invoke(StandardContextValve.java:77)
	at org.apache.catalina.authenticator.AuthenticatorBase.invoke(AuthenticatorBase.java:492)
	at org.apache.catalina.core.StandardHostValve.invoke(StandardHostValve.java:113)
	at org.apache.catalina.valves.ErrorReportValve.invoke(ErrorReportValve.java:83)
	at org.apache.catalina.core.StandardEngineValve.invoke(StandardEngineValve.java:72)
	at org.apache.catalina.connector.CoyoteAdapter.service(CoyoteAdapter.java:341)
	at org.apache.coyote.http11.Http11Processor.service(Http11Processor.java:397)
	at org.apache.coyote.AbstractProcessorLight.process(AbstractProcessorLight.java:63)
	at org.apache.coyote.AbstractProtocol$ConnectionHandler.process(AbstractProtocol.java:903)
	at org.apache.tomcat.util.net.NioEndpoint$SocketProcessor.doRun(NioEndpoint.java:1801)
	at org.apache.tomcat.util.net.SocketProcessorBase.run(SocketProcessorBase.java:52)
	at org.apache.tomcat.util.threads.ThreadPoolExecutor.runWorker(ThreadPoolExecutor.java:946)
	at org.apache.tomcat.util.threads.ThreadPoolExecutor$Worker.run(ThreadPoolExecutor.java:480)
	at org.apache.tomcat.util.threads.TaskThread$WrappingRunnable.run(TaskThread.java:57)
	at java.base/java.lang.Thread.run(Thread.java:1583)
2026-06-04 16:27:38[INFO]com.abubakar.connectify.configuration.RequestLoggingFilter-PUT /api/v1/stories/1/restore-request | Status: 400
2026-06-04 16:28:10[INFO]com.abubakar.connectify.service.impl.CustomUserDetailsService-Authentication request received for email: abu@gmail.com
2026-06-04 16:28:10[DEBUG]com.abubakar.connectify.service.impl.CustomUserDetailsService-User loaded successfully with email: abu@gmail.com and role: USER
2026-06-04 16:28:10[INFO]com.abubakar.connectify.security.JwtUtils-Token validation result for user abu@gmail.com : true
2026-06-04 16:28:10[INFO]com.abubakar.connectify.security.JwtFilter-User authenticated successfully: abu@gmail.com
2026-06-04 16:28:10[INFO]com.abubakar.connectify.controller.StoryController-Restore story request received | storyId: 4
2026-06-04 16:28:10[INFO]com.abubakar.connectify.service.impl.StoryServiceImpl-Story restore request | storyId: 4
2026-06-04 16:28:10[DEBUG]com.abubakar.connectify.util.UserAccessValidator-Validating user access | userId: 1
2026-06-04 16:28:10[DEBUG]com.abubakar.connectify.util.UserAccessValidator-User validation successful | userId: 1
2026-06-04 16:28:10[DEBUG]com.abubakar.connectify.util.AuthUtil-Authenticated active user fetched successfully | userId: 1
2026-06-04 16:28:10[DEBUG]com.abubakar.connectify.util.StoryAccessValidator-Fetching story | storyId: 4
2026-06-04 16:28:10[DEBUG]com.abubakar.connectify.service.impl.StoryServiceImpl-Validating story ownership for restore request | ownerId: 6 | requesterId: 1
2026-06-04 16:28:10[ERROR]com.abubakar.connectify.exception.GlobalExceptionHandler-Business exception occurred | errorCode: EMAIL_NOT_FOUND | status: 404 NOT_FOUND | message: You are not authorized
com.abubakar.connectify.exception.UnauthorizedException: You are not authorized
	at com.abubakar.connectify.util.OwnershipValidator.validate(OwnershipValidator.java:19)
	at com.abubakar.connectify.service.impl.StoryServiceImpl.requestRestoreStory(StoryServiceImpl.java:497)
	at java.base/jdk.internal.reflect.DirectMethodHandleAccessor.invoke(DirectMethodHandleAccessor.java:103)
	at java.base/java.lang.reflect.Method.invoke(Method.java:580)
	at org.springframework.aop.support.AopUtils.invokeJoinpointUsingReflection(AopUtils.java:359)
	at org.springframework.aop.framework.ReflectiveMethodInvocation.invokeJoinpoint(ReflectiveMethodInvocation.java:190)
	at org.springframework.aop.framework.ReflectiveMethodInvocation.proceed(ReflectiveMethodInvocation.java:158)
	at org.springframework.transaction.interceptor.TransactionInterceptor$1.proceedWithInvocation(TransactionInterceptor.java:133)
	at org.springframework.transaction.interceptor.TransactionAspectSupport.invokeWithinTransaction(TransactionAspectSupport.java:371)
	at org.springframework.transaction.interceptor.TransactionInterceptor.invoke(TransactionInterceptor.java:130)
	at org.springframework.aop.framework.ReflectiveMethodInvocation.proceed(ReflectiveMethodInvocation.java:179)
	at org.springframework.aop.framework.CglibAopProxy$DynamicAdvisedInterceptor.intercept(CglibAopProxy.java:719)
	at com.abubakar.connectify.service.impl.StoryServiceImpl$$SpringCGLIB$$0.requestRestoreStory(<generated>)
	at com.abubakar.connectify.controller.StoryController.requestRestoreStory(StoryController.java:272)
	at java.base/jdk.internal.reflect.DirectMethodHandleAccessor.invoke(DirectMethodHandleAccessor.java:103)
	at java.base/java.lang.reflect.Method.invoke(Method.java:580)
	at org.springframework.web.method.support.InvocableHandlerMethod.doInvoke(InvocableHandlerMethod.java:252)
	at org.springframework.web.method.support.InvocableHandlerMethod.invokeForRequest(InvocableHandlerMethod.java:184)
	at org.springframework.web.servlet.mvc.method.annotation.ServletInvocableHandlerMethod.invokeAndHandle(ServletInvocableHandlerMethod.java:117)
	at org.springframework.web.servlet.mvc.method.annotation.RequestMappingHandlerAdapter.invokeHandlerMethod(RequestMappingHandlerAdapter.java:934)
	at org.springframework.web.servlet.mvc.method.annotation.RequestMappingHandlerAdapter.handleInternal(RequestMappingHandlerAdapter.java:853)
	at org.springframework.web.servlet.mvc.method.AbstractHandlerMethodAdapter.handle(AbstractHandlerMethodAdapter.java:86)
	at org.springframework.web.servlet.DispatcherServlet.doDispatch(DispatcherServlet.java:963)
	at org.springframework.web.servlet.DispatcherServlet.doService(DispatcherServlet.java:866)
	at org.springframework.web.servlet.FrameworkServlet.processRequest(FrameworkServlet.java:1000)
	at org.springframework.web.servlet.FrameworkServlet.doPut(FrameworkServlet.java:914)
	at jakarta.servlet.http.HttpServlet.service(HttpServlet.java:650)
	at org.springframework.web.servlet.FrameworkServlet.service(FrameworkServlet.java:874)
	at jakarta.servlet.http.HttpServlet.service(HttpServlet.java:710)
	at org.apache.catalina.core.ApplicationFilterChain.doFilter(ApplicationFilterChain.java:128)
	at org.apache.tomcat.websocket.server.WsFilter.doFilter(WsFilter.java:53)
	at org.apache.catalina.core.ApplicationFilterChain.doFilter(ApplicationFilterChain.java:107)
	at org.springframework.web.filter.OncePerRequestFilter.doFilter(OncePerRequestFilter.java:110)
	at org.apache.catalina.core.ApplicationFilterChain.doFilter(ApplicationFilterChain.java:107)
	at org.springframework.web.filter.OncePerRequestFilter.doFilter(OncePerRequestFilter.java:110)
	at org.apache.catalina.core.ApplicationFilterChain.doFilter(ApplicationFilterChain.java:107)
	at com.abubakar.connectify.configuration.RequestLoggingFilter.doFilterInternal(RequestLoggingFilter.java:30)
	at org.springframework.web.filter.OncePerRequestFilter.doFilter(OncePerRequestFilter.java:116)
	at org.apache.catalina.core.ApplicationFilterChain.doFilter(ApplicationFilterChain.java:107)
	at org.springframework.web.filter.CompositeFilter$VirtualFilterChain.doFilter(CompositeFilter.java:108)
	at org.springframework.security.web.FilterChainProxy.lambda$doFilterInternal$3(FilterChainProxy.java:235)
	at org.springframework.security.web.FilterChainProxy$VirtualFilterChain.doFilter(FilterChainProxy.java:376)
	at org.springframework.security.web.access.intercept.AuthorizationFilter.doFilter(AuthorizationFilter.java:101)
	at org.springframework.security.web.FilterChainProxy$VirtualFilterChain.doFilter(FilterChainProxy.java:385)
	at org.springframework.security.web.access.ExceptionTranslationFilter.doFilter(ExceptionTranslationFilter.java:126)
	at org.springframework.security.web.access.ExceptionTranslationFilter.doFilter(ExceptionTranslationFilter.java:120)
	at org.springframework.security.web.FilterChainProxy$VirtualFilterChain.doFilter(FilterChainProxy.java:385)
	at org.springframework.security.web.session.SessionManagementFilter.doFilter(SessionManagementFilter.java:132)
	at org.springframework.security.web.session.SessionManagementFilter.doFilter(SessionManagementFilter.java:86)
	at org.springframework.security.web.FilterChainProxy$VirtualFilterChain.doFilter(FilterChainProxy.java:385)
	at org.springframework.security.web.authentication.AnonymousAuthenticationFilter.doFilter(AnonymousAuthenticationFilter.java:100)
	at org.springframework.security.web.FilterChainProxy$VirtualFilterChain.doFilter(FilterChainProxy.java:385)
	at org.springframework.security.web.servletapi.SecurityContextHolderAwareRequestFilter.doFilter(SecurityContextHolderAwareRequestFilter.java:181)
	at org.springframework.security.web.FilterChainProxy$VirtualFilterChain.doFilter(FilterChainProxy.java:385)
	at org.springframework.security.web.savedrequest.RequestCacheAwareFilter.doFilter(RequestCacheAwareFilter.java:63)
	at org.springframework.security.web.FilterChainProxy$VirtualFilterChain.doFilter(FilterChainProxy.java:385)
	at org.springframework.security.web.authentication.ui.DefaultLogoutPageGeneratingFilter.doFilterInternal(DefaultLogoutPageGeneratingFilter.java:60)
	at org.springframework.web.filter.OncePerRequestFilter.doFilter(OncePerRequestFilter.java:116)
	at org.springframework.security.web.FilterChainProxy$VirtualFilterChain.doFilter(FilterChainProxy.java:385)
	at org.springframework.security.web.authentication.ui.DefaultLoginPageGeneratingFilter.doFilter(DefaultLoginPageGeneratingFilter.java:246)
	at org.springframework.security.web.authentication.ui.DefaultLoginPageGeneratingFilter.doFilter(DefaultLoginPageGeneratingFilter.java:232)
	at org.springframework.security.web.FilterChainProxy$VirtualFilterChain.doFilter(FilterChainProxy.java:385)
	at org.springframework.security.web.authentication.ui.DefaultResourcesFilter.doFilter(DefaultResourcesFilter.java:73)
	at org.springframework.security.web.FilterChainProxy$VirtualFilterChain.doFilter(FilterChainProxy.java:385)
	at com.abubakar.connectify.security.JwtFilter.doFilterInternal(JwtFilter.java:141)
	at org.springframework.web.filter.OncePerRequestFilter.doFilter(OncePerRequestFilter.java:116)
	at org.springframework.security.web.FilterChainProxy$VirtualFilterChain.doFilter(FilterChainProxy.java:385)
	at org.springframework.security.web.authentication.AbstractAuthenticationProcessingFilter.doFilter(AbstractAuthenticationProcessingFilter.java:245)
	at org.springframework.security.web.authentication.AbstractAuthenticationProcessingFilter.doFilter(AbstractAuthenticationProcessingFilter.java:239)
	at org.springframework.security.web.FilterChainProxy$VirtualFilterChain.doFilter(FilterChainProxy.java:385)
	at org.springframework.security.oauth2.client.web.OAuth2AuthorizationRequestRedirectFilter.doFilterInternal(OAuth2AuthorizationRequestRedirectFilter.java:195)
	at org.springframework.web.filter.OncePerRequestFilter.doFilter(OncePerRequestFilter.java:116)
	at org.springframework.security.web.FilterChainProxy$VirtualFilterChain.doFilter(FilterChainProxy.java:385)
	at org.springframework.security.web.authentication.logout.LogoutFilter.doFilter(LogoutFilter.java:110)
	at org.springframework.security.web.authentication.logout.LogoutFilter.doFilter(LogoutFilter.java:96)
	at org.springframework.security.web.FilterChainProxy$VirtualFilterChain.doFilter(FilterChainProxy.java:385)
	at org.springframework.web.filter.CorsFilter.doFilterInternal(CorsFilter.java:91)
	at org.springframework.web.filter.OncePerRequestFilter.doFilter(OncePerRequestFilter.java:116)
	at org.springframework.security.web.FilterChainProxy$VirtualFilterChain.doFilter(FilterChainProxy.java:385)
	at org.springframework.security.web.header.HeaderWriterFilter.doHeadersAfter(HeaderWriterFilter.java:90)
	at org.springframework.security.web.header.HeaderWriterFilter.doFilterInternal(HeaderWriterFilter.java:75)
	at org.springframework.web.filter.OncePerRequestFilter.doFilter(OncePerRequestFilter.java:116)
	at org.springframework.security.web.FilterChainProxy$VirtualFilterChain.doFilter(FilterChainProxy.java:385)
	at org.springframework.security.web.context.SecurityContextHolderFilter.doFilter(SecurityContextHolderFilter.java:82)
	at org.springframework.security.web.context.SecurityContextHolderFilter.doFilter(SecurityContextHolderFilter.java:69)
	at org.springframework.security.web.FilterChainProxy$VirtualFilterChain.doFilter(FilterChainProxy.java:385)
	at org.springframework.security.web.context.request.async.WebAsyncManagerIntegrationFilter.doFilterInternal(WebAsyncManagerIntegrationFilter.java:62)
	at org.springframework.web.filter.OncePerRequestFilter.doFilter(OncePerRequestFilter.java:116)
	at org.springframework.security.web.FilterChainProxy$VirtualFilterChain.doFilter(FilterChainProxy.java:385)
	at org.springframework.security.web.session.DisableEncodeUrlFilter.doFilterInternal(DisableEncodeUrlFilter.java:42)
	at org.springframework.web.filter.OncePerRequestFilter.doFilter(OncePerRequestFilter.java:116)
	at org.springframework.security.web.FilterChainProxy$VirtualFilterChain.doFilter(FilterChainProxy.java:385)
	at org.springframework.security.web.FilterChainProxy.doFilterInternal(FilterChainProxy.java:237)
	at org.springframework.security.web.FilterChainProxy.doFilter(FilterChainProxy.java:195)
	at org.springframework.web.filter.CompositeFilter$VirtualFilterChain.doFilter(CompositeFilter.java:113)
	at org.springframework.web.filter.ServletRequestPathFilter.doFilter(ServletRequestPathFilter.java:52)
	at org.springframework.web.filter.CompositeFilter$VirtualFilterChain.doFilter(CompositeFilter.java:113)
	at org.springframework.web.filter.CompositeFilter.doFilter(CompositeFilter.java:74)
	at org.springframework.security.config.annotation.web.configuration.WebSecurityConfiguration$CompositeFilterChainProxy.doFilter(WebSecurityConfiguration.java:317)
	at org.springframework.web.filter.DelegatingFilterProxy.invokeDelegate(DelegatingFilterProxy.java:355)
	at org.springframework.web.filter.DelegatingFilterProxy.doFilter(DelegatingFilterProxy.java:272)
	at org.apache.catalina.core.ApplicationFilterChain.doFilter(ApplicationFilterChain.java:107)
	at org.springframework.web.filter.RequestContextFilter.doFilterInternal(RequestContextFilter.java:100)
	at org.springframework.web.filter.OncePerRequestFilter.doFilter(OncePerRequestFilter.java:116)
	at org.apache.catalina.core.ApplicationFilterChain.doFilter(ApplicationFilterChain.java:107)
	at org.springframework.web.filter.FormContentFilter.doFilterInternal(FormContentFilter.java:93)
	at org.springframework.web.filter.OncePerRequestFilter.doFilter(OncePerRequestFilter.java:116)
	at org.apache.catalina.core.ApplicationFilterChain.doFilter(ApplicationFilterChain.java:107)
	at org.springframework.web.filter.CharacterEncodingFilter.doFilterInternal(CharacterEncodingFilter.java:199)
	at org.springframework.web.filter.OncePerRequestFilter.doFilter(OncePerRequestFilter.java:116)
	at org.apache.catalina.core.ApplicationFilterChain.doFilter(ApplicationFilterChain.java:107)
	at org.apache.catalina.core.StandardWrapperValve.invoke(StandardWrapperValve.java:165)
	at org.apache.catalina.core.StandardContextValve.invoke(StandardContextValve.java:77)
	at org.apache.catalina.authenticator.AuthenticatorBase.invoke(AuthenticatorBase.java:492)
	at org.apache.catalina.core.StandardHostValve.invoke(StandardHostValve.java:113)
	at org.apache.catalina.valves.ErrorReportValve.invoke(ErrorReportValve.java:83)
	at org.apache.catalina.core.StandardEngineValve.invoke(StandardEngineValve.java:72)
	at org.apache.catalina.connector.CoyoteAdapter.service(CoyoteAdapter.java:341)
	at org.apache.coyote.http11.Http11Processor.service(Http11Processor.java:397)
	at org.apache.coyote.AbstractProcessorLight.process(AbstractProcessorLight.java:63)
	at org.apache.coyote.AbstractProtocol$ConnectionHandler.process(AbstractProtocol.java:903)
	at org.apache.tomcat.util.net.NioEndpoint$SocketProcessor.doRun(NioEndpoint.java:1801)
	at org.apache.tomcat.util.net.SocketProcessorBase.run(SocketProcessorBase.java:52)
	at org.apache.tomcat.util.threads.ThreadPoolExecutor.runWorker(ThreadPoolExecutor.java:946)
	at org.apache.tomcat.util.threads.ThreadPoolExecutor$Worker.run(ThreadPoolExecutor.java:480)
	at org.apache.tomcat.util.threads.TaskThread$WrappingRunnable.run(TaskThread.java:57)
	at java.base/java.lang.Thread.run(Thread.java:1583)
2026-06-04 16:28:10[INFO]com.abubakar.connectify.configuration.RequestLoggingFilter-PUT /api/v1/stories/4/restore-request | Status: 404
2026-06-04 16:28:16[INFO]com.abubakar.connectify.service.impl.CustomUserDetailsService-Authentication request received for email: abu@gmail.com
2026-06-04 16:28:16[DEBUG]com.abubakar.connectify.service.impl.CustomUserDetailsService-User loaded successfully with email: abu@gmail.com and role: USER
2026-06-04 16:28:16[INFO]com.abubakar.connectify.security.JwtUtils-Token validation result for user abu@gmail.com : true
2026-06-04 16:28:16[INFO]com.abubakar.connectify.security.JwtFilter-User authenticated successfully: abu@gmail.com
2026-06-04 16:28:16[INFO]com.abubakar.connectify.controller.StoryController-Restore story request received | storyId: 3
2026-06-04 16:28:16[INFO]com.abubakar.connectify.service.impl.StoryServiceImpl-Story restore request | storyId: 3
2026-06-04 16:28:16[DEBUG]com.abubakar.connectify.util.UserAccessValidator-Validating user access | userId: 1
2026-06-04 16:28:16[DEBUG]com.abubakar.connectify.util.UserAccessValidator-User validation successful | userId: 1
2026-06-04 16:28:16[DEBUG]com.abubakar.connectify.util.AuthUtil-Authenticated active user fetched successfully | userId: 1
2026-06-04 16:28:16[DEBUG]com.abubakar.connectify.util.StoryAccessValidator-Fetching story | storyId: 3
2026-06-04 16:28:16[DEBUG]com.abubakar.connectify.service.impl.StoryServiceImpl-Validating story ownership for restore request | ownerId: 1 | requesterId: 1
2026-06-04 16:28:16[INFO]com.abubakar.connectify.service.impl.StoryServiceImpl-Story restore request submitted successfully | storyId: 3 | requesterId: 1
2026-06-04 16:28:16[INFO]com.abubakar.connectify.configuration.RequestLoggingFilter-PUT /api/v1/stories/3/restore-request | Status: 200
2026-06-04 16:28:19[INFO]com.abubakar.connectify.service.impl.CustomUserDetailsService-Authentication request received for email: abu@gmail.com
2026-06-04 16:28:19[DEBUG]com.abubakar.connectify.service.impl.CustomUserDetailsService-User loaded successfully with email: abu@gmail.com and role: USER
2026-06-04 16:28:19[INFO]com.abubakar.connectify.security.JwtUtils-Token validation result for user abu@gmail.com : true
2026-06-04 16:28:19[INFO]com.abubakar.connectify.security.JwtFilter-User authenticated successfully: abu@gmail.com
2026-06-04 16:28:19[INFO]com.abubakar.connectify.controller.StoryController-Restore story request received | storyId: 3
2026-06-04 16:28:19[INFO]com.abubakar.connectify.service.impl.StoryServiceImpl-Story restore request | storyId: 3
2026-06-04 16:28:19[DEBUG]com.abubakar.connectify.util.UserAccessValidator-Validating user access | userId: 1
2026-06-04 16:28:19[DEBUG]com.abubakar.connectify.util.UserAccessValidator-User validation successful | userId: 1
2026-06-04 16:28:19[DEBUG]com.abubakar.connectify.util.AuthUtil-Authenticated active user fetched successfully | userId: 1
2026-06-04 16:28:19[DEBUG]com.abubakar.connectify.util.StoryAccessValidator-Fetching story | storyId: 3
2026-06-04 16:28:19[DEBUG]com.abubakar.connectify.service.impl.StoryServiceImpl-Validating story ownership for restore request | ownerId: 1 | requesterId: 1
2026-06-04 16:28:19[WARN]com.abubakar.connectify.service.impl.StoryServiceImpl-Restore request already submitted
2026-06-04 16:28:19[ERROR]com.abubakar.connectify.exception.GlobalExceptionHandler-Business exception occurred | errorCode: OPERATION_FAILED | status: 400 BAD_REQUEST | message: Restore request already submitted
com.abubakar.connectify.exception.OperationFailException: Restore request already submitted
	at com.abubakar.connectify.service.impl.StoryServiceImpl.requestRestoreStory(StoryServiceImpl.java:516)
	at java.base/jdk.internal.reflect.DirectMethodHandleAccessor.invoke(DirectMethodHandleAccessor.java:103)
	at java.base/java.lang.reflect.Method.invoke(Method.java:580)
	at org.springframework.aop.support.AopUtils.invokeJoinpointUsingReflection(AopUtils.java:359)
	at org.springframework.aop.framework.ReflectiveMethodInvocation.invokeJoinpoint(ReflectiveMethodInvocation.java:190)
	at org.springframework.aop.framework.ReflectiveMethodInvocation.proceed(ReflectiveMethodInvocation.java:158)
	at org.springframework.transaction.interceptor.TransactionInterceptor$1.proceedWithInvocation(TransactionInterceptor.java:133)
	at org.springframework.transaction.interceptor.TransactionAspectSupport.invokeWithinTransaction(TransactionAspectSupport.java:371)
	at org.springframework.transaction.interceptor.TransactionInterceptor.invoke(TransactionInterceptor.java:130)
	at org.springframework.aop.framework.ReflectiveMethodInvocation.proceed(ReflectiveMethodInvocation.java:179)
	at org.springframework.aop.framework.CglibAopProxy$DynamicAdvisedInterceptor.intercept(CglibAopProxy.java:719)
	at com.abubakar.connectify.service.impl.StoryServiceImpl$$SpringCGLIB$$0.requestRestoreStory(<generated>)
	at com.abubakar.connectify.controller.StoryController.requestRestoreStory(StoryController.java:272)
	at java.base/jdk.internal.reflect.DirectMethodHandleAccessor.invoke(DirectMethodHandleAccessor.java:103)
	at java.base/java.lang.reflect.Method.invoke(Method.java:580)
	at org.springframework.web.method.support.InvocableHandlerMethod.doInvoke(InvocableHandlerMethod.java:252)
	at org.springframework.web.method.support.InvocableHandlerMethod.invokeForRequest(InvocableHandlerMethod.java:184)
	at org.springframework.web.servlet.mvc.method.annotation.ServletInvocableHandlerMethod.invokeAndHandle(ServletInvocableHandlerMethod.java:117)
	at org.springframework.web.servlet.mvc.method.annotation.RequestMappingHandlerAdapter.invokeHandlerMethod(RequestMappingHandlerAdapter.java:934)
	at org.springframework.web.servlet.mvc.method.annotation.RequestMappingHandlerAdapter.handleInternal(RequestMappingHandlerAdapter.java:853)
	at org.springframework.web.servlet.mvc.method.AbstractHandlerMethodAdapter.handle(AbstractHandlerMethodAdapter.java:86)
	at org.springframework.web.servlet.DispatcherServlet.doDispatch(DispatcherServlet.java:963)
	at org.springframework.web.servlet.DispatcherServlet.doService(DispatcherServlet.java:866)
	at org.springframework.web.servlet.FrameworkServlet.processRequest(FrameworkServlet.java:1000)
	at org.springframework.web.servlet.FrameworkServlet.doPut(FrameworkServlet.java:914)
	at jakarta.servlet.http.HttpServlet.service(HttpServlet.java:650)
	at org.springframework.web.servlet.FrameworkServlet.service(FrameworkServlet.java:874)
	at jakarta.servlet.http.HttpServlet.service(HttpServlet.java:710)
	at org.apache.catalina.core.ApplicationFilterChain.doFilter(ApplicationFilterChain.java:128)
	at org.apache.tomcat.websocket.server.WsFilter.doFilter(WsFilter.java:53)
	at org.apache.catalina.core.ApplicationFilterChain.doFilter(ApplicationFilterChain.java:107)
	at org.springframework.web.filter.OncePerRequestFilter.doFilter(OncePerRequestFilter.java:110)
	at org.apache.catalina.core.ApplicationFilterChain.doFilter(ApplicationFilterChain.java:107)
	at org.springframework.web.filter.OncePerRequestFilter.doFilter(OncePerRequestFilter.java:110)
	at org.apache.catalina.core.ApplicationFilterChain.doFilter(ApplicationFilterChain.java:107)
	at com.abubakar.connectify.configuration.RequestLoggingFilter.doFilterInternal(RequestLoggingFilter.java:30)
	at org.springframework.web.filter.OncePerRequestFilter.doFilter(OncePerRequestFilter.java:116)
	at org.apache.catalina.core.ApplicationFilterChain.doFilter(ApplicationFilterChain.java:107)
	at org.springframework.web.filter.CompositeFilter$VirtualFilterChain.doFilter(CompositeFilter.java:108)
	at org.springframework.security.web.FilterChainProxy.lambda$doFilterInternal$3(FilterChainProxy.java:235)
	at org.springframework.security.web.FilterChainProxy$VirtualFilterChain.doFilter(FilterChainProxy.java:376)
	at org.springframework.security.web.access.intercept.AuthorizationFilter.doFilter(AuthorizationFilter.java:101)
	at org.springframework.security.web.FilterChainProxy$VirtualFilterChain.doFilter(FilterChainProxy.java:385)
	at org.springframework.security.web.access.ExceptionTranslationFilter.doFilter(ExceptionTranslationFilter.java:126)
	at org.springframework.security.web.access.ExceptionTranslationFilter.doFilter(ExceptionTranslationFilter.java:120)
	at org.springframework.security.web.FilterChainProxy$VirtualFilterChain.doFilter(FilterChainProxy.java:385)
	at org.springframework.security.web.session.SessionManagementFilter.doFilter(SessionManagementFilter.java:132)
	at org.springframework.security.web.session.SessionManagementFilter.doFilter(SessionManagementFilter.java:86)
	at org.springframework.security.web.FilterChainProxy$VirtualFilterChain.doFilter(FilterChainProxy.java:385)
	at org.springframework.security.web.authentication.AnonymousAuthenticationFilter.doFilter(AnonymousAuthenticationFilter.java:100)
	at org.springframework.security.web.FilterChainProxy$VirtualFilterChain.doFilter(FilterChainProxy.java:385)
	at org.springframework.security.web.servletapi.SecurityContextHolderAwareRequestFilter.doFilter(SecurityContextHolderAwareRequestFilter.java:181)
	at org.springframework.security.web.FilterChainProxy$VirtualFilterChain.doFilter(FilterChainProxy.java:385)
	at org.springframework.security.web.savedrequest.RequestCacheAwareFilter.doFilter(RequestCacheAwareFilter.java:63)
	at org.springframework.security.web.FilterChainProxy$VirtualFilterChain.doFilter(FilterChainProxy.java:385)
	at org.springframework.security.web.authentication.ui.DefaultLogoutPageGeneratingFilter.doFilterInternal(DefaultLogoutPageGeneratingFilter.java:60)
	at org.springframework.web.filter.OncePerRequestFilter.doFilter(OncePerRequestFilter.java:116)
	at org.springframework.security.web.FilterChainProxy$VirtualFilterChain.doFilter(FilterChainProxy.java:385)
	at org.springframework.security.web.authentication.ui.DefaultLoginPageGeneratingFilter.doFilter(DefaultLoginPageGeneratingFilter.java:246)
	at org.springframework.security.web.authentication.ui.DefaultLoginPageGeneratingFilter.doFilter(DefaultLoginPageGeneratingFilter.java:232)
	at org.springframework.security.web.FilterChainProxy$VirtualFilterChain.doFilter(FilterChainProxy.java:385)
	at org.springframework.security.web.authentication.ui.DefaultResourcesFilter.doFilter(DefaultResourcesFilter.java:73)
	at org.springframework.security.web.FilterChainProxy$VirtualFilterChain.doFilter(FilterChainProxy.java:385)
	at com.abubakar.connectify.security.JwtFilter.doFilterInternal(JwtFilter.java:141)
	at org.springframework.web.filter.OncePerRequestFilter.doFilter(OncePerRequestFilter.java:116)
	at org.springframework.security.web.FilterChainProxy$VirtualFilterChain.doFilter(FilterChainProxy.java:385)
	at org.springframework.security.web.authentication.AbstractAuthenticationProcessingFilter.doFilter(AbstractAuthenticationProcessingFilter.java:245)
	at org.springframework.security.web.authentication.AbstractAuthenticationProcessingFilter.doFilter(AbstractAuthenticationProcessingFilter.java:239)
	at org.springframework.security.web.FilterChainProxy$VirtualFilterChain.doFilter(FilterChainProxy.java:385)
	at org.springframework.security.oauth2.client.web.OAuth2AuthorizationRequestRedirectFilter.doFilterInternal(OAuth2AuthorizationRequestRedirectFilter.java:195)
	at org.springframework.web.filter.OncePerRequestFilter.doFilter(OncePerRequestFilter.java:116)
	at org.springframework.security.web.FilterChainProxy$VirtualFilterChain.doFilter(FilterChainProxy.java:385)
	at org.springframework.security.web.authentication.logout.LogoutFilter.doFilter(LogoutFilter.java:110)
	at org.springframework.security.web.authentication.logout.LogoutFilter.doFilter(LogoutFilter.java:96)
	at org.springframework.security.web.FilterChainProxy$VirtualFilterChain.doFilter(FilterChainProxy.java:385)
	at org.springframework.web.filter.CorsFilter.doFilterInternal(CorsFilter.java:91)
	at org.springframework.web.filter.OncePerRequestFilter.doFilter(OncePerRequestFilter.java:116)
	at org.springframework.security.web.FilterChainProxy$VirtualFilterChain.doFilter(FilterChainProxy.java:385)
	at org.springframework.security.web.header.HeaderWriterFilter.doHeadersAfter(HeaderWriterFilter.java:90)
	at org.springframework.security.web.header.HeaderWriterFilter.doFilterInternal(HeaderWriterFilter.java:75)
	at org.springframework.web.filter.OncePerRequestFilter.doFilter(OncePerRequestFilter.java:116)
	at org.springframework.security.web.FilterChainProxy$VirtualFilterChain.doFilter(FilterChainProxy.java:385)
	at org.springframework.security.web.context.SecurityContextHolderFilter.doFilter(SecurityContextHolderFilter.java:82)
	at org.springframework.security.web.context.SecurityContextHolderFilter.doFilter(SecurityContextHolderFilter.java:69)
	at org.springframework.security.web.FilterChainProxy$VirtualFilterChain.doFilter(FilterChainProxy.java:385)
	at org.springframework.security.web.context.request.async.WebAsyncManagerIntegrationFilter.doFilterInternal(WebAsyncManagerIntegrationFilter.java:62)
	at org.springframework.web.filter.OncePerRequestFilter.doFilter(OncePerRequestFilter.java:116)
	at org.springframework.security.web.FilterChainProxy$VirtualFilterChain.doFilter(FilterChainProxy.java:385)
	at org.springframework.security.web.session.DisableEncodeUrlFilter.doFilterInternal(DisableEncodeUrlFilter.java:42)
	at org.springframework.web.filter.OncePerRequestFilter.doFilter(OncePerRequestFilter.java:116)
	at org.springframework.security.web.FilterChainProxy$VirtualFilterChain.doFilter(FilterChainProxy.java:385)
	at org.springframework.security.web.FilterChainProxy.doFilterInternal(FilterChainProxy.java:237)
	at org.springframework.security.web.FilterChainProxy.doFilter(FilterChainProxy.java:195)
	at org.springframework.web.filter.CompositeFilter$VirtualFilterChain.doFilter(CompositeFilter.java:113)
	at org.springframework.web.filter.ServletRequestPathFilter.doFilter(ServletRequestPathFilter.java:52)
	at org.springframework.web.filter.CompositeFilter$VirtualFilterChain.doFilter(CompositeFilter.java:113)
	at org.springframework.web.filter.CompositeFilter.doFilter(CompositeFilter.java:74)
	at org.springframework.security.config.annotation.web.configuration.WebSecurityConfiguration$CompositeFilterChainProxy.doFilter(WebSecurityConfiguration.java:317)
	at org.springframework.web.filter.DelegatingFilterProxy.invokeDelegate(DelegatingFilterProxy.java:355)
	at org.springframework.web.filter.DelegatingFilterProxy.doFilter(DelegatingFilterProxy.java:272)
	at org.apache.catalina.core.ApplicationFilterChain.doFilter(ApplicationFilterChain.java:107)
	at org.springframework.web.filter.RequestContextFilter.doFilterInternal(RequestContextFilter.java:100)
	at org.springframework.web.filter.OncePerRequestFilter.doFilter(OncePerRequestFilter.java:116)
	at org.apache.catalina.core.ApplicationFilterChain.doFilter(ApplicationFilterChain.java:107)
	at org.springframework.web.filter.FormContentFilter.doFilterInternal(FormContentFilter.java:93)
	at org.springframework.web.filter.OncePerRequestFilter.doFilter(OncePerRequestFilter.java:116)
	at org.apache.catalina.core.ApplicationFilterChain.doFilter(ApplicationFilterChain.java:107)
	at org.springframework.web.filter.CharacterEncodingFilter.doFilterInternal(CharacterEncodingFilter.java:199)
	at org.springframework.web.filter.OncePerRequestFilter.doFilter(OncePerRequestFilter.java:116)
	at org.apache.catalina.core.ApplicationFilterChain.doFilter(ApplicationFilterChain.java:107)
	at org.apache.catalina.core.StandardWrapperValve.invoke(StandardWrapperValve.java:165)
	at org.apache.catalina.core.StandardContextValve.invoke(StandardContextValve.java:77)
	at org.apache.catalina.authenticator.AuthenticatorBase.invoke(AuthenticatorBase.java:492)
	at org.apache.catalina.core.StandardHostValve.invoke(StandardHostValve.java:113)
	at org.apache.catalina.valves.ErrorReportValve.invoke(ErrorReportValve.java:83)
	at org.apache.catalina.core.StandardEngineValve.invoke(StandardEngineValve.java:72)
	at org.apache.catalina.connector.CoyoteAdapter.service(CoyoteAdapter.java:341)
	at org.apache.coyote.http11.Http11Processor.service(Http11Processor.java:397)
	at org.apache.coyote.AbstractProcessorLight.process(AbstractProcessorLight.java:63)
	at org.apache.coyote.AbstractProtocol$ConnectionHandler.process(AbstractProtocol.java:903)
	at org.apache.tomcat.util.net.NioEndpoint$SocketProcessor.doRun(NioEndpoint.java:1801)
	at org.apache.tomcat.util.net.SocketProcessorBase.run(SocketProcessorBase.java:52)
	at org.apache.tomcat.util.threads.ThreadPoolExecutor.runWorker(ThreadPoolExecutor.java:946)
	at org.apache.tomcat.util.threads.ThreadPoolExecutor$Worker.run(ThreadPoolExecutor.java:480)
	at org.apache.tomcat.util.threads.TaskThread$WrappingRunnable.run(TaskThread.java:57)
	at java.base/java.lang.Thread.run(Thread.java:1583)
2026-06-04 16:28:19[INFO]com.abubakar.connectify.configuration.RequestLoggingFilter-PUT /api/v1/stories/3/restore-request | Status: 400
2026-06-04 16:33:47[INFO]com.abubakar.connectify.scheduler.StoryCleanupScheduler-Running story cleanup job
2026-06-04 16:33:47[INFO]com.abubakar.connectify.scheduler.StoryCleanupScheduler-Expired stories found: 0
2026-06-04 16:33:47[INFO]com.abubakar.connectify.scheduler.StoryCleanupScheduler-Story cleanup completed
2026-06-04 16:39:48[INFO]org.springframework.boot.tomcat.GracefulShutdown-Commencing graceful shutdown. Waiting for active requests to complete
2026-06-04 16:39:48[INFO]org.springframework.boot.tomcat.GracefulShutdown-Graceful shutdown complete
2026-06-04 16:39:48[INFO]org.springframework.orm.jpa.LocalContainerEntityManagerFactoryBean-Closing JPA EntityManagerFactory for persistence unit 'default'
2026-06-04 16:39:48[INFO]com.zaxxer.hikari.HikariDataSource-HikariPool-1 - Shutdown initiated...
2026-06-04 16:39:48[INFO]com.zaxxer.hikari.HikariDataSource-HikariPool-1 - Shutdown completed.
2026-06-04 16:39:52[INFO]org.hibernate.validator.internal.util.Version-HV000001: Hibernate Validator 9.0.1.Final
2026-06-04 16:39:52[INFO]com.abubakar.connectify.ConnectifyApplication-Starting ConnectifyApplication using Java 21.0.9 with PID 19584 (C:\Users\wwwab\Desktop\Sem4InternshipPresentation\2\Connectify\backend\target\classes started by wwwab in C:\Users\wwwab\Desktop\Sem4InternshipPresentation\2\Connectify\backend)
2026-06-04 16:39:52[DEBUG]com.abubakar.connectify.ConnectifyApplication-Running with Spring Boot v4.0.6, Spring v7.0.7
2026-06-04 16:39:52[INFO]com.abubakar.connectify.ConnectifyApplication-The following 1 profile is active: "dev"
2026-06-04 16:39:54[INFO]org.springframework.data.repository.config.RepositoryConfigurationDelegate-Multiple Spring Data modules found, entering strict repository configuration mode
2026-06-04 16:39:54[INFO]org.springframework.data.repository.config.RepositoryConfigurationDelegate-Bootstrapping Spring Data JPA repositories in DEFAULT mode.
2026-06-04 16:39:54[INFO]org.springframework.data.repository.config.RepositoryConfigurationDelegate-Finished Spring Data repository scanning in 233 ms. Found 18 JPA repository interfaces.
2026-06-04 16:39:54[INFO]org.springframework.data.repository.config.RepositoryConfigurationDelegate-Multiple Spring Data modules found, entering strict repository configuration mode
2026-06-04 16:39:54[INFO]org.springframework.data.repository.config.RepositoryConfigurationDelegate-Bootstrapping Spring Data Redis repositories in DEFAULT mode.
2026-06-04 16:39:54[INFO]org.springframework.data.repository.config.RepositoryConfigurationExtensionSupport-Spring Data Redis - Could not safely identify store assignment for repository candidate interface com.abubakar.connectify.repository.ChatParticipantRepository; If you want this repository to be a Redis repository, consider annotating your entities with one of these annotations: org.springframework.data.redis.core.RedisHash (preferred), or consider extending one of the following types with your repository: org.springframework.data.keyvalue.repository.KeyValueRepository
2026-06-04 16:39:54[INFO]org.springframework.data.repository.config.RepositoryConfigurationExtensionSupport-Spring Data Redis - Could not safely identify store assignment for repository candidate interface com.abubakar.connectify.repository.ChatRepository; If you want this repository to be a Redis repository, consider annotating your entities with one of these annotations: org.springframework.data.redis.core.RedisHash (preferred), or consider extending one of the following types with your repository: org.springframework.data.keyvalue.repository.KeyValueRepository
2026-06-04 16:39:54[INFO]org.springframework.data.repository.config.RepositoryConfigurationExtensionSupport-Spring Data Redis - Could not safely identify store assignment for repository candidate interface com.abubakar.connectify.repository.CommentRepository; If you want this repository to be a Redis repository, consider annotating your entities with one of these annotations: org.springframework.data.redis.core.RedisHash (preferred), or consider extending one of the following types with your repository: org.springframework.data.keyvalue.repository.KeyValueRepository
2026-06-04 16:39:54[INFO]org.springframework.data.repository.config.RepositoryConfigurationExtensionSupport-Spring Data Redis - Could not safely identify store assignment for repository candidate interface com.abubakar.connectify.repository.FollowRepository; If you want this repository to be a Redis repository, consider annotating your entities with one of these annotations: org.springframework.data.redis.core.RedisHash (preferred), or consider extending one of the following types with your repository: org.springframework.data.keyvalue.repository.KeyValueRepository
2026-06-04 16:39:54[INFO]org.springframework.data.repository.config.RepositoryConfigurationExtensionSupport-Spring Data Redis - Could not safely identify store assignment for repository candidate interface com.abubakar.connectify.repository.HashtagRepository; If you want this repository to be a Redis repository, consider annotating your entities with one of these annotations: org.springframework.data.redis.core.RedisHash (preferred), or consider extending one of the following types with your repository: org.springframework.data.keyvalue.repository.KeyValueRepository
2026-06-04 16:39:54[INFO]org.springframework.data.repository.config.RepositoryConfigurationExtensionSupport-Spring Data Redis - Could not safely identify store assignment for repository candidate interface com.abubakar.connectify.repository.LikeRepository; If you want this repository to be a Redis repository, consider annotating your entities with one of these annotations: org.springframework.data.redis.core.RedisHash (preferred), or consider extending one of the following types with your repository: org.springframework.data.keyvalue.repository.KeyValueRepository
2026-06-04 16:39:54[INFO]org.springframework.data.repository.config.RepositoryConfigurationExtensionSupport-Spring Data Redis - Could not safely identify store assignment for repository candidate interface com.abubakar.connectify.repository.MediaRepository; If you want this repository to be a Redis repository, consider annotating your entities with one of these annotations: org.springframework.data.redis.core.RedisHash (preferred), or consider extending one of the following types with your repository: org.springframework.data.keyvalue.repository.KeyValueRepository
2026-06-04 16:39:54[INFO]org.springframework.data.repository.config.RepositoryConfigurationExtensionSupport-Spring Data Redis - Could not safely identify store assignment for repository candidate interface com.abubakar.connectify.repository.MessageRepository; If you want this repository to be a Redis repository, consider annotating your entities with one of these annotations: org.springframework.data.redis.core.RedisHash (preferred), or consider extending one of the following types with your repository: org.springframework.data.keyvalue.repository.KeyValueRepository
2026-06-04 16:39:54[INFO]org.springframework.data.repository.config.RepositoryConfigurationExtensionSupport-Spring Data Redis - Could not safely identify store assignment for repository candidate interface com.abubakar.connectify.repository.NotificationRepository; If you want this repository to be a Redis repository, consider annotating your entities with one of these annotations: org.springframework.data.redis.core.RedisHash (preferred), or consider extending one of the following types with your repository: org.springframework.data.keyvalue.repository.KeyValueRepository
2026-06-04 16:39:54[INFO]org.springframework.data.repository.config.RepositoryConfigurationExtensionSupport-Spring Data Redis - Could not safely identify store assignment for repository candidate interface com.abubakar.connectify.repository.PostRepository; If you want this repository to be a Redis repository, consider annotating your entities with one of these annotations: org.springframework.data.redis.core.RedisHash (preferred), or consider extending one of the following types with your repository: org.springframework.data.keyvalue.repository.KeyValueRepository
2026-06-04 16:39:54[INFO]org.springframework.data.repository.config.RepositoryConfigurationExtensionSupport-Spring Data Redis - Could not safely identify store assignment for repository candidate interface com.abubakar.connectify.repository.RefreshTokenRepository; If you want this repository to be a Redis repository, consider annotating your entities with one of these annotations: org.springframework.data.redis.core.RedisHash (preferred), or consider extending one of the following types with your repository: org.springframework.data.keyvalue.repository.KeyValueRepository
2026-06-04 16:39:54[INFO]org.springframework.data.repository.config.RepositoryConfigurationExtensionSupport-Spring Data Redis - Could not safely identify store assignment for repository candidate interface com.abubakar.connectify.repository.ReportRepository; If you want this repository to be a Redis repository, consider annotating your entities with one of these annotations: org.springframework.data.redis.core.RedisHash (preferred), or consider extending one of the following types with your repository: org.springframework.data.keyvalue.repository.KeyValueRepository
2026-06-04 16:39:54[INFO]org.springframework.data.repository.config.RepositoryConfigurationExtensionSupport-Spring Data Redis - Could not safely identify store assignment for repository candidate interface com.abubakar.connectify.repository.SavedPostRepository; If you want this repository to be a Redis repository, consider annotating your entities with one of these annotations: org.springframework.data.redis.core.RedisHash (preferred), or consider extending one of the following types with your repository: org.springframework.data.keyvalue.repository.KeyValueRepository
2026-06-04 16:39:54[INFO]org.springframework.data.repository.config.RepositoryConfigurationExtensionSupport-Spring Data Redis - Could not safely identify store assignment for repository candidate interface com.abubakar.connectify.repository.StoryReactionRepository; If you want this repository to be a Redis repository, consider annotating your entities with one of these annotations: org.springframework.data.redis.core.RedisHash (preferred), or consider extending one of the following types with your repository: org.springframework.data.keyvalue.repository.KeyValueRepository
2026-06-04 16:39:54[INFO]org.springframework.data.repository.config.RepositoryConfigurationExtensionSupport-Spring Data Redis - Could not safely identify store assignment for repository candidate interface com.abubakar.connectify.repository.StoryReplyRepository; If you want this repository to be a Redis repository, consider annotating your entities with one of these annotations: org.springframework.data.redis.core.RedisHash (preferred), or consider extending one of the following types with your repository: org.springframework.data.keyvalue.repository.KeyValueRepository
2026-06-04 16:39:54[INFO]org.springframework.data.repository.config.RepositoryConfigurationExtensionSupport-Spring Data Redis - Could not safely identify store assignment for repository candidate interface com.abubakar.connectify.repository.StoryRepository; If you want this repository to be a Redis repository, consider annotating your entities with one of these annotations: org.springframework.data.redis.core.RedisHash (preferred), or consider extending one of the following types with your repository: org.springframework.data.keyvalue.repository.KeyValueRepository
2026-06-04 16:39:54[INFO]org.springframework.data.repository.config.RepositoryConfigurationExtensionSupport-Spring Data Redis - Could not safely identify store assignment for repository candidate interface com.abubakar.connectify.repository.StoryViewRepository; If you want this repository to be a Redis repository, consider annotating your entities with one of these annotations: org.springframework.data.redis.core.RedisHash (preferred), or consider extending one of the following types with your repository: org.springframework.data.keyvalue.repository.KeyValueRepository
2026-06-04 16:39:54[INFO]org.springframework.data.repository.config.RepositoryConfigurationExtensionSupport-Spring Data Redis - Could not safely identify store assignment for repository candidate interface com.abubakar.connectify.repository.UserRepository; If you want this repository to be a Redis repository, consider annotating your entities with one of these annotations: org.springframework.data.redis.core.RedisHash (preferred), or consider extending one of the following types with your repository: org.springframework.data.keyvalue.repository.KeyValueRepository
2026-06-04 16:39:54[INFO]org.springframework.data.repository.config.RepositoryConfigurationDelegate-Finished Spring Data repository scanning in 14 ms. Found 0 Redis repository interfaces.
2026-06-04 16:39:55[INFO]org.springframework.boot.tomcat.TomcatWebServer-Tomcat initialized with port 8080 (http)
2026-06-04 16:39:55[INFO]org.apache.coyote.http11.Http11NioProtocol-Initializing ProtocolHandler ["http-nio-8080"]
2026-06-04 16:39:55[INFO]org.apache.catalina.core.StandardService-Starting service [Tomcat]
2026-06-04 16:39:55[INFO]org.apache.catalina.core.StandardEngine-Starting Servlet engine: [Apache Tomcat/11.0.21]
2026-06-04 16:39:55[INFO]org.springframework.boot.web.context.servlet.WebApplicationContextInitializer-Root WebApplicationContext: initialization completed in 3019 ms
2026-06-04 16:39:55[INFO]org.hibernate.orm.jpa-HHH008540: Processing PersistenceUnitInfo [name: default]
2026-06-04 16:39:56[INFO]org.hibernate.orm.core-HHH000001: Hibernate ORM core version 7.2.12.Final
2026-06-04 16:39:56[INFO]org.springframework.orm.jpa.persistenceunit.SpringPersistenceUnitInfo-No LoadTimeWeaver setup: ignoring JPA class transformer
2026-06-04 16:39:56[INFO]com.zaxxer.hikari.HikariDataSource-HikariPool-1 - Starting...
2026-06-04 16:39:56[INFO]com.zaxxer.hikari.pool.HikariPool-HikariPool-1 - Added connection com.mysql.cj.jdbc.ConnectionImpl@18301763
2026-06-04 16:39:56[INFO]com.zaxxer.hikari.HikariDataSource-HikariPool-1 - Start completed.
2026-06-04 16:39:56[INFO]org.hibernate.orm.connections.pooling-HHH10001005: Database info:
	Database JDBC URL [jdbc:mysql://localhost:3306/connectifyApp]
	Database driver: MySQL Connector/J
	Database dialect: MySQLDialect
	Database version: 8.0.43
	Default catalog/schema: connectifyApp/undefined
	Autocommit mode: undefined/unknown
	Isolation level: REPEATABLE_READ [default REPEATABLE_READ]
	JDBC fetch size: none
	Pool: DataSourceConnectionProvider
	Minimum pool size: undefined/unknown
	Maximum pool size: undefined/unknown
2026-06-04 16:39:58[INFO]org.hibernate.orm.core-HHH000489: No JTA platform available (set 'hibernate.transaction.jta.platform' to enable JTA platform integration)
2026-06-04 16:39:58[INFO]org.springframework.orm.jpa.LocalContainerEntityManagerFactoryBean-Initialized JPA EntityManagerFactory for persistence unit 'default'
2026-06-04 16:39:58[INFO]org.springframework.data.jpa.repository.query.QueryEnhancerFactories-Hibernate is in classpath; If applicable, HQL parser will be used.
2026-06-04 16:39:59[DEBUG]com.abubakar.connectify.configuration.RequestLoggingFilter-Filter 'requestLoggingFilter' configured for use
2026-06-04 16:39:59[DEBUG]com.abubakar.connectify.security.JwtFilter-Filter 'jwtFilter' configured for use
2026-06-04 16:40:00[INFO]org.springframework.security.config.annotation.authentication.configuration.InitializeAuthenticationProviderBeanManagerConfigurer$InitializeAuthenticationProviderManagerConfigurer-Global AuthenticationManager configured with AuthenticationProvider bean with name authenticationProvider
2026-06-04 16:40:00[WARN]org.springframework.security.config.annotation.authentication.configuration.InitializeUserDetailsBeanManagerConfigurer$InitializeUserDetailsManagerConfigurer-Global AuthenticationManager configured with an AuthenticationProvider bean. UserDetailsService beans will not be used by Spring Security for automatically configuring username/password login. Consider removing the AuthenticationProvider bean. Alternatively, consider using the UserDetailsService in a manually instantiated DaoAuthenticationProvider. If the current configuration is intentional, to turn off this warning, increase the logging level of 'org.springframework.security.config.annotation.authentication.configuration.InitializeUserDetailsBeanManagerConfigurer' to ERROR
2026-06-04 16:40:02[INFO]org.apache.coyote.http11.Http11NioProtocol-Starting ProtocolHandler ["http-nio-8080"]
2026-06-04 16:40:02[INFO]org.springframework.boot.tomcat.TomcatWebServer-Tomcat started on port 8080 (http) with context path '/'
2026-06-04 16:40:02[INFO]com.abubakar.connectify.ConnectifyApplication-Started ConnectifyApplication in 10.184 seconds (process running for 10.813)
2026-06-04 16:40:02[INFO]com.abubakar.connectify.scheduler.StoryCleanupScheduler-Running story cleanup job
2026-06-04 16:40:02[INFO]com.abubakar.connectify.scheduler.StoryCleanupScheduler-Expired stories found: 0
2026-06-04 16:40:02[INFO]com.abubakar.connectify.scheduler.StoryCleanupScheduler-Story cleanup completed
2026-06-04 16:42:57[INFO]org.apache.catalina.core.ContainerBase.[Tomcat].[localhost].[/]-Initializing Spring DispatcherServlet 'dispatcherServlet'
2026-06-04 16:42:57[INFO]org.springframework.web.servlet.DispatcherServlet-Initializing Servlet 'dispatcherServlet'
2026-06-04 16:42:57[INFO]org.springframework.web.servlet.DispatcherServlet-Completed initialization in 1 ms
2026-06-04 16:42:57[INFO]com.abubakar.connectify.service.impl.CustomUserDetailsService-Authentication request received for email: abu@gmail.com
2026-06-04 16:42:57[DEBUG]com.abubakar.connectify.service.impl.CustomUserDetailsService-User loaded successfully with email: abu@gmail.com and role: USER
2026-06-04 16:42:57[INFO]com.abubakar.connectify.security.JwtUtils-Token validation result for user abu@gmail.com : true
2026-06-04 16:42:57[INFO]com.abubakar.connectify.security.JwtFilter-User authenticated successfully: abu@gmail.com
2026-06-04 16:42:57[INFO]com.abubakar.connectify.service.impl.CustomUserDetailsService-Authentication request received for email: abu@gmail.com
2026-06-04 16:42:57[DEBUG]com.abubakar.connectify.service.impl.CustomUserDetailsService-User loaded successfully with email: abu@gmail.com and role: USER
2026-06-04 16:42:57[INFO]com.abubakar.connectify.security.JwtUtils-Token validation result for user abu@gmail.com : true
2026-06-04 16:42:57[INFO]com.abubakar.connectify.security.JwtFilter-User authenticated successfully: abu@gmail.com
2026-06-04 16:43:36[INFO]com.abubakar.connectify.controller.AuthController-Login Api initiated for: admin@gmail.com
2026-06-04 16:43:36[DEBUG]com.abubakar.connectify.service.impl.AuthServiceImpl-Starting login | email: admin@gmail.com
2026-06-04 16:43:36[INFO]com.abubakar.connectify.service.impl.CustomUserDetailsService-Authentication request received for email: admin@gmail.com
2026-06-04 16:43:36[DEBUG]com.abubakar.connectify.service.impl.CustomUserDetailsService-User loaded successfully with email: admin@gmail.com and role: ADMIN
2026-06-04 16:43:36[INFO]com.abubakar.connectify.security.JwtUtils-Generating token for user: admin@gmail.com
2026-06-04 16:43:36[INFO]com.abubakar.connectify.service.impl.RefreshTokenServiceImpl-Refresh token created/updated | userId: 3
2026-06-04 16:43:36[INFO]com.abubakar.connectify.service.impl.AuthServiceImpl-Login successful | userId: 3 | email: admin@gmail.com
2026-06-04 16:43:36[INFO]com.abubakar.connectify.configuration.RequestLoggingFilter-POST /api/v1/auth/login | Status: 200
2026-06-04 16:44:24[INFO]com.abubakar.connectify.service.impl.CustomUserDetailsService-Authentication request received for email: admin@gmail.com
2026-06-04 16:44:24[DEBUG]com.abubakar.connectify.service.impl.CustomUserDetailsService-User loaded successfully with email: admin@gmail.com and role: ADMIN
2026-06-04 16:44:24[INFO]com.abubakar.connectify.security.JwtUtils-Token validation result for user admin@gmail.com : true
2026-06-04 16:44:24[INFO]com.abubakar.connectify.security.JwtFilter-User authenticated successfully: admin@gmail.com
2026-06-04 16:44:24[INFO]com.abubakar.connectify.controller.AuthController-Fetching Current User Api initiated.
2026-06-04 16:44:24[DEBUG]com.abubakar.connectify.service.impl.AuthServiceImpl-Fetching current user
2026-06-04 16:44:24[DEBUG]com.abubakar.connectify.util.UserAccessValidator-Validating user access | userId: 3
2026-06-04 16:44:24[DEBUG]com.abubakar.connectify.util.UserAccessValidator-User validation successful | userId: 3
2026-06-04 16:44:24[DEBUG]com.abubakar.connectify.util.AuthUtil-Authenticated active user fetched successfully | userId: 3
2026-06-04 16:44:24[INFO]com.abubakar.connectify.service.impl.AuthServiceImpl-Current user fetched successfully | userId: 3
2026-06-04 16:44:24[INFO]com.abubakar.connectify.configuration.RequestLoggingFilter-GET /api/v1/auth/me | Status: 200
2026-06-04 16:44:31[INFO]com.abubakar.connectify.service.impl.CustomUserDetailsService-Authentication request received for email: admin@gmail.com
2026-06-04 16:44:31[DEBUG]com.abubakar.connectify.service.impl.CustomUserDetailsService-User loaded successfully with email: admin@gmail.com and role: ADMIN
2026-06-04 16:44:31[INFO]com.abubakar.connectify.security.JwtUtils-Token validation result for user admin@gmail.com : true
2026-06-04 16:44:31[INFO]com.abubakar.connectify.security.JwtFilter-User authenticated successfully: admin@gmail.com
2026-06-04 16:44:31[INFO]com.abubakar.connectify.controller.AuthController-Fetching Current User Api initiated.
2026-06-04 16:44:31[DEBUG]com.abubakar.connectify.service.impl.AuthServiceImpl-Fetching current user
2026-06-04 16:44:31[DEBUG]com.abubakar.connectify.util.UserAccessValidator-Validating user access | userId: 3
2026-06-04 16:44:31[DEBUG]com.abubakar.connectify.util.UserAccessValidator-User validation successful | userId: 3
2026-06-04 16:44:31[DEBUG]com.abubakar.connectify.util.AuthUtil-Authenticated active user fetched successfully | userId: 3
2026-06-04 16:44:31[INFO]com.abubakar.connectify.service.impl.AuthServiceImpl-Current user fetched successfully | userId: 3
2026-06-04 16:44:31[INFO]com.abubakar.connectify.configuration.RequestLoggingFilter-GET /api/v1/auth/me | Status: 200
2026-06-04 16:45:14[INFO]com.abubakar.connectify.service.impl.CustomUserDetailsService-Authentication request received for email: admin@gmail.com
2026-06-04 16:45:14[DEBUG]com.abubakar.connectify.service.impl.CustomUserDetailsService-User loaded successfully with email: admin@gmail.com and role: ADMIN
2026-06-04 16:45:14[INFO]com.abubakar.connectify.security.JwtUtils-Token validation result for user admin@gmail.com : true
2026-06-04 16:45:14[INFO]com.abubakar.connectify.security.JwtFilter-User authenticated successfully: admin@gmail.com
2026-06-04 16:45:14[INFO]com.abubakar.connectify.controller.AdminStoryController-Admin get stories API called
| username: null
| deleted: null
| isActive: null
| restoreRequested: null
| expired: null
| mediaType: null
| reportedOnly: null
| createdDate: null
| cursor: null
| size: 10

2026-06-04 16:45:14[INFO]com.abubakar.connectify.service.impl.AdminStoryServiceImpl-Admin fetching all stories | cursor: null | size: 10
2026-06-04 16:45:14[DEBUG]com.abubakar.connectify.util.UserAccessValidator-Validating user access | userId: 3
2026-06-04 16:45:14[DEBUG]com.abubakar.connectify.util.UserAccessValidator-User validation successful | userId: 3
2026-06-04 16:45:14[DEBUG]com.abubakar.connectify.util.AuthUtil-Authenticated active user fetched successfully | userId: 3
2026-06-04 16:45:14[INFO]com.abubakar.connectify.service.impl.AdminStoryServiceImpl-Admin validated successfully | adminId: 3
2026-06-04 16:45:14[WARN]org.hibernate.orm.query-HHH90003004: firstResult/maxResults specified with collection fetch; applying in memory
2026-06-04 16:45:14[INFO]com.abubakar.connectify.service.impl.AdminStoryServiceImpl-Stories fetched successfully | count: 4
2026-06-04 16:45:14[INFO]com.abubakar.connectify.configuration.RequestLoggingFilter-GET /api/v1/admin/stories | Status: 200
2026-06-04 16:46:19[INFO]com.abubakar.connectify.service.impl.CustomUserDetailsService-Authentication request received for email: admin@gmail.com
2026-06-04 16:46:19[DEBUG]com.abubakar.connectify.service.impl.CustomUserDetailsService-User loaded successfully with email: admin@gmail.com and role: ADMIN
2026-06-04 16:46:19[INFO]com.abubakar.connectify.security.JwtUtils-Token validation result for user admin@gmail.com : true
2026-06-04 16:46:19[INFO]com.abubakar.connectify.security.JwtFilter-User authenticated successfully: admin@gmail.com
2026-06-04 16:46:19[INFO]com.abubakar.connectify.controller.AdminStoryController-Admin get stories API called
| username: null
| deleted: null
| isActive: false
| restoreRequested: true
| expired: null
| mediaType: null
| reportedOnly: null
| createdDate: null
| cursor: null
| size: 10

2026-06-04 16:46:19[INFO]com.abubakar.connectify.service.impl.AdminStoryServiceImpl-Admin fetching all stories | cursor: null | size: 10
2026-06-04 16:46:19[DEBUG]com.abubakar.connectify.util.UserAccessValidator-Validating user access | userId: 3
2026-06-04 16:46:19[DEBUG]com.abubakar.connectify.util.UserAccessValidator-User validation successful | userId: 3
2026-06-04 16:46:19[DEBUG]com.abubakar.connectify.util.AuthUtil-Authenticated active user fetched successfully | userId: 3
2026-06-04 16:46:19[INFO]com.abubakar.connectify.service.impl.AdminStoryServiceImpl-Admin validated successfully | adminId: 3
2026-06-04 16:46:19[WARN]org.hibernate.orm.query-HHH90003004: firstResult/maxResults specified with collection fetch; applying in memory
2026-06-04 16:46:19[INFO]com.abubakar.connectify.service.impl.AdminStoryServiceImpl-Stories fetched successfully | count: 1
2026-06-04 16:46:19[INFO]com.abubakar.connectify.configuration.RequestLoggingFilter-GET /api/v1/admin/stories | Status: 200
2026-06-04 16:47:15[INFO]com.abubakar.connectify.service.impl.CustomUserDetailsService-Authentication request received for email: admin@gmail.com
2026-06-04 16:47:15[DEBUG]com.abubakar.connectify.service.impl.CustomUserDetailsService-User loaded successfully with email: admin@gmail.com and role: ADMIN
2026-06-04 16:47:15[INFO]com.abubakar.connectify.security.JwtUtils-Token validation result for user admin@gmail.com : true
2026-06-04 16:47:15[INFO]com.abubakar.connectify.security.JwtFilter-User authenticated successfully: admin@gmail.com
2026-06-04 16:47:15[INFO]com.abubakar.connectify.controller.AdminStoryController-Admin get story by id API called | storyId: 3
2026-06-04 16:47:15[INFO]com.abubakar.connectify.service.impl.AdminStoryServiceImpl-Admin fetching story by id | storyId: 3
2026-06-04 16:47:15[DEBUG]com.abubakar.connectify.util.UserAccessValidator-Validating user access | userId: 3
2026-06-04 16:47:15[DEBUG]com.abubakar.connectify.util.UserAccessValidator-User validation successful | userId: 3
2026-06-04 16:47:15[DEBUG]com.abubakar.connectify.util.AuthUtil-Authenticated active user fetched successfully | userId: 3
2026-06-04 16:47:15[INFO]com.abubakar.connectify.service.impl.AdminStoryServiceImpl-Admin validated successfully | adminId: 3
2026-06-04 16:47:15[DEBUG]com.abubakar.connectify.util.StoryAccessValidator-Fetching story | storyId: 3
2026-06-04 16:47:15[INFO]com.abubakar.connectify.service.impl.AdminStoryServiceImpl-Story fetched successfully | storyId: 3
2026-06-04 16:47:15[INFO]com.abubakar.connectify.configuration.RequestLoggingFilter-GET /api/v1/admin/stories/3 | Status: 200
2026-06-04 16:49:58[INFO]com.abubakar.connectify.service.impl.CustomUserDetailsService-Authentication request received for email: admin@gmail.com
2026-06-04 16:49:58[DEBUG]com.abubakar.connectify.service.impl.CustomUserDetailsService-User loaded successfully with email: admin@gmail.com and role: ADMIN
2026-06-04 16:49:58[INFO]com.abubakar.connectify.security.JwtUtils-Token validation result for user admin@gmail.com : true
2026-06-04 16:49:58[INFO]com.abubakar.connectify.security.JwtFilter-User authenticated successfully: admin@gmail.com
2026-06-04 16:49:58[INFO]com.abubakar.connectify.controller.AdminStoryController-Admin moderate story API called | storyId: 3
2026-06-04 16:49:58[INFO]com.abubakar.connectify.service.impl.AdminStoryServiceImpl-Admin moderating story | storyId: 3
2026-06-04 16:49:58[DEBUG]com.abubakar.connectify.util.UserAccessValidator-Validating user access | userId: 3
2026-06-04 16:49:58[DEBUG]com.abubakar.connectify.util.UserAccessValidator-User validation successful | userId: 3
2026-06-04 16:49:58[DEBUG]com.abubakar.connectify.util.AuthUtil-Authenticated active user fetched successfully | userId: 3
2026-06-04 16:49:58[INFO]com.abubakar.connectify.service.impl.AdminStoryServiceImpl-Admin validated successfully | adminId: 3
2026-06-04 16:49:58[DEBUG]com.abubakar.connectify.util.StoryAccessValidator-Fetching story | storyId: 3
2026-06-04 16:49:58[WARN]com.abubakar.connectify.service.impl.AdminStoryServiceImpl-Story already moderated
2026-06-04 16:49:58[ERROR]com.abubakar.connectify.exception.GlobalExceptionHandler-Business exception occurred | errorCode: OPERATION_FAILED | status: 400 BAD_REQUEST | message: Story already moderated
com.abubakar.connectify.exception.OperationFailException: Story already moderated
	at com.abubakar.connectify.service.impl.AdminStoryServiceImpl.moderateStory(AdminStoryServiceImpl.java:141)
	at java.base/jdk.internal.reflect.DirectMethodHandleAccessor.invoke(DirectMethodHandleAccessor.java:103)
	at java.base/java.lang.reflect.Method.invoke(Method.java:580)
	at org.springframework.aop.support.AopUtils.invokeJoinpointUsingReflection(AopUtils.java:359)
	at org.springframework.aop.framework.ReflectiveMethodInvocation.invokeJoinpoint(ReflectiveMethodInvocation.java:190)
	at org.springframework.aop.framework.ReflectiveMethodInvocation.proceed(ReflectiveMethodInvocation.java:158)
	at org.springframework.transaction.interceptor.TransactionInterceptor$1.proceedWithInvocation(TransactionInterceptor.java:133)
	at org.springframework.transaction.interceptor.TransactionAspectSupport.invokeWithinTransaction(TransactionAspectSupport.java:371)
	at org.springframework.transaction.interceptor.TransactionInterceptor.invoke(TransactionInterceptor.java:130)
	at org.springframework.aop.framework.ReflectiveMethodInvocation.proceed(ReflectiveMethodInvocation.java:179)
	at org.springframework.aop.framework.CglibAopProxy$DynamicAdvisedInterceptor.intercept(CglibAopProxy.java:719)
	at com.abubakar.connectify.service.impl.AdminStoryServiceImpl$$SpringCGLIB$$0.moderateStory(<generated>)
	at com.abubakar.connectify.controller.AdminStoryController.moderateStory(AdminStoryController.java:114)
	at java.base/jdk.internal.reflect.DirectMethodHandleAccessor.invoke(DirectMethodHandleAccessor.java:103)
	at java.base/java.lang.reflect.Method.invoke(Method.java:580)
	at org.springframework.web.method.support.InvocableHandlerMethod.doInvoke(InvocableHandlerMethod.java:252)
	at org.springframework.web.method.support.InvocableHandlerMethod.invokeForRequest(InvocableHandlerMethod.java:184)
	at org.springframework.web.servlet.mvc.method.annotation.ServletInvocableHandlerMethod.invokeAndHandle(ServletInvocableHandlerMethod.java:117)
	at org.springframework.web.servlet.mvc.method.annotation.RequestMappingHandlerAdapter.invokeHandlerMethod(RequestMappingHandlerAdapter.java:934)
	at org.springframework.web.servlet.mvc.method.annotation.RequestMappingHandlerAdapter.handleInternal(RequestMappingHandlerAdapter.java:853)
	at org.springframework.web.servlet.mvc.method.AbstractHandlerMethodAdapter.handle(AbstractHandlerMethodAdapter.java:86)
	at org.springframework.web.servlet.DispatcherServlet.doDispatch(DispatcherServlet.java:963)
	at org.springframework.web.servlet.DispatcherServlet.doService(DispatcherServlet.java:866)
	at org.springframework.web.servlet.FrameworkServlet.processRequest(FrameworkServlet.java:1000)
	at org.springframework.web.servlet.FrameworkServlet.service(FrameworkServlet.java:877)
	at jakarta.servlet.http.HttpServlet.service(HttpServlet.java:710)
	at org.apache.catalina.core.ApplicationFilterChain.doFilter(ApplicationFilterChain.java:128)
	at org.apache.tomcat.websocket.server.WsFilter.doFilter(WsFilter.java:53)
	at org.apache.catalina.core.ApplicationFilterChain.doFilter(ApplicationFilterChain.java:107)
	at org.springframework.web.filter.OncePerRequestFilter.doFilter(OncePerRequestFilter.java:110)
	at org.apache.catalina.core.ApplicationFilterChain.doFilter(ApplicationFilterChain.java:107)
	at org.springframework.web.filter.OncePerRequestFilter.doFilter(OncePerRequestFilter.java:110)
	at org.apache.catalina.core.ApplicationFilterChain.doFilter(ApplicationFilterChain.java:107)
	at com.abubakar.connectify.configuration.RequestLoggingFilter.doFilterInternal(RequestLoggingFilter.java:30)
	at org.springframework.web.filter.OncePerRequestFilter.doFilter(OncePerRequestFilter.java:116)
	at org.apache.catalina.core.ApplicationFilterChain.doFilter(ApplicationFilterChain.java:107)
	at org.springframework.web.filter.CompositeFilter$VirtualFilterChain.doFilter(CompositeFilter.java:108)
	at org.springframework.security.web.FilterChainProxy.lambda$doFilterInternal$3(FilterChainProxy.java:235)
	at org.springframework.security.web.FilterChainProxy$VirtualFilterChain.doFilter(FilterChainProxy.java:376)
	at org.springframework.security.web.access.intercept.AuthorizationFilter.doFilter(AuthorizationFilter.java:101)
	at org.springframework.security.web.FilterChainProxy$VirtualFilterChain.doFilter(FilterChainProxy.java:385)
	at org.springframework.security.web.access.ExceptionTranslationFilter.doFilter(ExceptionTranslationFilter.java:126)
	at org.springframework.security.web.access.ExceptionTranslationFilter.doFilter(ExceptionTranslationFilter.java:120)
	at org.springframework.security.web.FilterChainProxy$VirtualFilterChain.doFilter(FilterChainProxy.java:385)
	at org.springframework.security.web.session.SessionManagementFilter.doFilter(SessionManagementFilter.java:132)
	at org.springframework.security.web.session.SessionManagementFilter.doFilter(SessionManagementFilter.java:86)
	at org.springframework.security.web.FilterChainProxy$VirtualFilterChain.doFilter(FilterChainProxy.java:385)
	at org.springframework.security.web.authentication.AnonymousAuthenticationFilter.doFilter(AnonymousAuthenticationFilter.java:100)
	at org.springframework.security.web.FilterChainProxy$VirtualFilterChain.doFilter(FilterChainProxy.java:385)
	at org.springframework.security.web.servletapi.SecurityContextHolderAwareRequestFilter.doFilter(SecurityContextHolderAwareRequestFilter.java:181)
	at org.springframework.security.web.FilterChainProxy$VirtualFilterChain.doFilter(FilterChainProxy.java:385)
	at org.springframework.security.web.savedrequest.RequestCacheAwareFilter.doFilter(RequestCacheAwareFilter.java:63)
	at org.springframework.security.web.FilterChainProxy$VirtualFilterChain.doFilter(FilterChainProxy.java:385)
	at org.springframework.security.web.authentication.ui.DefaultLogoutPageGeneratingFilter.doFilterInternal(DefaultLogoutPageGeneratingFilter.java:60)
	at org.springframework.web.filter.OncePerRequestFilter.doFilter(OncePerRequestFilter.java:116)
	at org.springframework.security.web.FilterChainProxy$VirtualFilterChain.doFilter(FilterChainProxy.java:385)
	at org.springframework.security.web.authentication.ui.DefaultLoginPageGeneratingFilter.doFilter(DefaultLoginPageGeneratingFilter.java:246)
	at org.springframework.security.web.authentication.ui.DefaultLoginPageGeneratingFilter.doFilter(DefaultLoginPageGeneratingFilter.java:232)
	at org.springframework.security.web.FilterChainProxy$VirtualFilterChain.doFilter(FilterChainProxy.java:385)
	at org.springframework.security.web.authentication.ui.DefaultResourcesFilter.doFilter(DefaultResourcesFilter.java:73)
	at org.springframework.security.web.FilterChainProxy$VirtualFilterChain.doFilter(FilterChainProxy.java:385)
	at com.abubakar.connectify.security.JwtFilter.doFilterInternal(JwtFilter.java:141)
	at org.springframework.web.filter.OncePerRequestFilter.doFilter(OncePerRequestFilter.java:116)
	at org.springframework.security.web.FilterChainProxy$VirtualFilterChain.doFilter(FilterChainProxy.java:385)
	at org.springframework.security.web.authentication.AbstractAuthenticationProcessingFilter.doFilter(AbstractAuthenticationProcessingFilter.java:245)
	at org.springframework.security.web.authentication.AbstractAuthenticationProcessingFilter.doFilter(AbstractAuthenticationProcessingFilter.java:239)
	at org.springframework.security.web.FilterChainProxy$VirtualFilterChain.doFilter(FilterChainProxy.java:385)
	at org.springframework.security.oauth2.client.web.OAuth2AuthorizationRequestRedirectFilter.doFilterInternal(OAuth2AuthorizationRequestRedirectFilter.java:195)
	at org.springframework.web.filter.OncePerRequestFilter.doFilter(OncePerRequestFilter.java:116)
	at org.springframework.security.web.FilterChainProxy$VirtualFilterChain.doFilter(FilterChainProxy.java:385)
	at org.springframework.security.web.authentication.logout.LogoutFilter.doFilter(LogoutFilter.java:110)
	at org.springframework.security.web.authentication.logout.LogoutFilter.doFilter(LogoutFilter.java:96)
	at org.springframework.security.web.FilterChainProxy$VirtualFilterChain.doFilter(FilterChainProxy.java:385)
	at org.springframework.web.filter.CorsFilter.doFilterInternal(CorsFilter.java:91)
	at org.springframework.web.filter.OncePerRequestFilter.doFilter(OncePerRequestFilter.java:116)
	at org.springframework.security.web.FilterChainProxy$VirtualFilterChain.doFilter(FilterChainProxy.java:385)
	at org.springframework.security.web.header.HeaderWriterFilter.doHeadersAfter(HeaderWriterFilter.java:90)
	at org.springframework.security.web.header.HeaderWriterFilter.doFilterInternal(HeaderWriterFilter.java:75)
	at org.springframework.web.filter.OncePerRequestFilter.doFilter(OncePerRequestFilter.java:116)
	at org.springframework.security.web.FilterChainProxy$VirtualFilterChain.doFilter(FilterChainProxy.java:385)
	at org.springframework.security.web.context.SecurityContextHolderFilter.doFilter(SecurityContextHolderFilter.java:82)
	at org.springframework.security.web.context.SecurityContextHolderFilter.doFilter(SecurityContextHolderFilter.java:69)
	at org.springframework.security.web.FilterChainProxy$VirtualFilterChain.doFilter(FilterChainProxy.java:385)
	at org.springframework.security.web.context.request.async.WebAsyncManagerIntegrationFilter.doFilterInternal(WebAsyncManagerIntegrationFilter.java:62)
	at org.springframework.web.filter.OncePerRequestFilter.doFilter(OncePerRequestFilter.java:116)
	at org.springframework.security.web.FilterChainProxy$VirtualFilterChain.doFilter(FilterChainProxy.java:385)
	at org.springframework.security.web.session.DisableEncodeUrlFilter.doFilterInternal(DisableEncodeUrlFilter.java:42)
	at org.springframework.web.filter.OncePerRequestFilter.doFilter(OncePerRequestFilter.java:116)
	at org.springframework.security.web.FilterChainProxy$VirtualFilterChain.doFilter(FilterChainProxy.java:385)
	at org.springframework.security.web.FilterChainProxy.doFilterInternal(FilterChainProxy.java:237)
	at org.springframework.security.web.FilterChainProxy.doFilter(FilterChainProxy.java:195)
	at org.springframework.web.filter.CompositeFilter$VirtualFilterChain.doFilter(CompositeFilter.java:113)
	at org.springframework.web.filter.ServletRequestPathFilter.doFilter(ServletRequestPathFilter.java:52)
	at org.springframework.web.filter.CompositeFilter$VirtualFilterChain.doFilter(CompositeFilter.java:113)
	at org.springframework.web.filter.CompositeFilter.doFilter(CompositeFilter.java:74)
	at org.springframework.security.config.annotation.web.configuration.WebSecurityConfiguration$CompositeFilterChainProxy.doFilter(WebSecurityConfiguration.java:317)
	at org.springframework.web.filter.DelegatingFilterProxy.invokeDelegate(DelegatingFilterProxy.java:355)
	at org.springframework.web.filter.DelegatingFilterProxy.doFilter(DelegatingFilterProxy.java:272)
	at org.apache.catalina.core.ApplicationFilterChain.doFilter(ApplicationFilterChain.java:107)
	at org.springframework.web.filter.RequestContextFilter.doFilterInternal(RequestContextFilter.java:100)
	at org.springframework.web.filter.OncePerRequestFilter.doFilter(OncePerRequestFilter.java:116)
	at org.apache.catalina.core.ApplicationFilterChain.doFilter(ApplicationFilterChain.java:107)
	at org.springframework.web.filter.FormContentFilter.doFilterInternal(FormContentFilter.java:93)
	at org.springframework.web.filter.OncePerRequestFilter.doFilter(OncePerRequestFilter.java:116)
	at org.apache.catalina.core.ApplicationFilterChain.doFilter(ApplicationFilterChain.java:107)
	at org.springframework.web.filter.CharacterEncodingFilter.doFilterInternal(CharacterEncodingFilter.java:199)
	at org.springframework.web.filter.OncePerRequestFilter.doFilter(OncePerRequestFilter.java:116)
	at org.apache.catalina.core.ApplicationFilterChain.doFilter(ApplicationFilterChain.java:107)
	at org.apache.catalina.core.StandardWrapperValve.invoke(StandardWrapperValve.java:165)
	at org.apache.catalina.core.StandardContextValve.invoke(StandardContextValve.java:77)
	at org.apache.catalina.authenticator.AuthenticatorBase.invoke(AuthenticatorBase.java:492)
	at org.apache.catalina.core.StandardHostValve.invoke(StandardHostValve.java:113)
	at org.apache.catalina.valves.ErrorReportValve.invoke(ErrorReportValve.java:83)
	at org.apache.catalina.core.StandardEngineValve.invoke(StandardEngineValve.java:72)
	at org.apache.catalina.connector.CoyoteAdapter.service(CoyoteAdapter.java:341)
	at org.apache.coyote.http11.Http11Processor.service(Http11Processor.java:397)
	at org.apache.coyote.AbstractProcessorLight.process(AbstractProcessorLight.java:63)
	at org.apache.coyote.AbstractProtocol$ConnectionHandler.process(AbstractProtocol.java:903)
	at org.apache.tomcat.util.net.NioEndpoint$SocketProcessor.doRun(NioEndpoint.java:1801)
	at org.apache.tomcat.util.net.SocketProcessorBase.run(SocketProcessorBase.java:52)
	at org.apache.tomcat.util.threads.ThreadPoolExecutor.runWorker(ThreadPoolExecutor.java:946)
	at org.apache.tomcat.util.threads.ThreadPoolExecutor$Worker.run(ThreadPoolExecutor.java:480)
	at org.apache.tomcat.util.threads.TaskThread$WrappingRunnable.run(TaskThread.java:57)
	at java.base/java.lang.Thread.run(Thread.java:1583)
2026-06-04 16:49:58[INFO]com.abubakar.connectify.configuration.RequestLoggingFilter-PATCH /api/v1/admin/stories/3/moderate | Status: 400
2026-06-04 16:50:02[INFO]com.abubakar.connectify.scheduler.StoryCleanupScheduler-Running story cleanup job
2026-06-04 16:50:02[INFO]com.abubakar.connectify.scheduler.StoryCleanupScheduler-Expired stories found: 0
2026-06-04 16:50:02[INFO]com.abubakar.connectify.scheduler.StoryCleanupScheduler-Story cleanup completed
2026-06-04 16:51:30[INFO]com.abubakar.connectify.service.impl.CustomUserDetailsService-Authentication request received for email: admin@gmail.com
2026-06-04 16:51:30[DEBUG]com.abubakar.connectify.service.impl.CustomUserDetailsService-User loaded successfully with email: admin@gmail.com and role: ADMIN
2026-06-04 16:51:30[INFO]com.abubakar.connectify.security.JwtUtils-Token validation result for user admin@gmail.com : true
2026-06-04 16:51:30[INFO]com.abubakar.connectify.security.JwtFilter-User authenticated successfully: admin@gmail.com
2026-06-04 16:51:30[INFO]com.abubakar.connectify.controller.AdminStoryController-Admin reject story restore API called | storyId: 3
2026-06-04 16:51:30[INFO]com.abubakar.connectify.service.impl.AdminStoryServiceImpl-Admin rejecting story restore | storyId: 3
2026-06-04 16:51:30[DEBUG]com.abubakar.connectify.util.UserAccessValidator-Validating user access | userId: 3
2026-06-04 16:51:30[DEBUG]com.abubakar.connectify.util.UserAccessValidator-User validation successful | userId: 3
2026-06-04 16:51:30[DEBUG]com.abubakar.connectify.util.AuthUtil-Authenticated active user fetched successfully | userId: 3
2026-06-04 16:51:30[INFO]com.abubakar.connectify.service.impl.AdminStoryServiceImpl-Admin validated successfully | adminId: 3
2026-06-04 16:51:30[DEBUG]com.abubakar.connectify.util.StoryAccessValidator-Fetching story | storyId: 3
2026-06-04 16:51:30[DEBUG]com.abubakar.connectify.util.UserAccessValidator-Validating user access | userId: 3
2026-06-04 16:51:30[DEBUG]com.abubakar.connectify.util.UserAccessValidator-User validation successful | userId: 3
2026-06-04 16:51:30[DEBUG]com.abubakar.connectify.util.AuthUtil-Authenticated active user fetched successfully | userId: 3
2026-06-04 16:51:30[INFO]com.abubakar.connectify.service.impl.NotificationServiceImpl-Creating system notification | receiverId: 1 | senderId: 3
2026-06-04 16:51:30[DEBUG]com.abubakar.connectify.util.UserAccessValidator-Validating user access | userId: 1
2026-06-04 16:51:30[DEBUG]com.abubakar.connectify.util.UserAccessValidator-User validation successful | userId: 1
2026-06-04 16:51:30[DEBUG]com.abubakar.connectify.util.UserAccessValidator-Validating user access | userId: 3
2026-06-04 16:51:30[DEBUG]com.abubakar.connectify.util.UserAccessValidator-User validation successful | userId: 3
2026-06-04 16:51:31[WARN]org.hibernate.orm.jdbc.error-HHH000247: ErrorCode: 1265, SQLState: 01000
2026-06-04 16:51:31[WARN]org.hibernate.orm.jdbc.error-Data truncated for column 'type' at row 1
2026-06-04 16:51:31[ERROR]com.abubakar.connectify.exception.GlobalExceptionHandler-Unexpected exception occurred | type: JpaSystemException | message: could not execute statement [Data truncated for column 'type' at row 1] [insert into notifications (comment_id,created_at,is_read,message,post_id,receiver_id,sender_id,type,updated_at) values (?,?,?,?,?,?,?,?,?)]
org.springframework.orm.jpa.JpaSystemException: could not execute statement [Data truncated for column 'type' at row 1] [insert into notifications (comment_id,created_at,is_read,message,post_id,receiver_id,sender_id,type,updated_at) values (?,?,?,?,?,?,?,?,?)]
	at org.springframework.orm.jpa.hibernate.HibernateExceptionTranslator.convertHibernateAccessException(HibernateExceptionTranslator.java:223)
	at org.springframework.orm.jpa.hibernate.HibernateExceptionTranslator.convertHibernateAccessException(HibernateExceptionTranslator.java:131)
	at org.springframework.orm.jpa.hibernate.HibernateExceptionTranslator.translateExceptionIfPossible(HibernateExceptionTranslator.java:105)
	at org.springframework.orm.jpa.vendor.HibernateJpaDialect.translateExceptionIfPossible(HibernateJpaDialect.java:223)
	at org.springframework.orm.jpa.AbstractEntityManagerFactoryBean.translateExceptionIfPossible(AbstractEntityManagerFactoryBean.java:576)
	at org.springframework.dao.support.ChainedPersistenceExceptionTranslator.translateExceptionIfPossible(ChainedPersistenceExceptionTranslator.java:61)
	at org.springframework.dao.support.DataAccessUtils.translateIfNecessary(DataAccessUtils.java:346)
	at org.springframework.dao.support.PersistenceExceptionTranslationInterceptor.invoke(PersistenceExceptionTranslationInterceptor.java:157)
	at org.springframework.aop.framework.ReflectiveMethodInvocation.proceed(ReflectiveMethodInvocation.java:179)
	at org.springframework.data.jpa.repository.support.CrudMethodMetadataPostProcessor$CrudMethodMetadataPopulatingMethodInterceptor.invoke(CrudMethodMetadataPostProcessor.java:166)
	at org.springframework.aop.framework.ReflectiveMethodInvocation.proceed(ReflectiveMethodInvocation.java:179)
	at org.springframework.aop.framework.JdkDynamicAopProxy.invoke(JdkDynamicAopProxy.java:222)
	at jdk.proxy2/jdk.proxy2.$Proxy185.save(Unknown Source)
	at com.abubakar.connectify.service.impl.NotificationServiceImpl.createSystemNotification(NotificationServiceImpl.java:161)
	at java.base/jdk.internal.reflect.DirectMethodHandleAccessor.invoke(DirectMethodHandleAccessor.java:103)
	at java.base/java.lang.reflect.Method.invoke(Method.java:580)
	at org.springframework.aop.support.AopUtils.invokeJoinpointUsingReflection(AopUtils.java:359)
	at org.springframework.aop.framework.ReflectiveMethodInvocation.invokeJoinpoint(ReflectiveMethodInvocation.java:190)
	at org.springframework.aop.framework.ReflectiveMethodInvocation.proceed(ReflectiveMethodInvocation.java:158)
	at org.springframework.transaction.interceptor.TransactionInterceptor$1.proceedWithInvocation(TransactionInterceptor.java:133)
	at org.springframework.transaction.interceptor.TransactionAspectSupport.invokeWithinTransaction(TransactionAspectSupport.java:371)
	at org.springframework.transaction.interceptor.TransactionInterceptor.invoke(TransactionInterceptor.java:130)
	at org.springframework.aop.framework.ReflectiveMethodInvocation.proceed(ReflectiveMethodInvocation.java:179)
	at org.springframework.aop.framework.CglibAopProxy$DynamicAdvisedInterceptor.intercept(CglibAopProxy.java:719)
	at com.abubakar.connectify.service.impl.NotificationServiceImpl$$SpringCGLIB$$0.createSystemNotification(<generated>)
	at com.abubakar.connectify.service.impl.AdminStoryServiceImpl.rejectStoryRestore(AdminStoryServiceImpl.java:275)
	at java.base/jdk.internal.reflect.DirectMethodHandleAccessor.invoke(DirectMethodHandleAccessor.java:103)
	at java.base/java.lang.reflect.Method.invoke(Method.java:580)
	at org.springframework.aop.support.AopUtils.invokeJoinpointUsingReflection(AopUtils.java:359)
	at org.springframework.aop.framework.ReflectiveMethodInvocation.invokeJoinpoint(ReflectiveMethodInvocation.java:190)
	at org.springframework.aop.framework.ReflectiveMethodInvocation.proceed(ReflectiveMethodInvocation.java:158)
	at org.springframework.transaction.interceptor.TransactionInterceptor$1.proceedWithInvocation(TransactionInterceptor.java:133)
	at org.springframework.transaction.interceptor.TransactionAspectSupport.invokeWithinTransaction(TransactionAspectSupport.java:371)
	at org.springframework.transaction.interceptor.TransactionInterceptor.invoke(TransactionInterceptor.java:130)
	at org.springframework.aop.framework.ReflectiveMethodInvocation.proceed(ReflectiveMethodInvocation.java:179)
	at org.springframework.aop.framework.CglibAopProxy$DynamicAdvisedInterceptor.intercept(CglibAopProxy.java:719)
	at com.abubakar.connectify.service.impl.AdminStoryServiceImpl$$SpringCGLIB$$0.rejectStoryRestore(<generated>)
	at com.abubakar.connectify.controller.AdminStoryController.rejectStoryRestore(AdminStoryController.java:156)
	at java.base/jdk.internal.reflect.DirectMethodHandleAccessor.invoke(DirectMethodHandleAccessor.java:103)
	at java.base/java.lang.reflect.Method.invoke(Method.java:580)
	at org.springframework.web.method.support.InvocableHandlerMethod.doInvoke(InvocableHandlerMethod.java:252)
	at org.springframework.web.method.support.InvocableHandlerMethod.invokeForRequest(InvocableHandlerMethod.java:184)
	at org.springframework.web.servlet.mvc.method.annotation.ServletInvocableHandlerMethod.invokeAndHandle(ServletInvocableHandlerMethod.java:117)
	at org.springframework.web.servlet.mvc.method.annotation.RequestMappingHandlerAdapter.invokeHandlerMethod(RequestMappingHandlerAdapter.java:934)
	at org.springframework.web.servlet.mvc.method.annotation.RequestMappingHandlerAdapter.handleInternal(RequestMappingHandlerAdapter.java:853)
	at org.springframework.web.servlet.mvc.method.AbstractHandlerMethodAdapter.handle(AbstractHandlerMethodAdapter.java:86)
	at org.springframework.web.servlet.DispatcherServlet.doDispatch(DispatcherServlet.java:963)
	at org.springframework.web.servlet.DispatcherServlet.doService(DispatcherServlet.java:866)
	at org.springframework.web.servlet.FrameworkServlet.processRequest(FrameworkServlet.java:1000)
	at org.springframework.web.servlet.FrameworkServlet.service(FrameworkServlet.java:877)
	at jakarta.servlet.http.HttpServlet.service(HttpServlet.java:710)
	at org.apache.catalina.core.ApplicationFilterChain.doFilter(ApplicationFilterChain.java:128)
	at org.apache.tomcat.websocket.server.WsFilter.doFilter(WsFilter.java:53)
	at org.apache.catalina.core.ApplicationFilterChain.doFilter(ApplicationFilterChain.java:107)
	at org.springframework.web.filter.OncePerRequestFilter.doFilter(OncePerRequestFilter.java:110)
	at org.apache.catalina.core.ApplicationFilterChain.doFilter(ApplicationFilterChain.java:107)
	at org.springframework.web.filter.OncePerRequestFilter.doFilter(OncePerRequestFilter.java:110)
	at org.apache.catalina.core.ApplicationFilterChain.doFilter(ApplicationFilterChain.java:107)
	at com.abubakar.connectify.configuration.RequestLoggingFilter.doFilterInternal(RequestLoggingFilter.java:30)
	at org.springframework.web.filter.OncePerRequestFilter.doFilter(OncePerRequestFilter.java:116)
	at org.apache.catalina.core.ApplicationFilterChain.doFilter(ApplicationFilterChain.java:107)
	at org.springframework.web.filter.CompositeFilter$VirtualFilterChain.doFilter(CompositeFilter.java:108)
	at org.springframework.security.web.FilterChainProxy.lambda$doFilterInternal$3(FilterChainProxy.java:235)
	at org.springframework.security.web.FilterChainProxy$VirtualFilterChain.doFilter(FilterChainProxy.java:376)
	at org.springframework.security.web.access.intercept.AuthorizationFilter.doFilter(AuthorizationFilter.java:101)
	at org.springframework.security.web.FilterChainProxy$VirtualFilterChain.doFilter(FilterChainProxy.java:385)
	at org.springframework.security.web.access.ExceptionTranslationFilter.doFilter(ExceptionTranslationFilter.java:126)
	at org.springframework.security.web.access.ExceptionTranslationFilter.doFilter(ExceptionTranslationFilter.java:120)
	at org.springframework.security.web.FilterChainProxy$VirtualFilterChain.doFilter(FilterChainProxy.java:385)
	at org.springframework.security.web.session.SessionManagementFilter.doFilter(SessionManagementFilter.java:132)
	at org.springframework.security.web.session.SessionManagementFilter.doFilter(SessionManagementFilter.java:86)
	at org.springframework.security.web.FilterChainProxy$VirtualFilterChain.doFilter(FilterChainProxy.java:385)
	at org.springframework.security.web.authentication.AnonymousAuthenticationFilter.doFilter(AnonymousAuthenticationFilter.java:100)
	at org.springframework.security.web.FilterChainProxy$VirtualFilterChain.doFilter(FilterChainProxy.java:385)
	at org.springframework.security.web.servletapi.SecurityContextHolderAwareRequestFilter.doFilter(SecurityContextHolderAwareRequestFilter.java:181)
	at org.springframework.security.web.FilterChainProxy$VirtualFilterChain.doFilter(FilterChainProxy.java:385)
	at org.springframework.security.web.savedrequest.RequestCacheAwareFilter.doFilter(RequestCacheAwareFilter.java:63)
	at org.springframework.security.web.FilterChainProxy$VirtualFilterChain.doFilter(FilterChainProxy.java:385)
	at org.springframework.security.web.authentication.ui.DefaultLogoutPageGeneratingFilter.doFilterInternal(DefaultLogoutPageGeneratingFilter.java:60)
	at org.springframework.web.filter.OncePerRequestFilter.doFilter(OncePerRequestFilter.java:116)
	at org.springframework.security.web.FilterChainProxy$VirtualFilterChain.doFilter(FilterChainProxy.java:385)
	at org.springframework.security.web.authentication.ui.DefaultLoginPageGeneratingFilter.doFilter(DefaultLoginPageGeneratingFilter.java:246)
	at org.springframework.security.web.authentication.ui.DefaultLoginPageGeneratingFilter.doFilter(DefaultLoginPageGeneratingFilter.java:232)
	at org.springframework.security.web.FilterChainProxy$VirtualFilterChain.doFilter(FilterChainProxy.java:385)
	at org.springframework.security.web.authentication.ui.DefaultResourcesFilter.doFilter(DefaultResourcesFilter.java:73)
	at org.springframework.security.web.FilterChainProxy$VirtualFilterChain.doFilter(FilterChainProxy.java:385)
	at com.abubakar.connectify.security.JwtFilter.doFilterInternal(JwtFilter.java:141)
	at org.springframework.web.filter.OncePerRequestFilter.doFilter(OncePerRequestFilter.java:116)
	at org.springframework.security.web.FilterChainProxy$VirtualFilterChain.doFilter(FilterChainProxy.java:385)
	at org.springframework.security.web.authentication.AbstractAuthenticationProcessingFilter.doFilter(AbstractAuthenticationProcessingFilter.java:245)
	at org.springframework.security.web.authentication.AbstractAuthenticationProcessingFilter.doFilter(AbstractAuthenticationProcessingFilter.java:239)
	at org.springframework.security.web.FilterChainProxy$VirtualFilterChain.doFilter(FilterChainProxy.java:385)
	at org.springframework.security.oauth2.client.web.OAuth2AuthorizationRequestRedirectFilter.doFilterInternal(OAuth2AuthorizationRequestRedirectFilter.java:195)
	at org.springframework.web.filter.OncePerRequestFilter.doFilter(OncePerRequestFilter.java:116)
	at org.springframework.security.web.FilterChainProxy$VirtualFilterChain.doFilter(FilterChainProxy.java:385)
	at org.springframework.security.web.authentication.logout.LogoutFilter.doFilter(LogoutFilter.java:110)
	at org.springframework.security.web.authentication.logout.LogoutFilter.doFilter(LogoutFilter.java:96)
	at org.springframework.security.web.FilterChainProxy$VirtualFilterChain.doFilter(FilterChainProxy.java:385)
	at org.springframework.web.filter.CorsFilter.doFilterInternal(CorsFilter.java:91)
	at org.springframework.web.filter.OncePerRequestFilter.doFilter(OncePerRequestFilter.java:116)
	at org.springframework.security.web.FilterChainProxy$VirtualFilterChain.doFilter(FilterChainProxy.java:385)
	at org.springframework.security.web.header.HeaderWriterFilter.doHeadersAfter(HeaderWriterFilter.java:90)
	at org.springframework.security.web.header.HeaderWriterFilter.doFilterInternal(HeaderWriterFilter.java:75)
	at org.springframework.web.filter.OncePerRequestFilter.doFilter(OncePerRequestFilter.java:116)
	at org.springframework.security.web.FilterChainProxy$VirtualFilterChain.doFilter(FilterChainProxy.java:385)
	at org.springframework.security.web.context.SecurityContextHolderFilter.doFilter(SecurityContextHolderFilter.java:82)
	at org.springframework.security.web.context.SecurityContextHolderFilter.doFilter(SecurityContextHolderFilter.java:69)
	at org.springframework.security.web.FilterChainProxy$VirtualFilterChain.doFilter(FilterChainProxy.java:385)
	at org.springframework.security.web.context.request.async.WebAsyncManagerIntegrationFilter.doFilterInternal(WebAsyncManagerIntegrationFilter.java:62)
	at org.springframework.web.filter.OncePerRequestFilter.doFilter(OncePerRequestFilter.java:116)
	at org.springframework.security.web.FilterChainProxy$VirtualFilterChain.doFilter(FilterChainProxy.java:385)
	at org.springframework.security.web.session.DisableEncodeUrlFilter.doFilterInternal(DisableEncodeUrlFilter.java:42)
	at org.springframework.web.filter.OncePerRequestFilter.doFilter(OncePerRequestFilter.java:116)
	at org.springframework.security.web.FilterChainProxy$VirtualFilterChain.doFilter(FilterChainProxy.java:385)
	at org.springframework.security.web.FilterChainProxy.doFilterInternal(FilterChainProxy.java:237)
	at org.springframework.security.web.FilterChainProxy.doFilter(FilterChainProxy.java:195)
	at org.springframework.web.filter.CompositeFilter$VirtualFilterChain.doFilter(CompositeFilter.java:113)
	at org.springframework.web.filter.ServletRequestPathFilter.doFilter(ServletRequestPathFilter.java:52)
	at org.springframework.web.filter.CompositeFilter$VirtualFilterChain.doFilter(CompositeFilter.java:113)
	at org.springframework.web.filter.CompositeFilter.doFilter(CompositeFilter.java:74)
	at org.springframework.security.config.annotation.web.configuration.WebSecurityConfiguration$CompositeFilterChainProxy.doFilter(WebSecurityConfiguration.java:317)
	at org.springframework.web.filter.DelegatingFilterProxy.invokeDelegate(DelegatingFilterProxy.java:355)
	at org.springframework.web.filter.DelegatingFilterProxy.doFilter(DelegatingFilterProxy.java:272)
	at org.apache.catalina.core.ApplicationFilterChain.doFilter(ApplicationFilterChain.java:107)
	at org.springframework.web.filter.RequestContextFilter.doFilterInternal(RequestContextFilter.java:100)
	at org.springframework.web.filter.OncePerRequestFilter.doFilter(OncePerRequestFilter.java:116)
	at org.apache.catalina.core.ApplicationFilterChain.doFilter(ApplicationFilterChain.java:107)
	at org.springframework.web.filter.FormContentFilter.doFilterInternal(FormContentFilter.java:93)
	at org.springframework.web.filter.OncePerRequestFilter.doFilter(OncePerRequestFilter.java:116)
	at org.apache.catalina.core.ApplicationFilterChain.doFilter(ApplicationFilterChain.java:107)
	at org.springframework.web.filter.CharacterEncodingFilter.doFilterInternal(CharacterEncodingFilter.java:199)
	at org.springframework.web.filter.OncePerRequestFilter.doFilter(OncePerRequestFilter.java:116)
	at org.apache.catalina.core.ApplicationFilterChain.doFilter(ApplicationFilterChain.java:107)
	at org.apache.catalina.core.StandardWrapperValve.invoke(StandardWrapperValve.java:165)
	at org.apache.catalina.core.StandardContextValve.invoke(StandardContextValve.java:77)
	at org.apache.catalina.authenticator.AuthenticatorBase.invoke(AuthenticatorBase.java:492)
	at org.apache.catalina.core.StandardHostValve.invoke(StandardHostValve.java:113)
	at org.apache.catalina.valves.ErrorReportValve.invoke(ErrorReportValve.java:83)
	at org.apache.catalina.core.StandardEngineValve.invoke(StandardEngineValve.java:72)
	at org.apache.catalina.connector.CoyoteAdapter.service(CoyoteAdapter.java:341)
	at org.apache.coyote.http11.Http11Processor.service(Http11Processor.java:397)
	at org.apache.coyote.AbstractProcessorLight.process(AbstractProcessorLight.java:63)
	at org.apache.coyote.AbstractProtocol$ConnectionHandler.process(AbstractProtocol.java:903)
	at org.apache.tomcat.util.net.NioEndpoint$SocketProcessor.doRun(NioEndpoint.java:1801)
	at org.apache.tomcat.util.net.SocketProcessorBase.run(SocketProcessorBase.java:52)
	at org.apache.tomcat.util.threads.ThreadPoolExecutor.runWorker(ThreadPoolExecutor.java:946)
	at org.apache.tomcat.util.threads.ThreadPoolExecutor$Worker.run(ThreadPoolExecutor.java:480)
	at org.apache.tomcat.util.threads.TaskThread$WrappingRunnable.run(TaskThread.java:57)
	at java.base/java.lang.Thread.run(Thread.java:1583)
Caused by: org.hibernate.exception.GenericJDBCException: could not execute statement [Data truncated for column 'type' at row 1] [insert into notifications (comment_id,created_at,is_read,message,post_id,receiver_id,sender_id,type,updated_at) values (?,?,?,?,?,?,?,?,?)]
	at org.hibernate.exception.internal.StandardSQLExceptionConverter.convert(StandardSQLExceptionConverter.java:39)
	at org.hibernate.engine.jdbc.spi.SqlExceptionHelper.convert(SqlExceptionHelper.java:115)
	at org.hibernate.engine.jdbc.internal.ResultSetReturnImpl.executeUpdate(ResultSetReturnImpl.java:184)
	at org.hibernate.id.insert.GetGeneratedKeysDelegate.performMutation(GetGeneratedKeysDelegate.java:103)
	at org.hibernate.engine.jdbc.mutation.internal.MutationExecutorSingleNonBatched.performNonBatchedOperations(MutationExecutorSingleNonBatched.java:45)
	at org.hibernate.engine.jdbc.mutation.internal.AbstractMutationExecutor.execute(AbstractMutationExecutor.java:66)
	at org.hibernate.engine.jdbc.mutation.internal.AbstractMutationExecutor.execute(AbstractMutationExecutor.java:55)
	at org.hibernate.persister.entity.mutation.InsertCoordinatorStandard.doStaticInserts(InsertCoordinatorStandard.java:180)
	at org.hibernate.persister.entity.mutation.InsertCoordinatorStandard.coordinateInsert(InsertCoordinatorStandard.java:120)
	at org.hibernate.persister.entity.mutation.InsertCoordinatorStandard.insert(InsertCoordinatorStandard.java:84)
	at org.hibernate.action.internal.EntityIdentityInsertAction.execute(EntityIdentityInsertAction.java:85)
	at org.hibernate.engine.spi.ActionQueue.execute(ActionQueue.java:667)
	at org.hibernate.engine.spi.ActionQueue.addResolvedEntityInsertAction(ActionQueue.java:291)
	at org.hibernate.engine.spi.ActionQueue.addInsertAction(ActionQueue.java:270)
	at org.hibernate.engine.spi.ActionQueue.addAction(ActionQueue.java:322)
	at org.hibernate.event.internal.AbstractSaveEventListener.addInsertAction(AbstractSaveEventListener.java:371)
	at org.hibernate.event.internal.AbstractSaveEventListener.performSaveOrReplicate(AbstractSaveEventListener.java:285)
	at org.hibernate.event.internal.AbstractSaveEventListener.performSave(AbstractSaveEventListener.java:215)
	at org.hibernate.event.internal.AbstractSaveEventListener.saveWithGeneratedId(AbstractSaveEventListener.java:133)
	at org.hibernate.event.internal.DefaultPersistEventListener.entityIsTransient(DefaultPersistEventListener.java:144)
	at org.hibernate.event.internal.DefaultPersistEventListener.persist(DefaultPersistEventListener.java:90)
	at org.hibernate.event.internal.DefaultPersistEventListener.onPersist(DefaultPersistEventListener.java:74)
	at org.hibernate.event.internal.DefaultPersistEventListener.onPersist(DefaultPersistEventListener.java:50)
	at org.hibernate.event.service.internal.EventListenerGroupImpl.fireEventOnEachListener(EventListenerGroupImpl.java:138)
	at org.hibernate.internal.SessionImpl.firePersist(SessionImpl.java:692)
	at org.hibernate.internal.SessionImpl.persist(SessionImpl.java:675)
	at java.base/jdk.internal.reflect.DirectMethodHandleAccessor.invoke(DirectMethodHandleAccessor.java:103)
	at java.base/java.lang.reflect.Method.invoke(Method.java:580)
	at org.springframework.orm.jpa.SharedEntityManagerCreator$SharedEntityHandlerInvocationHandler.invokeMethod(SharedEntityManagerCreator.java:240)
	at org.springframework.orm.jpa.SharedEntityManagerCreator$SharedEntityManagerInvocationHandler.invoke(SharedEntityManagerCreator.java:386)
	at jdk.proxy2/jdk.proxy2.$Proxy171.persist(Unknown Source)
	at org.springframework.data.jpa.repository.support.SimpleJpaRepository.save(SimpleJpaRepository.java:664)
	at java.base/jdk.internal.reflect.DirectMethodHandleAccessor.invoke(DirectMethodHandleAccessor.java:103)
	at java.base/java.lang.reflect.Method.invoke(Method.java:580)
	at org.springframework.aop.support.AopUtils.invokeJoinpointUsingReflection(AopUtils.java:359)
	at org.springframework.data.repository.core.support.RepositoryMethodInvoker$RepositoryFragmentMethodInvoker.lambda$new$0(RepositoryMethodInvoker.java:278)
	at org.springframework.data.repository.core.support.RepositoryMethodInvoker.doInvoke(RepositoryMethodInvoker.java:169)
	at org.springframework.data.repository.core.support.RepositoryMethodInvoker.invoke(RepositoryMethodInvoker.java:158)
	at org.springframework.data.repository.core.support.RepositoryComposition$RepositoryFragments.invoke(RepositoryComposition.java:545)
	at org.springframework.data.repository.core.support.RepositoryComposition.invoke(RepositoryComposition.java:290)
	at org.springframework.data.repository.core.support.RepositoryFactorySupport$ImplementationMethodExecutionInterceptor.invoke(RepositoryFactorySupport.java:690)
	at org.springframework.aop.framework.ReflectiveMethodInvocation.proceed(ReflectiveMethodInvocation.java:179)
	at org.springframework.data.repository.core.support.QueryExecutorMethodInterceptor.doInvoke(QueryExecutorMethodInterceptor.java:171)
	at org.springframework.data.repository.core.support.QueryExecutorMethodInterceptor.invoke(QueryExecutorMethodInterceptor.java:146)
	at org.springframework.aop.framework.ReflectiveMethodInvocation.proceed(ReflectiveMethodInvocation.java:179)
	at org.springframework.data.projection.DefaultMethodInvokingMethodInterceptor.invoke(DefaultMethodInvokingMethodInterceptor.java:69)
	at org.springframework.aop.framework.ReflectiveMethodInvocation.proceed(ReflectiveMethodInvocation.java:179)
	at org.springframework.transaction.interceptor.TransactionInterceptor$1.proceedWithInvocation(TransactionInterceptor.java:133)
	at org.springframework.transaction.interceptor.TransactionAspectSupport.invokeWithinTransaction(TransactionAspectSupport.java:371)
	at org.springframework.transaction.interceptor.TransactionInterceptor.invoke(TransactionInterceptor.java:130)
	at org.springframework.aop.framework.ReflectiveMethodInvocation.proceed(ReflectiveMethodInvocation.java:179)
	at org.springframework.dao.support.PersistenceExceptionTranslationInterceptor.invoke(PersistenceExceptionTranslationInterceptor.java:135)
	... 141 common frames omitted
Caused by: java.sql.SQLException: Data truncated for column 'type' at row 1
	at com.mysql.cj.jdbc.exceptions.SQLError.createSQLException(SQLError.java:121)
	at com.mysql.cj.jdbc.exceptions.SQLExceptionsMapping.translateException(SQLExceptionsMapping.java:114)
	at com.mysql.cj.jdbc.ClientPreparedStatement.executeInternal(ClientPreparedStatement.java:988)
	at com.mysql.cj.jdbc.ClientPreparedStatement.executeUpdateInternal(ClientPreparedStatement.java:1166)
	at com.mysql.cj.jdbc.ClientPreparedStatement.executeUpdateInternal(ClientPreparedStatement.java:1101)
	at com.mysql.cj.jdbc.ClientPreparedStatement.executeLargeUpdate(ClientPreparedStatement.java:1448)
	at com.mysql.cj.jdbc.ClientPreparedStatement.executeUpdate(ClientPreparedStatement.java:1084)
	at com.zaxxer.hikari.pool.ProxyPreparedStatement.executeUpdate(ProxyPreparedStatement.java:61)
	at com.zaxxer.hikari.pool.HikariProxyPreparedStatement.executeUpdate(HikariProxyPreparedStatement.java)
	at org.hibernate.engine.jdbc.internal.ResultSetReturnImpl.executeUpdate(ResultSetReturnImpl.java:181)
	... 190 common frames omitted
2026-06-04 16:51:31[INFO]com.abubakar.connectify.configuration.RequestLoggingFilter-PATCH /api/v1/admin/stories/3/restore/reject | Status: 500
2026-06-04 16:58:35[INFO]com.abubakar.connectify.service.impl.CustomUserDetailsService-Authentication request received for email: admin@gmail.com
2026-06-04 16:58:35[DEBUG]com.abubakar.connectify.service.impl.CustomUserDetailsService-User loaded successfully with email: admin@gmail.com and role: ADMIN
2026-06-04 16:58:35[INFO]com.abubakar.connectify.security.JwtUtils-Token validation result for user admin@gmail.com : true
2026-06-04 16:58:35[INFO]com.abubakar.connectify.security.JwtFilter-User authenticated successfully: admin@gmail.com
2026-06-04 16:58:35[INFO]com.abubakar.connectify.controller.AdminStoryController-Admin reject story restore API called | storyId: 3
2026-06-04 16:58:35[INFO]com.abubakar.connectify.service.impl.AdminStoryServiceImpl-Admin rejecting story restore | storyId: 3
2026-06-04 16:58:35[DEBUG]com.abubakar.connectify.util.UserAccessValidator-Validating user access | userId: 3
2026-06-04 16:58:35[DEBUG]com.abubakar.connectify.util.UserAccessValidator-User validation successful | userId: 3
2026-06-04 16:58:35[DEBUG]com.abubakar.connectify.util.AuthUtil-Authenticated active user fetched successfully | userId: 3
2026-06-04 16:58:35[INFO]com.abubakar.connectify.service.impl.AdminStoryServiceImpl-Admin validated successfully | adminId: 3
2026-06-04 16:58:35[DEBUG]com.abubakar.connectify.util.StoryAccessValidator-Fetching story | storyId: 3
2026-06-04 16:58:35[DEBUG]com.abubakar.connectify.util.UserAccessValidator-Validating user access | userId: 3
2026-06-04 16:58:35[DEBUG]com.abubakar.connectify.util.UserAccessValidator-User validation successful | userId: 3
2026-06-04 16:58:35[DEBUG]com.abubakar.connectify.util.AuthUtil-Authenticated active user fetched successfully | userId: 3
2026-06-04 16:58:35[INFO]com.abubakar.connectify.service.impl.NotificationServiceImpl-Creating system notification | receiverId: 1 | senderId: 3
2026-06-04 16:58:35[DEBUG]com.abubakar.connectify.util.UserAccessValidator-Validating user access | userId: 1
2026-06-04 16:58:35[DEBUG]com.abubakar.connectify.util.UserAccessValidator-User validation successful | userId: 1
2026-06-04 16:58:35[DEBUG]com.abubakar.connectify.util.UserAccessValidator-Validating user access | userId: 3
2026-06-04 16:58:35[DEBUG]com.abubakar.connectify.util.UserAccessValidator-User validation successful | userId: 3
2026-06-04 16:58:35[INFO]com.abubakar.connectify.service.impl.NotificationServiceImpl-System notification created successfully | receiverId: 1
2026-06-04 16:58:35[INFO]com.abubakar.connectify.service.impl.AdminStoryServiceImpl-Story restore rejected successfully | storyId: 3
2026-06-04 16:58:35[INFO]com.abubakar.connectify.configuration.RequestLoggingFilter-PATCH /api/v1/admin/stories/3/restore/reject | Status: 200
2026-06-04 16:58:38[INFO]com.abubakar.connectify.service.impl.CustomUserDetailsService-Authentication request received for email: admin@gmail.com
2026-06-04 16:58:38[DEBUG]com.abubakar.connectify.service.impl.CustomUserDetailsService-User loaded successfully with email: admin@gmail.com and role: ADMIN
2026-06-04 16:58:38[INFO]com.abubakar.connectify.security.JwtUtils-Token validation result for user admin@gmail.com : true
2026-06-04 16:58:38[INFO]com.abubakar.connectify.security.JwtFilter-User authenticated successfully: admin@gmail.com
2026-06-04 16:58:38[INFO]com.abubakar.connectify.controller.AdminStoryController-Admin reject story restore API called | storyId: 3
2026-06-04 16:58:38[INFO]com.abubakar.connectify.service.impl.AdminStoryServiceImpl-Admin rejecting story restore | storyId: 3
2026-06-04 16:58:38[DEBUG]com.abubakar.connectify.util.UserAccessValidator-Validating user access | userId: 3
2026-06-04 16:58:38[DEBUG]com.abubakar.connectify.util.UserAccessValidator-User validation successful | userId: 3
2026-06-04 16:58:38[DEBUG]com.abubakar.connectify.util.AuthUtil-Authenticated active user fetched successfully | userId: 3
2026-06-04 16:58:38[INFO]com.abubakar.connectify.service.impl.AdminStoryServiceImpl-Admin validated successfully | adminId: 3
2026-06-04 16:58:38[DEBUG]com.abubakar.connectify.util.StoryAccessValidator-Fetching story | storyId: 3
2026-06-04 16:58:38[ERROR]com.abubakar.connectify.exception.GlobalExceptionHandler-Business exception occurred | errorCode: OPERATION_FAILED | status: 400 BAD_REQUEST | message: Restore request not found
com.abubakar.connectify.exception.OperationFailException: Restore request not found
	at com.abubakar.connectify.service.impl.AdminStoryServiceImpl.rejectStoryRestore(AdminStoryServiceImpl.java:265)
	at java.base/jdk.internal.reflect.DirectMethodHandleAccessor.invoke(DirectMethodHandleAccessor.java:103)
	at java.base/java.lang.reflect.Method.invoke(Method.java:580)
	at org.springframework.aop.support.AopUtils.invokeJoinpointUsingReflection(AopUtils.java:359)
	at org.springframework.aop.framework.ReflectiveMethodInvocation.invokeJoinpoint(ReflectiveMethodInvocation.java:190)
	at org.springframework.aop.framework.ReflectiveMethodInvocation.proceed(ReflectiveMethodInvocation.java:158)
	at org.springframework.transaction.interceptor.TransactionInterceptor$1.proceedWithInvocation(TransactionInterceptor.java:133)
	at org.springframework.transaction.interceptor.TransactionAspectSupport.invokeWithinTransaction(TransactionAspectSupport.java:371)
	at org.springframework.transaction.interceptor.TransactionInterceptor.invoke(TransactionInterceptor.java:130)
	at org.springframework.aop.framework.ReflectiveMethodInvocation.proceed(ReflectiveMethodInvocation.java:179)
	at org.springframework.aop.framework.CglibAopProxy$DynamicAdvisedInterceptor.intercept(CglibAopProxy.java:719)
	at com.abubakar.connectify.service.impl.AdminStoryServiceImpl$$SpringCGLIB$$0.rejectStoryRestore(<generated>)
	at com.abubakar.connectify.controller.AdminStoryController.rejectStoryRestore(AdminStoryController.java:156)
	at java.base/jdk.internal.reflect.DirectMethodHandleAccessor.invoke(DirectMethodHandleAccessor.java:103)
	at java.base/java.lang.reflect.Method.invoke(Method.java:580)
	at org.springframework.web.method.support.InvocableHandlerMethod.doInvoke(InvocableHandlerMethod.java:252)
	at org.springframework.web.method.support.InvocableHandlerMethod.invokeForRequest(InvocableHandlerMethod.java:184)
	at org.springframework.web.servlet.mvc.method.annotation.ServletInvocableHandlerMethod.invokeAndHandle(ServletInvocableHandlerMethod.java:117)
	at org.springframework.web.servlet.mvc.method.annotation.RequestMappingHandlerAdapter.invokeHandlerMethod(RequestMappingHandlerAdapter.java:934)
	at org.springframework.web.servlet.mvc.method.annotation.RequestMappingHandlerAdapter.handleInternal(RequestMappingHandlerAdapter.java:853)
	at org.springframework.web.servlet.mvc.method.AbstractHandlerMethodAdapter.handle(AbstractHandlerMethodAdapter.java:86)
	at org.springframework.web.servlet.DispatcherServlet.doDispatch(DispatcherServlet.java:963)
	at org.springframework.web.servlet.DispatcherServlet.doService(DispatcherServlet.java:866)
	at org.springframework.web.servlet.FrameworkServlet.processRequest(FrameworkServlet.java:1000)
	at org.springframework.web.servlet.FrameworkServlet.service(FrameworkServlet.java:877)
	at jakarta.servlet.http.HttpServlet.service(HttpServlet.java:710)
	at org.apache.catalina.core.ApplicationFilterChain.doFilter(ApplicationFilterChain.java:128)
	at org.apache.tomcat.websocket.server.WsFilter.doFilter(WsFilter.java:53)
	at org.apache.catalina.core.ApplicationFilterChain.doFilter(ApplicationFilterChain.java:107)
	at org.springframework.web.filter.OncePerRequestFilter.doFilter(OncePerRequestFilter.java:110)
	at org.apache.catalina.core.ApplicationFilterChain.doFilter(ApplicationFilterChain.java:107)
	at org.springframework.web.filter.OncePerRequestFilter.doFilter(OncePerRequestFilter.java:110)
	at org.apache.catalina.core.ApplicationFilterChain.doFilter(ApplicationFilterChain.java:107)
	at com.abubakar.connectify.configuration.RequestLoggingFilter.doFilterInternal(RequestLoggingFilter.java:30)
	at org.springframework.web.filter.OncePerRequestFilter.doFilter(OncePerRequestFilter.java:116)
	at org.apache.catalina.core.ApplicationFilterChain.doFilter(ApplicationFilterChain.java:107)
	at org.springframework.web.filter.CompositeFilter$VirtualFilterChain.doFilter(CompositeFilter.java:108)
	at org.springframework.security.web.FilterChainProxy.lambda$doFilterInternal$3(FilterChainProxy.java:235)
	at org.springframework.security.web.FilterChainProxy$VirtualFilterChain.doFilter(FilterChainProxy.java:376)
	at org.springframework.security.web.access.intercept.AuthorizationFilter.doFilter(AuthorizationFilter.java:101)
	at org.springframework.security.web.FilterChainProxy$VirtualFilterChain.doFilter(FilterChainProxy.java:385)
	at org.springframework.security.web.access.ExceptionTranslationFilter.doFilter(ExceptionTranslationFilter.java:126)
	at org.springframework.security.web.access.ExceptionTranslationFilter.doFilter(ExceptionTranslationFilter.java:120)
	at org.springframework.security.web.FilterChainProxy$VirtualFilterChain.doFilter(FilterChainProxy.java:385)
	at org.springframework.security.web.session.SessionManagementFilter.doFilter(SessionManagementFilter.java:132)
	at org.springframework.security.web.session.SessionManagementFilter.doFilter(SessionManagementFilter.java:86)
	at org.springframework.security.web.FilterChainProxy$VirtualFilterChain.doFilter(FilterChainProxy.java:385)
	at org.springframework.security.web.authentication.AnonymousAuthenticationFilter.doFilter(AnonymousAuthenticationFilter.java:100)
	at org.springframework.security.web.FilterChainProxy$VirtualFilterChain.doFilter(FilterChainProxy.java:385)
	at org.springframework.security.web.servletapi.SecurityContextHolderAwareRequestFilter.doFilter(SecurityContextHolderAwareRequestFilter.java:181)
	at org.springframework.security.web.FilterChainProxy$VirtualFilterChain.doFilter(FilterChainProxy.java:385)
	at org.springframework.security.web.savedrequest.RequestCacheAwareFilter.doFilter(RequestCacheAwareFilter.java:63)
	at org.springframework.security.web.FilterChainProxy$VirtualFilterChain.doFilter(FilterChainProxy.java:385)
	at org.springframework.security.web.authentication.ui.DefaultLogoutPageGeneratingFilter.doFilterInternal(DefaultLogoutPageGeneratingFilter.java:60)
	at org.springframework.web.filter.OncePerRequestFilter.doFilter(OncePerRequestFilter.java:116)
	at org.springframework.security.web.FilterChainProxy$VirtualFilterChain.doFilter(FilterChainProxy.java:385)
	at org.springframework.security.web.authentication.ui.DefaultLoginPageGeneratingFilter.doFilter(DefaultLoginPageGeneratingFilter.java:246)
	at org.springframework.security.web.authentication.ui.DefaultLoginPageGeneratingFilter.doFilter(DefaultLoginPageGeneratingFilter.java:232)
	at org.springframework.security.web.FilterChainProxy$VirtualFilterChain.doFilter(FilterChainProxy.java:385)
	at org.springframework.security.web.authentication.ui.DefaultResourcesFilter.doFilter(DefaultResourcesFilter.java:73)
	at org.springframework.security.web.FilterChainProxy$VirtualFilterChain.doFilter(FilterChainProxy.java:385)
	at com.abubakar.connectify.security.JwtFilter.doFilterInternal(JwtFilter.java:141)
	at org.springframework.web.filter.OncePerRequestFilter.doFilter(OncePerRequestFilter.java:116)
	at org.springframework.security.web.FilterChainProxy$VirtualFilterChain.doFilter(FilterChainProxy.java:385)
	at org.springframework.security.web.authentication.AbstractAuthenticationProcessingFilter.doFilter(AbstractAuthenticationProcessingFilter.java:245)
	at org.springframework.security.web.authentication.AbstractAuthenticationProcessingFilter.doFilter(AbstractAuthenticationProcessingFilter.java:239)
	at org.springframework.security.web.FilterChainProxy$VirtualFilterChain.doFilter(FilterChainProxy.java:385)
	at org.springframework.security.oauth2.client.web.OAuth2AuthorizationRequestRedirectFilter.doFilterInternal(OAuth2AuthorizationRequestRedirectFilter.java:195)
	at org.springframework.web.filter.OncePerRequestFilter.doFilter(OncePerRequestFilter.java:116)
	at org.springframework.security.web.FilterChainProxy$VirtualFilterChain.doFilter(FilterChainProxy.java:385)
	at org.springframework.security.web.authentication.logout.LogoutFilter.doFilter(LogoutFilter.java:110)
	at org.springframework.security.web.authentication.logout.LogoutFilter.doFilter(LogoutFilter.java:96)
	at org.springframework.security.web.FilterChainProxy$VirtualFilterChain.doFilter(FilterChainProxy.java:385)
	at org.springframework.web.filter.CorsFilter.doFilterInternal(CorsFilter.java:91)
	at org.springframework.web.filter.OncePerRequestFilter.doFilter(OncePerRequestFilter.java:116)
	at org.springframework.security.web.FilterChainProxy$VirtualFilterChain.doFilter(FilterChainProxy.java:385)
	at org.springframework.security.web.header.HeaderWriterFilter.doHeadersAfter(HeaderWriterFilter.java:90)
	at org.springframework.security.web.header.HeaderWriterFilter.doFilterInternal(HeaderWriterFilter.java:75)
	at org.springframework.web.filter.OncePerRequestFilter.doFilter(OncePerRequestFilter.java:116)
	at org.springframework.security.web.FilterChainProxy$VirtualFilterChain.doFilter(FilterChainProxy.java:385)
	at org.springframework.security.web.context.SecurityContextHolderFilter.doFilter(SecurityContextHolderFilter.java:82)
	at org.springframework.security.web.context.SecurityContextHolderFilter.doFilter(SecurityContextHolderFilter.java:69)
	at org.springframework.security.web.FilterChainProxy$VirtualFilterChain.doFilter(FilterChainProxy.java:385)
	at org.springframework.security.web.context.request.async.WebAsyncManagerIntegrationFilter.doFilterInternal(WebAsyncManagerIntegrationFilter.java:62)
	at org.springframework.web.filter.OncePerRequestFilter.doFilter(OncePerRequestFilter.java:116)
	at org.springframework.security.web.FilterChainProxy$VirtualFilterChain.doFilter(FilterChainProxy.java:385)
	at org.springframework.security.web.session.DisableEncodeUrlFilter.doFilterInternal(DisableEncodeUrlFilter.java:42)
	at org.springframework.web.filter.OncePerRequestFilter.doFilter(OncePerRequestFilter.java:116)
	at org.springframework.security.web.FilterChainProxy$VirtualFilterChain.doFilter(FilterChainProxy.java:385)
	at org.springframework.security.web.FilterChainProxy.doFilterInternal(FilterChainProxy.java:237)
	at org.springframework.security.web.FilterChainProxy.doFilter(FilterChainProxy.java:195)
	at org.springframework.web.filter.CompositeFilter$VirtualFilterChain.doFilter(CompositeFilter.java:113)
	at org.springframework.web.filter.ServletRequestPathFilter.doFilter(ServletRequestPathFilter.java:52)
	at org.springframework.web.filter.CompositeFilter$VirtualFilterChain.doFilter(CompositeFilter.java:113)
	at org.springframework.web.filter.CompositeFilter.doFilter(CompositeFilter.java:74)
	at org.springframework.security.config.annotation.web.configuration.WebSecurityConfiguration$CompositeFilterChainProxy.doFilter(WebSecurityConfiguration.java:317)
	at org.springframework.web.filter.DelegatingFilterProxy.invokeDelegate(DelegatingFilterProxy.java:355)
	at org.springframework.web.filter.DelegatingFilterProxy.doFilter(DelegatingFilterProxy.java:272)
	at org.apache.catalina.core.ApplicationFilterChain.doFilter(ApplicationFilterChain.java:107)
	at org.springframework.web.filter.RequestContextFilter.doFilterInternal(RequestContextFilter.java:100)
	at org.springframework.web.filter.OncePerRequestFilter.doFilter(OncePerRequestFilter.java:116)
	at org.apache.catalina.core.ApplicationFilterChain.doFilter(ApplicationFilterChain.java:107)
	at org.springframework.web.filter.FormContentFilter.doFilterInternal(FormContentFilter.java:93)
	at org.springframework.web.filter.OncePerRequestFilter.doFilter(OncePerRequestFilter.java:116)
	at org.apache.catalina.core.ApplicationFilterChain.doFilter(ApplicationFilterChain.java:107)
	at org.springframework.web.filter.CharacterEncodingFilter.doFilterInternal(CharacterEncodingFilter.java:199)
	at org.springframework.web.filter.OncePerRequestFilter.doFilter(OncePerRequestFilter.java:116)
	at org.apache.catalina.core.ApplicationFilterChain.doFilter(ApplicationFilterChain.java:107)
	at org.apache.catalina.core.StandardWrapperValve.invoke(StandardWrapperValve.java:165)
	at org.apache.catalina.core.StandardContextValve.invoke(StandardContextValve.java:77)
	at org.apache.catalina.authenticator.AuthenticatorBase.invoke(AuthenticatorBase.java:492)
	at org.apache.catalina.core.StandardHostValve.invoke(StandardHostValve.java:113)
	at org.apache.catalina.valves.ErrorReportValve.invoke(ErrorReportValve.java:83)
	at org.apache.catalina.core.StandardEngineValve.invoke(StandardEngineValve.java:72)
	at org.apache.catalina.connector.CoyoteAdapter.service(CoyoteAdapter.java:341)
	at org.apache.coyote.http11.Http11Processor.service(Http11Processor.java:397)
	at org.apache.coyote.AbstractProcessorLight.process(AbstractProcessorLight.java:63)
	at org.apache.coyote.AbstractProtocol$ConnectionHandler.process(AbstractProtocol.java:903)
	at org.apache.tomcat.util.net.NioEndpoint$SocketProcessor.doRun(NioEndpoint.java:1801)
	at org.apache.tomcat.util.net.SocketProcessorBase.run(SocketProcessorBase.java:52)
	at org.apache.tomcat.util.threads.ThreadPoolExecutor.runWorker(ThreadPoolExecutor.java:946)
	at org.apache.tomcat.util.threads.ThreadPoolExecutor$Worker.run(ThreadPoolExecutor.java:480)
	at org.apache.tomcat.util.threads.TaskThread$WrappingRunnable.run(TaskThread.java:57)
	at java.base/java.lang.Thread.run(Thread.java:1583)
2026-06-04 16:58:38[INFO]com.abubakar.connectify.configuration.RequestLoggingFilter-PATCH /api/v1/admin/stories/3/restore/reject | Status: 400
2026-06-04 16:59:47[INFO]com.abubakar.connectify.service.impl.CustomUserDetailsService-Authentication request received for email: admin@gmail.com
2026-06-04 16:59:47[DEBUG]com.abubakar.connectify.service.impl.CustomUserDetailsService-User loaded successfully with email: admin@gmail.com and role: ADMIN
2026-06-04 16:59:47[INFO]com.abubakar.connectify.security.JwtUtils-Token validation result for user admin@gmail.com : true
2026-06-04 16:59:47[INFO]com.abubakar.connectify.security.JwtFilter-User authenticated successfully: admin@gmail.com
2026-06-04 16:59:47[INFO]com.abubakar.connectify.controller.AdminStoryController-Admin approve story restore API called | storyId: 3
2026-06-04 16:59:47[INFO]com.abubakar.connectify.service.impl.AdminStoryServiceImpl-Admin approving story restore | storyId: 3
2026-06-04 16:59:47[DEBUG]com.abubakar.connectify.util.UserAccessValidator-Validating user access | userId: 3
2026-06-04 16:59:47[DEBUG]com.abubakar.connectify.util.UserAccessValidator-User validation successful | userId: 3
2026-06-04 16:59:47[DEBUG]com.abubakar.connectify.util.AuthUtil-Authenticated active user fetched successfully | userId: 3
2026-06-04 16:59:47[INFO]com.abubakar.connectify.service.impl.AdminStoryServiceImpl-Admin validated successfully | adminId: 3
2026-06-04 16:59:47[DEBUG]com.abubakar.connectify.util.StoryAccessValidator-Fetching story | storyId: 3
2026-06-04 16:59:47[ERROR]com.abubakar.connectify.exception.GlobalExceptionHandler-Business exception occurred | errorCode: OPERATION_FAILED | status: 400 BAD_REQUEST | message: Restore request not found
com.abubakar.connectify.exception.OperationFailException: Restore request not found
	at com.abubakar.connectify.service.impl.AdminStoryServiceImpl.approveStoryRestore(AdminStoryServiceImpl.java:210)
	at java.base/jdk.internal.reflect.DirectMethodHandleAccessor.invoke(DirectMethodHandleAccessor.java:103)
	at java.base/java.lang.reflect.Method.invoke(Method.java:580)
	at org.springframework.aop.support.AopUtils.invokeJoinpointUsingReflection(AopUtils.java:359)
	at org.springframework.aop.framework.ReflectiveMethodInvocation.invokeJoinpoint(ReflectiveMethodInvocation.java:190)
	at org.springframework.aop.framework.ReflectiveMethodInvocation.proceed(ReflectiveMethodInvocation.java:158)
	at org.springframework.transaction.interceptor.TransactionInterceptor$1.proceedWithInvocation(TransactionInterceptor.java:133)
	at org.springframework.transaction.interceptor.TransactionAspectSupport.invokeWithinTransaction(TransactionAspectSupport.java:371)
	at org.springframework.transaction.interceptor.TransactionInterceptor.invoke(TransactionInterceptor.java:130)
	at org.springframework.aop.framework.ReflectiveMethodInvocation.proceed(ReflectiveMethodInvocation.java:179)
	at org.springframework.aop.framework.CglibAopProxy$DynamicAdvisedInterceptor.intercept(CglibAopProxy.java:719)
	at com.abubakar.connectify.service.impl.AdminStoryServiceImpl$$SpringCGLIB$$0.approveStoryRestore(<generated>)
	at com.abubakar.connectify.controller.AdminStoryController.approveStoryRestore(AdminStoryController.java:135)
	at java.base/jdk.internal.reflect.DirectMethodHandleAccessor.invoke(DirectMethodHandleAccessor.java:103)
	at java.base/java.lang.reflect.Method.invoke(Method.java:580)
	at org.springframework.web.method.support.InvocableHandlerMethod.doInvoke(InvocableHandlerMethod.java:252)
	at org.springframework.web.method.support.InvocableHandlerMethod.invokeForRequest(InvocableHandlerMethod.java:184)
	at org.springframework.web.servlet.mvc.method.annotation.ServletInvocableHandlerMethod.invokeAndHandle(ServletInvocableHandlerMethod.java:117)
	at org.springframework.web.servlet.mvc.method.annotation.RequestMappingHandlerAdapter.invokeHandlerMethod(RequestMappingHandlerAdapter.java:934)
	at org.springframework.web.servlet.mvc.method.annotation.RequestMappingHandlerAdapter.handleInternal(RequestMappingHandlerAdapter.java:853)
	at org.springframework.web.servlet.mvc.method.AbstractHandlerMethodAdapter.handle(AbstractHandlerMethodAdapter.java:86)
	at org.springframework.web.servlet.DispatcherServlet.doDispatch(DispatcherServlet.java:963)
	at org.springframework.web.servlet.DispatcherServlet.doService(DispatcherServlet.java:866)
	at org.springframework.web.servlet.FrameworkServlet.processRequest(FrameworkServlet.java:1000)
	at org.springframework.web.servlet.FrameworkServlet.service(FrameworkServlet.java:877)
	at jakarta.servlet.http.HttpServlet.service(HttpServlet.java:710)
	at org.apache.catalina.core.ApplicationFilterChain.doFilter(ApplicationFilterChain.java:128)
	at org.apache.tomcat.websocket.server.WsFilter.doFilter(WsFilter.java:53)
	at org.apache.catalina.core.ApplicationFilterChain.doFilter(ApplicationFilterChain.java:107)
	at org.springframework.web.filter.OncePerRequestFilter.doFilter(OncePerRequestFilter.java:110)
	at org.apache.catalina.core.ApplicationFilterChain.doFilter(ApplicationFilterChain.java:107)
	at org.springframework.web.filter.OncePerRequestFilter.doFilter(OncePerRequestFilter.java:110)
	at org.apache.catalina.core.ApplicationFilterChain.doFilter(ApplicationFilterChain.java:107)
	at com.abubakar.connectify.configuration.RequestLoggingFilter.doFilterInternal(RequestLoggingFilter.java:30)
	at org.springframework.web.filter.OncePerRequestFilter.doFilter(OncePerRequestFilter.java:116)
	at org.apache.catalina.core.ApplicationFilterChain.doFilter(ApplicationFilterChain.java:107)
	at org.springframework.web.filter.CompositeFilter$VirtualFilterChain.doFilter(CompositeFilter.java:108)
	at org.springframework.security.web.FilterChainProxy.lambda$doFilterInternal$3(FilterChainProxy.java:235)
	at org.springframework.security.web.FilterChainProxy$VirtualFilterChain.doFilter(FilterChainProxy.java:376)
	at org.springframework.security.web.access.intercept.AuthorizationFilter.doFilter(AuthorizationFilter.java:101)
	at org.springframework.security.web.FilterChainProxy$VirtualFilterChain.doFilter(FilterChainProxy.java:385)
	at org.springframework.security.web.access.ExceptionTranslationFilter.doFilter(ExceptionTranslationFilter.java:126)
	at org.springframework.security.web.access.ExceptionTranslationFilter.doFilter(ExceptionTranslationFilter.java:120)
	at org.springframework.security.web.FilterChainProxy$VirtualFilterChain.doFilter(FilterChainProxy.java:385)
	at org.springframework.security.web.session.SessionManagementFilter.doFilter(SessionManagementFilter.java:132)
	at org.springframework.security.web.session.SessionManagementFilter.doFilter(SessionManagementFilter.java:86)
	at org.springframework.security.web.FilterChainProxy$VirtualFilterChain.doFilter(FilterChainProxy.java:385)
	at org.springframework.security.web.authentication.AnonymousAuthenticationFilter.doFilter(AnonymousAuthenticationFilter.java:100)
	at org.springframework.security.web.FilterChainProxy$VirtualFilterChain.doFilter(FilterChainProxy.java:385)
	at org.springframework.security.web.servletapi.SecurityContextHolderAwareRequestFilter.doFilter(SecurityContextHolderAwareRequestFilter.java:181)
	at org.springframework.security.web.FilterChainProxy$VirtualFilterChain.doFilter(FilterChainProxy.java:385)
	at org.springframework.security.web.savedrequest.RequestCacheAwareFilter.doFilter(RequestCacheAwareFilter.java:63)
	at org.springframework.security.web.FilterChainProxy$VirtualFilterChain.doFilter(FilterChainProxy.java:385)
	at org.springframework.security.web.authentication.ui.DefaultLogoutPageGeneratingFilter.doFilterInternal(DefaultLogoutPageGeneratingFilter.java:60)
	at org.springframework.web.filter.OncePerRequestFilter.doFilter(OncePerRequestFilter.java:116)
	at org.springframework.security.web.FilterChainProxy$VirtualFilterChain.doFilter(FilterChainProxy.java:385)
	at org.springframework.security.web.authentication.ui.DefaultLoginPageGeneratingFilter.doFilter(DefaultLoginPageGeneratingFilter.java:246)
	at org.springframework.security.web.authentication.ui.DefaultLoginPageGeneratingFilter.doFilter(DefaultLoginPageGeneratingFilter.java:232)
	at org.springframework.security.web.FilterChainProxy$VirtualFilterChain.doFilter(FilterChainProxy.java:385)
	at org.springframework.security.web.authentication.ui.DefaultResourcesFilter.doFilter(DefaultResourcesFilter.java:73)
	at org.springframework.security.web.FilterChainProxy$VirtualFilterChain.doFilter(FilterChainProxy.java:385)
	at com.abubakar.connectify.security.JwtFilter.doFilterInternal(JwtFilter.java:141)
	at org.springframework.web.filter.OncePerRequestFilter.doFilter(OncePerRequestFilter.java:116)
	at org.springframework.security.web.FilterChainProxy$VirtualFilterChain.doFilter(FilterChainProxy.java:385)
	at org.springframework.security.web.authentication.AbstractAuthenticationProcessingFilter.doFilter(AbstractAuthenticationProcessingFilter.java:245)
	at org.springframework.security.web.authentication.AbstractAuthenticationProcessingFilter.doFilter(AbstractAuthenticationProcessingFilter.java:239)
	at org.springframework.security.web.FilterChainProxy$VirtualFilterChain.doFilter(FilterChainProxy.java:385)
	at org.springframework.security.oauth2.client.web.OAuth2AuthorizationRequestRedirectFilter.doFilterInternal(OAuth2AuthorizationRequestRedirectFilter.java:195)
	at org.springframework.web.filter.OncePerRequestFilter.doFilter(OncePerRequestFilter.java:116)
	at org.springframework.security.web.FilterChainProxy$VirtualFilterChain.doFilter(FilterChainProxy.java:385)
	at org.springframework.security.web.authentication.logout.LogoutFilter.doFilter(LogoutFilter.java:110)
	at org.springframework.security.web.authentication.logout.LogoutFilter.doFilter(LogoutFilter.java:96)
	at org.springframework.security.web.FilterChainProxy$VirtualFilterChain.doFilter(FilterChainProxy.java:385)
	at org.springframework.web.filter.CorsFilter.doFilterInternal(CorsFilter.java:91)
	at org.springframework.web.filter.OncePerRequestFilter.doFilter(OncePerRequestFilter.java:116)
	at org.springframework.security.web.FilterChainProxy$VirtualFilterChain.doFilter(FilterChainProxy.java:385)
	at org.springframework.security.web.header.HeaderWriterFilter.doHeadersAfter(HeaderWriterFilter.java:90)
	at org.springframework.security.web.header.HeaderWriterFilter.doFilterInternal(HeaderWriterFilter.java:75)
	at org.springframework.web.filter.OncePerRequestFilter.doFilter(OncePerRequestFilter.java:116)
	at org.springframework.security.web.FilterChainProxy$VirtualFilterChain.doFilter(FilterChainProxy.java:385)
	at org.springframework.security.web.context.SecurityContextHolderFilter.doFilter(SecurityContextHolderFilter.java:82)
	at org.springframework.security.web.context.SecurityContextHolderFilter.doFilter(SecurityContextHolderFilter.java:69)
	at org.springframework.security.web.FilterChainProxy$VirtualFilterChain.doFilter(FilterChainProxy.java:385)
	at org.springframework.security.web.context.request.async.WebAsyncManagerIntegrationFilter.doFilterInternal(WebAsyncManagerIntegrationFilter.java:62)
	at org.springframework.web.filter.OncePerRequestFilter.doFilter(OncePerRequestFilter.java:116)
	at org.springframework.security.web.FilterChainProxy$VirtualFilterChain.doFilter(FilterChainProxy.java:385)
	at org.springframework.security.web.session.DisableEncodeUrlFilter.doFilterInternal(DisableEncodeUrlFilter.java:42)
	at org.springframework.web.filter.OncePerRequestFilter.doFilter(OncePerRequestFilter.java:116)
	at org.springframework.security.web.FilterChainProxy$VirtualFilterChain.doFilter(FilterChainProxy.java:385)
	at org.springframework.security.web.FilterChainProxy.doFilterInternal(FilterChainProxy.java:237)
	at org.springframework.security.web.FilterChainProxy.doFilter(FilterChainProxy.java:195)
	at org.springframework.web.filter.CompositeFilter$VirtualFilterChain.doFilter(CompositeFilter.java:113)
	at org.springframework.web.filter.ServletRequestPathFilter.doFilter(ServletRequestPathFilter.java:52)
	at org.springframework.web.filter.CompositeFilter$VirtualFilterChain.doFilter(CompositeFilter.java:113)
	at org.springframework.web.filter.CompositeFilter.doFilter(CompositeFilter.java:74)
	at org.springframework.security.config.annotation.web.configuration.WebSecurityConfiguration$CompositeFilterChainProxy.doFilter(WebSecurityConfiguration.java:317)
	at org.springframework.web.filter.DelegatingFilterProxy.invokeDelegate(DelegatingFilterProxy.java:355)
	at org.springframework.web.filter.DelegatingFilterProxy.doFilter(DelegatingFilterProxy.java:272)
	at org.apache.catalina.core.ApplicationFilterChain.doFilter(ApplicationFilterChain.java:107)
	at org.springframework.web.filter.RequestContextFilter.doFilterInternal(RequestContextFilter.java:100)
	at org.springframework.web.filter.OncePerRequestFilter.doFilter(OncePerRequestFilter.java:116)
	at org.apache.catalina.core.ApplicationFilterChain.doFilter(ApplicationFilterChain.java:107)
	at org.springframework.web.filter.FormContentFilter.doFilterInternal(FormContentFilter.java:93)
	at org.springframework.web.filter.OncePerRequestFilter.doFilter(OncePerRequestFilter.java:116)
	at org.apache.catalina.core.ApplicationFilterChain.doFilter(ApplicationFilterChain.java:107)
	at org.springframework.web.filter.CharacterEncodingFilter.doFilterInternal(CharacterEncodingFilter.java:199)
	at org.springframework.web.filter.OncePerRequestFilter.doFilter(OncePerRequestFilter.java:116)
	at org.apache.catalina.core.ApplicationFilterChain.doFilter(ApplicationFilterChain.java:107)
	at org.apache.catalina.core.StandardWrapperValve.invoke(StandardWrapperValve.java:165)
	at org.apache.catalina.core.StandardContextValve.invoke(StandardContextValve.java:77)
	at org.apache.catalina.authenticator.AuthenticatorBase.invoke(AuthenticatorBase.java:492)
	at org.apache.catalina.core.StandardHostValve.invoke(StandardHostValve.java:113)
	at org.apache.catalina.valves.ErrorReportValve.invoke(ErrorReportValve.java:83)
	at org.apache.catalina.core.StandardEngineValve.invoke(StandardEngineValve.java:72)
	at org.apache.catalina.connector.CoyoteAdapter.service(CoyoteAdapter.java:341)
	at org.apache.coyote.http11.Http11Processor.service(Http11Processor.java:397)
	at org.apache.coyote.AbstractProcessorLight.process(AbstractProcessorLight.java:63)
	at org.apache.coyote.AbstractProtocol$ConnectionHandler.process(AbstractProtocol.java:903)
	at org.apache.tomcat.util.net.NioEndpoint$SocketProcessor.doRun(NioEndpoint.java:1801)
	at org.apache.tomcat.util.net.SocketProcessorBase.run(SocketProcessorBase.java:52)
	at org.apache.tomcat.util.threads.ThreadPoolExecutor.runWorker(ThreadPoolExecutor.java:946)
	at org.apache.tomcat.util.threads.ThreadPoolExecutor$Worker.run(ThreadPoolExecutor.java:480)
	at org.apache.tomcat.util.threads.TaskThread$WrappingRunnable.run(TaskThread.java:57)
	at java.base/java.lang.Thread.run(Thread.java:1583)
2026-06-04 16:59:47[INFO]com.abubakar.connectify.configuration.RequestLoggingFilter-PATCH /api/v1/admin/stories/3/restore/approve | Status: 400
2026-06-04 17:00:00[INFO]com.abubakar.connectify.scheduler.RefreshTokenCleanupScheduler-Expired refresh tokens removed | count: 0
2026-06-04 17:00:02[INFO]com.abubakar.connectify.scheduler.StoryCleanupScheduler-Running story cleanup job
2026-06-04 17:00:02[INFO]com.abubakar.connectify.scheduler.StoryCleanupScheduler-Expired stories found: 0
2026-06-04 17:00:02[INFO]com.abubakar.connectify.scheduler.StoryCleanupScheduler-Story cleanup completed
2026-06-04 17:01:19[INFO]com.abubakar.connectify.controller.AuthController-Login Api initiated for: abu@gmail.com
2026-06-04 17:01:19[DEBUG]com.abubakar.connectify.service.impl.AuthServiceImpl-Starting login | email: abu@gmail.com
2026-06-04 17:01:19[INFO]com.abubakar.connectify.service.impl.CustomUserDetailsService-Authentication request received for email: abu@gmail.com
2026-06-04 17:01:19[DEBUG]com.abubakar.connectify.service.impl.CustomUserDetailsService-User loaded successfully with email: abu@gmail.com and role: USER
2026-06-04 17:01:19[INFO]com.abubakar.connectify.security.JwtUtils-Generating token for user: abu@gmail.com
2026-06-04 17:01:19[INFO]com.abubakar.connectify.service.impl.RefreshTokenServiceImpl-Refresh token created/updated | userId: 1
2026-06-04 17:01:19[INFO]com.abubakar.connectify.service.impl.AuthServiceImpl-Login successful | userId: 1 | email: abu@gmail.com
2026-06-04 17:01:19[INFO]com.abubakar.connectify.configuration.RequestLoggingFilter-POST /api/v1/auth/login | Status: 200
2026-06-04 17:03:36[INFO]com.abubakar.connectify.service.impl.CustomUserDetailsService-Authentication request received for email: abu@gmail.com
2026-06-04 17:03:36[DEBUG]com.abubakar.connectify.service.impl.CustomUserDetailsService-User loaded successfully with email: abu@gmail.com and role: USER
2026-06-04 17:03:36[INFO]com.abubakar.connectify.security.JwtUtils-Token validation result for user abu@gmail.com : true
2026-06-04 17:03:36[INFO]com.abubakar.connectify.security.JwtFilter-User authenticated successfully: abu@gmail.com
2026-06-04 17:03:36[INFO]com.abubakar.connectify.controller.StoryController-Restore story request received | storyId: 3
2026-06-04 17:03:36[INFO]com.abubakar.connectify.service.impl.StoryServiceImpl-Story restore request | storyId: 3
2026-06-04 17:03:36[DEBUG]com.abubakar.connectify.util.UserAccessValidator-Validating user access | userId: 1
2026-06-04 17:03:36[DEBUG]com.abubakar.connectify.util.UserAccessValidator-User validation successful | userId: 1
2026-06-04 17:03:36[DEBUG]com.abubakar.connectify.util.AuthUtil-Authenticated active user fetched successfully | userId: 1
2026-06-04 17:03:36[DEBUG]com.abubakar.connectify.util.StoryAccessValidator-Fetching story | storyId: 3
2026-06-04 17:03:36[DEBUG]com.abubakar.connectify.service.impl.StoryServiceImpl-Validating story ownership for restore request | ownerId: 1 | requesterId: 1
2026-06-04 17:03:36[INFO]com.abubakar.connectify.service.impl.StoryServiceImpl-Story restore request submitted successfully | storyId: 3 | requesterId: 1
2026-06-04 17:03:36[INFO]com.abubakar.connectify.configuration.RequestLoggingFilter-PUT /api/v1/stories/3/restore-request | Status: 200
2026-06-04 17:03:38[INFO]com.abubakar.connectify.service.impl.CustomUserDetailsService-Authentication request received for email: abu@gmail.com
2026-06-04 17:03:38[DEBUG]com.abubakar.connectify.service.impl.CustomUserDetailsService-User loaded successfully with email: abu@gmail.com and role: USER
2026-06-04 17:03:38[INFO]com.abubakar.connectify.security.JwtUtils-Token validation result for user abu@gmail.com : true
2026-06-04 17:03:38[INFO]com.abubakar.connectify.security.JwtFilter-User authenticated successfully: abu@gmail.com
2026-06-04 17:03:38[INFO]com.abubakar.connectify.controller.StoryController-Restore story request received | storyId: 3
2026-06-04 17:03:38[INFO]com.abubakar.connectify.service.impl.StoryServiceImpl-Story restore request | storyId: 3
2026-06-04 17:03:38[DEBUG]com.abubakar.connectify.util.UserAccessValidator-Validating user access | userId: 1
2026-06-04 17:03:38[DEBUG]com.abubakar.connectify.util.UserAccessValidator-User validation successful | userId: 1
2026-06-04 17:03:38[DEBUG]com.abubakar.connectify.util.AuthUtil-Authenticated active user fetched successfully | userId: 1
2026-06-04 17:03:38[DEBUG]com.abubakar.connectify.util.StoryAccessValidator-Fetching story | storyId: 3
2026-06-04 17:03:38[DEBUG]com.abubakar.connectify.service.impl.StoryServiceImpl-Validating story ownership for restore request | ownerId: 1 | requesterId: 1
2026-06-04 17:03:38[WARN]com.abubakar.connectify.service.impl.StoryServiceImpl-Restore request already submitted
2026-06-04 17:03:38[ERROR]com.abubakar.connectify.exception.GlobalExceptionHandler-Business exception occurred | errorCode: OPERATION_FAILED | status: 400 BAD_REQUEST | message: Restore request already submitted
com.abubakar.connectify.exception.OperationFailException: Restore request already submitted
	at com.abubakar.connectify.service.impl.StoryServiceImpl.requestRestoreStory(StoryServiceImpl.java:516)
	at java.base/jdk.internal.reflect.DirectMethodHandleAccessor.invoke(DirectMethodHandleAccessor.java:103)
	at java.base/java.lang.reflect.Method.invoke(Method.java:580)
	at org.springframework.aop.support.AopUtils.invokeJoinpointUsingReflection(AopUtils.java:359)
	at org.springframework.aop.framework.ReflectiveMethodInvocation.invokeJoinpoint(ReflectiveMethodInvocation.java:190)
	at org.springframework.aop.framework.ReflectiveMethodInvocation.proceed(ReflectiveMethodInvocation.java:158)
	at org.springframework.transaction.interceptor.TransactionInterceptor$1.proceedWithInvocation(TransactionInterceptor.java:133)
	at org.springframework.transaction.interceptor.TransactionAspectSupport.invokeWithinTransaction(TransactionAspectSupport.java:371)
	at org.springframework.transaction.interceptor.TransactionInterceptor.invoke(TransactionInterceptor.java:130)
	at org.springframework.aop.framework.ReflectiveMethodInvocation.proceed(ReflectiveMethodInvocation.java:179)
	at org.springframework.aop.framework.CglibAopProxy$DynamicAdvisedInterceptor.intercept(CglibAopProxy.java:719)
	at com.abubakar.connectify.service.impl.StoryServiceImpl$$SpringCGLIB$$0.requestRestoreStory(<generated>)
	at com.abubakar.connectify.controller.StoryController.requestRestoreStory(StoryController.java:272)
	at java.base/jdk.internal.reflect.DirectMethodHandleAccessor.invoke(DirectMethodHandleAccessor.java:103)
	at java.base/java.lang.reflect.Method.invoke(Method.java:580)
	at org.springframework.web.method.support.InvocableHandlerMethod.doInvoke(InvocableHandlerMethod.java:252)
	at org.springframework.web.method.support.InvocableHandlerMethod.invokeForRequest(InvocableHandlerMethod.java:184)
	at org.springframework.web.servlet.mvc.method.annotation.ServletInvocableHandlerMethod.invokeAndHandle(ServletInvocableHandlerMethod.java:117)
	at org.springframework.web.servlet.mvc.method.annotation.RequestMappingHandlerAdapter.invokeHandlerMethod(RequestMappingHandlerAdapter.java:934)
	at org.springframework.web.servlet.mvc.method.annotation.RequestMappingHandlerAdapter.handleInternal(RequestMappingHandlerAdapter.java:853)
	at org.springframework.web.servlet.mvc.method.AbstractHandlerMethodAdapter.handle(AbstractHandlerMethodAdapter.java:86)
	at org.springframework.web.servlet.DispatcherServlet.doDispatch(DispatcherServlet.java:963)
	at org.springframework.web.servlet.DispatcherServlet.doService(DispatcherServlet.java:866)
	at org.springframework.web.servlet.FrameworkServlet.processRequest(FrameworkServlet.java:1000)
	at org.springframework.web.servlet.FrameworkServlet.doPut(FrameworkServlet.java:914)
	at jakarta.servlet.http.HttpServlet.service(HttpServlet.java:650)
	at org.springframework.web.servlet.FrameworkServlet.service(FrameworkServlet.java:874)
	at jakarta.servlet.http.HttpServlet.service(HttpServlet.java:710)
	at org.apache.catalina.core.ApplicationFilterChain.doFilter(ApplicationFilterChain.java:128)
	at org.apache.tomcat.websocket.server.WsFilter.doFilter(WsFilter.java:53)
	at org.apache.catalina.core.ApplicationFilterChain.doFilter(ApplicationFilterChain.java:107)
	at org.springframework.web.filter.OncePerRequestFilter.doFilter(OncePerRequestFilter.java:110)
	at org.apache.catalina.core.ApplicationFilterChain.doFilter(ApplicationFilterChain.java:107)
	at org.springframework.web.filter.OncePerRequestFilter.doFilter(OncePerRequestFilter.java:110)
	at org.apache.catalina.core.ApplicationFilterChain.doFilter(ApplicationFilterChain.java:107)
	at com.abubakar.connectify.configuration.RequestLoggingFilter.doFilterInternal(RequestLoggingFilter.java:30)
	at org.springframework.web.filter.OncePerRequestFilter.doFilter(OncePerRequestFilter.java:116)
	at org.apache.catalina.core.ApplicationFilterChain.doFilter(ApplicationFilterChain.java:107)
	at org.springframework.web.filter.CompositeFilter$VirtualFilterChain.doFilter(CompositeFilter.java:108)
	at org.springframework.security.web.FilterChainProxy.lambda$doFilterInternal$3(FilterChainProxy.java:235)
	at org.springframework.security.web.FilterChainProxy$VirtualFilterChain.doFilter(FilterChainProxy.java:376)
	at org.springframework.security.web.access.intercept.AuthorizationFilter.doFilter(AuthorizationFilter.java:101)
	at org.springframework.security.web.FilterChainProxy$VirtualFilterChain.doFilter(FilterChainProxy.java:385)
	at org.springframework.security.web.access.ExceptionTranslationFilter.doFilter(ExceptionTranslationFilter.java:126)
	at org.springframework.security.web.access.ExceptionTranslationFilter.doFilter(ExceptionTranslationFilter.java:120)
	at org.springframework.security.web.FilterChainProxy$VirtualFilterChain.doFilter(FilterChainProxy.java:385)
	at org.springframework.security.web.session.SessionManagementFilter.doFilter(SessionManagementFilter.java:132)
	at org.springframework.security.web.session.SessionManagementFilter.doFilter(SessionManagementFilter.java:86)
	at org.springframework.security.web.FilterChainProxy$VirtualFilterChain.doFilter(FilterChainProxy.java:385)
	at org.springframework.security.web.authentication.AnonymousAuthenticationFilter.doFilter(AnonymousAuthenticationFilter.java:100)
	at org.springframework.security.web.FilterChainProxy$VirtualFilterChain.doFilter(FilterChainProxy.java:385)
	at org.springframework.security.web.servletapi.SecurityContextHolderAwareRequestFilter.doFilter(SecurityContextHolderAwareRequestFilter.java:181)
	at org.springframework.security.web.FilterChainProxy$VirtualFilterChain.doFilter(FilterChainProxy.java:385)
	at org.springframework.security.web.savedrequest.RequestCacheAwareFilter.doFilter(RequestCacheAwareFilter.java:63)
	at org.springframework.security.web.FilterChainProxy$VirtualFilterChain.doFilter(FilterChainProxy.java:385)
	at org.springframework.security.web.authentication.ui.DefaultLogoutPageGeneratingFilter.doFilterInternal(DefaultLogoutPageGeneratingFilter.java:60)
	at org.springframework.web.filter.OncePerRequestFilter.doFilter(OncePerRequestFilter.java:116)
	at org.springframework.security.web.FilterChainProxy$VirtualFilterChain.doFilter(FilterChainProxy.java:385)
	at org.springframework.security.web.authentication.ui.DefaultLoginPageGeneratingFilter.doFilter(DefaultLoginPageGeneratingFilter.java:246)
	at org.springframework.security.web.authentication.ui.DefaultLoginPageGeneratingFilter.doFilter(DefaultLoginPageGeneratingFilter.java:232)
	at org.springframework.security.web.FilterChainProxy$VirtualFilterChain.doFilter(FilterChainProxy.java:385)
	at org.springframework.security.web.authentication.ui.DefaultResourcesFilter.doFilter(DefaultResourcesFilter.java:73)
	at org.springframework.security.web.FilterChainProxy$VirtualFilterChain.doFilter(FilterChainProxy.java:385)
	at com.abubakar.connectify.security.JwtFilter.doFilterInternal(JwtFilter.java:141)
	at org.springframework.web.filter.OncePerRequestFilter.doFilter(OncePerRequestFilter.java:116)
	at org.springframework.security.web.FilterChainProxy$VirtualFilterChain.doFilter(FilterChainProxy.java:385)
	at org.springframework.security.web.authentication.AbstractAuthenticationProcessingFilter.doFilter(AbstractAuthenticationProcessingFilter.java:245)
	at org.springframework.security.web.authentication.AbstractAuthenticationProcessingFilter.doFilter(AbstractAuthenticationProcessingFilter.java:239)
	at org.springframework.security.web.FilterChainProxy$VirtualFilterChain.doFilter(FilterChainProxy.java:385)
	at org.springframework.security.oauth2.client.web.OAuth2AuthorizationRequestRedirectFilter.doFilterInternal(OAuth2AuthorizationRequestRedirectFilter.java:195)
	at org.springframework.web.filter.OncePerRequestFilter.doFilter(OncePerRequestFilter.java:116)
	at org.springframework.security.web.FilterChainProxy$VirtualFilterChain.doFilter(FilterChainProxy.java:385)
	at org.springframework.security.web.authentication.logout.LogoutFilter.doFilter(LogoutFilter.java:110)
	at org.springframework.security.web.authentication.logout.LogoutFilter.doFilter(LogoutFilter.java:96)
	at org.springframework.security.web.FilterChainProxy$VirtualFilterChain.doFilter(FilterChainProxy.java:385)
	at org.springframework.web.filter.CorsFilter.doFilterInternal(CorsFilter.java:91)
	at org.springframework.web.filter.OncePerRequestFilter.doFilter(OncePerRequestFilter.java:116)
	at org.springframework.security.web.FilterChainProxy$VirtualFilterChain.doFilter(FilterChainProxy.java:385)
	at org.springframework.security.web.header.HeaderWriterFilter.doHeadersAfter(HeaderWriterFilter.java:90)
	at org.springframework.security.web.header.HeaderWriterFilter.doFilterInternal(HeaderWriterFilter.java:75)
	at org.springframework.web.filter.OncePerRequestFilter.doFilter(OncePerRequestFilter.java:116)
	at org.springframework.security.web.FilterChainProxy$VirtualFilterChain.doFilter(FilterChainProxy.java:385)
	at org.springframework.security.web.context.SecurityContextHolderFilter.doFilter(SecurityContextHolderFilter.java:82)
	at org.springframework.security.web.context.SecurityContextHolderFilter.doFilter(SecurityContextHolderFilter.java:69)
	at org.springframework.security.web.FilterChainProxy$VirtualFilterChain.doFilter(FilterChainProxy.java:385)
	at org.springframework.security.web.context.request.async.WebAsyncManagerIntegrationFilter.doFilterInternal(WebAsyncManagerIntegrationFilter.java:62)
	at org.springframework.web.filter.OncePerRequestFilter.doFilter(OncePerRequestFilter.java:116)
	at org.springframework.security.web.FilterChainProxy$VirtualFilterChain.doFilter(FilterChainProxy.java:385)
	at org.springframework.security.web.session.DisableEncodeUrlFilter.doFilterInternal(DisableEncodeUrlFilter.java:42)
	at org.springframework.web.filter.OncePerRequestFilter.doFilter(OncePerRequestFilter.java:116)
	at org.springframework.security.web.FilterChainProxy$VirtualFilterChain.doFilter(FilterChainProxy.java:385)
	at org.springframework.security.web.FilterChainProxy.doFilterInternal(FilterChainProxy.java:237)
	at org.springframework.security.web.FilterChainProxy.doFilter(FilterChainProxy.java:195)
	at org.springframework.web.filter.CompositeFilter$VirtualFilterChain.doFilter(CompositeFilter.java:113)
	at org.springframework.web.filter.ServletRequestPathFilter.doFilter(ServletRequestPathFilter.java:52)
	at org.springframework.web.filter.CompositeFilter$VirtualFilterChain.doFilter(CompositeFilter.java:113)
	at org.springframework.web.filter.CompositeFilter.doFilter(CompositeFilter.java:74)
	at org.springframework.security.config.annotation.web.configuration.WebSecurityConfiguration$CompositeFilterChainProxy.doFilter(WebSecurityConfiguration.java:317)
	at org.springframework.web.filter.DelegatingFilterProxy.invokeDelegate(DelegatingFilterProxy.java:355)
	at org.springframework.web.filter.DelegatingFilterProxy.doFilter(DelegatingFilterProxy.java:272)
	at org.apache.catalina.core.ApplicationFilterChain.doFilter(ApplicationFilterChain.java:107)
	at org.springframework.web.filter.RequestContextFilter.doFilterInternal(RequestContextFilter.java:100)
	at org.springframework.web.filter.OncePerRequestFilter.doFilter(OncePerRequestFilter.java:116)
	at org.apache.catalina.core.ApplicationFilterChain.doFilter(ApplicationFilterChain.java:107)
	at org.springframework.web.filter.FormContentFilter.doFilterInternal(FormContentFilter.java:93)
	at org.springframework.web.filter.OncePerRequestFilter.doFilter(OncePerRequestFilter.java:116)
	at org.apache.catalina.core.ApplicationFilterChain.doFilter(ApplicationFilterChain.java:107)
	at org.springframework.web.filter.CharacterEncodingFilter.doFilterInternal(CharacterEncodingFilter.java:199)
	at org.springframework.web.filter.OncePerRequestFilter.doFilter(OncePerRequestFilter.java:116)
	at org.apache.catalina.core.ApplicationFilterChain.doFilter(ApplicationFilterChain.java:107)
	at org.apache.catalina.core.StandardWrapperValve.invoke(StandardWrapperValve.java:165)
	at org.apache.catalina.core.StandardContextValve.invoke(StandardContextValve.java:77)
	at org.apache.catalina.authenticator.AuthenticatorBase.invoke(AuthenticatorBase.java:492)
	at org.apache.catalina.core.StandardHostValve.invoke(StandardHostValve.java:113)
	at org.apache.catalina.valves.ErrorReportValve.invoke(ErrorReportValve.java:83)
	at org.apache.catalina.core.StandardEngineValve.invoke(StandardEngineValve.java:72)
	at org.apache.catalina.connector.CoyoteAdapter.service(CoyoteAdapter.java:341)
	at org.apache.coyote.http11.Http11Processor.service(Http11Processor.java:397)
	at org.apache.coyote.AbstractProcessorLight.process(AbstractProcessorLight.java:63)
	at org.apache.coyote.AbstractProtocol$ConnectionHandler.process(AbstractProtocol.java:903)
	at org.apache.tomcat.util.net.NioEndpoint$SocketProcessor.doRun(NioEndpoint.java:1801)
	at org.apache.tomcat.util.net.SocketProcessorBase.run(SocketProcessorBase.java:52)
	at org.apache.tomcat.util.threads.ThreadPoolExecutor.runWorker(ThreadPoolExecutor.java:946)
	at org.apache.tomcat.util.threads.ThreadPoolExecutor$Worker.run(ThreadPoolExecutor.java:480)
	at org.apache.tomcat.util.threads.TaskThread$WrappingRunnable.run(TaskThread.java:57)
	at java.base/java.lang.Thread.run(Thread.java:1583)
2026-06-04 17:03:38[INFO]com.abubakar.connectify.configuration.RequestLoggingFilter-PUT /api/v1/stories/3/restore-request | Status: 400
2026-06-04 17:03:58[INFO]com.abubakar.connectify.controller.AuthController-Login Api initiated for: admin@gmail.com
2026-06-04 17:03:58[DEBUG]com.abubakar.connectify.service.impl.AuthServiceImpl-Starting login | email: admin@gmail.com
2026-06-04 17:03:58[INFO]com.abubakar.connectify.service.impl.CustomUserDetailsService-Authentication request received for email: admin@gmail.com
2026-06-04 17:03:58[DEBUG]com.abubakar.connectify.service.impl.CustomUserDetailsService-User loaded successfully with email: admin@gmail.com and role: ADMIN
2026-06-04 17:03:58[INFO]com.abubakar.connectify.security.JwtUtils-Generating token for user: admin@gmail.com
2026-06-04 17:03:58[INFO]com.abubakar.connectify.service.impl.RefreshTokenServiceImpl-Refresh token created/updated | userId: 3
2026-06-04 17:03:58[INFO]com.abubakar.connectify.service.impl.AuthServiceImpl-Login successful | userId: 3 | email: admin@gmail.com
2026-06-04 17:03:58[INFO]com.abubakar.connectify.configuration.RequestLoggingFilter-POST /api/v1/auth/login | Status: 200
2026-06-04 17:04:57[INFO]com.abubakar.connectify.service.impl.CustomUserDetailsService-Authentication request received for email: admin@gmail.com
2026-06-04 17:04:57[DEBUG]com.abubakar.connectify.service.impl.CustomUserDetailsService-User loaded successfully with email: admin@gmail.com and role: ADMIN
2026-06-04 17:04:57[INFO]com.abubakar.connectify.security.JwtUtils-Token validation result for user admin@gmail.com : true
2026-06-04 17:04:57[INFO]com.abubakar.connectify.security.JwtFilter-User authenticated successfully: admin@gmail.com
2026-06-04 17:04:57[INFO]com.abubakar.connectify.controller.AdminStoryController-Admin approve story restore API called | storyId: 3
2026-06-04 17:04:57[INFO]com.abubakar.connectify.service.impl.AdminStoryServiceImpl-Admin approving story restore | storyId: 3
2026-06-04 17:04:57[DEBUG]com.abubakar.connectify.util.UserAccessValidator-Validating user access | userId: 3
2026-06-04 17:04:57[DEBUG]com.abubakar.connectify.util.UserAccessValidator-User validation successful | userId: 3
2026-06-04 17:04:57[DEBUG]com.abubakar.connectify.util.AuthUtil-Authenticated active user fetched successfully | userId: 3
2026-06-04 17:04:57[INFO]com.abubakar.connectify.service.impl.AdminStoryServiceImpl-Admin validated successfully | adminId: 3
2026-06-04 17:04:57[DEBUG]com.abubakar.connectify.util.StoryAccessValidator-Fetching story | storyId: 3
2026-06-04 17:04:57[DEBUG]com.abubakar.connectify.util.UserAccessValidator-Validating user access | userId: 3
2026-06-04 17:04:57[DEBUG]com.abubakar.connectify.util.UserAccessValidator-User validation successful | userId: 3
2026-06-04 17:04:57[DEBUG]com.abubakar.connectify.util.AuthUtil-Authenticated active user fetched successfully | userId: 3
2026-06-04 17:04:57[INFO]com.abubakar.connectify.service.impl.NotificationServiceImpl-Creating system notification | receiverId: 1 | senderId: 3
2026-06-04 17:04:57[DEBUG]com.abubakar.connectify.util.UserAccessValidator-Validating user access | userId: 1
2026-06-04 17:04:57[DEBUG]com.abubakar.connectify.util.UserAccessValidator-User validation successful | userId: 1
2026-06-04 17:04:57[DEBUG]com.abubakar.connectify.util.UserAccessValidator-Validating user access | userId: 3
2026-06-04 17:04:57[DEBUG]com.abubakar.connectify.util.UserAccessValidator-User validation successful | userId: 3
2026-06-04 17:04:57[INFO]com.abubakar.connectify.service.impl.NotificationServiceImpl-System notification created successfully | receiverId: 1
2026-06-04 17:04:57[INFO]com.abubakar.connectify.service.impl.AdminStoryServiceImpl-Story restore approved successfully | storyId: 3
2026-06-04 17:04:57[INFO]com.abubakar.connectify.configuration.RequestLoggingFilter-PATCH /api/v1/admin/stories/3/restore/approve | Status: 200
2026-06-04 17:05:00[INFO]com.abubakar.connectify.service.impl.CustomUserDetailsService-Authentication request received for email: admin@gmail.com
2026-06-04 17:05:00[DEBUG]com.abubakar.connectify.service.impl.CustomUserDetailsService-User loaded successfully with email: admin@gmail.com and role: ADMIN
2026-06-04 17:05:00[INFO]com.abubakar.connectify.security.JwtUtils-Token validation result for user admin@gmail.com : true
2026-06-04 17:05:00[INFO]com.abubakar.connectify.security.JwtFilter-User authenticated successfully: admin@gmail.com
2026-06-04 17:05:00[INFO]com.abubakar.connectify.controller.AdminStoryController-Admin approve story restore API called | storyId: 3
2026-06-04 17:05:00[INFO]com.abubakar.connectify.service.impl.AdminStoryServiceImpl-Admin approving story restore | storyId: 3
2026-06-04 17:05:00[DEBUG]com.abubakar.connectify.util.UserAccessValidator-Validating user access | userId: 3
2026-06-04 17:05:00[DEBUG]com.abubakar.connectify.util.UserAccessValidator-User validation successful | userId: 3
2026-06-04 17:05:00[DEBUG]com.abubakar.connectify.util.AuthUtil-Authenticated active user fetched successfully | userId: 3
2026-06-04 17:05:00[INFO]com.abubakar.connectify.service.impl.AdminStoryServiceImpl-Admin validated successfully | adminId: 3
2026-06-04 17:05:00[DEBUG]com.abubakar.connectify.util.StoryAccessValidator-Fetching story | storyId: 3
2026-06-04 17:05:00[ERROR]com.abubakar.connectify.exception.GlobalExceptionHandler-Business exception occurred | errorCode: OPERATION_FAILED | status: 400 BAD_REQUEST | message: Story is not deleted
com.abubakar.connectify.exception.OperationFailException: Story is not deleted
	at com.abubakar.connectify.service.impl.AdminStoryServiceImpl.approveStoryRestore(AdminStoryServiceImpl.java:203)
	at java.base/jdk.internal.reflect.DirectMethodHandleAccessor.invoke(DirectMethodHandleAccessor.java:103)
	at java.base/java.lang.reflect.Method.invoke(Method.java:580)
	at org.springframework.aop.support.AopUtils.invokeJoinpointUsingReflection(AopUtils.java:359)
	at org.springframework.aop.framework.ReflectiveMethodInvocation.invokeJoinpoint(ReflectiveMethodInvocation.java:190)
	at org.springframework.aop.framework.ReflectiveMethodInvocation.proceed(ReflectiveMethodInvocation.java:158)
	at org.springframework.transaction.interceptor.TransactionInterceptor$1.proceedWithInvocation(TransactionInterceptor.java:133)
	at org.springframework.transaction.interceptor.TransactionAspectSupport.invokeWithinTransaction(TransactionAspectSupport.java:371)
	at org.springframework.transaction.interceptor.TransactionInterceptor.invoke(TransactionInterceptor.java:130)
	at org.springframework.aop.framework.ReflectiveMethodInvocation.proceed(ReflectiveMethodInvocation.java:179)
	at org.springframework.aop.framework.CglibAopProxy$DynamicAdvisedInterceptor.intercept(CglibAopProxy.java:719)
	at com.abubakar.connectify.service.impl.AdminStoryServiceImpl$$SpringCGLIB$$0.approveStoryRestore(<generated>)
	at com.abubakar.connectify.controller.AdminStoryController.approveStoryRestore(AdminStoryController.java:135)
	at java.base/jdk.internal.reflect.DirectMethodHandleAccessor.invoke(DirectMethodHandleAccessor.java:103)
	at java.base/java.lang.reflect.Method.invoke(Method.java:580)
	at org.springframework.web.method.support.InvocableHandlerMethod.doInvoke(InvocableHandlerMethod.java:252)
	at org.springframework.web.method.support.InvocableHandlerMethod.invokeForRequest(InvocableHandlerMethod.java:184)
	at org.springframework.web.servlet.mvc.method.annotation.ServletInvocableHandlerMethod.invokeAndHandle(ServletInvocableHandlerMethod.java:117)
	at org.springframework.web.servlet.mvc.method.annotation.RequestMappingHandlerAdapter.invokeHandlerMethod(RequestMappingHandlerAdapter.java:934)
	at org.springframework.web.servlet.mvc.method.annotation.RequestMappingHandlerAdapter.handleInternal(RequestMappingHandlerAdapter.java:853)
	at org.springframework.web.servlet.mvc.method.AbstractHandlerMethodAdapter.handle(AbstractHandlerMethodAdapter.java:86)
	at org.springframework.web.servlet.DispatcherServlet.doDispatch(DispatcherServlet.java:963)
	at org.springframework.web.servlet.DispatcherServlet.doService(DispatcherServlet.java:866)
	at org.springframework.web.servlet.FrameworkServlet.processRequest(FrameworkServlet.java:1000)
	at org.springframework.web.servlet.FrameworkServlet.service(FrameworkServlet.java:877)
	at jakarta.servlet.http.HttpServlet.service(HttpServlet.java:710)
	at org.apache.catalina.core.ApplicationFilterChain.doFilter(ApplicationFilterChain.java:128)
	at org.apache.tomcat.websocket.server.WsFilter.doFilter(WsFilter.java:53)
	at org.apache.catalina.core.ApplicationFilterChain.doFilter(ApplicationFilterChain.java:107)
	at org.springframework.web.filter.OncePerRequestFilter.doFilter(OncePerRequestFilter.java:110)
	at org.apache.catalina.core.ApplicationFilterChain.doFilter(ApplicationFilterChain.java:107)
	at org.springframework.web.filter.OncePerRequestFilter.doFilter(OncePerRequestFilter.java:110)
	at org.apache.catalina.core.ApplicationFilterChain.doFilter(ApplicationFilterChain.java:107)
	at com.abubakar.connectify.configuration.RequestLoggingFilter.doFilterInternal(RequestLoggingFilter.java:30)
	at org.springframework.web.filter.OncePerRequestFilter.doFilter(OncePerRequestFilter.java:116)
	at org.apache.catalina.core.ApplicationFilterChain.doFilter(ApplicationFilterChain.java:107)
	at org.springframework.web.filter.CompositeFilter$VirtualFilterChain.doFilter(CompositeFilter.java:108)
	at org.springframework.security.web.FilterChainProxy.lambda$doFilterInternal$3(FilterChainProxy.java:235)
	at org.springframework.security.web.FilterChainProxy$VirtualFilterChain.doFilter(FilterChainProxy.java:376)
	at org.springframework.security.web.access.intercept.AuthorizationFilter.doFilter(AuthorizationFilter.java:101)
	at org.springframework.security.web.FilterChainProxy$VirtualFilterChain.doFilter(FilterChainProxy.java:385)
	at org.springframework.security.web.access.ExceptionTranslationFilter.doFilter(ExceptionTranslationFilter.java:126)
	at org.springframework.security.web.access.ExceptionTranslationFilter.doFilter(ExceptionTranslationFilter.java:120)
	at org.springframework.security.web.FilterChainProxy$VirtualFilterChain.doFilter(FilterChainProxy.java:385)
	at org.springframework.security.web.session.SessionManagementFilter.doFilter(SessionManagementFilter.java:132)
	at org.springframework.security.web.session.SessionManagementFilter.doFilter(SessionManagementFilter.java:86)
	at org.springframework.security.web.FilterChainProxy$VirtualFilterChain.doFilter(FilterChainProxy.java:385)
	at org.springframework.security.web.authentication.AnonymousAuthenticationFilter.doFilter(AnonymousAuthenticationFilter.java:100)
	at org.springframework.security.web.FilterChainProxy$VirtualFilterChain.doFilter(FilterChainProxy.java:385)
	at org.springframework.security.web.servletapi.SecurityContextHolderAwareRequestFilter.doFilter(SecurityContextHolderAwareRequestFilter.java:181)
	at org.springframework.security.web.FilterChainProxy$VirtualFilterChain.doFilter(FilterChainProxy.java:385)
	at org.springframework.security.web.savedrequest.RequestCacheAwareFilter.doFilter(RequestCacheAwareFilter.java:63)
	at org.springframework.security.web.FilterChainProxy$VirtualFilterChain.doFilter(FilterChainProxy.java:385)
	at org.springframework.security.web.authentication.ui.DefaultLogoutPageGeneratingFilter.doFilterInternal(DefaultLogoutPageGeneratingFilter.java:60)
	at org.springframework.web.filter.OncePerRequestFilter.doFilter(OncePerRequestFilter.java:116)
	at org.springframework.security.web.FilterChainProxy$VirtualFilterChain.doFilter(FilterChainProxy.java:385)
	at org.springframework.security.web.authentication.ui.DefaultLoginPageGeneratingFilter.doFilter(DefaultLoginPageGeneratingFilter.java:246)
	at org.springframework.security.web.authentication.ui.DefaultLoginPageGeneratingFilter.doFilter(DefaultLoginPageGeneratingFilter.java:232)
	at org.springframework.security.web.FilterChainProxy$VirtualFilterChain.doFilter(FilterChainProxy.java:385)
	at org.springframework.security.web.authentication.ui.DefaultResourcesFilter.doFilter(DefaultResourcesFilter.java:73)
	at org.springframework.security.web.FilterChainProxy$VirtualFilterChain.doFilter(FilterChainProxy.java:385)
	at com.abubakar.connectify.security.JwtFilter.doFilterInternal(JwtFilter.java:141)
	at org.springframework.web.filter.OncePerRequestFilter.doFilter(OncePerRequestFilter.java:116)
	at org.springframework.security.web.FilterChainProxy$VirtualFilterChain.doFilter(FilterChainProxy.java:385)
	at org.springframework.security.web.authentication.AbstractAuthenticationProcessingFilter.doFilter(AbstractAuthenticationProcessingFilter.java:245)
	at org.springframework.security.web.authentication.AbstractAuthenticationProcessingFilter.doFilter(AbstractAuthenticationProcessingFilter.java:239)
	at org.springframework.security.web.FilterChainProxy$VirtualFilterChain.doFilter(FilterChainProxy.java:385)
	at org.springframework.security.oauth2.client.web.OAuth2AuthorizationRequestRedirectFilter.doFilterInternal(OAuth2AuthorizationRequestRedirectFilter.java:195)
	at org.springframework.web.filter.OncePerRequestFilter.doFilter(OncePerRequestFilter.java:116)
	at org.springframework.security.web.FilterChainProxy$VirtualFilterChain.doFilter(FilterChainProxy.java:385)
	at org.springframework.security.web.authentication.logout.LogoutFilter.doFilter(LogoutFilter.java:110)
	at org.springframework.security.web.authentication.logout.LogoutFilter.doFilter(LogoutFilter.java:96)
	at org.springframework.security.web.FilterChainProxy$VirtualFilterChain.doFilter(FilterChainProxy.java:385)
	at org.springframework.web.filter.CorsFilter.doFilterInternal(CorsFilter.java:91)
	at org.springframework.web.filter.OncePerRequestFilter.doFilter(OncePerRequestFilter.java:116)
	at org.springframework.security.web.FilterChainProxy$VirtualFilterChain.doFilter(FilterChainProxy.java:385)
	at org.springframework.security.web.header.HeaderWriterFilter.doHeadersAfter(HeaderWriterFilter.java:90)
	at org.springframework.security.web.header.HeaderWriterFilter.doFilterInternal(HeaderWriterFilter.java:75)
	at org.springframework.web.filter.OncePerRequestFilter.doFilter(OncePerRequestFilter.java:116)
	at org.springframework.security.web.FilterChainProxy$VirtualFilterChain.doFilter(FilterChainProxy.java:385)
	at org.springframework.security.web.context.SecurityContextHolderFilter.doFilter(SecurityContextHolderFilter.java:82)
	at org.springframework.security.web.context.SecurityContextHolderFilter.doFilter(SecurityContextHolderFilter.java:69)
	at org.springframework.security.web.FilterChainProxy$VirtualFilterChain.doFilter(FilterChainProxy.java:385)
	at org.springframework.security.web.context.request.async.WebAsyncManagerIntegrationFilter.doFilterInternal(WebAsyncManagerIntegrationFilter.java:62)
	at org.springframework.web.filter.OncePerRequestFilter.doFilter(OncePerRequestFilter.java:116)
	at org.springframework.security.web.FilterChainProxy$VirtualFilterChain.doFilter(FilterChainProxy.java:385)
	at org.springframework.security.web.session.DisableEncodeUrlFilter.doFilterInternal(DisableEncodeUrlFilter.java:42)
	at org.springframework.web.filter.OncePerRequestFilter.doFilter(OncePerRequestFilter.java:116)
	at org.springframework.security.web.FilterChainProxy$VirtualFilterChain.doFilter(FilterChainProxy.java:385)
	at org.springframework.security.web.FilterChainProxy.doFilterInternal(FilterChainProxy.java:237)
	at org.springframework.security.web.FilterChainProxy.doFilter(FilterChainProxy.java:195)
	at org.springframework.web.filter.CompositeFilter$VirtualFilterChain.doFilter(CompositeFilter.java:113)
	at org.springframework.web.filter.ServletRequestPathFilter.doFilter(ServletRequestPathFilter.java:52)
	at org.springframework.web.filter.CompositeFilter$VirtualFilterChain.doFilter(CompositeFilter.java:113)
	at org.springframework.web.filter.CompositeFilter.doFilter(CompositeFilter.java:74)
	at org.springframework.security.config.annotation.web.configuration.WebSecurityConfiguration$CompositeFilterChainProxy.doFilter(WebSecurityConfiguration.java:317)
	at org.springframework.web.filter.DelegatingFilterProxy.invokeDelegate(DelegatingFilterProxy.java:355)
	at org.springframework.web.filter.DelegatingFilterProxy.doFilter(DelegatingFilterProxy.java:272)
	at org.apache.catalina.core.ApplicationFilterChain.doFilter(ApplicationFilterChain.java:107)
	at org.springframework.web.filter.RequestContextFilter.doFilterInternal(RequestContextFilter.java:100)
	at org.springframework.web.filter.OncePerRequestFilter.doFilter(OncePerRequestFilter.java:116)
	at org.apache.catalina.core.ApplicationFilterChain.doFilter(ApplicationFilterChain.java:107)
	at org.springframework.web.filter.FormContentFilter.doFilterInternal(FormContentFilter.java:93)
	at org.springframework.web.filter.OncePerRequestFilter.doFilter(OncePerRequestFilter.java:116)
	at org.apache.catalina.core.ApplicationFilterChain.doFilter(ApplicationFilterChain.java:107)
	at org.springframework.web.filter.CharacterEncodingFilter.doFilterInternal(CharacterEncodingFilter.java:199)
	at org.springframework.web.filter.OncePerRequestFilter.doFilter(OncePerRequestFilter.java:116)
	at org.apache.catalina.core.ApplicationFilterChain.doFilter(ApplicationFilterChain.java:107)
	at org.apache.catalina.core.StandardWrapperValve.invoke(StandardWrapperValve.java:165)
	at org.apache.catalina.core.StandardContextValve.invoke(StandardContextValve.java:77)
	at org.apache.catalina.authenticator.AuthenticatorBase.invoke(AuthenticatorBase.java:492)
	at org.apache.catalina.core.StandardHostValve.invoke(StandardHostValve.java:113)
	at org.apache.catalina.valves.ErrorReportValve.invoke(ErrorReportValve.java:83)
	at org.apache.catalina.core.StandardEngineValve.invoke(StandardEngineValve.java:72)
	at org.apache.catalina.connector.CoyoteAdapter.service(CoyoteAdapter.java:341)
	at org.apache.coyote.http11.Http11Processor.service(Http11Processor.java:397)
	at org.apache.coyote.AbstractProcessorLight.process(AbstractProcessorLight.java:63)
	at org.apache.coyote.AbstractProtocol$ConnectionHandler.process(AbstractProtocol.java:903)
	at org.apache.tomcat.util.net.NioEndpoint$SocketProcessor.doRun(NioEndpoint.java:1801)
	at org.apache.tomcat.util.net.SocketProcessorBase.run(SocketProcessorBase.java:52)
	at org.apache.tomcat.util.threads.ThreadPoolExecutor.runWorker(ThreadPoolExecutor.java:946)
	at org.apache.tomcat.util.threads.ThreadPoolExecutor$Worker.run(ThreadPoolExecutor.java:480)
	at org.apache.tomcat.util.threads.TaskThread$WrappingRunnable.run(TaskThread.java:57)
	at java.base/java.lang.Thread.run(Thread.java:1583)
2026-06-04 17:05:00[INFO]com.abubakar.connectify.configuration.RequestLoggingFilter-PATCH /api/v1/admin/stories/3/restore/approve | Status: 400
2026-06-04 17:06:40[INFO]com.abubakar.connectify.service.impl.CustomUserDetailsService-Authentication request received for email: admin@gmail.com
2026-06-04 17:06:40[DEBUG]com.abubakar.connectify.service.impl.CustomUserDetailsService-User loaded successfully with email: admin@gmail.com and role: ADMIN
2026-06-04 17:06:40[INFO]com.abubakar.connectify.security.JwtUtils-Token validation result for user admin@gmail.com : true
2026-06-04 17:06:40[INFO]com.abubakar.connectify.security.JwtFilter-User authenticated successfully: admin@gmail.com
2026-06-04 17:06:40[INFO]com.abubakar.connectify.controller.AdminStoryController-Admin expire story API called | storyId: 3
2026-06-04 17:06:40[INFO]com.abubakar.connectify.service.impl.AdminStoryServiceImpl-Admin expiring story | storyId: 3
2026-06-04 17:06:40[DEBUG]com.abubakar.connectify.util.UserAccessValidator-Validating user access | userId: 3
2026-06-04 17:06:40[DEBUG]com.abubakar.connectify.util.UserAccessValidator-User validation successful | userId: 3
2026-06-04 17:06:40[DEBUG]com.abubakar.connectify.util.AuthUtil-Authenticated active user fetched successfully | userId: 3
2026-06-04 17:06:40[INFO]com.abubakar.connectify.service.impl.AdminStoryServiceImpl-Admin validated successfully | adminId: 3
2026-06-04 17:06:40[DEBUG]com.abubakar.connectify.util.StoryAccessValidator-Fetching story | storyId: 3
2026-06-04 17:06:40[INFO]com.abubakar.connectify.service.impl.AdminStoryServiceImpl-Force expiring story | storyId: 3
2026-06-04 17:06:40[INFO]com.abubakar.connectify.service.impl.AdminStoryServiceImpl-Story expired successfully | storyId: 3 | expiredAt: 2026-06-04T17:06:40.221027800
2026-06-04 17:06:40[INFO]com.abubakar.connectify.configuration.RequestLoggingFilter-PATCH /api/v1/admin/stories/3/expire | Status: 200
2026-06-04 17:06:41[INFO]com.abubakar.connectify.service.impl.CustomUserDetailsService-Authentication request received for email: admin@gmail.com
2026-06-04 17:06:41[DEBUG]com.abubakar.connectify.service.impl.CustomUserDetailsService-User loaded successfully with email: admin@gmail.com and role: ADMIN
2026-06-04 17:06:41[INFO]com.abubakar.connectify.security.JwtUtils-Token validation result for user admin@gmail.com : true
2026-06-04 17:06:41[INFO]com.abubakar.connectify.security.JwtFilter-User authenticated successfully: admin@gmail.com
2026-06-04 17:06:41[INFO]com.abubakar.connectify.controller.AdminStoryController-Admin expire story API called | storyId: 3
2026-06-04 17:06:41[INFO]com.abubakar.connectify.service.impl.AdminStoryServiceImpl-Admin expiring story | storyId: 3
2026-06-04 17:06:41[DEBUG]com.abubakar.connectify.util.UserAccessValidator-Validating user access | userId: 3
2026-06-04 17:06:41[DEBUG]com.abubakar.connectify.util.UserAccessValidator-User validation successful | userId: 3
2026-06-04 17:06:41[DEBUG]com.abubakar.connectify.util.AuthUtil-Authenticated active user fetched successfully | userId: 3
2026-06-04 17:06:41[INFO]com.abubakar.connectify.service.impl.AdminStoryServiceImpl-Admin validated successfully | adminId: 3
2026-06-04 17:06:41[DEBUG]com.abubakar.connectify.util.StoryAccessValidator-Fetching story | storyId: 3
2026-06-04 17:06:41[WARN]com.abubakar.connectify.service.impl.AdminStoryServiceImpl-Story already expired | expired At: 2026-06-04T17:06:40.221028
2026-06-04 17:06:41[ERROR]com.abubakar.connectify.exception.GlobalExceptionHandler-Business exception occurred | errorCode: OPERATION_FAILED | status: 400 BAD_REQUEST | message: Story already expired
com.abubakar.connectify.exception.OperationFailException: Story already expired
	at com.abubakar.connectify.service.impl.AdminStoryServiceImpl.expireStory(AdminStoryServiceImpl.java:351)
	at java.base/jdk.internal.reflect.DirectMethodHandleAccessor.invoke(DirectMethodHandleAccessor.java:103)
	at java.base/java.lang.reflect.Method.invoke(Method.java:580)
	at org.springframework.aop.support.AopUtils.invokeJoinpointUsingReflection(AopUtils.java:359)
	at org.springframework.aop.framework.ReflectiveMethodInvocation.invokeJoinpoint(ReflectiveMethodInvocation.java:190)
	at org.springframework.aop.framework.ReflectiveMethodInvocation.proceed(ReflectiveMethodInvocation.java:158)
	at org.springframework.transaction.interceptor.TransactionInterceptor$1.proceedWithInvocation(TransactionInterceptor.java:133)
	at org.springframework.transaction.interceptor.TransactionAspectSupport.invokeWithinTransaction(TransactionAspectSupport.java:371)
	at org.springframework.transaction.interceptor.TransactionInterceptor.invoke(TransactionInterceptor.java:130)
	at org.springframework.aop.framework.ReflectiveMethodInvocation.proceed(ReflectiveMethodInvocation.java:179)
	at org.springframework.aop.framework.CglibAopProxy$DynamicAdvisedInterceptor.intercept(CglibAopProxy.java:719)
	at com.abubakar.connectify.service.impl.AdminStoryServiceImpl$$SpringCGLIB$$0.expireStory(<generated>)
	at com.abubakar.connectify.controller.AdminStoryController.expireStory(AdminStoryController.java:177)
	at java.base/jdk.internal.reflect.DirectMethodHandleAccessor.invoke(DirectMethodHandleAccessor.java:103)
	at java.base/java.lang.reflect.Method.invoke(Method.java:580)
	at org.springframework.web.method.support.InvocableHandlerMethod.doInvoke(InvocableHandlerMethod.java:252)
	at org.springframework.web.method.support.InvocableHandlerMethod.invokeForRequest(InvocableHandlerMethod.java:184)
	at org.springframework.web.servlet.mvc.method.annotation.ServletInvocableHandlerMethod.invokeAndHandle(ServletInvocableHandlerMethod.java:117)
	at org.springframework.web.servlet.mvc.method.annotation.RequestMappingHandlerAdapter.invokeHandlerMethod(RequestMappingHandlerAdapter.java:934)
	at org.springframework.web.servlet.mvc.method.annotation.RequestMappingHandlerAdapter.handleInternal(RequestMappingHandlerAdapter.java:853)
	at org.springframework.web.servlet.mvc.method.AbstractHandlerMethodAdapter.handle(AbstractHandlerMethodAdapter.java:86)
	at org.springframework.web.servlet.DispatcherServlet.doDispatch(DispatcherServlet.java:963)
	at org.springframework.web.servlet.DispatcherServlet.doService(DispatcherServlet.java:866)
	at org.springframework.web.servlet.FrameworkServlet.processRequest(FrameworkServlet.java:1000)
	at org.springframework.web.servlet.FrameworkServlet.service(FrameworkServlet.java:877)
	at jakarta.servlet.http.HttpServlet.service(HttpServlet.java:710)
	at org.apache.catalina.core.ApplicationFilterChain.doFilter(ApplicationFilterChain.java:128)
	at org.apache.tomcat.websocket.server.WsFilter.doFilter(WsFilter.java:53)
	at org.apache.catalina.core.ApplicationFilterChain.doFilter(ApplicationFilterChain.java:107)
	at org.springframework.web.filter.OncePerRequestFilter.doFilter(OncePerRequestFilter.java:110)
	at org.apache.catalina.core.ApplicationFilterChain.doFilter(ApplicationFilterChain.java:107)
	at org.springframework.web.filter.OncePerRequestFilter.doFilter(OncePerRequestFilter.java:110)
	at org.apache.catalina.core.ApplicationFilterChain.doFilter(ApplicationFilterChain.java:107)
	at com.abubakar.connectify.configuration.RequestLoggingFilter.doFilterInternal(RequestLoggingFilter.java:30)
	at org.springframework.web.filter.OncePerRequestFilter.doFilter(OncePerRequestFilter.java:116)
	at org.apache.catalina.core.ApplicationFilterChain.doFilter(ApplicationFilterChain.java:107)
	at org.springframework.web.filter.CompositeFilter$VirtualFilterChain.doFilter(CompositeFilter.java:108)
	at org.springframework.security.web.FilterChainProxy.lambda$doFilterInternal$3(FilterChainProxy.java:235)
	at org.springframework.security.web.FilterChainProxy$VirtualFilterChain.doFilter(FilterChainProxy.java:376)
	at org.springframework.security.web.access.intercept.AuthorizationFilter.doFilter(AuthorizationFilter.java:101)
	at org.springframework.security.web.FilterChainProxy$VirtualFilterChain.doFilter(FilterChainProxy.java:385)
	at org.springframework.security.web.access.ExceptionTranslationFilter.doFilter(ExceptionTranslationFilter.java:126)
	at org.springframework.security.web.access.ExceptionTranslationFilter.doFilter(ExceptionTranslationFilter.java:120)
	at org.springframework.security.web.FilterChainProxy$VirtualFilterChain.doFilter(FilterChainProxy.java:385)
	at org.springframework.security.web.session.SessionManagementFilter.doFilter(SessionManagementFilter.java:132)
	at org.springframework.security.web.session.SessionManagementFilter.doFilter(SessionManagementFilter.java:86)
	at org.springframework.security.web.FilterChainProxy$VirtualFilterChain.doFilter(FilterChainProxy.java:385)
	at org.springframework.security.web.authentication.AnonymousAuthenticationFilter.doFilter(AnonymousAuthenticationFilter.java:100)
	at org.springframework.security.web.FilterChainProxy$VirtualFilterChain.doFilter(FilterChainProxy.java:385)
	at org.springframework.security.web.servletapi.SecurityContextHolderAwareRequestFilter.doFilter(SecurityContextHolderAwareRequestFilter.java:181)
	at org.springframework.security.web.FilterChainProxy$VirtualFilterChain.doFilter(FilterChainProxy.java:385)
	at org.springframework.security.web.savedrequest.RequestCacheAwareFilter.doFilter(RequestCacheAwareFilter.java:63)
	at org.springframework.security.web.FilterChainProxy$VirtualFilterChain.doFilter(FilterChainProxy.java:385)
	at org.springframework.security.web.authentication.ui.DefaultLogoutPageGeneratingFilter.doFilterInternal(DefaultLogoutPageGeneratingFilter.java:60)
	at org.springframework.web.filter.OncePerRequestFilter.doFilter(OncePerRequestFilter.java:116)
	at org.springframework.security.web.FilterChainProxy$VirtualFilterChain.doFilter(FilterChainProxy.java:385)
	at org.springframework.security.web.authentication.ui.DefaultLoginPageGeneratingFilter.doFilter(DefaultLoginPageGeneratingFilter.java:246)
	at org.springframework.security.web.authentication.ui.DefaultLoginPageGeneratingFilter.doFilter(DefaultLoginPageGeneratingFilter.java:232)
	at org.springframework.security.web.FilterChainProxy$VirtualFilterChain.doFilter(FilterChainProxy.java:385)
	at org.springframework.security.web.authentication.ui.DefaultResourcesFilter.doFilter(DefaultResourcesFilter.java:73)
	at org.springframework.security.web.FilterChainProxy$VirtualFilterChain.doFilter(FilterChainProxy.java:385)
	at com.abubakar.connectify.security.JwtFilter.doFilterInternal(JwtFilter.java:141)
	at org.springframework.web.filter.OncePerRequestFilter.doFilter(OncePerRequestFilter.java:116)
	at org.springframework.security.web.FilterChainProxy$VirtualFilterChain.doFilter(FilterChainProxy.java:385)
	at org.springframework.security.web.authentication.AbstractAuthenticationProcessingFilter.doFilter(AbstractAuthenticationProcessingFilter.java:245)
	at org.springframework.security.web.authentication.AbstractAuthenticationProcessingFilter.doFilter(AbstractAuthenticationProcessingFilter.java:239)
	at org.springframework.security.web.FilterChainProxy$VirtualFilterChain.doFilter(FilterChainProxy.java:385)
	at org.springframework.security.oauth2.client.web.OAuth2AuthorizationRequestRedirectFilter.doFilterInternal(OAuth2AuthorizationRequestRedirectFilter.java:195)
	at org.springframework.web.filter.OncePerRequestFilter.doFilter(OncePerRequestFilter.java:116)
	at org.springframework.security.web.FilterChainProxy$VirtualFilterChain.doFilter(FilterChainProxy.java:385)
	at org.springframework.security.web.authentication.logout.LogoutFilter.doFilter(LogoutFilter.java:110)
	at org.springframework.security.web.authentication.logout.LogoutFilter.doFilter(LogoutFilter.java:96)
	at org.springframework.security.web.FilterChainProxy$VirtualFilterChain.doFilter(FilterChainProxy.java:385)
	at org.springframework.web.filter.CorsFilter.doFilterInternal(CorsFilter.java:91)
	at org.springframework.web.filter.OncePerRequestFilter.doFilter(OncePerRequestFilter.java:116)
	at org.springframework.security.web.FilterChainProxy$VirtualFilterChain.doFilter(FilterChainProxy.java:385)
	at org.springframework.security.web.header.HeaderWriterFilter.doHeadersAfter(HeaderWriterFilter.java:90)
	at org.springframework.security.web.header.HeaderWriterFilter.doFilterInternal(HeaderWriterFilter.java:75)
	at org.springframework.web.filter.OncePerRequestFilter.doFilter(OncePerRequestFilter.java:116)
	at org.springframework.security.web.FilterChainProxy$VirtualFilterChain.doFilter(FilterChainProxy.java:385)
	at org.springframework.security.web.context.SecurityContextHolderFilter.doFilter(SecurityContextHolderFilter.java:82)
	at org.springframework.security.web.context.SecurityContextHolderFilter.doFilter(SecurityContextHolderFilter.java:69)
	at org.springframework.security.web.FilterChainProxy$VirtualFilterChain.doFilter(FilterChainProxy.java:385)
	at org.springframework.security.web.context.request.async.WebAsyncManagerIntegrationFilter.doFilterInternal(WebAsyncManagerIntegrationFilter.java:62)
	at org.springframework.web.filter.OncePerRequestFilter.doFilter(OncePerRequestFilter.java:116)
	at org.springframework.security.web.FilterChainProxy$VirtualFilterChain.doFilter(FilterChainProxy.java:385)
	at org.springframework.security.web.session.DisableEncodeUrlFilter.doFilterInternal(DisableEncodeUrlFilter.java:42)
	at org.springframework.web.filter.OncePerRequestFilter.doFilter(OncePerRequestFilter.java:116)
	at org.springframework.security.web.FilterChainProxy$VirtualFilterChain.doFilter(FilterChainProxy.java:385)
	at org.springframework.security.web.FilterChainProxy.doFilterInternal(FilterChainProxy.java:237)
	at org.springframework.security.web.FilterChainProxy.doFilter(FilterChainProxy.java:195)
	at org.springframework.web.filter.CompositeFilter$VirtualFilterChain.doFilter(CompositeFilter.java:113)
	at org.springframework.web.filter.ServletRequestPathFilter.doFilter(ServletRequestPathFilter.java:52)
	at org.springframework.web.filter.CompositeFilter$VirtualFilterChain.doFilter(CompositeFilter.java:113)
	at org.springframework.web.filter.CompositeFilter.doFilter(CompositeFilter.java:74)
	at org.springframework.security.config.annotation.web.configuration.WebSecurityConfiguration$CompositeFilterChainProxy.doFilter(WebSecurityConfiguration.java:317)
	at org.springframework.web.filter.DelegatingFilterProxy.invokeDelegate(DelegatingFilterProxy.java:355)
	at org.springframework.web.filter.DelegatingFilterProxy.doFilter(DelegatingFilterProxy.java:272)
	at org.apache.catalina.core.ApplicationFilterChain.doFilter(ApplicationFilterChain.java:107)
	at org.springframework.web.filter.RequestContextFilter.doFilterInternal(RequestContextFilter.java:100)
	at org.springframework.web.filter.OncePerRequestFilter.doFilter(OncePerRequestFilter.java:116)
	at org.apache.catalina.core.ApplicationFilterChain.doFilter(ApplicationFilterChain.java:107)
	at org.springframework.web.filter.FormContentFilter.doFilterInternal(FormContentFilter.java:93)
	at org.springframework.web.filter.OncePerRequestFilter.doFilter(OncePerRequestFilter.java:116)
	at org.apache.catalina.core.ApplicationFilterChain.doFilter(ApplicationFilterChain.java:107)
	at org.springframework.web.filter.CharacterEncodingFilter.doFilterInternal(CharacterEncodingFilter.java:199)
	at org.springframework.web.filter.OncePerRequestFilter.doFilter(OncePerRequestFilter.java:116)
	at org.apache.catalina.core.ApplicationFilterChain.doFilter(ApplicationFilterChain.java:107)
	at org.apache.catalina.core.StandardWrapperValve.invoke(StandardWrapperValve.java:165)
	at org.apache.catalina.core.StandardContextValve.invoke(StandardContextValve.java:77)
	at org.apache.catalina.authenticator.AuthenticatorBase.invoke(AuthenticatorBase.java:492)
	at org.apache.catalina.core.StandardHostValve.invoke(StandardHostValve.java:113)
	at org.apache.catalina.valves.ErrorReportValve.invoke(ErrorReportValve.java:83)
	at org.apache.catalina.core.StandardEngineValve.invoke(StandardEngineValve.java:72)
	at org.apache.catalina.connector.CoyoteAdapter.service(CoyoteAdapter.java:341)
	at org.apache.coyote.http11.Http11Processor.service(Http11Processor.java:397)
	at org.apache.coyote.AbstractProcessorLight.process(AbstractProcessorLight.java:63)
	at org.apache.coyote.AbstractProtocol$ConnectionHandler.process(AbstractProtocol.java:903)
	at org.apache.tomcat.util.net.NioEndpoint$SocketProcessor.doRun(NioEndpoint.java:1801)
	at org.apache.tomcat.util.net.SocketProcessorBase.run(SocketProcessorBase.java:52)
	at org.apache.tomcat.util.threads.ThreadPoolExecutor.runWorker(ThreadPoolExecutor.java:946)
	at org.apache.tomcat.util.threads.ThreadPoolExecutor$Worker.run(ThreadPoolExecutor.java:480)
	at org.apache.tomcat.util.threads.TaskThread$WrappingRunnable.run(TaskThread.java:57)
	at java.base/java.lang.Thread.run(Thread.java:1583)
2026-06-04 17:06:41[INFO]com.abubakar.connectify.configuration.RequestLoggingFilter-PATCH /api/v1/admin/stories/3/expire | Status: 400
2026-06-04 17:07:03[INFO]com.abubakar.connectify.service.impl.CustomUserDetailsService-Authentication request received for email: admin@gmail.com
2026-06-04 17:07:03[DEBUG]com.abubakar.connectify.service.impl.CustomUserDetailsService-User loaded successfully with email: admin@gmail.com and role: ADMIN
2026-06-04 17:07:03[INFO]com.abubakar.connectify.security.JwtUtils-Token validation result for user admin@gmail.com : true
2026-06-04 17:07:03[INFO]com.abubakar.connectify.security.JwtFilter-User authenticated successfully: admin@gmail.com
2026-06-04 17:07:03[INFO]com.abubakar.connectify.controller.AdminStoryController-Admin get stories API called
| username: null
| deleted: null
| isActive: false
| restoreRequested: true
| expired: null
| mediaType: null
| reportedOnly: null
| createdDate: null
| cursor: null
| size: 10

2026-06-04 17:07:03[INFO]com.abubakar.connectify.service.impl.AdminStoryServiceImpl-Admin fetching all stories | cursor: null | size: 10
2026-06-04 17:07:03[DEBUG]com.abubakar.connectify.util.UserAccessValidator-Validating user access | userId: 3
2026-06-04 17:07:03[DEBUG]com.abubakar.connectify.util.UserAccessValidator-User validation successful | userId: 3
2026-06-04 17:07:03[DEBUG]com.abubakar.connectify.util.AuthUtil-Authenticated active user fetched successfully | userId: 3
2026-06-04 17:07:03[INFO]com.abubakar.connectify.service.impl.AdminStoryServiceImpl-Admin validated successfully | adminId: 3
2026-06-04 17:07:03[WARN]org.hibernate.orm.query-HHH90003004: firstResult/maxResults specified with collection fetch; applying in memory
2026-06-04 17:07:03[INFO]com.abubakar.connectify.service.impl.AdminStoryServiceImpl-Stories fetched successfully | count: 0
2026-06-04 17:07:03[INFO]com.abubakar.connectify.configuration.RequestLoggingFilter-GET /api/v1/admin/stories | Status: 200
2026-06-04 17:07:13[INFO]com.abubakar.connectify.service.impl.CustomUserDetailsService-Authentication request received for email: admin@gmail.com
2026-06-04 17:07:13[DEBUG]com.abubakar.connectify.service.impl.CustomUserDetailsService-User loaded successfully with email: admin@gmail.com and role: ADMIN
2026-06-04 17:07:13[INFO]com.abubakar.connectify.security.JwtUtils-Token validation result for user admin@gmail.com : true
2026-06-04 17:07:13[INFO]com.abubakar.connectify.security.JwtFilter-User authenticated successfully: admin@gmail.com
2026-06-04 17:07:13[INFO]com.abubakar.connectify.controller.AdminStoryController-Admin get stories API called
| username: null
| deleted: null
| isActive: null
| restoreRequested: null
| expired: null
| mediaType: null
| reportedOnly: null
| createdDate: null
| cursor: null
| size: 10

2026-06-04 17:07:13[INFO]com.abubakar.connectify.service.impl.AdminStoryServiceImpl-Admin fetching all stories | cursor: null | size: 10
2026-06-04 17:07:13[DEBUG]com.abubakar.connectify.util.UserAccessValidator-Validating user access | userId: 3
2026-06-04 17:07:13[DEBUG]com.abubakar.connectify.util.UserAccessValidator-User validation successful | userId: 3
2026-06-04 17:07:13[DEBUG]com.abubakar.connectify.util.AuthUtil-Authenticated active user fetched successfully | userId: 3
2026-06-04 17:07:13[INFO]com.abubakar.connectify.service.impl.AdminStoryServiceImpl-Admin validated successfully | adminId: 3
2026-06-04 17:07:13[WARN]org.hibernate.orm.query-HHH90003004: firstResult/maxResults specified with collection fetch; applying in memory
2026-06-04 17:07:13[INFO]com.abubakar.connectify.service.impl.AdminStoryServiceImpl-Stories fetched successfully | count: 4
2026-06-04 17:07:13[INFO]com.abubakar.connectify.configuration.RequestLoggingFilter-GET /api/v1/admin/stories | Status: 200
2026-06-04 17:07:59[INFO]com.abubakar.connectify.service.impl.CustomUserDetailsService-Authentication request received for email: admin@gmail.com
2026-06-04 17:07:59[DEBUG]com.abubakar.connectify.service.impl.CustomUserDetailsService-User loaded successfully with email: admin@gmail.com and role: ADMIN
2026-06-04 17:07:59[INFO]com.abubakar.connectify.security.JwtUtils-Token validation result for user admin@gmail.com : true
2026-06-04 17:07:59[INFO]com.abubakar.connectify.security.JwtFilter-User authenticated successfully: admin@gmail.com
2026-06-04 17:07:59[INFO]com.abubakar.connectify.controller.AdminStoryController-Admin get stories API called
| username: null
| deleted: null
| isActive: null
| restoreRequested: null
| expired: true
| mediaType: null
| reportedOnly: null
| createdDate: null
| cursor: null
| size: 10

2026-06-04 17:07:59[INFO]com.abubakar.connectify.service.impl.AdminStoryServiceImpl-Admin fetching all stories | cursor: null | size: 10
2026-06-04 17:07:59[DEBUG]com.abubakar.connectify.util.UserAccessValidator-Validating user access | userId: 3
2026-06-04 17:07:59[DEBUG]com.abubakar.connectify.util.UserAccessValidator-User validation successful | userId: 3
2026-06-04 17:07:59[DEBUG]com.abubakar.connectify.util.AuthUtil-Authenticated active user fetched successfully | userId: 3
2026-06-04 17:07:59[INFO]com.abubakar.connectify.service.impl.AdminStoryServiceImpl-Admin validated successfully | adminId: 3
2026-06-04 17:07:59[WARN]org.hibernate.orm.query-HHH90003004: firstResult/maxResults specified with collection fetch; applying in memory
2026-06-04 17:07:59[INFO]com.abubakar.connectify.service.impl.AdminStoryServiceImpl-Stories fetched successfully | count: 1
2026-06-04 17:07:59[INFO]com.abubakar.connectify.configuration.RequestLoggingFilter-GET /api/v1/admin/stories | Status: 200
2026-06-04 17:09:21[INFO]com.abubakar.connectify.service.impl.CustomUserDetailsService-Authentication request received for email: admin@gmail.com
2026-06-04 17:09:21[DEBUG]com.abubakar.connectify.service.impl.CustomUserDetailsService-User loaded successfully with email: admin@gmail.com and role: ADMIN
2026-06-04 17:09:21[INFO]com.abubakar.connectify.security.JwtUtils-Token validation result for user admin@gmail.com : true
2026-06-04 17:09:21[INFO]com.abubakar.connectify.security.JwtFilter-User authenticated successfully: admin@gmail.com
2026-06-04 17:09:21[INFO]com.abubakar.connectify.controller.AdminStoryController-Admin get stories API called
| username: null
| deleted: null
| isActive: null
| restoreRequested: null
| expired: null
| mediaType: null
| reportedOnly: null
| createdDate: null
| cursor: null
| size: 10

2026-06-04 17:09:21[INFO]com.abubakar.connectify.service.impl.AdminStoryServiceImpl-Admin fetching all stories | cursor: null | size: 10
2026-06-04 17:09:21[DEBUG]com.abubakar.connectify.util.UserAccessValidator-Validating user access | userId: 3
2026-06-04 17:09:21[DEBUG]com.abubakar.connectify.util.UserAccessValidator-User validation successful | userId: 3
2026-06-04 17:09:21[DEBUG]com.abubakar.connectify.util.AuthUtil-Authenticated active user fetched successfully | userId: 3
2026-06-04 17:09:21[INFO]com.abubakar.connectify.service.impl.AdminStoryServiceImpl-Admin validated successfully | adminId: 3
2026-06-04 17:09:21[WARN]org.hibernate.orm.query-HHH90003004: firstResult/maxResults specified with collection fetch; applying in memory
2026-06-04 17:09:21[INFO]com.abubakar.connectify.service.impl.AdminStoryServiceImpl-Stories fetched successfully | count: 4
2026-06-04 17:09:21[INFO]com.abubakar.connectify.configuration.RequestLoggingFilter-GET /api/v1/admin/stories | Status: 200
2026-06-04 17:10:02[INFO]com.abubakar.connectify.scheduler.StoryCleanupScheduler-Running story cleanup job
2026-06-04 17:10:02[INFO]com.abubakar.connectify.scheduler.StoryCleanupScheduler-Expired stories found: 1
2026-06-04 17:10:02[INFO]com.abubakar.connectify.service.impl.FileServiceImpl-Delete file request | File: 1_00f7b03f-f080-4a2d-918d-7d54fc29d1fc.png | Folder: stories
2026-06-04 17:10:02[INFO]com.abubakar.connectify.service.impl.FileServiceImpl-File deleted successfully: 1_00f7b03f-f080-4a2d-918d-7d54fc29d1fc.png
2026-06-04 17:10:02[INFO]com.abubakar.connectify.scheduler.StoryCleanupScheduler-Deleted expired story | storyId: 3
2026-06-04 17:10:02[INFO]com.abubakar.connectify.scheduler.StoryCleanupScheduler-Story cleanup completed
2026-06-04 17:10:04[INFO]com.abubakar.connectify.service.impl.CustomUserDetailsService-Authentication request received for email: admin@gmail.com
2026-06-04 17:10:04[DEBUG]com.abubakar.connectify.service.impl.CustomUserDetailsService-User loaded successfully with email: admin@gmail.com and role: ADMIN
2026-06-04 17:10:04[INFO]com.abubakar.connectify.security.JwtUtils-Token validation result for user admin@gmail.com : true
2026-06-04 17:10:04[INFO]com.abubakar.connectify.security.JwtFilter-User authenticated successfully: admin@gmail.com
2026-06-04 17:10:04[INFO]com.abubakar.connectify.controller.AdminStoryController-Admin moderate story API called | storyId: 3
2026-06-04 17:10:04[INFO]com.abubakar.connectify.service.impl.AdminStoryServiceImpl-Admin moderating story | storyId: 3
2026-06-04 17:10:04[DEBUG]com.abubakar.connectify.util.UserAccessValidator-Validating user access | userId: 3
2026-06-04 17:10:04[DEBUG]com.abubakar.connectify.util.UserAccessValidator-User validation successful | userId: 3
2026-06-04 17:10:04[DEBUG]com.abubakar.connectify.util.AuthUtil-Authenticated active user fetched successfully | userId: 3
2026-06-04 17:10:04[INFO]com.abubakar.connectify.service.impl.AdminStoryServiceImpl-Admin validated successfully | adminId: 3
2026-06-04 17:10:04[DEBUG]com.abubakar.connectify.util.StoryAccessValidator-Fetching story | storyId: 3
2026-06-04 17:10:04[WARN]com.abubakar.connectify.util.StoryAccessValidator-Story not found | storyId: 3
2026-06-04 17:10:04[ERROR]com.abubakar.connectify.exception.GlobalExceptionHandler-Business exception occurred | errorCode: RESOURCE_NOT_FOUND | status: 404 NOT_FOUND | message: Story not found with id: 3
com.abubakar.connectify.exception.ResourceNotFound: Story not found with id: 3
	at com.abubakar.connectify.util.StoryAccessValidator.lambda$getStory$0(StoryAccessValidator.java:98)
	at java.base/java.util.Optional.orElseThrow(Optional.java:403)
	at com.abubakar.connectify.util.StoryAccessValidator.getStory(StoryAccessValidator.java:91)
	at com.abubakar.connectify.service.impl.AdminStoryServiceImpl.moderateStory(AdminStoryServiceImpl.java:133)
	at java.base/jdk.internal.reflect.DirectMethodHandleAccessor.invoke(DirectMethodHandleAccessor.java:103)
	at java.base/java.lang.reflect.Method.invoke(Method.java:580)
	at org.springframework.aop.support.AopUtils.invokeJoinpointUsingReflection(AopUtils.java:359)
	at org.springframework.aop.framework.ReflectiveMethodInvocation.invokeJoinpoint(ReflectiveMethodInvocation.java:190)
	at org.springframework.aop.framework.ReflectiveMethodInvocation.proceed(ReflectiveMethodInvocation.java:158)
	at org.springframework.transaction.interceptor.TransactionInterceptor$1.proceedWithInvocation(TransactionInterceptor.java:133)
	at org.springframework.transaction.interceptor.TransactionAspectSupport.invokeWithinTransaction(TransactionAspectSupport.java:371)
	at org.springframework.transaction.interceptor.TransactionInterceptor.invoke(TransactionInterceptor.java:130)
	at org.springframework.aop.framework.ReflectiveMethodInvocation.proceed(ReflectiveMethodInvocation.java:179)
	at org.springframework.aop.framework.CglibAopProxy$DynamicAdvisedInterceptor.intercept(CglibAopProxy.java:719)
	at com.abubakar.connectify.service.impl.AdminStoryServiceImpl$$SpringCGLIB$$0.moderateStory(<generated>)
	at com.abubakar.connectify.controller.AdminStoryController.moderateStory(AdminStoryController.java:114)
	at java.base/jdk.internal.reflect.DirectMethodHandleAccessor.invoke(DirectMethodHandleAccessor.java:103)
	at java.base/java.lang.reflect.Method.invoke(Method.java:580)
	at org.springframework.web.method.support.InvocableHandlerMethod.doInvoke(InvocableHandlerMethod.java:252)
	at org.springframework.web.method.support.InvocableHandlerMethod.invokeForRequest(InvocableHandlerMethod.java:184)
	at org.springframework.web.servlet.mvc.method.annotation.ServletInvocableHandlerMethod.invokeAndHandle(ServletInvocableHandlerMethod.java:117)
	at org.springframework.web.servlet.mvc.method.annotation.RequestMappingHandlerAdapter.invokeHandlerMethod(RequestMappingHandlerAdapter.java:934)
	at org.springframework.web.servlet.mvc.method.annotation.RequestMappingHandlerAdapter.handleInternal(RequestMappingHandlerAdapter.java:853)
	at org.springframework.web.servlet.mvc.method.AbstractHandlerMethodAdapter.handle(AbstractHandlerMethodAdapter.java:86)
	at org.springframework.web.servlet.DispatcherServlet.doDispatch(DispatcherServlet.java:963)
	at org.springframework.web.servlet.DispatcherServlet.doService(DispatcherServlet.java:866)
	at org.springframework.web.servlet.FrameworkServlet.processRequest(FrameworkServlet.java:1000)
	at org.springframework.web.servlet.FrameworkServlet.service(FrameworkServlet.java:877)
	at jakarta.servlet.http.HttpServlet.service(HttpServlet.java:710)
	at org.apache.catalina.core.ApplicationFilterChain.doFilter(ApplicationFilterChain.java:128)
	at org.apache.tomcat.websocket.server.WsFilter.doFilter(WsFilter.java:53)
	at org.apache.catalina.core.ApplicationFilterChain.doFilter(ApplicationFilterChain.java:107)
	at org.springframework.web.filter.OncePerRequestFilter.doFilter(OncePerRequestFilter.java:110)
	at org.apache.catalina.core.ApplicationFilterChain.doFilter(ApplicationFilterChain.java:107)
	at org.springframework.web.filter.OncePerRequestFilter.doFilter(OncePerRequestFilter.java:110)
	at org.apache.catalina.core.ApplicationFilterChain.doFilter(ApplicationFilterChain.java:107)
	at com.abubakar.connectify.configuration.RequestLoggingFilter.doFilterInternal(RequestLoggingFilter.java:30)
	at org.springframework.web.filter.OncePerRequestFilter.doFilter(OncePerRequestFilter.java:116)
	at org.apache.catalina.core.ApplicationFilterChain.doFilter(ApplicationFilterChain.java:107)
	at org.springframework.web.filter.CompositeFilter$VirtualFilterChain.doFilter(CompositeFilter.java:108)
	at org.springframework.security.web.FilterChainProxy.lambda$doFilterInternal$3(FilterChainProxy.java:235)
	at org.springframework.security.web.FilterChainProxy$VirtualFilterChain.doFilter(FilterChainProxy.java:376)
	at org.springframework.security.web.access.intercept.AuthorizationFilter.doFilter(AuthorizationFilter.java:101)
	at org.springframework.security.web.FilterChainProxy$VirtualFilterChain.doFilter(FilterChainProxy.java:385)
	at org.springframework.security.web.access.ExceptionTranslationFilter.doFilter(ExceptionTranslationFilter.java:126)
	at org.springframework.security.web.access.ExceptionTranslationFilter.doFilter(ExceptionTranslationFilter.java:120)
	at org.springframework.security.web.FilterChainProxy$VirtualFilterChain.doFilter(FilterChainProxy.java:385)
	at org.springframework.security.web.session.SessionManagementFilter.doFilter(SessionManagementFilter.java:132)
	at org.springframework.security.web.session.SessionManagementFilter.doFilter(SessionManagementFilter.java:86)
	at org.springframework.security.web.FilterChainProxy$VirtualFilterChain.doFilter(FilterChainProxy.java:385)
	at org.springframework.security.web.authentication.AnonymousAuthenticationFilter.doFilter(AnonymousAuthenticationFilter.java:100)
	at org.springframework.security.web.FilterChainProxy$VirtualFilterChain.doFilter(FilterChainProxy.java:385)
	at org.springframework.security.web.servletapi.SecurityContextHolderAwareRequestFilter.doFilter(SecurityContextHolderAwareRequestFilter.java:181)
	at org.springframework.security.web.FilterChainProxy$VirtualFilterChain.doFilter(FilterChainProxy.java:385)
	at org.springframework.security.web.savedrequest.RequestCacheAwareFilter.doFilter(RequestCacheAwareFilter.java:63)
	at org.springframework.security.web.FilterChainProxy$VirtualFilterChain.doFilter(FilterChainProxy.java:385)
	at org.springframework.security.web.authentication.ui.DefaultLogoutPageGeneratingFilter.doFilterInternal(DefaultLogoutPageGeneratingFilter.java:60)
	at org.springframework.web.filter.OncePerRequestFilter.doFilter(OncePerRequestFilter.java:116)
	at org.springframework.security.web.FilterChainProxy$VirtualFilterChain.doFilter(FilterChainProxy.java:385)
	at org.springframework.security.web.authentication.ui.DefaultLoginPageGeneratingFilter.doFilter(DefaultLoginPageGeneratingFilter.java:246)
	at org.springframework.security.web.authentication.ui.DefaultLoginPageGeneratingFilter.doFilter(DefaultLoginPageGeneratingFilter.java:232)
	at org.springframework.security.web.FilterChainProxy$VirtualFilterChain.doFilter(FilterChainProxy.java:385)
	at org.springframework.security.web.authentication.ui.DefaultResourcesFilter.doFilter(DefaultResourcesFilter.java:73)
	at org.springframework.security.web.FilterChainProxy$VirtualFilterChain.doFilter(FilterChainProxy.java:385)
	at com.abubakar.connectify.security.JwtFilter.doFilterInternal(JwtFilter.java:141)
	at org.springframework.web.filter.OncePerRequestFilter.doFilter(OncePerRequestFilter.java:116)
	at org.springframework.security.web.FilterChainProxy$VirtualFilterChain.doFilter(FilterChainProxy.java:385)
	at org.springframework.security.web.authentication.AbstractAuthenticationProcessingFilter.doFilter(AbstractAuthenticationProcessingFilter.java:245)
	at org.springframework.security.web.authentication.AbstractAuthenticationProcessingFilter.doFilter(AbstractAuthenticationProcessingFilter.java:239)
	at org.springframework.security.web.FilterChainProxy$VirtualFilterChain.doFilter(FilterChainProxy.java:385)
	at org.springframework.security.oauth2.client.web.OAuth2AuthorizationRequestRedirectFilter.doFilterInternal(OAuth2AuthorizationRequestRedirectFilter.java:195)
	at org.springframework.web.filter.OncePerRequestFilter.doFilter(OncePerRequestFilter.java:116)
	at org.springframework.security.web.FilterChainProxy$VirtualFilterChain.doFilter(FilterChainProxy.java:385)
	at org.springframework.security.web.authentication.logout.LogoutFilter.doFilter(LogoutFilter.java:110)
	at org.springframework.security.web.authentication.logout.LogoutFilter.doFilter(LogoutFilter.java:96)
	at org.springframework.security.web.FilterChainProxy$VirtualFilterChain.doFilter(FilterChainProxy.java:385)
	at org.springframework.web.filter.CorsFilter.doFilterInternal(CorsFilter.java:91)
	at org.springframework.web.filter.OncePerRequestFilter.doFilter(OncePerRequestFilter.java:116)
	at org.springframework.security.web.FilterChainProxy$VirtualFilterChain.doFilter(FilterChainProxy.java:385)
	at org.springframework.security.web.header.HeaderWriterFilter.doHeadersAfter(HeaderWriterFilter.java:90)
	at org.springframework.security.web.header.HeaderWriterFilter.doFilterInternal(HeaderWriterFilter.java:75)
	at org.springframework.web.filter.OncePerRequestFilter.doFilter(OncePerRequestFilter.java:116)
	at org.springframework.security.web.FilterChainProxy$VirtualFilterChain.doFilter(FilterChainProxy.java:385)
	at org.springframework.security.web.context.SecurityContextHolderFilter.doFilter(SecurityContextHolderFilter.java:82)
	at org.springframework.security.web.context.SecurityContextHolderFilter.doFilter(SecurityContextHolderFilter.java:69)
	at org.springframework.security.web.FilterChainProxy$VirtualFilterChain.doFilter(FilterChainProxy.java:385)
	at org.springframework.security.web.context.request.async.WebAsyncManagerIntegrationFilter.doFilterInternal(WebAsyncManagerIntegrationFilter.java:62)
	at org.springframework.web.filter.OncePerRequestFilter.doFilter(OncePerRequestFilter.java:116)
	at org.springframework.security.web.FilterChainProxy$VirtualFilterChain.doFilter(FilterChainProxy.java:385)
	at org.springframework.security.web.session.DisableEncodeUrlFilter.doFilterInternal(DisableEncodeUrlFilter.java:42)
	at org.springframework.web.filter.OncePerRequestFilter.doFilter(OncePerRequestFilter.java:116)
	at org.springframework.security.web.FilterChainProxy$VirtualFilterChain.doFilter(FilterChainProxy.java:385)
	at org.springframework.security.web.FilterChainProxy.doFilterInternal(FilterChainProxy.java:237)
	at org.springframework.security.web.FilterChainProxy.doFilter(FilterChainProxy.java:195)
	at org.springframework.web.filter.CompositeFilter$VirtualFilterChain.doFilter(CompositeFilter.java:113)
	at org.springframework.web.filter.ServletRequestPathFilter.doFilter(ServletRequestPathFilter.java:52)
	at org.springframework.web.filter.CompositeFilter$VirtualFilterChain.doFilter(CompositeFilter.java:113)
	at org.springframework.web.filter.CompositeFilter.doFilter(CompositeFilter.java:74)
	at org.springframework.security.config.annotation.web.configuration.WebSecurityConfiguration$CompositeFilterChainProxy.doFilter(WebSecurityConfiguration.java:317)
	at org.springframework.web.filter.DelegatingFilterProxy.invokeDelegate(DelegatingFilterProxy.java:355)
	at org.springframework.web.filter.DelegatingFilterProxy.doFilter(DelegatingFilterProxy.java:272)
	at org.apache.catalina.core.ApplicationFilterChain.doFilter(ApplicationFilterChain.java:107)
	at org.springframework.web.filter.RequestContextFilter.doFilterInternal(RequestContextFilter.java:100)
	at org.springframework.web.filter.OncePerRequestFilter.doFilter(OncePerRequestFilter.java:116)
	at org.apache.catalina.core.ApplicationFilterChain.doFilter(ApplicationFilterChain.java:107)
	at org.springframework.web.filter.FormContentFilter.doFilterInternal(FormContentFilter.java:93)
	at org.springframework.web.filter.OncePerRequestFilter.doFilter(OncePerRequestFilter.java:116)
	at org.apache.catalina.core.ApplicationFilterChain.doFilter(ApplicationFilterChain.java:107)
	at org.springframework.web.filter.CharacterEncodingFilter.doFilterInternal(CharacterEncodingFilter.java:199)
	at org.springframework.web.filter.OncePerRequestFilter.doFilter(OncePerRequestFilter.java:116)
	at org.apache.catalina.core.ApplicationFilterChain.doFilter(ApplicationFilterChain.java:107)
	at org.apache.catalina.core.StandardWrapperValve.invoke(StandardWrapperValve.java:165)
	at org.apache.catalina.core.StandardContextValve.invoke(StandardContextValve.java:77)
	at org.apache.catalina.authenticator.AuthenticatorBase.invoke(AuthenticatorBase.java:492)
	at org.apache.catalina.core.StandardHostValve.invoke(StandardHostValve.java:113)
	at org.apache.catalina.valves.ErrorReportValve.invoke(ErrorReportValve.java:83)
	at org.apache.catalina.core.StandardEngineValve.invoke(StandardEngineValve.java:72)
	at org.apache.catalina.connector.CoyoteAdapter.service(CoyoteAdapter.java:341)
	at org.apache.coyote.http11.Http11Processor.service(Http11Processor.java:397)
	at org.apache.coyote.AbstractProcessorLight.process(AbstractProcessorLight.java:63)
	at org.apache.coyote.AbstractProtocol$ConnectionHandler.process(AbstractProtocol.java:903)
	at org.apache.tomcat.util.net.NioEndpoint$SocketProcessor.doRun(NioEndpoint.java:1801)
	at org.apache.tomcat.util.net.SocketProcessorBase.run(SocketProcessorBase.java:52)
	at org.apache.tomcat.util.threads.ThreadPoolExecutor.runWorker(ThreadPoolExecutor.java:946)
	at org.apache.tomcat.util.threads.ThreadPoolExecutor$Worker.run(ThreadPoolExecutor.java:480)
	at org.apache.tomcat.util.threads.TaskThread$WrappingRunnable.run(TaskThread.java:57)
	at java.base/java.lang.Thread.run(Thread.java:1583)
2026-06-04 17:10:04[INFO]com.abubakar.connectify.configuration.RequestLoggingFilter-PATCH /api/v1/admin/stories/3/moderate | Status: 404
2026-06-04 17:10:13[INFO]com.abubakar.connectify.service.impl.CustomUserDetailsService-Authentication request received for email: admin@gmail.com
2026-06-04 17:10:13[DEBUG]com.abubakar.connectify.service.impl.CustomUserDetailsService-User loaded successfully with email: admin@gmail.com and role: ADMIN
2026-06-04 17:10:13[INFO]com.abubakar.connectify.security.JwtUtils-Token validation result for user admin@gmail.com : true
2026-06-04 17:10:13[INFO]com.abubakar.connectify.security.JwtFilter-User authenticated successfully: admin@gmail.com
2026-06-04 17:10:13[INFO]com.abubakar.connectify.controller.AdminStoryController-Admin approve story restore API called | storyId: 3
2026-06-04 17:10:13[INFO]com.abubakar.connectify.service.impl.AdminStoryServiceImpl-Admin approving story restore | storyId: 3
2026-06-04 17:10:13[DEBUG]com.abubakar.connectify.util.UserAccessValidator-Validating user access | userId: 3
2026-06-04 17:10:13[DEBUG]com.abubakar.connectify.util.UserAccessValidator-User validation successful | userId: 3
2026-06-04 17:10:13[DEBUG]com.abubakar.connectify.util.AuthUtil-Authenticated active user fetched successfully | userId: 3
2026-06-04 17:10:13[INFO]com.abubakar.connectify.service.impl.AdminStoryServiceImpl-Admin validated successfully | adminId: 3
2026-06-04 17:10:13[DEBUG]com.abubakar.connectify.util.StoryAccessValidator-Fetching story | storyId: 3
2026-06-04 17:10:13[WARN]com.abubakar.connectify.util.StoryAccessValidator-Story not found | storyId: 3
2026-06-04 17:10:13[ERROR]com.abubakar.connectify.exception.GlobalExceptionHandler-Business exception occurred | errorCode: RESOURCE_NOT_FOUND | status: 404 NOT_FOUND | message: Story not found with id: 3
com.abubakar.connectify.exception.ResourceNotFound: Story not found with id: 3
	at com.abubakar.connectify.util.StoryAccessValidator.lambda$getStory$0(StoryAccessValidator.java:98)
	at java.base/java.util.Optional.orElseThrow(Optional.java:403)
	at com.abubakar.connectify.util.StoryAccessValidator.getStory(StoryAccessValidator.java:91)
	at com.abubakar.connectify.service.impl.AdminStoryServiceImpl.approveStoryRestore(AdminStoryServiceImpl.java:197)
	at java.base/jdk.internal.reflect.DirectMethodHandleAccessor.invoke(DirectMethodHandleAccessor.java:103)
	at java.base/java.lang.reflect.Method.invoke(Method.java:580)
	at org.springframework.aop.support.AopUtils.invokeJoinpointUsingReflection(AopUtils.java:359)
	at org.springframework.aop.framework.ReflectiveMethodInvocation.invokeJoinpoint(ReflectiveMethodInvocation.java:190)
	at org.springframework.aop.framework.ReflectiveMethodInvocation.proceed(ReflectiveMethodInvocation.java:158)
	at org.springframework.transaction.interceptor.TransactionInterceptor$1.proceedWithInvocation(TransactionInterceptor.java:133)
	at org.springframework.transaction.interceptor.TransactionAspectSupport.invokeWithinTransaction(TransactionAspectSupport.java:371)
	at org.springframework.transaction.interceptor.TransactionInterceptor.invoke(TransactionInterceptor.java:130)
	at org.springframework.aop.framework.ReflectiveMethodInvocation.proceed(ReflectiveMethodInvocation.java:179)
	at org.springframework.aop.framework.CglibAopProxy$DynamicAdvisedInterceptor.intercept(CglibAopProxy.java:719)
	at com.abubakar.connectify.service.impl.AdminStoryServiceImpl$$SpringCGLIB$$0.approveStoryRestore(<generated>)
	at com.abubakar.connectify.controller.AdminStoryController.approveStoryRestore(AdminStoryController.java:135)
	at java.base/jdk.internal.reflect.DirectMethodHandleAccessor.invoke(DirectMethodHandleAccessor.java:103)
	at java.base/java.lang.reflect.Method.invoke(Method.java:580)
	at org.springframework.web.method.support.InvocableHandlerMethod.doInvoke(InvocableHandlerMethod.java:252)
	at org.springframework.web.method.support.InvocableHandlerMethod.invokeForRequest(InvocableHandlerMethod.java:184)
	at org.springframework.web.servlet.mvc.method.annotation.ServletInvocableHandlerMethod.invokeAndHandle(ServletInvocableHandlerMethod.java:117)
	at org.springframework.web.servlet.mvc.method.annotation.RequestMappingHandlerAdapter.invokeHandlerMethod(RequestMappingHandlerAdapter.java:934)
	at org.springframework.web.servlet.mvc.method.annotation.RequestMappingHandlerAdapter.handleInternal(RequestMappingHandlerAdapter.java:853)
	at org.springframework.web.servlet.mvc.method.AbstractHandlerMethodAdapter.handle(AbstractHandlerMethodAdapter.java:86)
	at org.springframework.web.servlet.DispatcherServlet.doDispatch(DispatcherServlet.java:963)
	at org.springframework.web.servlet.DispatcherServlet.doService(DispatcherServlet.java:866)
	at org.springframework.web.servlet.FrameworkServlet.processRequest(FrameworkServlet.java:1000)
	at org.springframework.web.servlet.FrameworkServlet.service(FrameworkServlet.java:877)
	at jakarta.servlet.http.HttpServlet.service(HttpServlet.java:710)
	at org.apache.catalina.core.ApplicationFilterChain.doFilter(ApplicationFilterChain.java:128)
	at org.apache.tomcat.websocket.server.WsFilter.doFilter(WsFilter.java:53)
	at org.apache.catalina.core.ApplicationFilterChain.doFilter(ApplicationFilterChain.java:107)
	at org.springframework.web.filter.OncePerRequestFilter.doFilter(OncePerRequestFilter.java:110)
	at org.apache.catalina.core.ApplicationFilterChain.doFilter(ApplicationFilterChain.java:107)
	at org.springframework.web.filter.OncePerRequestFilter.doFilter(OncePerRequestFilter.java:110)
	at org.apache.catalina.core.ApplicationFilterChain.doFilter(ApplicationFilterChain.java:107)
	at com.abubakar.connectify.configuration.RequestLoggingFilter.doFilterInternal(RequestLoggingFilter.java:30)
	at org.springframework.web.filter.OncePerRequestFilter.doFilter(OncePerRequestFilter.java:116)
	at org.apache.catalina.core.ApplicationFilterChain.doFilter(ApplicationFilterChain.java:107)
	at org.springframework.web.filter.CompositeFilter$VirtualFilterChain.doFilter(CompositeFilter.java:108)
	at org.springframework.security.web.FilterChainProxy.lambda$doFilterInternal$3(FilterChainProxy.java:235)
	at org.springframework.security.web.FilterChainProxy$VirtualFilterChain.doFilter(FilterChainProxy.java:376)
	at org.springframework.security.web.access.intercept.AuthorizationFilter.doFilter(AuthorizationFilter.java:101)
	at org.springframework.security.web.FilterChainProxy$VirtualFilterChain.doFilter(FilterChainProxy.java:385)
	at org.springframework.security.web.access.ExceptionTranslationFilter.doFilter(ExceptionTranslationFilter.java:126)
	at org.springframework.security.web.access.ExceptionTranslationFilter.doFilter(ExceptionTranslationFilter.java:120)
	at org.springframework.security.web.FilterChainProxy$VirtualFilterChain.doFilter(FilterChainProxy.java:385)
	at org.springframework.security.web.session.SessionManagementFilter.doFilter(SessionManagementFilter.java:132)
	at org.springframework.security.web.session.SessionManagementFilter.doFilter(SessionManagementFilter.java:86)
	at org.springframework.security.web.FilterChainProxy$VirtualFilterChain.doFilter(FilterChainProxy.java:385)
	at org.springframework.security.web.authentication.AnonymousAuthenticationFilter.doFilter(AnonymousAuthenticationFilter.java:100)
	at org.springframework.security.web.FilterChainProxy$VirtualFilterChain.doFilter(FilterChainProxy.java:385)
	at org.springframework.security.web.servletapi.SecurityContextHolderAwareRequestFilter.doFilter(SecurityContextHolderAwareRequestFilter.java:181)
	at org.springframework.security.web.FilterChainProxy$VirtualFilterChain.doFilter(FilterChainProxy.java:385)
	at org.springframework.security.web.savedrequest.RequestCacheAwareFilter.doFilter(RequestCacheAwareFilter.java:63)
	at org.springframework.security.web.FilterChainProxy$VirtualFilterChain.doFilter(FilterChainProxy.java:385)
	at org.springframework.security.web.authentication.ui.DefaultLogoutPageGeneratingFilter.doFilterInternal(DefaultLogoutPageGeneratingFilter.java:60)
	at org.springframework.web.filter.OncePerRequestFilter.doFilter(OncePerRequestFilter.java:116)
	at org.springframework.security.web.FilterChainProxy$VirtualFilterChain.doFilter(FilterChainProxy.java:385)
	at org.springframework.security.web.authentication.ui.DefaultLoginPageGeneratingFilter.doFilter(DefaultLoginPageGeneratingFilter.java:246)
	at org.springframework.security.web.authentication.ui.DefaultLoginPageGeneratingFilter.doFilter(DefaultLoginPageGeneratingFilter.java:232)
	at org.springframework.security.web.FilterChainProxy$VirtualFilterChain.doFilter(FilterChainProxy.java:385)
	at org.springframework.security.web.authentication.ui.DefaultResourcesFilter.doFilter(DefaultResourcesFilter.java:73)
	at org.springframework.security.web.FilterChainProxy$VirtualFilterChain.doFilter(FilterChainProxy.java:385)
	at com.abubakar.connectify.security.JwtFilter.doFilterInternal(JwtFilter.java:141)
	at org.springframework.web.filter.OncePerRequestFilter.doFilter(OncePerRequestFilter.java:116)
	at org.springframework.security.web.FilterChainProxy$VirtualFilterChain.doFilter(FilterChainProxy.java:385)
	at org.springframework.security.web.authentication.AbstractAuthenticationProcessingFilter.doFilter(AbstractAuthenticationProcessingFilter.java:245)
	at org.springframework.security.web.authentication.AbstractAuthenticationProcessingFilter.doFilter(AbstractAuthenticationProcessingFilter.java:239)
	at org.springframework.security.web.FilterChainProxy$VirtualFilterChain.doFilter(FilterChainProxy.java:385)
	at org.springframework.security.oauth2.client.web.OAuth2AuthorizationRequestRedirectFilter.doFilterInternal(OAuth2AuthorizationRequestRedirectFilter.java:195)
	at org.springframework.web.filter.OncePerRequestFilter.doFilter(OncePerRequestFilter.java:116)
	at org.springframework.security.web.FilterChainProxy$VirtualFilterChain.doFilter(FilterChainProxy.java:385)
	at org.springframework.security.web.authentication.logout.LogoutFilter.doFilter(LogoutFilter.java:110)
	at org.springframework.security.web.authentication.logout.LogoutFilter.doFilter(LogoutFilter.java:96)
	at org.springframework.security.web.FilterChainProxy$VirtualFilterChain.doFilter(FilterChainProxy.java:385)
	at org.springframework.web.filter.CorsFilter.doFilterInternal(CorsFilter.java:91)
	at org.springframework.web.filter.OncePerRequestFilter.doFilter(OncePerRequestFilter.java:116)
	at org.springframework.security.web.FilterChainProxy$VirtualFilterChain.doFilter(FilterChainProxy.java:385)
	at org.springframework.security.web.header.HeaderWriterFilter.doHeadersAfter(HeaderWriterFilter.java:90)
	at org.springframework.security.web.header.HeaderWriterFilter.doFilterInternal(HeaderWriterFilter.java:75)
	at org.springframework.web.filter.OncePerRequestFilter.doFilter(OncePerRequestFilter.java:116)
	at org.springframework.security.web.FilterChainProxy$VirtualFilterChain.doFilter(FilterChainProxy.java:385)
	at org.springframework.security.web.context.SecurityContextHolderFilter.doFilter(SecurityContextHolderFilter.java:82)
	at org.springframework.security.web.context.SecurityContextHolderFilter.doFilter(SecurityContextHolderFilter.java:69)
	at org.springframework.security.web.FilterChainProxy$VirtualFilterChain.doFilter(FilterChainProxy.java:385)
	at org.springframework.security.web.context.request.async.WebAsyncManagerIntegrationFilter.doFilterInternal(WebAsyncManagerIntegrationFilter.java:62)
	at org.springframework.web.filter.OncePerRequestFilter.doFilter(OncePerRequestFilter.java:116)
	at org.springframework.security.web.FilterChainProxy$VirtualFilterChain.doFilter(FilterChainProxy.java:385)
	at org.springframework.security.web.session.DisableEncodeUrlFilter.doFilterInternal(DisableEncodeUrlFilter.java:42)
	at org.springframework.web.filter.OncePerRequestFilter.doFilter(OncePerRequestFilter.java:116)
	at org.springframework.security.web.FilterChainProxy$VirtualFilterChain.doFilter(FilterChainProxy.java:385)
	at org.springframework.security.web.FilterChainProxy.doFilterInternal(FilterChainProxy.java:237)
	at org.springframework.security.web.FilterChainProxy.doFilter(FilterChainProxy.java:195)
	at org.springframework.web.filter.CompositeFilter$VirtualFilterChain.doFilter(CompositeFilter.java:113)
	at org.springframework.web.filter.ServletRequestPathFilter.doFilter(ServletRequestPathFilter.java:52)
	at org.springframework.web.filter.CompositeFilter$VirtualFilterChain.doFilter(CompositeFilter.java:113)
	at org.springframework.web.filter.CompositeFilter.doFilter(CompositeFilter.java:74)
	at org.springframework.security.config.annotation.web.configuration.WebSecurityConfiguration$CompositeFilterChainProxy.doFilter(WebSecurityConfiguration.java:317)
	at org.springframework.web.filter.DelegatingFilterProxy.invokeDelegate(DelegatingFilterProxy.java:355)
	at org.springframework.web.filter.DelegatingFilterProxy.doFilter(DelegatingFilterProxy.java:272)
	at org.apache.catalina.core.ApplicationFilterChain.doFilter(ApplicationFilterChain.java:107)
	at org.springframework.web.filter.RequestContextFilter.doFilterInternal(RequestContextFilter.java:100)
	at org.springframework.web.filter.OncePerRequestFilter.doFilter(OncePerRequestFilter.java:116)
	at org.apache.catalina.core.ApplicationFilterChain.doFilter(ApplicationFilterChain.java:107)
	at org.springframework.web.filter.FormContentFilter.doFilterInternal(FormContentFilter.java:93)
	at org.springframework.web.filter.OncePerRequestFilter.doFilter(OncePerRequestFilter.java:116)
	at org.apache.catalina.core.ApplicationFilterChain.doFilter(ApplicationFilterChain.java:107)
	at org.springframework.web.filter.CharacterEncodingFilter.doFilterInternal(CharacterEncodingFilter.java:199)
	at org.springframework.web.filter.OncePerRequestFilter.doFilter(OncePerRequestFilter.java:116)
	at org.apache.catalina.core.ApplicationFilterChain.doFilter(ApplicationFilterChain.java:107)
	at org.apache.catalina.core.StandardWrapperValve.invoke(StandardWrapperValve.java:165)
	at org.apache.catalina.core.StandardContextValve.invoke(StandardContextValve.java:77)
	at org.apache.catalina.authenticator.AuthenticatorBase.invoke(AuthenticatorBase.java:492)
	at org.apache.catalina.core.StandardHostValve.invoke(StandardHostValve.java:113)
	at org.apache.catalina.valves.ErrorReportValve.invoke(ErrorReportValve.java:83)
	at org.apache.catalina.core.StandardEngineValve.invoke(StandardEngineValve.java:72)
	at org.apache.catalina.connector.CoyoteAdapter.service(CoyoteAdapter.java:341)
	at org.apache.coyote.http11.Http11Processor.service(Http11Processor.java:397)
	at org.apache.coyote.AbstractProcessorLight.process(AbstractProcessorLight.java:63)
	at org.apache.coyote.AbstractProtocol$ConnectionHandler.process(AbstractProtocol.java:903)
	at org.apache.tomcat.util.net.NioEndpoint$SocketProcessor.doRun(NioEndpoint.java:1801)
	at org.apache.tomcat.util.net.SocketProcessorBase.run(SocketProcessorBase.java:52)
	at org.apache.tomcat.util.threads.ThreadPoolExecutor.runWorker(ThreadPoolExecutor.java:946)
	at org.apache.tomcat.util.threads.ThreadPoolExecutor$Worker.run(ThreadPoolExecutor.java:480)
	at org.apache.tomcat.util.threads.TaskThread$WrappingRunnable.run(TaskThread.java:57)
	at java.base/java.lang.Thread.run(Thread.java:1583)
2026-06-04 17:10:13[INFO]com.abubakar.connectify.configuration.RequestLoggingFilter-PATCH /api/v1/admin/stories/3/restore/approve | Status: 404
2026-06-04 17:11:50[INFO]com.abubakar.connectify.service.impl.CustomUserDetailsService-Authentication request received for email: admin@gmail.com
2026-06-04 17:11:50[DEBUG]com.abubakar.connectify.service.impl.CustomUserDetailsService-User loaded successfully with email: admin@gmail.com and role: ADMIN
2026-06-04 17:11:50[INFO]com.abubakar.connectify.security.JwtUtils-Token validation result for user admin@gmail.com : true
2026-06-04 17:11:50[INFO]com.abubakar.connectify.security.JwtFilter-User authenticated successfully: admin@gmail.com
2026-06-04 17:11:50[INFO]com.abubakar.connectify.controller.AdminStoryController-Admin moderate story API called | storyId: 2
2026-06-04 17:11:50[INFO]com.abubakar.connectify.service.impl.AdminStoryServiceImpl-Admin moderating story | storyId: 2
2026-06-04 17:11:50[DEBUG]com.abubakar.connectify.util.UserAccessValidator-Validating user access | userId: 3
2026-06-04 17:11:50[DEBUG]com.abubakar.connectify.util.UserAccessValidator-User validation successful | userId: 3
2026-06-04 17:11:50[DEBUG]com.abubakar.connectify.util.AuthUtil-Authenticated active user fetched successfully | userId: 3
2026-06-04 17:11:50[INFO]com.abubakar.connectify.service.impl.AdminStoryServiceImpl-Admin validated successfully | adminId: 3
2026-06-04 17:11:50[DEBUG]com.abubakar.connectify.util.StoryAccessValidator-Fetching story | storyId: 2
2026-06-04 17:11:50[DEBUG]com.abubakar.connectify.util.UserAccessValidator-Validating user access | userId: 3
2026-06-04 17:11:50[DEBUG]com.abubakar.connectify.util.UserAccessValidator-User validation successful | userId: 3
2026-06-04 17:11:50[DEBUG]com.abubakar.connectify.util.AuthUtil-Authenticated active user fetched successfully | userId: 3
2026-06-04 17:11:50[INFO]com.abubakar.connectify.service.impl.NotificationServiceImpl-Creating system notification | receiverId: 1 | senderId: 3
2026-06-04 17:11:50[DEBUG]com.abubakar.connectify.util.UserAccessValidator-Validating user access | userId: 1
2026-06-04 17:11:50[DEBUG]com.abubakar.connectify.util.UserAccessValidator-User validation successful | userId: 1
2026-06-04 17:11:50[DEBUG]com.abubakar.connectify.util.UserAccessValidator-Validating user access | userId: 3
2026-06-04 17:11:50[DEBUG]com.abubakar.connectify.util.UserAccessValidator-User validation successful | userId: 3
2026-06-04 17:11:50[INFO]com.abubakar.connectify.service.impl.NotificationServiceImpl-System notification created successfully | receiverId: 1
2026-06-04 17:11:50[INFO]com.abubakar.connectify.service.impl.AdminStoryServiceImpl-Story moderated successfully | storyId: 2
2026-06-04 17:11:50[INFO]com.abubakar.connectify.configuration.RequestLoggingFilter-PATCH /api/v1/admin/stories/2/moderate | Status: 200
2026-06-04 17:11:53[INFO]com.abubakar.connectify.service.impl.CustomUserDetailsService-Authentication request received for email: admin@gmail.com
2026-06-04 17:11:53[DEBUG]com.abubakar.connectify.service.impl.CustomUserDetailsService-User loaded successfully with email: admin@gmail.com and role: ADMIN
2026-06-04 17:11:53[INFO]com.abubakar.connectify.security.JwtUtils-Token validation result for user admin@gmail.com : true
2026-06-04 17:11:53[INFO]com.abubakar.connectify.security.JwtFilter-User authenticated successfully: admin@gmail.com
2026-06-04 17:11:53[INFO]com.abubakar.connectify.controller.AdminStoryController-Admin moderate story API called | storyId: 2
2026-06-04 17:11:53[INFO]com.abubakar.connectify.service.impl.AdminStoryServiceImpl-Admin moderating story | storyId: 2
2026-06-04 17:11:53[DEBUG]com.abubakar.connectify.util.UserAccessValidator-Validating user access | userId: 3
2026-06-04 17:11:53[DEBUG]com.abubakar.connectify.util.UserAccessValidator-User validation successful | userId: 3
2026-06-04 17:11:53[DEBUG]com.abubakar.connectify.util.AuthUtil-Authenticated active user fetched successfully | userId: 3
2026-06-04 17:11:53[INFO]com.abubakar.connectify.service.impl.AdminStoryServiceImpl-Admin validated successfully | adminId: 3
2026-06-04 17:11:53[DEBUG]com.abubakar.connectify.util.StoryAccessValidator-Fetching story | storyId: 2
2026-06-04 17:11:53[WARN]com.abubakar.connectify.service.impl.AdminStoryServiceImpl-Story already moderated
2026-06-04 17:11:53[ERROR]com.abubakar.connectify.exception.GlobalExceptionHandler-Business exception occurred | errorCode: OPERATION_FAILED | status: 400 BAD_REQUEST | message: Story already moderated
com.abubakar.connectify.exception.OperationFailException: Story already moderated
	at com.abubakar.connectify.service.impl.AdminStoryServiceImpl.moderateStory(AdminStoryServiceImpl.java:141)
	at java.base/jdk.internal.reflect.DirectMethodHandleAccessor.invoke(DirectMethodHandleAccessor.java:103)
	at java.base/java.lang.reflect.Method.invoke(Method.java:580)
	at org.springframework.aop.support.AopUtils.invokeJoinpointUsingReflection(AopUtils.java:359)
	at org.springframework.aop.framework.ReflectiveMethodInvocation.invokeJoinpoint(ReflectiveMethodInvocation.java:190)
	at org.springframework.aop.framework.ReflectiveMethodInvocation.proceed(ReflectiveMethodInvocation.java:158)
	at org.springframework.transaction.interceptor.TransactionInterceptor$1.proceedWithInvocation(TransactionInterceptor.java:133)
	at org.springframework.transaction.interceptor.TransactionAspectSupport.invokeWithinTransaction(TransactionAspectSupport.java:371)
	at org.springframework.transaction.interceptor.TransactionInterceptor.invoke(TransactionInterceptor.java:130)
	at org.springframework.aop.framework.ReflectiveMethodInvocation.proceed(ReflectiveMethodInvocation.java:179)
	at org.springframework.aop.framework.CglibAopProxy$DynamicAdvisedInterceptor.intercept(CglibAopProxy.java:719)
	at com.abubakar.connectify.service.impl.AdminStoryServiceImpl$$SpringCGLIB$$0.moderateStory(<generated>)
	at com.abubakar.connectify.controller.AdminStoryController.moderateStory(AdminStoryController.java:114)
	at java.base/jdk.internal.reflect.DirectMethodHandleAccessor.invoke(DirectMethodHandleAccessor.java:103)
	at java.base/java.lang.reflect.Method.invoke(Method.java:580)
	at org.springframework.web.method.support.InvocableHandlerMethod.doInvoke(InvocableHandlerMethod.java:252)
	at org.springframework.web.method.support.InvocableHandlerMethod.invokeForRequest(InvocableHandlerMethod.java:184)
	at org.springframework.web.servlet.mvc.method.annotation.ServletInvocableHandlerMethod.invokeAndHandle(ServletInvocableHandlerMethod.java:117)
	at org.springframework.web.servlet.mvc.method.annotation.RequestMappingHandlerAdapter.invokeHandlerMethod(RequestMappingHandlerAdapter.java:934)
	at org.springframework.web.servlet.mvc.method.annotation.RequestMappingHandlerAdapter.handleInternal(RequestMappingHandlerAdapter.java:853)
	at org.springframework.web.servlet.mvc.method.AbstractHandlerMethodAdapter.handle(AbstractHandlerMethodAdapter.java:86)
	at org.springframework.web.servlet.DispatcherServlet.doDispatch(DispatcherServlet.java:963)
	at org.springframework.web.servlet.DispatcherServlet.doService(DispatcherServlet.java:866)
	at org.springframework.web.servlet.FrameworkServlet.processRequest(FrameworkServlet.java:1000)
	at org.springframework.web.servlet.FrameworkServlet.service(FrameworkServlet.java:877)
	at jakarta.servlet.http.HttpServlet.service(HttpServlet.java:710)
	at org.apache.catalina.core.ApplicationFilterChain.doFilter(ApplicationFilterChain.java:128)
	at org.apache.tomcat.websocket.server.WsFilter.doFilter(WsFilter.java:53)
	at org.apache.catalina.core.ApplicationFilterChain.doFilter(ApplicationFilterChain.java:107)
	at org.springframework.web.filter.OncePerRequestFilter.doFilter(OncePerRequestFilter.java:110)
	at org.apache.catalina.core.ApplicationFilterChain.doFilter(ApplicationFilterChain.java:107)
	at org.springframework.web.filter.OncePerRequestFilter.doFilter(OncePerRequestFilter.java:110)
	at org.apache.catalina.core.ApplicationFilterChain.doFilter(ApplicationFilterChain.java:107)
	at com.abubakar.connectify.configuration.RequestLoggingFilter.doFilterInternal(RequestLoggingFilter.java:30)
	at org.springframework.web.filter.OncePerRequestFilter.doFilter(OncePerRequestFilter.java:116)
	at org.apache.catalina.core.ApplicationFilterChain.doFilter(ApplicationFilterChain.java:107)
	at org.springframework.web.filter.CompositeFilter$VirtualFilterChain.doFilter(CompositeFilter.java:108)
	at org.springframework.security.web.FilterChainProxy.lambda$doFilterInternal$3(FilterChainProxy.java:235)
	at org.springframework.security.web.FilterChainProxy$VirtualFilterChain.doFilter(FilterChainProxy.java:376)
	at org.springframework.security.web.access.intercept.AuthorizationFilter.doFilter(AuthorizationFilter.java:101)
	at org.springframework.security.web.FilterChainProxy$VirtualFilterChain.doFilter(FilterChainProxy.java:385)
	at org.springframework.security.web.access.ExceptionTranslationFilter.doFilter(ExceptionTranslationFilter.java:126)
	at org.springframework.security.web.access.ExceptionTranslationFilter.doFilter(ExceptionTranslationFilter.java:120)
	at org.springframework.security.web.FilterChainProxy$VirtualFilterChain.doFilter(FilterChainProxy.java:385)
	at org.springframework.security.web.session.SessionManagementFilter.doFilter(SessionManagementFilter.java:132)
	at org.springframework.security.web.session.SessionManagementFilter.doFilter(SessionManagementFilter.java:86)
	at org.springframework.security.web.FilterChainProxy$VirtualFilterChain.doFilter(FilterChainProxy.java:385)
	at org.springframework.security.web.authentication.AnonymousAuthenticationFilter.doFilter(AnonymousAuthenticationFilter.java:100)
	at org.springframework.security.web.FilterChainProxy$VirtualFilterChain.doFilter(FilterChainProxy.java:385)
	at org.springframework.security.web.servletapi.SecurityContextHolderAwareRequestFilter.doFilter(SecurityContextHolderAwareRequestFilter.java:181)
	at org.springframework.security.web.FilterChainProxy$VirtualFilterChain.doFilter(FilterChainProxy.java:385)
	at org.springframework.security.web.savedrequest.RequestCacheAwareFilter.doFilter(RequestCacheAwareFilter.java:63)
	at org.springframework.security.web.FilterChainProxy$VirtualFilterChain.doFilter(FilterChainProxy.java:385)
	at org.springframework.security.web.authentication.ui.DefaultLogoutPageGeneratingFilter.doFilterInternal(DefaultLogoutPageGeneratingFilter.java:60)
	at org.springframework.web.filter.OncePerRequestFilter.doFilter(OncePerRequestFilter.java:116)
	at org.springframework.security.web.FilterChainProxy$VirtualFilterChain.doFilter(FilterChainProxy.java:385)
	at org.springframework.security.web.authentication.ui.DefaultLoginPageGeneratingFilter.doFilter(DefaultLoginPageGeneratingFilter.java:246)
	at org.springframework.security.web.authentication.ui.DefaultLoginPageGeneratingFilter.doFilter(DefaultLoginPageGeneratingFilter.java:232)
	at org.springframework.security.web.FilterChainProxy$VirtualFilterChain.doFilter(FilterChainProxy.java:385)
	at org.springframework.security.web.authentication.ui.DefaultResourcesFilter.doFilter(DefaultResourcesFilter.java:73)
	at org.springframework.security.web.FilterChainProxy$VirtualFilterChain.doFilter(FilterChainProxy.java:385)
	at com.abubakar.connectify.security.JwtFilter.doFilterInternal(JwtFilter.java:141)
	at org.springframework.web.filter.OncePerRequestFilter.doFilter(OncePerRequestFilter.java:116)
	at org.springframework.security.web.FilterChainProxy$VirtualFilterChain.doFilter(FilterChainProxy.java:385)
	at org.springframework.security.web.authentication.AbstractAuthenticationProcessingFilter.doFilter(AbstractAuthenticationProcessingFilter.java:245)
	at org.springframework.security.web.authentication.AbstractAuthenticationProcessingFilter.doFilter(AbstractAuthenticationProcessingFilter.java:239)
	at org.springframework.security.web.FilterChainProxy$VirtualFilterChain.doFilter(FilterChainProxy.java:385)
	at org.springframework.security.oauth2.client.web.OAuth2AuthorizationRequestRedirectFilter.doFilterInternal(OAuth2AuthorizationRequestRedirectFilter.java:195)
	at org.springframework.web.filter.OncePerRequestFilter.doFilter(OncePerRequestFilter.java:116)
	at org.springframework.security.web.FilterChainProxy$VirtualFilterChain.doFilter(FilterChainProxy.java:385)
	at org.springframework.security.web.authentication.logout.LogoutFilter.doFilter(LogoutFilter.java:110)
	at org.springframework.security.web.authentication.logout.LogoutFilter.doFilter(LogoutFilter.java:96)
	at org.springframework.security.web.FilterChainProxy$VirtualFilterChain.doFilter(FilterChainProxy.java:385)
	at org.springframework.web.filter.CorsFilter.doFilterInternal(CorsFilter.java:91)
	at org.springframework.web.filter.OncePerRequestFilter.doFilter(OncePerRequestFilter.java:116)
	at org.springframework.security.web.FilterChainProxy$VirtualFilterChain.doFilter(FilterChainProxy.java:385)
	at org.springframework.security.web.header.HeaderWriterFilter.doHeadersAfter(HeaderWriterFilter.java:90)
	at org.springframework.security.web.header.HeaderWriterFilter.doFilterInternal(HeaderWriterFilter.java:75)
	at org.springframework.web.filter.OncePerRequestFilter.doFilter(OncePerRequestFilter.java:116)
	at org.springframework.security.web.FilterChainProxy$VirtualFilterChain.doFilter(FilterChainProxy.java:385)
	at org.springframework.security.web.context.SecurityContextHolderFilter.doFilter(SecurityContextHolderFilter.java:82)
	at org.springframework.security.web.context.SecurityContextHolderFilter.doFilter(SecurityContextHolderFilter.java:69)
	at org.springframework.security.web.FilterChainProxy$VirtualFilterChain.doFilter(FilterChainProxy.java:385)
	at org.springframework.security.web.context.request.async.WebAsyncManagerIntegrationFilter.doFilterInternal(WebAsyncManagerIntegrationFilter.java:62)
	at org.springframework.web.filter.OncePerRequestFilter.doFilter(OncePerRequestFilter.java:116)
	at org.springframework.security.web.FilterChainProxy$VirtualFilterChain.doFilter(FilterChainProxy.java:385)
	at org.springframework.security.web.session.DisableEncodeUrlFilter.doFilterInternal(DisableEncodeUrlFilter.java:42)
	at org.springframework.web.filter.OncePerRequestFilter.doFilter(OncePerRequestFilter.java:116)
	at org.springframework.security.web.FilterChainProxy$VirtualFilterChain.doFilter(FilterChainProxy.java:385)
	at org.springframework.security.web.FilterChainProxy.doFilterInternal(FilterChainProxy.java:237)
	at org.springframework.security.web.FilterChainProxy.doFilter(FilterChainProxy.java:195)
	at org.springframework.web.filter.CompositeFilter$VirtualFilterChain.doFilter(CompositeFilter.java:113)
	at org.springframework.web.filter.ServletRequestPathFilter.doFilter(ServletRequestPathFilter.java:52)
	at org.springframework.web.filter.CompositeFilter$VirtualFilterChain.doFilter(CompositeFilter.java:113)
	at org.springframework.web.filter.CompositeFilter.doFilter(CompositeFilter.java:74)
	at org.springframework.security.config.annotation.web.configuration.WebSecurityConfiguration$CompositeFilterChainProxy.doFilter(WebSecurityConfiguration.java:317)
	at org.springframework.web.filter.DelegatingFilterProxy.invokeDelegate(DelegatingFilterProxy.java:355)
	at org.springframework.web.filter.DelegatingFilterProxy.doFilter(DelegatingFilterProxy.java:272)
	at org.apache.catalina.core.ApplicationFilterChain.doFilter(ApplicationFilterChain.java:107)
	at org.springframework.web.filter.RequestContextFilter.doFilterInternal(RequestContextFilter.java:100)
	at org.springframework.web.filter.OncePerRequestFilter.doFilter(OncePerRequestFilter.java:116)
	at org.apache.catalina.core.ApplicationFilterChain.doFilter(ApplicationFilterChain.java:107)
	at org.springframework.web.filter.FormContentFilter.doFilterInternal(FormContentFilter.java:93)
	at org.springframework.web.filter.OncePerRequestFilter.doFilter(OncePerRequestFilter.java:116)
	at org.apache.catalina.core.ApplicationFilterChain.doFilter(ApplicationFilterChain.java:107)
	at org.springframework.web.filter.CharacterEncodingFilter.doFilterInternal(CharacterEncodingFilter.java:199)
	at org.springframework.web.filter.OncePerRequestFilter.doFilter(OncePerRequestFilter.java:116)
	at org.apache.catalina.core.ApplicationFilterChain.doFilter(ApplicationFilterChain.java:107)
	at org.apache.catalina.core.StandardWrapperValve.invoke(StandardWrapperValve.java:165)
	at org.apache.catalina.core.StandardContextValve.invoke(StandardContextValve.java:77)
	at org.apache.catalina.authenticator.AuthenticatorBase.invoke(AuthenticatorBase.java:492)
	at org.apache.catalina.core.StandardHostValve.invoke(StandardHostValve.java:113)
	at org.apache.catalina.valves.ErrorReportValve.invoke(ErrorReportValve.java:83)
	at org.apache.catalina.core.StandardEngineValve.invoke(StandardEngineValve.java:72)
	at org.apache.catalina.connector.CoyoteAdapter.service(CoyoteAdapter.java:341)
	at org.apache.coyote.http11.Http11Processor.service(Http11Processor.java:397)
	at org.apache.coyote.AbstractProcessorLight.process(AbstractProcessorLight.java:63)
	at org.apache.coyote.AbstractProtocol$ConnectionHandler.process(AbstractProtocol.java:903)
	at org.apache.tomcat.util.net.NioEndpoint$SocketProcessor.doRun(NioEndpoint.java:1801)
	at org.apache.tomcat.util.net.SocketProcessorBase.run(SocketProcessorBase.java:52)
	at org.apache.tomcat.util.threads.ThreadPoolExecutor.runWorker(ThreadPoolExecutor.java:946)
	at org.apache.tomcat.util.threads.ThreadPoolExecutor$Worker.run(ThreadPoolExecutor.java:480)
	at org.apache.tomcat.util.threads.TaskThread$WrappingRunnable.run(TaskThread.java:57)
	at java.base/java.lang.Thread.run(Thread.java:1583)
2026-06-04 17:11:53[INFO]com.abubakar.connectify.configuration.RequestLoggingFilter-PATCH /api/v1/admin/stories/2/moderate | Status: 400
2026-06-04 17:12:24[INFO]com.abubakar.connectify.service.impl.CustomUserDetailsService-Authentication request received for email: admin@gmail.com
2026-06-04 17:12:24[DEBUG]com.abubakar.connectify.service.impl.CustomUserDetailsService-User loaded successfully with email: admin@gmail.com and role: ADMIN
2026-06-04 17:12:24[INFO]com.abubakar.connectify.security.JwtUtils-Token validation result for user admin@gmail.com : true
2026-06-04 17:12:24[INFO]com.abubakar.connectify.security.JwtFilter-User authenticated successfully: admin@gmail.com
2026-06-04 17:12:24[ERROR]com.abubakar.connectify.exception.GlobalExceptionHandler-Unexpected exception occurred | type: HttpRequestMethodNotSupportedException | message: Request method 'PATCH' is not supported
org.springframework.web.HttpRequestMethodNotSupportedException: Request method 'PATCH' is not supported
	at org.springframework.web.servlet.mvc.method.RequestMappingInfoHandlerMapping.handleNoMatch(RequestMappingInfoHandlerMapping.java:260)
	at org.springframework.web.servlet.handler.AbstractHandlerMethodMapping.lookupHandlerMethod(AbstractHandlerMethodMapping.java:434)
	at org.springframework.web.servlet.handler.AbstractHandlerMethodMapping.getHandlerInternal(AbstractHandlerMethodMapping.java:376)
	at org.springframework.web.servlet.mvc.method.RequestMappingInfoHandlerMapping.getHandlerInternal(RequestMappingInfoHandlerMapping.java:116)
	at org.springframework.web.servlet.mvc.method.RequestMappingInfoHandlerMapping.getHandlerInternal(RequestMappingInfoHandlerMapping.java:68)
	at org.springframework.web.servlet.handler.AbstractHandlerMapping.getHandler(AbstractHandlerMapping.java:544)
	at org.springframework.web.servlet.DispatcherServlet.getHandler(DispatcherServlet.java:1157)
	at org.springframework.web.servlet.DispatcherServlet.doDispatch(DispatcherServlet.java:951)
	at org.springframework.web.servlet.DispatcherServlet.doService(DispatcherServlet.java:866)
	at org.springframework.web.servlet.FrameworkServlet.processRequest(FrameworkServlet.java:1000)
	at org.springframework.web.servlet.FrameworkServlet.service(FrameworkServlet.java:877)
	at jakarta.servlet.http.HttpServlet.service(HttpServlet.java:710)
	at org.apache.catalina.core.ApplicationFilterChain.doFilter(ApplicationFilterChain.java:128)
	at org.apache.tomcat.websocket.server.WsFilter.doFilter(WsFilter.java:53)
	at org.apache.catalina.core.ApplicationFilterChain.doFilter(ApplicationFilterChain.java:107)
	at org.springframework.web.filter.OncePerRequestFilter.doFilter(OncePerRequestFilter.java:110)
	at org.apache.catalina.core.ApplicationFilterChain.doFilter(ApplicationFilterChain.java:107)
	at org.springframework.web.filter.OncePerRequestFilter.doFilter(OncePerRequestFilter.java:110)
	at org.apache.catalina.core.ApplicationFilterChain.doFilter(ApplicationFilterChain.java:107)
	at com.abubakar.connectify.configuration.RequestLoggingFilter.doFilterInternal(RequestLoggingFilter.java:30)
	at org.springframework.web.filter.OncePerRequestFilter.doFilter(OncePerRequestFilter.java:116)
	at org.apache.catalina.core.ApplicationFilterChain.doFilter(ApplicationFilterChain.java:107)
	at org.springframework.web.filter.CompositeFilter$VirtualFilterChain.doFilter(CompositeFilter.java:108)
	at org.springframework.security.web.FilterChainProxy.lambda$doFilterInternal$3(FilterChainProxy.java:235)
	at org.springframework.security.web.FilterChainProxy$VirtualFilterChain.doFilter(FilterChainProxy.java:376)
	at org.springframework.security.web.access.intercept.AuthorizationFilter.doFilter(AuthorizationFilter.java:101)
	at org.springframework.security.web.FilterChainProxy$VirtualFilterChain.doFilter(FilterChainProxy.java:385)
	at org.springframework.security.web.access.ExceptionTranslationFilter.doFilter(ExceptionTranslationFilter.java:126)
	at org.springframework.security.web.access.ExceptionTranslationFilter.doFilter(ExceptionTranslationFilter.java:120)
	at org.springframework.security.web.FilterChainProxy$VirtualFilterChain.doFilter(FilterChainProxy.java:385)
	at org.springframework.security.web.session.SessionManagementFilter.doFilter(SessionManagementFilter.java:132)
	at org.springframework.security.web.session.SessionManagementFilter.doFilter(SessionManagementFilter.java:86)
	at org.springframework.security.web.FilterChainProxy$VirtualFilterChain.doFilter(FilterChainProxy.java:385)
	at org.springframework.security.web.authentication.AnonymousAuthenticationFilter.doFilter(AnonymousAuthenticationFilter.java:100)
	at org.springframework.security.web.FilterChainProxy$VirtualFilterChain.doFilter(FilterChainProxy.java:385)
	at org.springframework.security.web.servletapi.SecurityContextHolderAwareRequestFilter.doFilter(SecurityContextHolderAwareRequestFilter.java:181)
	at org.springframework.security.web.FilterChainProxy$VirtualFilterChain.doFilter(FilterChainProxy.java:385)
	at org.springframework.security.web.savedrequest.RequestCacheAwareFilter.doFilter(RequestCacheAwareFilter.java:63)
	at org.springframework.security.web.FilterChainProxy$VirtualFilterChain.doFilter(FilterChainProxy.java:385)
	at org.springframework.security.web.authentication.ui.DefaultLogoutPageGeneratingFilter.doFilterInternal(DefaultLogoutPageGeneratingFilter.java:60)
	at org.springframework.web.filter.OncePerRequestFilter.doFilter(OncePerRequestFilter.java:116)
	at org.springframework.security.web.FilterChainProxy$VirtualFilterChain.doFilter(FilterChainProxy.java:385)
	at org.springframework.security.web.authentication.ui.DefaultLoginPageGeneratingFilter.doFilter(DefaultLoginPageGeneratingFilter.java:246)
	at org.springframework.security.web.authentication.ui.DefaultLoginPageGeneratingFilter.doFilter(DefaultLoginPageGeneratingFilter.java:232)
	at org.springframework.security.web.FilterChainProxy$VirtualFilterChain.doFilter(FilterChainProxy.java:385)
	at org.springframework.security.web.authentication.ui.DefaultResourcesFilter.doFilter(DefaultResourcesFilter.java:73)
	at org.springframework.security.web.FilterChainProxy$VirtualFilterChain.doFilter(FilterChainProxy.java:385)
	at com.abubakar.connectify.security.JwtFilter.doFilterInternal(JwtFilter.java:141)
	at org.springframework.web.filter.OncePerRequestFilter.doFilter(OncePerRequestFilter.java:116)
	at org.springframework.security.web.FilterChainProxy$VirtualFilterChain.doFilter(FilterChainProxy.java:385)
	at org.springframework.security.web.authentication.AbstractAuthenticationProcessingFilter.doFilter(AbstractAuthenticationProcessingFilter.java:245)
	at org.springframework.security.web.authentication.AbstractAuthenticationProcessingFilter.doFilter(AbstractAuthenticationProcessingFilter.java:239)
	at org.springframework.security.web.FilterChainProxy$VirtualFilterChain.doFilter(FilterChainProxy.java:385)
	at org.springframework.security.oauth2.client.web.OAuth2AuthorizationRequestRedirectFilter.doFilterInternal(OAuth2AuthorizationRequestRedirectFilter.java:195)
	at org.springframework.web.filter.OncePerRequestFilter.doFilter(OncePerRequestFilter.java:116)
	at org.springframework.security.web.FilterChainProxy$VirtualFilterChain.doFilter(FilterChainProxy.java:385)
	at org.springframework.security.web.authentication.logout.LogoutFilter.doFilter(LogoutFilter.java:110)
	at org.springframework.security.web.authentication.logout.LogoutFilter.doFilter(LogoutFilter.java:96)
	at org.springframework.security.web.FilterChainProxy$VirtualFilterChain.doFilter(FilterChainProxy.java:385)
	at org.springframework.web.filter.CorsFilter.doFilterInternal(CorsFilter.java:91)
	at org.springframework.web.filter.OncePerRequestFilter.doFilter(OncePerRequestFilter.java:116)
	at org.springframework.security.web.FilterChainProxy$VirtualFilterChain.doFilter(FilterChainProxy.java:385)
	at org.springframework.security.web.header.HeaderWriterFilter.doHeadersAfter(HeaderWriterFilter.java:90)
	at org.springframework.security.web.header.HeaderWriterFilter.doFilterInternal(HeaderWriterFilter.java:75)
	at org.springframework.web.filter.OncePerRequestFilter.doFilter(OncePerRequestFilter.java:116)
	at org.springframework.security.web.FilterChainProxy$VirtualFilterChain.doFilter(FilterChainProxy.java:385)
	at org.springframework.security.web.context.SecurityContextHolderFilter.doFilter(SecurityContextHolderFilter.java:82)
	at org.springframework.security.web.context.SecurityContextHolderFilter.doFilter(SecurityContextHolderFilter.java:69)
	at org.springframework.security.web.FilterChainProxy$VirtualFilterChain.doFilter(FilterChainProxy.java:385)
	at org.springframework.security.web.context.request.async.WebAsyncManagerIntegrationFilter.doFilterInternal(WebAsyncManagerIntegrationFilter.java:62)
	at org.springframework.web.filter.OncePerRequestFilter.doFilter(OncePerRequestFilter.java:116)
	at org.springframework.security.web.FilterChainProxy$VirtualFilterChain.doFilter(FilterChainProxy.java:385)
	at org.springframework.security.web.session.DisableEncodeUrlFilter.doFilterInternal(DisableEncodeUrlFilter.java:42)
	at org.springframework.web.filter.OncePerRequestFilter.doFilter(OncePerRequestFilter.java:116)
	at org.springframework.security.web.FilterChainProxy$VirtualFilterChain.doFilter(FilterChainProxy.java:385)
	at org.springframework.security.web.FilterChainProxy.doFilterInternal(FilterChainProxy.java:237)
	at org.springframework.security.web.FilterChainProxy.doFilter(FilterChainProxy.java:195)
	at org.springframework.web.filter.CompositeFilter$VirtualFilterChain.doFilter(CompositeFilter.java:113)
	at org.springframework.web.filter.ServletRequestPathFilter.doFilter(ServletRequestPathFilter.java:52)
	at org.springframework.web.filter.CompositeFilter$VirtualFilterChain.doFilter(CompositeFilter.java:113)
	at org.springframework.web.filter.CompositeFilter.doFilter(CompositeFilter.java:74)
	at org.springframework.security.config.annotation.web.configuration.WebSecurityConfiguration$CompositeFilterChainProxy.doFilter(WebSecurityConfiguration.java:317)
	at org.springframework.web.filter.DelegatingFilterProxy.invokeDelegate(DelegatingFilterProxy.java:355)
	at org.springframework.web.filter.DelegatingFilterProxy.doFilter(DelegatingFilterProxy.java:272)
	at org.apache.catalina.core.ApplicationFilterChain.doFilter(ApplicationFilterChain.java:107)
	at org.springframework.web.filter.RequestContextFilter.doFilterInternal(RequestContextFilter.java:100)
	at org.springframework.web.filter.OncePerRequestFilter.doFilter(OncePerRequestFilter.java:116)
	at org.apache.catalina.core.ApplicationFilterChain.doFilter(ApplicationFilterChain.java:107)
	at org.springframework.web.filter.FormContentFilter.doFilterInternal(FormContentFilter.java:93)
	at org.springframework.web.filter.OncePerRequestFilter.doFilter(OncePerRequestFilter.java:116)
	at org.apache.catalina.core.ApplicationFilterChain.doFilter(ApplicationFilterChain.java:107)
	at org.springframework.web.filter.CharacterEncodingFilter.doFilterInternal(CharacterEncodingFilter.java:199)
	at org.springframework.web.filter.OncePerRequestFilter.doFilter(OncePerRequestFilter.java:116)
	at org.apache.catalina.core.ApplicationFilterChain.doFilter(ApplicationFilterChain.java:107)
	at org.apache.catalina.core.StandardWrapperValve.invoke(StandardWrapperValve.java:165)
	at org.apache.catalina.core.StandardContextValve.invoke(StandardContextValve.java:77)
	at org.apache.catalina.authenticator.AuthenticatorBase.invoke(AuthenticatorBase.java:492)
	at org.apache.catalina.core.StandardHostValve.invoke(StandardHostValve.java:113)
	at org.apache.catalina.valves.ErrorReportValve.invoke(ErrorReportValve.java:83)
	at org.apache.catalina.core.StandardEngineValve.invoke(StandardEngineValve.java:72)
	at org.apache.catalina.connector.CoyoteAdapter.service(CoyoteAdapter.java:341)
	at org.apache.coyote.http11.Http11Processor.service(Http11Processor.java:397)
	at org.apache.coyote.AbstractProcessorLight.process(AbstractProcessorLight.java:63)
	at org.apache.coyote.AbstractProtocol$ConnectionHandler.process(AbstractProtocol.java:903)
	at org.apache.tomcat.util.net.NioEndpoint$SocketProcessor.doRun(NioEndpoint.java:1801)
	at org.apache.tomcat.util.net.SocketProcessorBase.run(SocketProcessorBase.java:52)
	at org.apache.tomcat.util.threads.ThreadPoolExecutor.runWorker(ThreadPoolExecutor.java:946)
	at org.apache.tomcat.util.threads.ThreadPoolExecutor$Worker.run(ThreadPoolExecutor.java:480)
	at org.apache.tomcat.util.threads.TaskThread$WrappingRunnable.run(TaskThread.java:57)
	at java.base/java.lang.Thread.run(Thread.java:1583)
2026-06-04 17:12:24[INFO]com.abubakar.connectify.configuration.RequestLoggingFilter-PATCH /api/v1/admin/stories/3/permanent | Status: 500
2026-06-04 17:12:30[INFO]com.abubakar.connectify.service.impl.CustomUserDetailsService-Authentication request received for email: admin@gmail.com
2026-06-04 17:12:30[DEBUG]com.abubakar.connectify.service.impl.CustomUserDetailsService-User loaded successfully with email: admin@gmail.com and role: ADMIN
2026-06-04 17:12:30[INFO]com.abubakar.connectify.security.JwtUtils-Token validation result for user admin@gmail.com : true
2026-06-04 17:12:30[INFO]com.abubakar.connectify.security.JwtFilter-User authenticated successfully: admin@gmail.com
2026-06-04 17:12:30[INFO]com.abubakar.connectify.controller.AdminStoryController-Admin permanently delete story API called | storyId: 3
2026-06-04 17:12:30[INFO]com.abubakar.connectify.service.impl.AdminStoryServiceImpl-Admin permanently deleting story | storyId: 3
2026-06-04 17:12:30[DEBUG]com.abubakar.connectify.util.UserAccessValidator-Validating user access | userId: 3
2026-06-04 17:12:30[DEBUG]com.abubakar.connectify.util.UserAccessValidator-User validation successful | userId: 3
2026-06-04 17:12:30[DEBUG]com.abubakar.connectify.util.AuthUtil-Authenticated active user fetched successfully | userId: 3
2026-06-04 17:12:30[INFO]com.abubakar.connectify.service.impl.AdminStoryServiceImpl-Admin validated successfully | adminId: 3
2026-06-04 17:12:30[DEBUG]com.abubakar.connectify.util.StoryAccessValidator-Fetching story | storyId: 3
2026-06-04 17:12:30[WARN]com.abubakar.connectify.util.StoryAccessValidator-Story not found | storyId: 3
2026-06-04 17:12:30[ERROR]com.abubakar.connectify.exception.GlobalExceptionHandler-Business exception occurred | errorCode: RESOURCE_NOT_FOUND | status: 404 NOT_FOUND | message: Story not found with id: 3
com.abubakar.connectify.exception.ResourceNotFound: Story not found with id: 3
	at com.abubakar.connectify.util.StoryAccessValidator.lambda$getStory$0(StoryAccessValidator.java:98)
	at java.base/java.util.Optional.orElseThrow(Optional.java:403)
	at com.abubakar.connectify.util.StoryAccessValidator.getStory(StoryAccessValidator.java:91)
	at com.abubakar.connectify.service.impl.AdminStoryServiceImpl.permanentlyDeleteStory(AdminStoryServiceImpl.java:302)
	at java.base/jdk.internal.reflect.DirectMethodHandleAccessor.invoke(DirectMethodHandleAccessor.java:103)
	at java.base/java.lang.reflect.Method.invoke(Method.java:580)
	at org.springframework.aop.support.AopUtils.invokeJoinpointUsingReflection(AopUtils.java:359)
	at org.springframework.aop.framework.ReflectiveMethodInvocation.invokeJoinpoint(ReflectiveMethodInvocation.java:190)
	at org.springframework.aop.framework.ReflectiveMethodInvocation.proceed(ReflectiveMethodInvocation.java:158)
	at org.springframework.transaction.interceptor.TransactionInterceptor$1.proceedWithInvocation(TransactionInterceptor.java:133)
	at org.springframework.transaction.interceptor.TransactionAspectSupport.invokeWithinTransaction(TransactionAspectSupport.java:371)
	at org.springframework.transaction.interceptor.TransactionInterceptor.invoke(TransactionInterceptor.java:130)
	at org.springframework.aop.framework.ReflectiveMethodInvocation.proceed(ReflectiveMethodInvocation.java:179)
	at org.springframework.aop.framework.CglibAopProxy$DynamicAdvisedInterceptor.intercept(CglibAopProxy.java:719)
	at com.abubakar.connectify.service.impl.AdminStoryServiceImpl$$SpringCGLIB$$0.permanentlyDeleteStory(<generated>)
	at com.abubakar.connectify.controller.AdminStoryController.permanentlyDeleteStory(AdminStoryController.java:198)
	at java.base/jdk.internal.reflect.DirectMethodHandleAccessor.invoke(DirectMethodHandleAccessor.java:103)
	at java.base/java.lang.reflect.Method.invoke(Method.java:580)
	at org.springframework.web.method.support.InvocableHandlerMethod.doInvoke(InvocableHandlerMethod.java:252)
	at org.springframework.web.method.support.InvocableHandlerMethod.invokeForRequest(InvocableHandlerMethod.java:184)
	at org.springframework.web.servlet.mvc.method.annotation.ServletInvocableHandlerMethod.invokeAndHandle(ServletInvocableHandlerMethod.java:117)
	at org.springframework.web.servlet.mvc.method.annotation.RequestMappingHandlerAdapter.invokeHandlerMethod(RequestMappingHandlerAdapter.java:934)
	at org.springframework.web.servlet.mvc.method.annotation.RequestMappingHandlerAdapter.handleInternal(RequestMappingHandlerAdapter.java:853)
	at org.springframework.web.servlet.mvc.method.AbstractHandlerMethodAdapter.handle(AbstractHandlerMethodAdapter.java:86)
	at org.springframework.web.servlet.DispatcherServlet.doDispatch(DispatcherServlet.java:963)
	at org.springframework.web.servlet.DispatcherServlet.doService(DispatcherServlet.java:866)
	at org.springframework.web.servlet.FrameworkServlet.processRequest(FrameworkServlet.java:1000)
	at org.springframework.web.servlet.FrameworkServlet.doDelete(FrameworkServlet.java:925)
	at jakarta.servlet.http.HttpServlet.service(HttpServlet.java:651)
	at org.springframework.web.servlet.FrameworkServlet.service(FrameworkServlet.java:874)
	at jakarta.servlet.http.HttpServlet.service(HttpServlet.java:710)
	at org.apache.catalina.core.ApplicationFilterChain.doFilter(ApplicationFilterChain.java:128)
	at org.apache.tomcat.websocket.server.WsFilter.doFilter(WsFilter.java:53)
	at org.apache.catalina.core.ApplicationFilterChain.doFilter(ApplicationFilterChain.java:107)
	at org.springframework.web.filter.OncePerRequestFilter.doFilter(OncePerRequestFilter.java:110)
	at org.apache.catalina.core.ApplicationFilterChain.doFilter(ApplicationFilterChain.java:107)
	at org.springframework.web.filter.OncePerRequestFilter.doFilter(OncePerRequestFilter.java:110)
	at org.apache.catalina.core.ApplicationFilterChain.doFilter(ApplicationFilterChain.java:107)
	at com.abubakar.connectify.configuration.RequestLoggingFilter.doFilterInternal(RequestLoggingFilter.java:30)
	at org.springframework.web.filter.OncePerRequestFilter.doFilter(OncePerRequestFilter.java:116)
	at org.apache.catalina.core.ApplicationFilterChain.doFilter(ApplicationFilterChain.java:107)
	at org.springframework.web.filter.CompositeFilter$VirtualFilterChain.doFilter(CompositeFilter.java:108)
	at org.springframework.security.web.FilterChainProxy.lambda$doFilterInternal$3(FilterChainProxy.java:235)
	at org.springframework.security.web.FilterChainProxy$VirtualFilterChain.doFilter(FilterChainProxy.java:376)
	at org.springframework.security.web.access.intercept.AuthorizationFilter.doFilter(AuthorizationFilter.java:101)
	at org.springframework.security.web.FilterChainProxy$VirtualFilterChain.doFilter(FilterChainProxy.java:385)
	at org.springframework.security.web.access.ExceptionTranslationFilter.doFilter(ExceptionTranslationFilter.java:126)
	at org.springframework.security.web.access.ExceptionTranslationFilter.doFilter(ExceptionTranslationFilter.java:120)
	at org.springframework.security.web.FilterChainProxy$VirtualFilterChain.doFilter(FilterChainProxy.java:385)
	at org.springframework.security.web.session.SessionManagementFilter.doFilter(SessionManagementFilter.java:132)
	at org.springframework.security.web.session.SessionManagementFilter.doFilter(SessionManagementFilter.java:86)
	at org.springframework.security.web.FilterChainProxy$VirtualFilterChain.doFilter(FilterChainProxy.java:385)
	at org.springframework.security.web.authentication.AnonymousAuthenticationFilter.doFilter(AnonymousAuthenticationFilter.java:100)
	at org.springframework.security.web.FilterChainProxy$VirtualFilterChain.doFilter(FilterChainProxy.java:385)
	at org.springframework.security.web.servletapi.SecurityContextHolderAwareRequestFilter.doFilter(SecurityContextHolderAwareRequestFilter.java:181)
	at org.springframework.security.web.FilterChainProxy$VirtualFilterChain.doFilter(FilterChainProxy.java:385)
	at org.springframework.security.web.savedrequest.RequestCacheAwareFilter.doFilter(RequestCacheAwareFilter.java:63)
	at org.springframework.security.web.FilterChainProxy$VirtualFilterChain.doFilter(FilterChainProxy.java:385)
	at org.springframework.security.web.authentication.ui.DefaultLogoutPageGeneratingFilter.doFilterInternal(DefaultLogoutPageGeneratingFilter.java:60)
	at org.springframework.web.filter.OncePerRequestFilter.doFilter(OncePerRequestFilter.java:116)
	at org.springframework.security.web.FilterChainProxy$VirtualFilterChain.doFilter(FilterChainProxy.java:385)
	at org.springframework.security.web.authentication.ui.DefaultLoginPageGeneratingFilter.doFilter(DefaultLoginPageGeneratingFilter.java:246)
	at org.springframework.security.web.authentication.ui.DefaultLoginPageGeneratingFilter.doFilter(DefaultLoginPageGeneratingFilter.java:232)
	at org.springframework.security.web.FilterChainProxy$VirtualFilterChain.doFilter(FilterChainProxy.java:385)
	at org.springframework.security.web.authentication.ui.DefaultResourcesFilter.doFilter(DefaultResourcesFilter.java:73)
	at org.springframework.security.web.FilterChainProxy$VirtualFilterChain.doFilter(FilterChainProxy.java:385)
	at com.abubakar.connectify.security.JwtFilter.doFilterInternal(JwtFilter.java:141)
	at org.springframework.web.filter.OncePerRequestFilter.doFilter(OncePerRequestFilter.java:116)
	at org.springframework.security.web.FilterChainProxy$VirtualFilterChain.doFilter(FilterChainProxy.java:385)
	at org.springframework.security.web.authentication.AbstractAuthenticationProcessingFilter.doFilter(AbstractAuthenticationProcessingFilter.java:245)
	at org.springframework.security.web.authentication.AbstractAuthenticationProcessingFilter.doFilter(AbstractAuthenticationProcessingFilter.java:239)
	at org.springframework.security.web.FilterChainProxy$VirtualFilterChain.doFilter(FilterChainProxy.java:385)
	at org.springframework.security.oauth2.client.web.OAuth2AuthorizationRequestRedirectFilter.doFilterInternal(OAuth2AuthorizationRequestRedirectFilter.java:195)
	at org.springframework.web.filter.OncePerRequestFilter.doFilter(OncePerRequestFilter.java:116)
	at org.springframework.security.web.FilterChainProxy$VirtualFilterChain.doFilter(FilterChainProxy.java:385)
	at org.springframework.security.web.authentication.logout.LogoutFilter.doFilter(LogoutFilter.java:110)
	at org.springframework.security.web.authentication.logout.LogoutFilter.doFilter(LogoutFilter.java:96)
	at org.springframework.security.web.FilterChainProxy$VirtualFilterChain.doFilter(FilterChainProxy.java:385)
	at org.springframework.web.filter.CorsFilter.doFilterInternal(CorsFilter.java:91)
	at org.springframework.web.filter.OncePerRequestFilter.doFilter(OncePerRequestFilter.java:116)
	at org.springframework.security.web.FilterChainProxy$VirtualFilterChain.doFilter(FilterChainProxy.java:385)
	at org.springframework.security.web.header.HeaderWriterFilter.doHeadersAfter(HeaderWriterFilter.java:90)
	at org.springframework.security.web.header.HeaderWriterFilter.doFilterInternal(HeaderWriterFilter.java:75)
	at org.springframework.web.filter.OncePerRequestFilter.doFilter(OncePerRequestFilter.java:116)
	at org.springframework.security.web.FilterChainProxy$VirtualFilterChain.doFilter(FilterChainProxy.java:385)
	at org.springframework.security.web.context.SecurityContextHolderFilter.doFilter(SecurityContextHolderFilter.java:82)
	at org.springframework.security.web.context.SecurityContextHolderFilter.doFilter(SecurityContextHolderFilter.java:69)
	at org.springframework.security.web.FilterChainProxy$VirtualFilterChain.doFilter(FilterChainProxy.java:385)
	at org.springframework.security.web.context.request.async.WebAsyncManagerIntegrationFilter.doFilterInternal(WebAsyncManagerIntegrationFilter.java:62)
	at org.springframework.web.filter.OncePerRequestFilter.doFilter(OncePerRequestFilter.java:116)
	at org.springframework.security.web.FilterChainProxy$VirtualFilterChain.doFilter(FilterChainProxy.java:385)
	at org.springframework.security.web.session.DisableEncodeUrlFilter.doFilterInternal(DisableEncodeUrlFilter.java:42)
	at org.springframework.web.filter.OncePerRequestFilter.doFilter(OncePerRequestFilter.java:116)
	at org.springframework.security.web.FilterChainProxy$VirtualFilterChain.doFilter(FilterChainProxy.java:385)
	at org.springframework.security.web.FilterChainProxy.doFilterInternal(FilterChainProxy.java:237)
	at org.springframework.security.web.FilterChainProxy.doFilter(FilterChainProxy.java:195)
	at org.springframework.web.filter.CompositeFilter$VirtualFilterChain.doFilter(CompositeFilter.java:113)
	at org.springframework.web.filter.ServletRequestPathFilter.doFilter(ServletRequestPathFilter.java:52)
	at org.springframework.web.filter.CompositeFilter$VirtualFilterChain.doFilter(CompositeFilter.java:113)
	at org.springframework.web.filter.CompositeFilter.doFilter(CompositeFilter.java:74)
	at org.springframework.security.config.annotation.web.configuration.WebSecurityConfiguration$CompositeFilterChainProxy.doFilter(WebSecurityConfiguration.java:317)
	at org.springframework.web.filter.DelegatingFilterProxy.invokeDelegate(DelegatingFilterProxy.java:355)
	at org.springframework.web.filter.DelegatingFilterProxy.doFilter(DelegatingFilterProxy.java:272)
	at org.apache.catalina.core.ApplicationFilterChain.doFilter(ApplicationFilterChain.java:107)
	at org.springframework.web.filter.RequestContextFilter.doFilterInternal(RequestContextFilter.java:100)
	at org.springframework.web.filter.OncePerRequestFilter.doFilter(OncePerRequestFilter.java:116)
	at org.apache.catalina.core.ApplicationFilterChain.doFilter(ApplicationFilterChain.java:107)
	at org.springframework.web.filter.FormContentFilter.doFilterInternal(FormContentFilter.java:93)
	at org.springframework.web.filter.OncePerRequestFilter.doFilter(OncePerRequestFilter.java:116)
	at org.apache.catalina.core.ApplicationFilterChain.doFilter(ApplicationFilterChain.java:107)
	at org.springframework.web.filter.CharacterEncodingFilter.doFilterInternal(CharacterEncodingFilter.java:199)
	at org.springframework.web.filter.OncePerRequestFilter.doFilter(OncePerRequestFilter.java:116)
	at org.apache.catalina.core.ApplicationFilterChain.doFilter(ApplicationFilterChain.java:107)
	at org.apache.catalina.core.StandardWrapperValve.invoke(StandardWrapperValve.java:165)
	at org.apache.catalina.core.StandardContextValve.invoke(StandardContextValve.java:77)
	at org.apache.catalina.authenticator.AuthenticatorBase.invoke(AuthenticatorBase.java:492)
	at org.apache.catalina.core.StandardHostValve.invoke(StandardHostValve.java:113)
	at org.apache.catalina.valves.ErrorReportValve.invoke(ErrorReportValve.java:83)
	at org.apache.catalina.core.StandardEngineValve.invoke(StandardEngineValve.java:72)
	at org.apache.catalina.connector.CoyoteAdapter.service(CoyoteAdapter.java:341)
	at org.apache.coyote.http11.Http11Processor.service(Http11Processor.java:397)
	at org.apache.coyote.AbstractProcessorLight.process(AbstractProcessorLight.java:63)
	at org.apache.coyote.AbstractProtocol$ConnectionHandler.process(AbstractProtocol.java:903)
	at org.apache.tomcat.util.net.NioEndpoint$SocketProcessor.doRun(NioEndpoint.java:1801)
	at org.apache.tomcat.util.net.SocketProcessorBase.run(SocketProcessorBase.java:52)
	at org.apache.tomcat.util.threads.ThreadPoolExecutor.runWorker(ThreadPoolExecutor.java:946)
	at org.apache.tomcat.util.threads.ThreadPoolExecutor$Worker.run(ThreadPoolExecutor.java:480)
	at org.apache.tomcat.util.threads.TaskThread$WrappingRunnable.run(TaskThread.java:57)
	at java.base/java.lang.Thread.run(Thread.java:1583)
2026-06-04 17:12:30[INFO]com.abubakar.connectify.configuration.RequestLoggingFilter-DELETE /api/v1/admin/stories/3/permanent | Status: 404
2026-06-04 17:12:48[INFO]com.abubakar.connectify.service.impl.CustomUserDetailsService-Authentication request received for email: admin@gmail.com
2026-06-04 17:12:48[DEBUG]com.abubakar.connectify.service.impl.CustomUserDetailsService-User loaded successfully with email: admin@gmail.com and role: ADMIN
2026-06-04 17:12:48[INFO]com.abubakar.connectify.security.JwtUtils-Token validation result for user admin@gmail.com : true
2026-06-04 17:12:48[INFO]com.abubakar.connectify.security.JwtFilter-User authenticated successfully: admin@gmail.com
2026-06-04 17:12:48[INFO]com.abubakar.connectify.controller.AdminStoryController-Admin permanently delete story API called | storyId: 2
2026-06-04 17:12:48[INFO]com.abubakar.connectify.service.impl.AdminStoryServiceImpl-Admin permanently deleting story | storyId: 2
2026-06-04 17:12:48[DEBUG]com.abubakar.connectify.util.UserAccessValidator-Validating user access | userId: 3
2026-06-04 17:12:48[DEBUG]com.abubakar.connectify.util.UserAccessValidator-User validation successful | userId: 3
2026-06-04 17:12:48[DEBUG]com.abubakar.connectify.util.AuthUtil-Authenticated active user fetched successfully | userId: 3
2026-06-04 17:12:48[INFO]com.abubakar.connectify.service.impl.AdminStoryServiceImpl-Admin validated successfully | adminId: 3
2026-06-04 17:12:48[DEBUG]com.abubakar.connectify.util.StoryAccessValidator-Fetching story | storyId: 2
2026-06-04 17:12:48[INFO]com.abubakar.connectify.service.impl.FileServiceImpl-Delete file request | File: 1_86b95c74-39e9-4e13-8ecd-bd2c9c6eafd6.png | Folder: stories
2026-06-04 17:12:48[INFO]com.abubakar.connectify.service.impl.FileServiceImpl-File deleted successfully: 1_86b95c74-39e9-4e13-8ecd-bd2c9c6eafd6.png
2026-06-04 17:12:48[DEBUG]com.abubakar.connectify.util.UserAccessValidator-Validating user access | userId: 3
2026-06-04 17:12:48[DEBUG]com.abubakar.connectify.util.UserAccessValidator-User validation successful | userId: 3
2026-06-04 17:12:48[DEBUG]com.abubakar.connectify.util.AuthUtil-Authenticated active user fetched successfully | userId: 3
2026-06-04 17:12:48[INFO]com.abubakar.connectify.service.impl.NotificationServiceImpl-Creating system notification | receiverId: 1 | senderId: 3
2026-06-04 17:12:48[DEBUG]com.abubakar.connectify.util.UserAccessValidator-Validating user access | userId: 1
2026-06-04 17:12:48[DEBUG]com.abubakar.connectify.util.UserAccessValidator-User validation successful | userId: 1
2026-06-04 17:12:48[DEBUG]com.abubakar.connectify.util.UserAccessValidator-Validating user access | userId: 3
2026-06-04 17:12:48[DEBUG]com.abubakar.connectify.util.UserAccessValidator-User validation successful | userId: 3
2026-06-04 17:12:48[INFO]com.abubakar.connectify.service.impl.NotificationServiceImpl-System notification created successfully | receiverId: 1
2026-06-04 17:12:48[INFO]com.abubakar.connectify.service.impl.AdminStoryServiceImpl-Story permanently deleted successfully | storyId: 2
2026-06-04 17:12:48[INFO]com.abubakar.connectify.configuration.RequestLoggingFilter-DELETE /api/v1/admin/stories/2/permanent | Status: 200
2026-06-04 17:12:51[INFO]com.abubakar.connectify.service.impl.CustomUserDetailsService-Authentication request received for email: admin@gmail.com
2026-06-04 17:12:51[DEBUG]com.abubakar.connectify.service.impl.CustomUserDetailsService-User loaded successfully with email: admin@gmail.com and role: ADMIN
2026-06-04 17:12:51[INFO]com.abubakar.connectify.security.JwtUtils-Token validation result for user admin@gmail.com : true
2026-06-04 17:12:51[INFO]com.abubakar.connectify.security.JwtFilter-User authenticated successfully: admin@gmail.com
2026-06-04 17:12:51[INFO]com.abubakar.connectify.controller.AdminStoryController-Admin permanently delete story API called | storyId: 2
2026-06-04 17:12:51[INFO]com.abubakar.connectify.service.impl.AdminStoryServiceImpl-Admin permanently deleting story | storyId: 2
2026-06-04 17:12:51[DEBUG]com.abubakar.connectify.util.UserAccessValidator-Validating user access | userId: 3
2026-06-04 17:12:51[DEBUG]com.abubakar.connectify.util.UserAccessValidator-User validation successful | userId: 3
2026-06-04 17:12:51[DEBUG]com.abubakar.connectify.util.AuthUtil-Authenticated active user fetched successfully | userId: 3
2026-06-04 17:12:51[INFO]com.abubakar.connectify.service.impl.AdminStoryServiceImpl-Admin validated successfully | adminId: 3
2026-06-04 17:12:51[DEBUG]com.abubakar.connectify.util.StoryAccessValidator-Fetching story | storyId: 2
2026-06-04 17:12:51[WARN]com.abubakar.connectify.util.StoryAccessValidator-Story not found | storyId: 2
2026-06-04 17:12:51[ERROR]com.abubakar.connectify.exception.GlobalExceptionHandler-Business exception occurred | errorCode: RESOURCE_NOT_FOUND | status: 404 NOT_FOUND | message: Story not found with id: 2
com.abubakar.connectify.exception.ResourceNotFound: Story not found with id: 2
	at com.abubakar.connectify.util.StoryAccessValidator.lambda$getStory$0(StoryAccessValidator.java:98)
	at java.base/java.util.Optional.orElseThrow(Optional.java:403)
	at com.abubakar.connectify.util.StoryAccessValidator.getStory(StoryAccessValidator.java:91)
	at com.abubakar.connectify.service.impl.AdminStoryServiceImpl.permanentlyDeleteStory(AdminStoryServiceImpl.java:302)
	at java.base/jdk.internal.reflect.DirectMethodHandleAccessor.invoke(DirectMethodHandleAccessor.java:103)
	at java.base/java.lang.reflect.Method.invoke(Method.java:580)
	at org.springframework.aop.support.AopUtils.invokeJoinpointUsingReflection(AopUtils.java:359)
	at org.springframework.aop.framework.ReflectiveMethodInvocation.invokeJoinpoint(ReflectiveMethodInvocation.java:190)
	at org.springframework.aop.framework.ReflectiveMethodInvocation.proceed(ReflectiveMethodInvocation.java:158)
	at org.springframework.transaction.interceptor.TransactionInterceptor$1.proceedWithInvocation(TransactionInterceptor.java:133)
	at org.springframework.transaction.interceptor.TransactionAspectSupport.invokeWithinTransaction(TransactionAspectSupport.java:371)
	at org.springframework.transaction.interceptor.TransactionInterceptor.invoke(TransactionInterceptor.java:130)
	at org.springframework.aop.framework.ReflectiveMethodInvocation.proceed(ReflectiveMethodInvocation.java:179)
	at org.springframework.aop.framework.CglibAopProxy$DynamicAdvisedInterceptor.intercept(CglibAopProxy.java:719)
	at com.abubakar.connectify.service.impl.AdminStoryServiceImpl$$SpringCGLIB$$0.permanentlyDeleteStory(<generated>)
	at com.abubakar.connectify.controller.AdminStoryController.permanentlyDeleteStory(AdminStoryController.java:198)
	at java.base/jdk.internal.reflect.DirectMethodHandleAccessor.invoke(DirectMethodHandleAccessor.java:103)
	at java.base/java.lang.reflect.Method.invoke(Method.java:580)
	at org.springframework.web.method.support.InvocableHandlerMethod.doInvoke(InvocableHandlerMethod.java:252)
	at org.springframework.web.method.support.InvocableHandlerMethod.invokeForRequest(InvocableHandlerMethod.java:184)
	at org.springframework.web.servlet.mvc.method.annotation.ServletInvocableHandlerMethod.invokeAndHandle(ServletInvocableHandlerMethod.java:117)
	at org.springframework.web.servlet.mvc.method.annotation.RequestMappingHandlerAdapter.invokeHandlerMethod(RequestMappingHandlerAdapter.java:934)
	at org.springframework.web.servlet.mvc.method.annotation.RequestMappingHandlerAdapter.handleInternal(RequestMappingHandlerAdapter.java:853)
	at org.springframework.web.servlet.mvc.method.AbstractHandlerMethodAdapter.handle(AbstractHandlerMethodAdapter.java:86)
	at org.springframework.web.servlet.DispatcherServlet.doDispatch(DispatcherServlet.java:963)
	at org.springframework.web.servlet.DispatcherServlet.doService(DispatcherServlet.java:866)
	at org.springframework.web.servlet.FrameworkServlet.processRequest(FrameworkServlet.java:1000)
	at org.springframework.web.servlet.FrameworkServlet.doDelete(FrameworkServlet.java:925)
	at jakarta.servlet.http.HttpServlet.service(HttpServlet.java:651)
	at org.springframework.web.servlet.FrameworkServlet.service(FrameworkServlet.java:874)
	at jakarta.servlet.http.HttpServlet.service(HttpServlet.java:710)
	at org.apache.catalina.core.ApplicationFilterChain.doFilter(ApplicationFilterChain.java:128)
	at org.apache.tomcat.websocket.server.WsFilter.doFilter(WsFilter.java:53)
	at org.apache.catalina.core.ApplicationFilterChain.doFilter(ApplicationFilterChain.java:107)
	at org.springframework.web.filter.OncePerRequestFilter.doFilter(OncePerRequestFilter.java:110)
	at org.apache.catalina.core.ApplicationFilterChain.doFilter(ApplicationFilterChain.java:107)
	at org.springframework.web.filter.OncePerRequestFilter.doFilter(OncePerRequestFilter.java:110)
	at org.apache.catalina.core.ApplicationFilterChain.doFilter(ApplicationFilterChain.java:107)
	at com.abubakar.connectify.configuration.RequestLoggingFilter.doFilterInternal(RequestLoggingFilter.java:30)
	at org.springframework.web.filter.OncePerRequestFilter.doFilter(OncePerRequestFilter.java:116)
	at org.apache.catalina.core.ApplicationFilterChain.doFilter(ApplicationFilterChain.java:107)
	at org.springframework.web.filter.CompositeFilter$VirtualFilterChain.doFilter(CompositeFilter.java:108)
	at org.springframework.security.web.FilterChainProxy.lambda$doFilterInternal$3(FilterChainProxy.java:235)
	at org.springframework.security.web.FilterChainProxy$VirtualFilterChain.doFilter(FilterChainProxy.java:376)
	at org.springframework.security.web.access.intercept.AuthorizationFilter.doFilter(AuthorizationFilter.java:101)
	at org.springframework.security.web.FilterChainProxy$VirtualFilterChain.doFilter(FilterChainProxy.java:385)
	at org.springframework.security.web.access.ExceptionTranslationFilter.doFilter(ExceptionTranslationFilter.java:126)
	at org.springframework.security.web.access.ExceptionTranslationFilter.doFilter(ExceptionTranslationFilter.java:120)
	at org.springframework.security.web.FilterChainProxy$VirtualFilterChain.doFilter(FilterChainProxy.java:385)
	at org.springframework.security.web.session.SessionManagementFilter.doFilter(SessionManagementFilter.java:132)
	at org.springframework.security.web.session.SessionManagementFilter.doFilter(SessionManagementFilter.java:86)
	at org.springframework.security.web.FilterChainProxy$VirtualFilterChain.doFilter(FilterChainProxy.java:385)
	at org.springframework.security.web.authentication.AnonymousAuthenticationFilter.doFilter(AnonymousAuthenticationFilter.java:100)
	at org.springframework.security.web.FilterChainProxy$VirtualFilterChain.doFilter(FilterChainProxy.java:385)
	at org.springframework.security.web.servletapi.SecurityContextHolderAwareRequestFilter.doFilter(SecurityContextHolderAwareRequestFilter.java:181)
	at org.springframework.security.web.FilterChainProxy$VirtualFilterChain.doFilter(FilterChainProxy.java:385)
	at org.springframework.security.web.savedrequest.RequestCacheAwareFilter.doFilter(RequestCacheAwareFilter.java:63)
	at org.springframework.security.web.FilterChainProxy$VirtualFilterChain.doFilter(FilterChainProxy.java:385)
	at org.springframework.security.web.authentication.ui.DefaultLogoutPageGeneratingFilter.doFilterInternal(DefaultLogoutPageGeneratingFilter.java:60)
	at org.springframework.web.filter.OncePerRequestFilter.doFilter(OncePerRequestFilter.java:116)
	at org.springframework.security.web.FilterChainProxy$VirtualFilterChain.doFilter(FilterChainProxy.java:385)
	at org.springframework.security.web.authentication.ui.DefaultLoginPageGeneratingFilter.doFilter(DefaultLoginPageGeneratingFilter.java:246)
	at org.springframework.security.web.authentication.ui.DefaultLoginPageGeneratingFilter.doFilter(DefaultLoginPageGeneratingFilter.java:232)
	at org.springframework.security.web.FilterChainProxy$VirtualFilterChain.doFilter(FilterChainProxy.java:385)
	at org.springframework.security.web.authentication.ui.DefaultResourcesFilter.doFilter(DefaultResourcesFilter.java:73)
	at org.springframework.security.web.FilterChainProxy$VirtualFilterChain.doFilter(FilterChainProxy.java:385)
	at com.abubakar.connectify.security.JwtFilter.doFilterInternal(JwtFilter.java:141)
	at org.springframework.web.filter.OncePerRequestFilter.doFilter(OncePerRequestFilter.java:116)
	at org.springframework.security.web.FilterChainProxy$VirtualFilterChain.doFilter(FilterChainProxy.java:385)
	at org.springframework.security.web.authentication.AbstractAuthenticationProcessingFilter.doFilter(AbstractAuthenticationProcessingFilter.java:245)
	at org.springframework.security.web.authentication.AbstractAuthenticationProcessingFilter.doFilter(AbstractAuthenticationProcessingFilter.java:239)
	at org.springframework.security.web.FilterChainProxy$VirtualFilterChain.doFilter(FilterChainProxy.java:385)
	at org.springframework.security.oauth2.client.web.OAuth2AuthorizationRequestRedirectFilter.doFilterInternal(OAuth2AuthorizationRequestRedirectFilter.java:195)
	at org.springframework.web.filter.OncePerRequestFilter.doFilter(OncePerRequestFilter.java:116)
	at org.springframework.security.web.FilterChainProxy$VirtualFilterChain.doFilter(FilterChainProxy.java:385)
	at org.springframework.security.web.authentication.logout.LogoutFilter.doFilter(LogoutFilter.java:110)
	at org.springframework.security.web.authentication.logout.LogoutFilter.doFilter(LogoutFilter.java:96)
	at org.springframework.security.web.FilterChainProxy$VirtualFilterChain.doFilter(FilterChainProxy.java:385)
	at org.springframework.web.filter.CorsFilter.doFilterInternal(CorsFilter.java:91)
	at org.springframework.web.filter.OncePerRequestFilter.doFilter(OncePerRequestFilter.java:116)
	at org.springframework.security.web.FilterChainProxy$VirtualFilterChain.doFilter(FilterChainProxy.java:385)
	at org.springframework.security.web.header.HeaderWriterFilter.doHeadersAfter(HeaderWriterFilter.java:90)
	at org.springframework.security.web.header.HeaderWriterFilter.doFilterInternal(HeaderWriterFilter.java:75)
	at org.springframework.web.filter.OncePerRequestFilter.doFilter(OncePerRequestFilter.java:116)
	at org.springframework.security.web.FilterChainProxy$VirtualFilterChain.doFilter(FilterChainProxy.java:385)
	at org.springframework.security.web.context.SecurityContextHolderFilter.doFilter(SecurityContextHolderFilter.java:82)
	at org.springframework.security.web.context.SecurityContextHolderFilter.doFilter(SecurityContextHolderFilter.java:69)
	at org.springframework.security.web.FilterChainProxy$VirtualFilterChain.doFilter(FilterChainProxy.java:385)
	at org.springframework.security.web.context.request.async.WebAsyncManagerIntegrationFilter.doFilterInternal(WebAsyncManagerIntegrationFilter.java:62)
	at org.springframework.web.filter.OncePerRequestFilter.doFilter(OncePerRequestFilter.java:116)
	at org.springframework.security.web.FilterChainProxy$VirtualFilterChain.doFilter(FilterChainProxy.java:385)
	at org.springframework.security.web.session.DisableEncodeUrlFilter.doFilterInternal(DisableEncodeUrlFilter.java:42)
	at org.springframework.web.filter.OncePerRequestFilter.doFilter(OncePerRequestFilter.java:116)
	at org.springframework.security.web.FilterChainProxy$VirtualFilterChain.doFilter(FilterChainProxy.java:385)
	at org.springframework.security.web.FilterChainProxy.doFilterInternal(FilterChainProxy.java:237)
	at org.springframework.security.web.FilterChainProxy.doFilter(FilterChainProxy.java:195)
	at org.springframework.web.filter.CompositeFilter$VirtualFilterChain.doFilter(CompositeFilter.java:113)
	at org.springframework.web.filter.ServletRequestPathFilter.doFilter(ServletRequestPathFilter.java:52)
	at org.springframework.web.filter.CompositeFilter$VirtualFilterChain.doFilter(CompositeFilter.java:113)
	at org.springframework.web.filter.CompositeFilter.doFilter(CompositeFilter.java:74)
	at org.springframework.security.config.annotation.web.configuration.WebSecurityConfiguration$CompositeFilterChainProxy.doFilter(WebSecurityConfiguration.java:317)
	at org.springframework.web.filter.DelegatingFilterProxy.invokeDelegate(DelegatingFilterProxy.java:355)
	at org.springframework.web.filter.DelegatingFilterProxy.doFilter(DelegatingFilterProxy.java:272)
	at org.apache.catalina.core.ApplicationFilterChain.doFilter(ApplicationFilterChain.java:107)
	at org.springframework.web.filter.RequestContextFilter.doFilterInternal(RequestContextFilter.java:100)
	at org.springframework.web.filter.OncePerRequestFilter.doFilter(OncePerRequestFilter.java:116)
	at org.apache.catalina.core.ApplicationFilterChain.doFilter(ApplicationFilterChain.java:107)
	at org.springframework.web.filter.FormContentFilter.doFilterInternal(FormContentFilter.java:93)
	at org.springframework.web.filter.OncePerRequestFilter.doFilter(OncePerRequestFilter.java:116)
	at org.apache.catalina.core.ApplicationFilterChain.doFilter(ApplicationFilterChain.java:107)
	at org.springframework.web.filter.CharacterEncodingFilter.doFilterInternal(CharacterEncodingFilter.java:199)
	at org.springframework.web.filter.OncePerRequestFilter.doFilter(OncePerRequestFilter.java:116)
	at org.apache.catalina.core.ApplicationFilterChain.doFilter(ApplicationFilterChain.java:107)
	at org.apache.catalina.core.StandardWrapperValve.invoke(StandardWrapperValve.java:165)
	at org.apache.catalina.core.StandardContextValve.invoke(StandardContextValve.java:77)
	at org.apache.catalina.authenticator.AuthenticatorBase.invoke(AuthenticatorBase.java:492)
	at org.apache.catalina.core.StandardHostValve.invoke(StandardHostValve.java:113)
	at org.apache.catalina.valves.ErrorReportValve.invoke(ErrorReportValve.java:83)
	at org.apache.catalina.core.StandardEngineValve.invoke(StandardEngineValve.java:72)
	at org.apache.catalina.connector.CoyoteAdapter.service(CoyoteAdapter.java:341)
	at org.apache.coyote.http11.Http11Processor.service(Http11Processor.java:397)
	at org.apache.coyote.AbstractProcessorLight.process(AbstractProcessorLight.java:63)
	at org.apache.coyote.AbstractProtocol$ConnectionHandler.process(AbstractProtocol.java:903)
	at org.apache.tomcat.util.net.NioEndpoint$SocketProcessor.doRun(NioEndpoint.java:1801)
	at org.apache.tomcat.util.net.SocketProcessorBase.run(SocketProcessorBase.java:52)
	at org.apache.tomcat.util.threads.ThreadPoolExecutor.runWorker(ThreadPoolExecutor.java:946)
	at org.apache.tomcat.util.threads.ThreadPoolExecutor$Worker.run(ThreadPoolExecutor.java:480)
	at org.apache.tomcat.util.threads.TaskThread$WrappingRunnable.run(TaskThread.java:57)
	at java.base/java.lang.Thread.run(Thread.java:1583)
2026-06-04 17:12:51[INFO]com.abubakar.connectify.configuration.RequestLoggingFilter-DELETE /api/v1/admin/stories/2/permanent | Status: 404
2026-06-04 17:20:02[INFO]com.abubakar.connectify.scheduler.StoryCleanupScheduler-Running story cleanup job
2026-06-04 17:20:02[INFO]com.abubakar.connectify.scheduler.StoryCleanupScheduler-Expired stories found: 0
2026-06-04 17:20:02[INFO]com.abubakar.connectify.scheduler.StoryCleanupScheduler-Story cleanup completed
2026-06-04 17:30:02[INFO]com.abubakar.connectify.scheduler.StoryCleanupScheduler-Running story cleanup job
2026-06-04 17:30:02[INFO]com.abubakar.connectify.scheduler.StoryCleanupScheduler-Expired stories found: 0
2026-06-04 17:30:02[INFO]com.abubakar.connectify.scheduler.StoryCleanupScheduler-Story cleanup completed
2026-06-04 17:35:16[INFO]org.springframework.boot.tomcat.GracefulShutdown-Commencing graceful shutdown. Waiting for active requests to complete
2026-06-04 17:35:16[INFO]org.springframework.boot.tomcat.GracefulShutdown-Graceful shutdown complete
2026-06-04 17:35:16[INFO]org.springframework.orm.jpa.LocalContainerEntityManagerFactoryBean-Closing JPA EntityManagerFactory for persistence unit 'default'
2026-06-04 17:35:16[INFO]com.zaxxer.hikari.HikariDataSource-HikariPool-1 - Shutdown initiated...
2026-06-04 17:35:16[INFO]com.zaxxer.hikari.HikariDataSource-HikariPool-1 - Shutdown completed.
2026-06-04 17:35:20[INFO]org.hibernate.validator.internal.util.Version-HV000001: Hibernate Validator 9.0.1.Final
2026-06-04 17:35:20[INFO]com.abubakar.connectify.ConnectifyApplication-Starting ConnectifyApplication using Java 21.0.9 with PID 12556 (C:\Users\wwwab\Desktop\Sem4InternshipPresentation\2\Connectify\backend\target\classes started by wwwab in C:\Users\wwwab\Desktop\Sem4InternshipPresentation\2\Connectify\backend)
2026-06-04 17:35:20[DEBUG]com.abubakar.connectify.ConnectifyApplication-Running with Spring Boot v4.0.6, Spring v7.0.7
2026-06-04 17:35:20[INFO]com.abubakar.connectify.ConnectifyApplication-The following 1 profile is active: "dev"
2026-06-04 17:35:21[INFO]org.springframework.data.repository.config.RepositoryConfigurationDelegate-Multiple Spring Data modules found, entering strict repository configuration mode
2026-06-04 17:35:21[INFO]org.springframework.data.repository.config.RepositoryConfigurationDelegate-Bootstrapping Spring Data JPA repositories in DEFAULT mode.
2026-06-04 17:35:22[INFO]org.springframework.data.repository.config.RepositoryConfigurationDelegate-Finished Spring Data repository scanning in 198 ms. Found 18 JPA repository interfaces.
2026-06-04 17:35:22[INFO]org.springframework.data.repository.config.RepositoryConfigurationDelegate-Multiple Spring Data modules found, entering strict repository configuration mode
2026-06-04 17:35:22[INFO]org.springframework.data.repository.config.RepositoryConfigurationDelegate-Bootstrapping Spring Data Redis repositories in DEFAULT mode.
2026-06-04 17:35:22[INFO]org.springframework.data.repository.config.RepositoryConfigurationExtensionSupport-Spring Data Redis - Could not safely identify store assignment for repository candidate interface com.abubakar.connectify.repository.ChatParticipantRepository; If you want this repository to be a Redis repository, consider annotating your entities with one of these annotations: org.springframework.data.redis.core.RedisHash (preferred), or consider extending one of the following types with your repository: org.springframework.data.keyvalue.repository.KeyValueRepository
2026-06-04 17:35:22[INFO]org.springframework.data.repository.config.RepositoryConfigurationExtensionSupport-Spring Data Redis - Could not safely identify store assignment for repository candidate interface com.abubakar.connectify.repository.ChatRepository; If you want this repository to be a Redis repository, consider annotating your entities with one of these annotations: org.springframework.data.redis.core.RedisHash (preferred), or consider extending one of the following types with your repository: org.springframework.data.keyvalue.repository.KeyValueRepository
2026-06-04 17:35:22[INFO]org.springframework.data.repository.config.RepositoryConfigurationExtensionSupport-Spring Data Redis - Could not safely identify store assignment for repository candidate interface com.abubakar.connectify.repository.CommentRepository; If you want this repository to be a Redis repository, consider annotating your entities with one of these annotations: org.springframework.data.redis.core.RedisHash (preferred), or consider extending one of the following types with your repository: org.springframework.data.keyvalue.repository.KeyValueRepository
2026-06-04 17:35:22[INFO]org.springframework.data.repository.config.RepositoryConfigurationExtensionSupport-Spring Data Redis - Could not safely identify store assignment for repository candidate interface com.abubakar.connectify.repository.FollowRepository; If you want this repository to be a Redis repository, consider annotating your entities with one of these annotations: org.springframework.data.redis.core.RedisHash (preferred), or consider extending one of the following types with your repository: org.springframework.data.keyvalue.repository.KeyValueRepository
2026-06-04 17:35:22[INFO]org.springframework.data.repository.config.RepositoryConfigurationExtensionSupport-Spring Data Redis - Could not safely identify store assignment for repository candidate interface com.abubakar.connectify.repository.HashtagRepository; If you want this repository to be a Redis repository, consider annotating your entities with one of these annotations: org.springframework.data.redis.core.RedisHash (preferred), or consider extending one of the following types with your repository: org.springframework.data.keyvalue.repository.KeyValueRepository
2026-06-04 17:35:22[INFO]org.springframework.data.repository.config.RepositoryConfigurationExtensionSupport-Spring Data Redis - Could not safely identify store assignment for repository candidate interface com.abubakar.connectify.repository.LikeRepository; If you want this repository to be a Redis repository, consider annotating your entities with one of these annotations: org.springframework.data.redis.core.RedisHash (preferred), or consider extending one of the following types with your repository: org.springframework.data.keyvalue.repository.KeyValueRepository
2026-06-04 17:35:22[INFO]org.springframework.data.repository.config.RepositoryConfigurationExtensionSupport-Spring Data Redis - Could not safely identify store assignment for repository candidate interface com.abubakar.connectify.repository.MediaRepository; If you want this repository to be a Redis repository, consider annotating your entities with one of these annotations: org.springframework.data.redis.core.RedisHash (preferred), or consider extending one of the following types with your repository: org.springframework.data.keyvalue.repository.KeyValueRepository
2026-06-04 17:35:22[INFO]org.springframework.data.repository.config.RepositoryConfigurationExtensionSupport-Spring Data Redis - Could not safely identify store assignment for repository candidate interface com.abubakar.connectify.repository.MessageRepository; If you want this repository to be a Redis repository, consider annotating your entities with one of these annotations: org.springframework.data.redis.core.RedisHash (preferred), or consider extending one of the following types with your repository: org.springframework.data.keyvalue.repository.KeyValueRepository
2026-06-04 17:35:22[INFO]org.springframework.data.repository.config.RepositoryConfigurationExtensionSupport-Spring Data Redis - Could not safely identify store assignment for repository candidate interface com.abubakar.connectify.repository.NotificationRepository; If you want this repository to be a Redis repository, consider annotating your entities with one of these annotations: org.springframework.data.redis.core.RedisHash (preferred), or consider extending one of the following types with your repository: org.springframework.data.keyvalue.repository.KeyValueRepository
2026-06-04 17:35:22[INFO]org.springframework.data.repository.config.RepositoryConfigurationExtensionSupport-Spring Data Redis - Could not safely identify store assignment for repository candidate interface com.abubakar.connectify.repository.PostRepository; If you want this repository to be a Redis repository, consider annotating your entities with one of these annotations: org.springframework.data.redis.core.RedisHash (preferred), or consider extending one of the following types with your repository: org.springframework.data.keyvalue.repository.KeyValueRepository
2026-06-04 17:35:22[INFO]org.springframework.data.repository.config.RepositoryConfigurationExtensionSupport-Spring Data Redis - Could not safely identify store assignment for repository candidate interface com.abubakar.connectify.repository.RefreshTokenRepository; If you want this repository to be a Redis repository, consider annotating your entities with one of these annotations: org.springframework.data.redis.core.RedisHash (preferred), or consider extending one of the following types with your repository: org.springframework.data.keyvalue.repository.KeyValueRepository
2026-06-04 17:35:22[INFO]org.springframework.data.repository.config.RepositoryConfigurationExtensionSupport-Spring Data Redis - Could not safely identify store assignment for repository candidate interface com.abubakar.connectify.repository.ReportRepository; If you want this repository to be a Redis repository, consider annotating your entities with one of these annotations: org.springframework.data.redis.core.RedisHash (preferred), or consider extending one of the following types with your repository: org.springframework.data.keyvalue.repository.KeyValueRepository
2026-06-04 17:35:22[INFO]org.springframework.data.repository.config.RepositoryConfigurationExtensionSupport-Spring Data Redis - Could not safely identify store assignment for repository candidate interface com.abubakar.connectify.repository.SavedPostRepository; If you want this repository to be a Redis repository, consider annotating your entities with one of these annotations: org.springframework.data.redis.core.RedisHash (preferred), or consider extending one of the following types with your repository: org.springframework.data.keyvalue.repository.KeyValueRepository
2026-06-04 17:35:22[INFO]org.springframework.data.repository.config.RepositoryConfigurationExtensionSupport-Spring Data Redis - Could not safely identify store assignment for repository candidate interface com.abubakar.connectify.repository.StoryReactionRepository; If you want this repository to be a Redis repository, consider annotating your entities with one of these annotations: org.springframework.data.redis.core.RedisHash (preferred), or consider extending one of the following types with your repository: org.springframework.data.keyvalue.repository.KeyValueRepository
2026-06-04 17:35:22[INFO]org.springframework.data.repository.config.RepositoryConfigurationExtensionSupport-Spring Data Redis - Could not safely identify store assignment for repository candidate interface com.abubakar.connectify.repository.StoryReplyRepository; If you want this repository to be a Redis repository, consider annotating your entities with one of these annotations: org.springframework.data.redis.core.RedisHash (preferred), or consider extending one of the following types with your repository: org.springframework.data.keyvalue.repository.KeyValueRepository
2026-06-04 17:35:22[INFO]org.springframework.data.repository.config.RepositoryConfigurationExtensionSupport-Spring Data Redis - Could not safely identify store assignment for repository candidate interface com.abubakar.connectify.repository.StoryRepository; If you want this repository to be a Redis repository, consider annotating your entities with one of these annotations: org.springframework.data.redis.core.RedisHash (preferred), or consider extending one of the following types with your repository: org.springframework.data.keyvalue.repository.KeyValueRepository
2026-06-04 17:35:22[INFO]org.springframework.data.repository.config.RepositoryConfigurationExtensionSupport-Spring Data Redis - Could not safely identify store assignment for repository candidate interface com.abubakar.connectify.repository.StoryViewRepository; If you want this repository to be a Redis repository, consider annotating your entities with one of these annotations: org.springframework.data.redis.core.RedisHash (preferred), or consider extending one of the following types with your repository: org.springframework.data.keyvalue.repository.KeyValueRepository
2026-06-04 17:35:22[INFO]org.springframework.data.repository.config.RepositoryConfigurationExtensionSupport-Spring Data Redis - Could not safely identify store assignment for repository candidate interface com.abubakar.connectify.repository.UserRepository; If you want this repository to be a Redis repository, consider annotating your entities with one of these annotations: org.springframework.data.redis.core.RedisHash (preferred), or consider extending one of the following types with your repository: org.springframework.data.keyvalue.repository.KeyValueRepository
2026-06-04 17:35:22[INFO]org.springframework.data.repository.config.RepositoryConfigurationDelegate-Finished Spring Data repository scanning in 13 ms. Found 0 Redis repository interfaces.
2026-06-04 17:35:23[INFO]org.springframework.boot.tomcat.TomcatWebServer-Tomcat initialized with port 8080 (http)
2026-06-04 17:35:23[INFO]org.apache.coyote.http11.Http11NioProtocol-Initializing ProtocolHandler ["http-nio-8080"]
2026-06-04 17:35:23[INFO]org.apache.catalina.core.StandardService-Starting service [Tomcat]
2026-06-04 17:35:23[INFO]org.apache.catalina.core.StandardEngine-Starting Servlet engine: [Apache Tomcat/11.0.21]
2026-06-04 17:35:23[INFO]org.springframework.boot.web.context.servlet.WebApplicationContextInitializer-Root WebApplicationContext: initialization completed in 2404 ms
2026-06-04 17:35:23[INFO]org.hibernate.orm.jpa-HHH008540: Processing PersistenceUnitInfo [name: default]
2026-06-04 17:35:23[INFO]org.hibernate.orm.core-HHH000001: Hibernate ORM core version 7.2.12.Final
2026-06-04 17:35:23[INFO]org.springframework.orm.jpa.persistenceunit.SpringPersistenceUnitInfo-No LoadTimeWeaver setup: ignoring JPA class transformer
2026-06-04 17:35:23[INFO]com.zaxxer.hikari.HikariDataSource-HikariPool-1 - Starting...
2026-06-04 17:35:24[INFO]com.zaxxer.hikari.pool.HikariPool-HikariPool-1 - Added connection com.mysql.cj.jdbc.ConnectionImpl@57fec63f
2026-06-04 17:35:24[INFO]com.zaxxer.hikari.HikariDataSource-HikariPool-1 - Start completed.
2026-06-04 17:35:24[INFO]org.hibernate.orm.connections.pooling-HHH10001005: Database info:
	Database JDBC URL [jdbc:mysql://localhost:3306/connectifyApp]
	Database driver: MySQL Connector/J
	Database dialect: MySQLDialect
	Database version: 8.0.43
	Default catalog/schema: connectifyApp/undefined
	Autocommit mode: undefined/unknown
	Isolation level: REPEATABLE_READ [default REPEATABLE_READ]
	JDBC fetch size: none
	Pool: DataSourceConnectionProvider
	Minimum pool size: undefined/unknown
	Maximum pool size: undefined/unknown
2026-06-04 17:35:25[INFO]org.hibernate.orm.core-HHH000489: No JTA platform available (set 'hibernate.transaction.jta.platform' to enable JTA platform integration)
2026-06-04 17:35:25[INFO]org.springframework.orm.jpa.LocalContainerEntityManagerFactoryBean-Initialized JPA EntityManagerFactory for persistence unit 'default'
2026-06-04 17:35:25[INFO]org.springframework.data.jpa.repository.query.QueryEnhancerFactories-Hibernate is in classpath; If applicable, HQL parser will be used.
2026-06-04 17:35:26[DEBUG]com.abubakar.connectify.configuration.RequestLoggingFilter-Filter 'requestLoggingFilter' configured for use
2026-06-04 17:35:26[DEBUG]com.abubakar.connectify.security.JwtFilter-Filter 'jwtFilter' configured for use
2026-06-04 17:35:26[INFO]org.springframework.security.config.annotation.authentication.configuration.InitializeAuthenticationProviderBeanManagerConfigurer$InitializeAuthenticationProviderManagerConfigurer-Global AuthenticationManager configured with AuthenticationProvider bean with name authenticationProvider
2026-06-04 17:35:26[WARN]org.springframework.security.config.annotation.authentication.configuration.InitializeUserDetailsBeanManagerConfigurer$InitializeUserDetailsManagerConfigurer-Global AuthenticationManager configured with an AuthenticationProvider bean. UserDetailsService beans will not be used by Spring Security for automatically configuring username/password login. Consider removing the AuthenticationProvider bean. Alternatively, consider using the UserDetailsService in a manually instantiated DaoAuthenticationProvider. If the current configuration is intentional, to turn off this warning, increase the logging level of 'org.springframework.security.config.annotation.authentication.configuration.InitializeUserDetailsBeanManagerConfigurer' to ERROR
2026-06-04 17:35:28[INFO]org.apache.coyote.http11.Http11NioProtocol-Starting ProtocolHandler ["http-nio-8080"]
2026-06-04 17:35:28[INFO]org.springframework.boot.tomcat.TomcatWebServer-Tomcat started on port 8080 (http) with context path '/'
2026-06-04 17:35:28[INFO]com.abubakar.connectify.ConnectifyApplication-Started ConnectifyApplication in 8.471 seconds (process running for 9.03)
2026-06-04 17:35:28[INFO]com.abubakar.connectify.scheduler.StoryCleanupScheduler-Running story cleanup job
2026-06-04 17:35:28[INFO]com.abubakar.connectify.scheduler.StoryCleanupScheduler-Expired stories found: 0
2026-06-04 17:35:28[INFO]com.abubakar.connectify.scheduler.StoryCleanupScheduler-Story cleanup completed
2026-06-04 17:36:44[INFO]org.apache.catalina.core.ContainerBase.[Tomcat].[localhost].[/]-Initializing Spring DispatcherServlet 'dispatcherServlet'
2026-06-04 17:36:44[INFO]org.springframework.web.servlet.DispatcherServlet-Initializing Servlet 'dispatcherServlet'
2026-06-04 17:36:44[INFO]org.springframework.web.servlet.DispatcherServlet-Completed initialization in 4 ms
2026-06-04 17:36:45[INFO]com.abubakar.connectify.controller.AuthController-Login Api initiated for: abu@gmail.com
2026-06-04 17:36:45[DEBUG]com.abubakar.connectify.service.impl.AuthServiceImpl-Starting login | email: abu@gmail.com
2026-06-04 17:36:45[INFO]com.abubakar.connectify.service.impl.CustomUserDetailsService-Authentication request received for email: abu@gmail.com
2026-06-04 17:36:45[DEBUG]com.abubakar.connectify.service.impl.CustomUserDetailsService-User loaded successfully with email: abu@gmail.com and role: USER
2026-06-04 17:36:45[INFO]com.abubakar.connectify.security.JwtUtils-Generating token for user: abu@gmail.com
2026-06-04 17:36:45[INFO]com.abubakar.connectify.service.impl.RefreshTokenServiceImpl-Refresh token created/updated | userId: 1
2026-06-04 17:36:45[INFO]com.abubakar.connectify.service.impl.AuthServiceImpl-Login successful | userId: 1 | email: abu@gmail.com
2026-06-04 17:36:46[INFO]com.abubakar.connectify.configuration.RequestLoggingFilter-POST /api/v1/auth/login | Status: 200
2026-06-04 17:44:43[INFO]com.abubakar.connectify.service.impl.CustomUserDetailsService-Authentication request received for email: abu@gmail.com
2026-06-04 17:44:43[DEBUG]com.abubakar.connectify.service.impl.CustomUserDetailsService-User loaded successfully with email: abu@gmail.com and role: USER
2026-06-04 17:44:43[INFO]com.abubakar.connectify.security.JwtUtils-Token validation result for user abu@gmail.com : true
2026-06-04 17:44:43[INFO]com.abubakar.connectify.security.JwtFilter-User authenticated successfully: abu@gmail.com
2026-06-04 17:44:43[INFO]com.abubakar.connectify.controller.ChatController-Get chats API request received | cursor: null | size: 20
2026-06-04 17:44:43[INFO]com.abubakar.connectify.service.impl.ChatServiceImpl-Fetching user chats
2026-06-04 17:44:43[DEBUG]com.abubakar.connectify.util.UserAccessValidator-Validating user access | userId: 1
2026-06-04 17:44:43[DEBUG]com.abubakar.connectify.util.UserAccessValidator-User validation successful | userId: 1
2026-06-04 17:44:43[DEBUG]com.abubakar.connectify.util.AuthUtil-Authenticated active user fetched successfully | userId: 1
2026-06-04 17:44:43[INFO]com.abubakar.connectify.service.impl.ChatServiceImpl-Fetching chats for user | userId: 1 | cursor: null | size: 20
2026-06-04 17:44:43[INFO]com.abubakar.connectify.configuration.RequestLoggingFilter-GET /api/v1/chats | Status: 200
2026-06-04 17:45:28[INFO]com.abubakar.connectify.scheduler.StoryCleanupScheduler-Running story cleanup job
2026-06-04 17:45:28[INFO]com.abubakar.connectify.scheduler.StoryCleanupScheduler-Expired stories found: 0
2026-06-04 17:45:28[INFO]com.abubakar.connectify.scheduler.StoryCleanupScheduler-Story cleanup completed
2026-06-04 17:48:05[INFO]org.springframework.boot.tomcat.GracefulShutdown-Commencing graceful shutdown. Waiting for active requests to complete
2026-06-04 17:48:05[INFO]org.springframework.boot.tomcat.GracefulShutdown-Graceful shutdown complete
2026-06-04 17:48:05[INFO]org.springframework.orm.jpa.LocalContainerEntityManagerFactoryBean-Closing JPA EntityManagerFactory for persistence unit 'default'
2026-06-04 17:48:05[INFO]com.zaxxer.hikari.HikariDataSource-HikariPool-1 - Shutdown initiated...
2026-06-04 17:48:05[INFO]com.zaxxer.hikari.HikariDataSource-HikariPool-1 - Shutdown completed.
2026-06-04 17:48:09[INFO]org.hibernate.validator.internal.util.Version-HV000001: Hibernate Validator 9.0.1.Final
2026-06-04 17:48:09[INFO]com.abubakar.connectify.ConnectifyApplication-Starting ConnectifyApplication using Java 21.0.9 with PID 19320 (C:\Users\wwwab\Desktop\Sem4InternshipPresentation\2\Connectify\backend\target\classes started by wwwab in C:\Users\wwwab\Desktop\Sem4InternshipPresentation\2\Connectify\backend)
2026-06-04 17:48:09[DEBUG]com.abubakar.connectify.ConnectifyApplication-Running with Spring Boot v4.0.6, Spring v7.0.7
2026-06-04 17:48:09[INFO]com.abubakar.connectify.ConnectifyApplication-The following 1 profile is active: "dev"
2026-06-04 17:48:10[INFO]org.springframework.data.repository.config.RepositoryConfigurationDelegate-Multiple Spring Data modules found, entering strict repository configuration mode
2026-06-04 17:48:10[INFO]org.springframework.data.repository.config.RepositoryConfigurationDelegate-Bootstrapping Spring Data JPA repositories in DEFAULT mode.
2026-06-04 17:48:10[INFO]org.springframework.data.repository.config.RepositoryConfigurationDelegate-Finished Spring Data repository scanning in 200 ms. Found 18 JPA repository interfaces.
2026-06-04 17:48:10[INFO]org.springframework.data.repository.config.RepositoryConfigurationDelegate-Multiple Spring Data modules found, entering strict repository configuration mode
2026-06-04 17:48:10[INFO]org.springframework.data.repository.config.RepositoryConfigurationDelegate-Bootstrapping Spring Data Redis repositories in DEFAULT mode.
2026-06-04 17:48:10[INFO]org.springframework.data.repository.config.RepositoryConfigurationExtensionSupport-Spring Data Redis - Could not safely identify store assignment for repository candidate interface com.abubakar.connectify.repository.ChatParticipantRepository; If you want this repository to be a Redis repository, consider annotating your entities with one of these annotations: org.springframework.data.redis.core.RedisHash (preferred), or consider extending one of the following types with your repository: org.springframework.data.keyvalue.repository.KeyValueRepository
2026-06-04 17:48:10[INFO]org.springframework.data.repository.config.RepositoryConfigurationExtensionSupport-Spring Data Redis - Could not safely identify store assignment for repository candidate interface com.abubakar.connectify.repository.ChatRepository; If you want this repository to be a Redis repository, consider annotating your entities with one of these annotations: org.springframework.data.redis.core.RedisHash (preferred), or consider extending one of the following types with your repository: org.springframework.data.keyvalue.repository.KeyValueRepository
2026-06-04 17:48:10[INFO]org.springframework.data.repository.config.RepositoryConfigurationExtensionSupport-Spring Data Redis - Could not safely identify store assignment for repository candidate interface com.abubakar.connectify.repository.CommentRepository; If you want this repository to be a Redis repository, consider annotating your entities with one of these annotations: org.springframework.data.redis.core.RedisHash (preferred), or consider extending one of the following types with your repository: org.springframework.data.keyvalue.repository.KeyValueRepository
2026-06-04 17:48:10[INFO]org.springframework.data.repository.config.RepositoryConfigurationExtensionSupport-Spring Data Redis - Could not safely identify store assignment for repository candidate interface com.abubakar.connectify.repository.FollowRepository; If you want this repository to be a Redis repository, consider annotating your entities with one of these annotations: org.springframework.data.redis.core.RedisHash (preferred), or consider extending one of the following types with your repository: org.springframework.data.keyvalue.repository.KeyValueRepository
2026-06-04 17:48:10[INFO]org.springframework.data.repository.config.RepositoryConfigurationExtensionSupport-Spring Data Redis - Could not safely identify store assignment for repository candidate interface com.abubakar.connectify.repository.HashtagRepository; If you want this repository to be a Redis repository, consider annotating your entities with one of these annotations: org.springframework.data.redis.core.RedisHash (preferred), or consider extending one of the following types with your repository: org.springframework.data.keyvalue.repository.KeyValueRepository
2026-06-04 17:48:10[INFO]org.springframework.data.repository.config.RepositoryConfigurationExtensionSupport-Spring Data Redis - Could not safely identify store assignment for repository candidate interface com.abubakar.connectify.repository.LikeRepository; If you want this repository to be a Redis repository, consider annotating your entities with one of these annotations: org.springframework.data.redis.core.RedisHash (preferred), or consider extending one of the following types with your repository: org.springframework.data.keyvalue.repository.KeyValueRepository
2026-06-04 17:48:10[INFO]org.springframework.data.repository.config.RepositoryConfigurationExtensionSupport-Spring Data Redis - Could not safely identify store assignment for repository candidate interface com.abubakar.connectify.repository.MediaRepository; If you want this repository to be a Redis repository, consider annotating your entities with one of these annotations: org.springframework.data.redis.core.RedisHash (preferred), or consider extending one of the following types with your repository: org.springframework.data.keyvalue.repository.KeyValueRepository
2026-06-04 17:48:10[INFO]org.springframework.data.repository.config.RepositoryConfigurationExtensionSupport-Spring Data Redis - Could not safely identify store assignment for repository candidate interface com.abubakar.connectify.repository.MessageRepository; If you want this repository to be a Redis repository, consider annotating your entities with one of these annotations: org.springframework.data.redis.core.RedisHash (preferred), or consider extending one of the following types with your repository: org.springframework.data.keyvalue.repository.KeyValueRepository
2026-06-04 17:48:10[INFO]org.springframework.data.repository.config.RepositoryConfigurationExtensionSupport-Spring Data Redis - Could not safely identify store assignment for repository candidate interface com.abubakar.connectify.repository.NotificationRepository; If you want this repository to be a Redis repository, consider annotating your entities with one of these annotations: org.springframework.data.redis.core.RedisHash (preferred), or consider extending one of the following types with your repository: org.springframework.data.keyvalue.repository.KeyValueRepository
2026-06-04 17:48:10[INFO]org.springframework.data.repository.config.RepositoryConfigurationExtensionSupport-Spring Data Redis - Could not safely identify store assignment for repository candidate interface com.abubakar.connectify.repository.PostRepository; If you want this repository to be a Redis repository, consider annotating your entities with one of these annotations: org.springframework.data.redis.core.RedisHash (preferred), or consider extending one of the following types with your repository: org.springframework.data.keyvalue.repository.KeyValueRepository
2026-06-04 17:48:10[INFO]org.springframework.data.repository.config.RepositoryConfigurationExtensionSupport-Spring Data Redis - Could not safely identify store assignment for repository candidate interface com.abubakar.connectify.repository.RefreshTokenRepository; If you want this repository to be a Redis repository, consider annotating your entities with one of these annotations: org.springframework.data.redis.core.RedisHash (preferred), or consider extending one of the following types with your repository: org.springframework.data.keyvalue.repository.KeyValueRepository
2026-06-04 17:48:10[INFO]org.springframework.data.repository.config.RepositoryConfigurationExtensionSupport-Spring Data Redis - Could not safely identify store assignment for repository candidate interface com.abubakar.connectify.repository.ReportRepository; If you want this repository to be a Redis repository, consider annotating your entities with one of these annotations: org.springframework.data.redis.core.RedisHash (preferred), or consider extending one of the following types with your repository: org.springframework.data.keyvalue.repository.KeyValueRepository
2026-06-04 17:48:10[INFO]org.springframework.data.repository.config.RepositoryConfigurationExtensionSupport-Spring Data Redis - Could not safely identify store assignment for repository candidate interface com.abubakar.connectify.repository.SavedPostRepository; If you want this repository to be a Redis repository, consider annotating your entities with one of these annotations: org.springframework.data.redis.core.RedisHash (preferred), or consider extending one of the following types with your repository: org.springframework.data.keyvalue.repository.KeyValueRepository
2026-06-04 17:48:10[INFO]org.springframework.data.repository.config.RepositoryConfigurationExtensionSupport-Spring Data Redis - Could not safely identify store assignment for repository candidate interface com.abubakar.connectify.repository.StoryReactionRepository; If you want this repository to be a Redis repository, consider annotating your entities with one of these annotations: org.springframework.data.redis.core.RedisHash (preferred), or consider extending one of the following types with your repository: org.springframework.data.keyvalue.repository.KeyValueRepository
2026-06-04 17:48:10[INFO]org.springframework.data.repository.config.RepositoryConfigurationExtensionSupport-Spring Data Redis - Could not safely identify store assignment for repository candidate interface com.abubakar.connectify.repository.StoryReplyRepository; If you want this repository to be a Redis repository, consider annotating your entities with one of these annotations: org.springframework.data.redis.core.RedisHash (preferred), or consider extending one of the following types with your repository: org.springframework.data.keyvalue.repository.KeyValueRepository
2026-06-04 17:48:10[INFO]org.springframework.data.repository.config.RepositoryConfigurationExtensionSupport-Spring Data Redis - Could not safely identify store assignment for repository candidate interface com.abubakar.connectify.repository.StoryRepository; If you want this repository to be a Redis repository, consider annotating your entities with one of these annotations: org.springframework.data.redis.core.RedisHash (preferred), or consider extending one of the following types with your repository: org.springframework.data.keyvalue.repository.KeyValueRepository
2026-06-04 17:48:10[INFO]org.springframework.data.repository.config.RepositoryConfigurationExtensionSupport-Spring Data Redis - Could not safely identify store assignment for repository candidate interface com.abubakar.connectify.repository.StoryViewRepository; If you want this repository to be a Redis repository, consider annotating your entities with one of these annotations: org.springframework.data.redis.core.RedisHash (preferred), or consider extending one of the following types with your repository: org.springframework.data.keyvalue.repository.KeyValueRepository
2026-06-04 17:48:10[INFO]org.springframework.data.repository.config.RepositoryConfigurationExtensionSupport-Spring Data Redis - Could not safely identify store assignment for repository candidate interface com.abubakar.connectify.repository.UserRepository; If you want this repository to be a Redis repository, consider annotating your entities with one of these annotations: org.springframework.data.redis.core.RedisHash (preferred), or consider extending one of the following types with your repository: org.springframework.data.keyvalue.repository.KeyValueRepository
2026-06-04 17:48:10[INFO]org.springframework.data.repository.config.RepositoryConfigurationDelegate-Finished Spring Data repository scanning in 14 ms. Found 0 Redis repository interfaces.
2026-06-04 17:48:11[INFO]org.springframework.boot.tomcat.TomcatWebServer-Tomcat initialized with port 8080 (http)
2026-06-04 17:48:11[INFO]org.apache.coyote.http11.Http11NioProtocol-Initializing ProtocolHandler ["http-nio-8080"]
2026-06-04 17:48:11[INFO]org.apache.catalina.core.StandardService-Starting service [Tomcat]
2026-06-04 17:48:11[INFO]org.apache.catalina.core.StandardEngine-Starting Servlet engine: [Apache Tomcat/11.0.21]
2026-06-04 17:48:11[INFO]org.springframework.boot.web.context.servlet.WebApplicationContextInitializer-Root WebApplicationContext: initialization completed in 2446 ms
2026-06-04 17:48:12[INFO]org.hibernate.orm.jpa-HHH008540: Processing PersistenceUnitInfo [name: default]
2026-06-04 17:48:12[INFO]org.hibernate.orm.core-HHH000001: Hibernate ORM core version 7.2.12.Final
2026-06-04 17:48:12[INFO]org.springframework.orm.jpa.persistenceunit.SpringPersistenceUnitInfo-No LoadTimeWeaver setup: ignoring JPA class transformer
2026-06-04 17:48:12[INFO]com.zaxxer.hikari.HikariDataSource-HikariPool-1 - Starting...
2026-06-04 17:48:12[INFO]com.zaxxer.hikari.pool.HikariPool-HikariPool-1 - Added connection com.mysql.cj.jdbc.ConnectionImpl@156eeff1
2026-06-04 17:48:12[INFO]com.zaxxer.hikari.HikariDataSource-HikariPool-1 - Start completed.
2026-06-04 17:48:12[INFO]org.hibernate.orm.connections.pooling-HHH10001005: Database info:
	Database JDBC URL [jdbc:mysql://localhost:3306/connectifyApp]
	Database driver: MySQL Connector/J
	Database dialect: MySQLDialect
	Database version: 8.0.43
	Default catalog/schema: connectifyApp/undefined
	Autocommit mode: undefined/unknown
	Isolation level: REPEATABLE_READ [default REPEATABLE_READ]
	JDBC fetch size: none
	Pool: DataSourceConnectionProvider
	Minimum pool size: undefined/unknown
	Maximum pool size: undefined/unknown
2026-06-04 17:48:14[INFO]org.hibernate.orm.core-HHH000489: No JTA platform available (set 'hibernate.transaction.jta.platform' to enable JTA platform integration)
2026-06-04 17:48:14[INFO]org.springframework.orm.jpa.LocalContainerEntityManagerFactoryBean-Initialized JPA EntityManagerFactory for persistence unit 'default'
2026-06-04 17:48:14[INFO]org.springframework.data.jpa.repository.query.QueryEnhancerFactories-Hibernate is in classpath; If applicable, HQL parser will be used.
2026-06-04 17:48:15[DEBUG]com.abubakar.connectify.configuration.RequestLoggingFilter-Filter 'requestLoggingFilter' configured for use
2026-06-04 17:48:15[DEBUG]com.abubakar.connectify.security.JwtFilter-Filter 'jwtFilter' configured for use
2026-06-04 17:48:15[INFO]org.springframework.security.config.annotation.authentication.configuration.InitializeAuthenticationProviderBeanManagerConfigurer$InitializeAuthenticationProviderManagerConfigurer-Global AuthenticationManager configured with AuthenticationProvider bean with name authenticationProvider
2026-06-04 17:48:15[WARN]org.springframework.security.config.annotation.authentication.configuration.InitializeUserDetailsBeanManagerConfigurer$InitializeUserDetailsManagerConfigurer-Global AuthenticationManager configured with an AuthenticationProvider bean. UserDetailsService beans will not be used by Spring Security for automatically configuring username/password login. Consider removing the AuthenticationProvider bean. Alternatively, consider using the UserDetailsService in a manually instantiated DaoAuthenticationProvider. If the current configuration is intentional, to turn off this warning, increase the logging level of 'org.springframework.security.config.annotation.authentication.configuration.InitializeUserDetailsBeanManagerConfigurer' to ERROR
2026-06-04 17:48:17[INFO]org.apache.coyote.http11.Http11NioProtocol-Starting ProtocolHandler ["http-nio-8080"]
2026-06-04 17:48:17[INFO]org.springframework.boot.tomcat.TomcatWebServer-Tomcat started on port 8080 (http) with context path '/'
2026-06-04 17:48:17[INFO]com.abubakar.connectify.ConnectifyApplication-Started ConnectifyApplication in 8.473 seconds (process running for 9.048)
2026-06-04 17:48:17[INFO]com.abubakar.connectify.scheduler.StoryCleanupScheduler-Running story cleanup job
2026-06-04 17:48:17[INFO]com.abubakar.connectify.scheduler.StoryCleanupScheduler-Expired stories found: 0
2026-06-04 17:48:17[INFO]com.abubakar.connectify.scheduler.StoryCleanupScheduler-Story cleanup completed
2026-06-04 17:51:25[INFO]org.apache.catalina.core.ContainerBase.[Tomcat].[localhost].[/]-Initializing Spring DispatcherServlet 'dispatcherServlet'
2026-06-04 17:51:25[INFO]org.springframework.web.servlet.DispatcherServlet-Initializing Servlet 'dispatcherServlet'
2026-06-04 17:51:25[INFO]org.springframework.web.servlet.DispatcherServlet-Completed initialization in 2 ms
2026-06-04 17:51:25[INFO]com.abubakar.connectify.service.impl.CustomUserDetailsService-Authentication request received for email: abu@gmail.com
2026-06-04 17:51:26[DEBUG]com.abubakar.connectify.service.impl.CustomUserDetailsService-User loaded successfully with email: abu@gmail.com and role: USER
2026-06-04 17:51:26[INFO]com.abubakar.connectify.security.JwtUtils-Token validation result for user abu@gmail.com : true
2026-06-04 17:51:26[INFO]com.abubakar.connectify.security.JwtFilter-User authenticated successfully: abu@gmail.com
2026-06-04 17:51:26[INFO]com.abubakar.connectify.controller.AuthController-Fetching Current User Api initiated.
2026-06-04 17:51:26[DEBUG]com.abubakar.connectify.service.impl.AuthServiceImpl-Fetching current user
2026-06-04 17:51:26[DEBUG]com.abubakar.connectify.util.UserAccessValidator-Validating user access | userId: 1
2026-06-04 17:51:26[DEBUG]com.abubakar.connectify.util.UserAccessValidator-User validation successful | userId: 1
2026-06-04 17:51:26[DEBUG]com.abubakar.connectify.util.AuthUtil-Authenticated active user fetched successfully | userId: 1
2026-06-04 17:51:26[INFO]com.abubakar.connectify.service.impl.AuthServiceImpl-Current user fetched successfully | userId: 1
2026-06-04 17:51:26[INFO]com.abubakar.connectify.configuration.RequestLoggingFilter-GET /api/v1/auth/me | Status: 200
2026-06-04 17:51:44[INFO]com.abubakar.connectify.service.impl.CustomUserDetailsService-Authentication request received for email: abu@gmail.com
2026-06-04 17:51:44[DEBUG]com.abubakar.connectify.service.impl.CustomUserDetailsService-User loaded successfully with email: abu@gmail.com and role: USER
2026-06-04 17:51:44[INFO]com.abubakar.connectify.security.JwtUtils-Token validation result for user abu@gmail.com : true
2026-06-04 17:51:44[INFO]com.abubakar.connectify.security.JwtFilter-User authenticated successfully: abu@gmail.com
2026-06-04 17:51:44[INFO]com.abubakar.connectify.controller.ChatController-Create chat API request received | receiverId: 89
2026-06-04 17:51:44[INFO]com.abubakar.connectify.service.impl.ChatServiceImpl-Creating or fetching chat | userId: 89
2026-06-04 17:51:44[DEBUG]com.abubakar.connectify.util.UserAccessValidator-Validating user access | userId: 1
2026-06-04 17:51:44[DEBUG]com.abubakar.connectify.util.UserAccessValidator-User validation successful | userId: 1
2026-06-04 17:51:44[DEBUG]com.abubakar.connectify.util.AuthUtil-Authenticated active user fetched successfully | userId: 1
2026-06-04 17:51:44[INFO]com.abubakar.connectify.service.impl.ChatServiceImpl-Create chat request received | currentUserId: 1 | targetUserId: 89
2026-06-04 17:51:44[DEBUG]com.abubakar.connectify.util.UserAccessValidator-Validating user access | userId: 89
2026-06-04 17:51:44[WARN]com.abubakar.connectify.util.UserAccessValidator-User validation failed | user not found | userId: 89
2026-06-04 17:51:44[ERROR]com.abubakar.connectify.exception.GlobalExceptionHandler-Business exception occurred | errorCode: RESOURCE_NOT_FOUND | status: 404 NOT_FOUND | message: User is not found with ID:89
com.abubakar.connectify.exception.ResourceNotFound: User is not found with ID:89
	at com.abubakar.connectify.util.UserAccessValidator.lambda$getValidUser$0(UserAccessValidator.java:42)
	at java.base/java.util.Optional.orElseThrow(Optional.java:403)
	at com.abubakar.connectify.util.UserAccessValidator.getValidUser(UserAccessValidator.java:35)
	at com.abubakar.connectify.service.impl.ChatServiceImpl.createChat(ChatServiceImpl.java:101)
	at java.base/jdk.internal.reflect.DirectMethodHandleAccessor.invoke(DirectMethodHandleAccessor.java:103)
	at java.base/java.lang.reflect.Method.invoke(Method.java:580)
	at org.springframework.aop.support.AopUtils.invokeJoinpointUsingReflection(AopUtils.java:359)
	at org.springframework.aop.framework.ReflectiveMethodInvocation.invokeJoinpoint(ReflectiveMethodInvocation.java:190)
	at org.springframework.aop.framework.ReflectiveMethodInvocation.proceed(ReflectiveMethodInvocation.java:158)
	at org.springframework.transaction.interceptor.TransactionInterceptor$1.proceedWithInvocation(TransactionInterceptor.java:133)
	at org.springframework.transaction.interceptor.TransactionAspectSupport.invokeWithinTransaction(TransactionAspectSupport.java:371)
	at org.springframework.transaction.interceptor.TransactionInterceptor.invoke(TransactionInterceptor.java:130)
	at org.springframework.aop.framework.ReflectiveMethodInvocation.proceed(ReflectiveMethodInvocation.java:179)
	at org.springframework.aop.framework.CglibAopProxy$DynamicAdvisedInterceptor.intercept(CglibAopProxy.java:719)
	at com.abubakar.connectify.service.impl.ChatServiceImpl$$SpringCGLIB$$0.createChat(<generated>)
	at com.abubakar.connectify.controller.ChatController.createChat(ChatController.java:49)
	at java.base/jdk.internal.reflect.DirectMethodHandleAccessor.invoke(DirectMethodHandleAccessor.java:103)
	at java.base/java.lang.reflect.Method.invoke(Method.java:580)
	at org.springframework.web.method.support.InvocableHandlerMethod.doInvoke(InvocableHandlerMethod.java:252)
	at org.springframework.web.method.support.InvocableHandlerMethod.invokeForRequest(InvocableHandlerMethod.java:184)
	at org.springframework.web.servlet.mvc.method.annotation.ServletInvocableHandlerMethod.invokeAndHandle(ServletInvocableHandlerMethod.java:117)
	at org.springframework.web.servlet.mvc.method.annotation.RequestMappingHandlerAdapter.invokeHandlerMethod(RequestMappingHandlerAdapter.java:934)
	at org.springframework.web.servlet.mvc.method.annotation.RequestMappingHandlerAdapter.handleInternal(RequestMappingHandlerAdapter.java:853)
	at org.springframework.web.servlet.mvc.method.AbstractHandlerMethodAdapter.handle(AbstractHandlerMethodAdapter.java:86)
	at org.springframework.web.servlet.DispatcherServlet.doDispatch(DispatcherServlet.java:963)
	at org.springframework.web.servlet.DispatcherServlet.doService(DispatcherServlet.java:866)
	at org.springframework.web.servlet.FrameworkServlet.processRequest(FrameworkServlet.java:1000)
	at org.springframework.web.servlet.FrameworkServlet.doPost(FrameworkServlet.java:903)
	at jakarta.servlet.http.HttpServlet.service(HttpServlet.java:649)
	at org.springframework.web.servlet.FrameworkServlet.service(FrameworkServlet.java:874)
	at jakarta.servlet.http.HttpServlet.service(HttpServlet.java:710)
	at org.apache.catalina.core.ApplicationFilterChain.doFilter(ApplicationFilterChain.java:128)
	at org.apache.tomcat.websocket.server.WsFilter.doFilter(WsFilter.java:53)
	at org.apache.catalina.core.ApplicationFilterChain.doFilter(ApplicationFilterChain.java:107)
	at org.springframework.web.filter.OncePerRequestFilter.doFilter(OncePerRequestFilter.java:110)
	at org.apache.catalina.core.ApplicationFilterChain.doFilter(ApplicationFilterChain.java:107)
	at org.springframework.web.filter.OncePerRequestFilter.doFilter(OncePerRequestFilter.java:110)
	at org.apache.catalina.core.ApplicationFilterChain.doFilter(ApplicationFilterChain.java:107)
	at com.abubakar.connectify.configuration.RequestLoggingFilter.doFilterInternal(RequestLoggingFilter.java:30)
	at org.springframework.web.filter.OncePerRequestFilter.doFilter(OncePerRequestFilter.java:116)
	at org.apache.catalina.core.ApplicationFilterChain.doFilter(ApplicationFilterChain.java:107)
	at org.springframework.web.filter.CompositeFilter$VirtualFilterChain.doFilter(CompositeFilter.java:108)
	at org.springframework.security.web.FilterChainProxy.lambda$doFilterInternal$3(FilterChainProxy.java:235)
	at org.springframework.security.web.FilterChainProxy$VirtualFilterChain.doFilter(FilterChainProxy.java:376)
	at org.springframework.security.web.access.intercept.AuthorizationFilter.doFilter(AuthorizationFilter.java:101)
	at org.springframework.security.web.FilterChainProxy$VirtualFilterChain.doFilter(FilterChainProxy.java:385)
	at org.springframework.security.web.access.ExceptionTranslationFilter.doFilter(ExceptionTranslationFilter.java:126)
	at org.springframework.security.web.access.ExceptionTranslationFilter.doFilter(ExceptionTranslationFilter.java:120)
	at org.springframework.security.web.FilterChainProxy$VirtualFilterChain.doFilter(FilterChainProxy.java:385)
	at org.springframework.security.web.session.SessionManagementFilter.doFilter(SessionManagementFilter.java:132)
	at org.springframework.security.web.session.SessionManagementFilter.doFilter(SessionManagementFilter.java:86)
	at org.springframework.security.web.FilterChainProxy$VirtualFilterChain.doFilter(FilterChainProxy.java:385)
	at org.springframework.security.web.authentication.AnonymousAuthenticationFilter.doFilter(AnonymousAuthenticationFilter.java:100)
	at org.springframework.security.web.FilterChainProxy$VirtualFilterChain.doFilter(FilterChainProxy.java:385)
	at org.springframework.security.web.servletapi.SecurityContextHolderAwareRequestFilter.doFilter(SecurityContextHolderAwareRequestFilter.java:181)
	at org.springframework.security.web.FilterChainProxy$VirtualFilterChain.doFilter(FilterChainProxy.java:385)
	at org.springframework.security.web.savedrequest.RequestCacheAwareFilter.doFilter(RequestCacheAwareFilter.java:63)
	at org.springframework.security.web.FilterChainProxy$VirtualFilterChain.doFilter(FilterChainProxy.java:385)
	at org.springframework.security.web.authentication.ui.DefaultLogoutPageGeneratingFilter.doFilterInternal(DefaultLogoutPageGeneratingFilter.java:60)
	at org.springframework.web.filter.OncePerRequestFilter.doFilter(OncePerRequestFilter.java:116)
	at org.springframework.security.web.FilterChainProxy$VirtualFilterChain.doFilter(FilterChainProxy.java:385)
	at org.springframework.security.web.authentication.ui.DefaultLoginPageGeneratingFilter.doFilter(DefaultLoginPageGeneratingFilter.java:246)
	at org.springframework.security.web.authentication.ui.DefaultLoginPageGeneratingFilter.doFilter(DefaultLoginPageGeneratingFilter.java:232)
	at org.springframework.security.web.FilterChainProxy$VirtualFilterChain.doFilter(FilterChainProxy.java:385)
	at org.springframework.security.web.authentication.ui.DefaultResourcesFilter.doFilter(DefaultResourcesFilter.java:73)
	at org.springframework.security.web.FilterChainProxy$VirtualFilterChain.doFilter(FilterChainProxy.java:385)
	at com.abubakar.connectify.security.JwtFilter.doFilterInternal(JwtFilter.java:141)
	at org.springframework.web.filter.OncePerRequestFilter.doFilter(OncePerRequestFilter.java:116)
	at org.springframework.security.web.FilterChainProxy$VirtualFilterChain.doFilter(FilterChainProxy.java:385)
	at org.springframework.security.web.authentication.AbstractAuthenticationProcessingFilter.doFilter(AbstractAuthenticationProcessingFilter.java:245)
	at org.springframework.security.web.authentication.AbstractAuthenticationProcessingFilter.doFilter(AbstractAuthenticationProcessingFilter.java:239)
	at org.springframework.security.web.FilterChainProxy$VirtualFilterChain.doFilter(FilterChainProxy.java:385)
	at org.springframework.security.oauth2.client.web.OAuth2AuthorizationRequestRedirectFilter.doFilterInternal(OAuth2AuthorizationRequestRedirectFilter.java:195)
	at org.springframework.web.filter.OncePerRequestFilter.doFilter(OncePerRequestFilter.java:116)
	at org.springframework.security.web.FilterChainProxy$VirtualFilterChain.doFilter(FilterChainProxy.java:385)
	at org.springframework.security.web.authentication.logout.LogoutFilter.doFilter(LogoutFilter.java:110)
	at org.springframework.security.web.authentication.logout.LogoutFilter.doFilter(LogoutFilter.java:96)
	at org.springframework.security.web.FilterChainProxy$VirtualFilterChain.doFilter(FilterChainProxy.java:385)
	at org.springframework.web.filter.CorsFilter.doFilterInternal(CorsFilter.java:91)
	at org.springframework.web.filter.OncePerRequestFilter.doFilter(OncePerRequestFilter.java:116)
	at org.springframework.security.web.FilterChainProxy$VirtualFilterChain.doFilter(FilterChainProxy.java:385)
	at org.springframework.security.web.header.HeaderWriterFilter.doHeadersAfter(HeaderWriterFilter.java:90)
	at org.springframework.security.web.header.HeaderWriterFilter.doFilterInternal(HeaderWriterFilter.java:75)
	at org.springframework.web.filter.OncePerRequestFilter.doFilter(OncePerRequestFilter.java:116)
	at org.springframework.security.web.FilterChainProxy$VirtualFilterChain.doFilter(FilterChainProxy.java:385)
	at org.springframework.security.web.context.SecurityContextHolderFilter.doFilter(SecurityContextHolderFilter.java:82)
	at org.springframework.security.web.context.SecurityContextHolderFilter.doFilter(SecurityContextHolderFilter.java:69)
	at org.springframework.security.web.FilterChainProxy$VirtualFilterChain.doFilter(FilterChainProxy.java:385)
	at org.springframework.security.web.context.request.async.WebAsyncManagerIntegrationFilter.doFilterInternal(WebAsyncManagerIntegrationFilter.java:62)
	at org.springframework.web.filter.OncePerRequestFilter.doFilter(OncePerRequestFilter.java:116)
	at org.springframework.security.web.FilterChainProxy$VirtualFilterChain.doFilter(FilterChainProxy.java:385)
	at org.springframework.security.web.session.DisableEncodeUrlFilter.doFilterInternal(DisableEncodeUrlFilter.java:42)
	at org.springframework.web.filter.OncePerRequestFilter.doFilter(OncePerRequestFilter.java:116)
	at org.springframework.security.web.FilterChainProxy$VirtualFilterChain.doFilter(FilterChainProxy.java:385)
	at org.springframework.security.web.FilterChainProxy.doFilterInternal(FilterChainProxy.java:237)
	at org.springframework.security.web.FilterChainProxy.doFilter(FilterChainProxy.java:195)
	at org.springframework.web.filter.CompositeFilter$VirtualFilterChain.doFilter(CompositeFilter.java:113)
	at org.springframework.web.filter.ServletRequestPathFilter.doFilter(ServletRequestPathFilter.java:52)
	at org.springframework.web.filter.CompositeFilter$VirtualFilterChain.doFilter(CompositeFilter.java:113)
	at org.springframework.web.filter.CompositeFilter.doFilter(CompositeFilter.java:74)
	at org.springframework.security.config.annotation.web.configuration.WebSecurityConfiguration$CompositeFilterChainProxy.doFilter(WebSecurityConfiguration.java:317)
	at org.springframework.web.filter.DelegatingFilterProxy.invokeDelegate(DelegatingFilterProxy.java:355)
	at org.springframework.web.filter.DelegatingFilterProxy.doFilter(DelegatingFilterProxy.java:272)
	at org.apache.catalina.core.ApplicationFilterChain.doFilter(ApplicationFilterChain.java:107)
	at org.springframework.web.filter.RequestContextFilter.doFilterInternal(RequestContextFilter.java:100)
	at org.springframework.web.filter.OncePerRequestFilter.doFilter(OncePerRequestFilter.java:116)
	at org.apache.catalina.core.ApplicationFilterChain.doFilter(ApplicationFilterChain.java:107)
	at org.springframework.web.filter.FormContentFilter.doFilterInternal(FormContentFilter.java:93)
	at org.springframework.web.filter.OncePerRequestFilter.doFilter(OncePerRequestFilter.java:116)
	at org.apache.catalina.core.ApplicationFilterChain.doFilter(ApplicationFilterChain.java:107)
	at org.springframework.web.filter.CharacterEncodingFilter.doFilterInternal(CharacterEncodingFilter.java:199)
	at org.springframework.web.filter.OncePerRequestFilter.doFilter(OncePerRequestFilter.java:116)
	at org.apache.catalina.core.ApplicationFilterChain.doFilter(ApplicationFilterChain.java:107)
	at org.apache.catalina.core.StandardWrapperValve.invoke(StandardWrapperValve.java:165)
	at org.apache.catalina.core.StandardContextValve.invoke(StandardContextValve.java:77)
	at org.apache.catalina.authenticator.AuthenticatorBase.invoke(AuthenticatorBase.java:492)
	at org.apache.catalina.core.StandardHostValve.invoke(StandardHostValve.java:113)
	at org.apache.catalina.valves.ErrorReportValve.invoke(ErrorReportValve.java:83)
	at org.apache.catalina.core.StandardEngineValve.invoke(StandardEngineValve.java:72)
	at org.apache.catalina.connector.CoyoteAdapter.service(CoyoteAdapter.java:341)
	at org.apache.coyote.http11.Http11Processor.service(Http11Processor.java:397)
	at org.apache.coyote.AbstractProcessorLight.process(AbstractProcessorLight.java:63)
	at org.apache.coyote.AbstractProtocol$ConnectionHandler.process(AbstractProtocol.java:903)
	at org.apache.tomcat.util.net.NioEndpoint$SocketProcessor.doRun(NioEndpoint.java:1801)
	at org.apache.tomcat.util.net.SocketProcessorBase.run(SocketProcessorBase.java:52)
	at org.apache.tomcat.util.threads.ThreadPoolExecutor.runWorker(ThreadPoolExecutor.java:946)
	at org.apache.tomcat.util.threads.ThreadPoolExecutor$Worker.run(ThreadPoolExecutor.java:480)
	at org.apache.tomcat.util.threads.TaskThread$WrappingRunnable.run(TaskThread.java:57)
	at java.base/java.lang.Thread.run(Thread.java:1583)
2026-06-04 17:51:44[INFO]com.abubakar.connectify.configuration.RequestLoggingFilter-POST /api/v1/chats/89 | Status: 404
2026-06-04 17:51:52[INFO]com.abubakar.connectify.service.impl.CustomUserDetailsService-Authentication request received for email: abu@gmail.com
2026-06-04 17:51:52[DEBUG]com.abubakar.connectify.service.impl.CustomUserDetailsService-User loaded successfully with email: abu@gmail.com and role: USER
2026-06-04 17:51:52[INFO]com.abubakar.connectify.security.JwtUtils-Token validation result for user abu@gmail.com : true
2026-06-04 17:51:52[INFO]com.abubakar.connectify.security.JwtFilter-User authenticated successfully: abu@gmail.com
2026-06-04 17:51:52[ERROR]com.abubakar.connectify.exception.GlobalExceptionHandler-Unexpected exception occurred | type: NoResourceFoundException | message: No static resource api/v1/chats for request '/api/v1/chats/'.
org.springframework.web.servlet.resource.NoResourceFoundException: No static resource api/v1/chats for request '/api/v1/chats/'.
	at org.springframework.web.servlet.resource.ResourceHttpRequestHandler.handleRequest(ResourceHttpRequestHandler.java:526)
	at org.springframework.web.servlet.mvc.HttpRequestHandlerAdapter.handle(HttpRequestHandlerAdapter.java:50)
	at org.springframework.web.servlet.DispatcherServlet.doDispatch(DispatcherServlet.java:963)
	at org.springframework.web.servlet.DispatcherServlet.doService(DispatcherServlet.java:866)
	at org.springframework.web.servlet.FrameworkServlet.processRequest(FrameworkServlet.java:1000)
	at org.springframework.web.servlet.FrameworkServlet.doPost(FrameworkServlet.java:903)
	at jakarta.servlet.http.HttpServlet.service(HttpServlet.java:649)
	at org.springframework.web.servlet.FrameworkServlet.service(FrameworkServlet.java:874)
	at jakarta.servlet.http.HttpServlet.service(HttpServlet.java:710)
	at org.apache.catalina.core.ApplicationFilterChain.doFilter(ApplicationFilterChain.java:128)
	at org.apache.tomcat.websocket.server.WsFilter.doFilter(WsFilter.java:53)
	at org.apache.catalina.core.ApplicationFilterChain.doFilter(ApplicationFilterChain.java:107)
	at org.springframework.web.filter.OncePerRequestFilter.doFilter(OncePerRequestFilter.java:110)
	at org.apache.catalina.core.ApplicationFilterChain.doFilter(ApplicationFilterChain.java:107)
	at org.springframework.web.filter.OncePerRequestFilter.doFilter(OncePerRequestFilter.java:110)
	at org.apache.catalina.core.ApplicationFilterChain.doFilter(ApplicationFilterChain.java:107)
	at com.abubakar.connectify.configuration.RequestLoggingFilter.doFilterInternal(RequestLoggingFilter.java:30)
	at org.springframework.web.filter.OncePerRequestFilter.doFilter(OncePerRequestFilter.java:116)
	at org.apache.catalina.core.ApplicationFilterChain.doFilter(ApplicationFilterChain.java:107)
	at org.springframework.web.filter.CompositeFilter$VirtualFilterChain.doFilter(CompositeFilter.java:108)
	at org.springframework.security.web.FilterChainProxy.lambda$doFilterInternal$3(FilterChainProxy.java:235)
	at org.springframework.security.web.FilterChainProxy$VirtualFilterChain.doFilter(FilterChainProxy.java:376)
	at org.springframework.security.web.access.intercept.AuthorizationFilter.doFilter(AuthorizationFilter.java:101)
	at org.springframework.security.web.FilterChainProxy$VirtualFilterChain.doFilter(FilterChainProxy.java:385)
	at org.springframework.security.web.access.ExceptionTranslationFilter.doFilter(ExceptionTranslationFilter.java:126)
	at org.springframework.security.web.access.ExceptionTranslationFilter.doFilter(ExceptionTranslationFilter.java:120)
	at org.springframework.security.web.FilterChainProxy$VirtualFilterChain.doFilter(FilterChainProxy.java:385)
	at org.springframework.security.web.session.SessionManagementFilter.doFilter(SessionManagementFilter.java:132)
	at org.springframework.security.web.session.SessionManagementFilter.doFilter(SessionManagementFilter.java:86)
	at org.springframework.security.web.FilterChainProxy$VirtualFilterChain.doFilter(FilterChainProxy.java:385)
	at org.springframework.security.web.authentication.AnonymousAuthenticationFilter.doFilter(AnonymousAuthenticationFilter.java:100)
	at org.springframework.security.web.FilterChainProxy$VirtualFilterChain.doFilter(FilterChainProxy.java:385)
	at org.springframework.security.web.servletapi.SecurityContextHolderAwareRequestFilter.doFilter(SecurityContextHolderAwareRequestFilter.java:181)
	at org.springframework.security.web.FilterChainProxy$VirtualFilterChain.doFilter(FilterChainProxy.java:385)
	at org.springframework.security.web.savedrequest.RequestCacheAwareFilter.doFilter(RequestCacheAwareFilter.java:63)
	at org.springframework.security.web.FilterChainProxy$VirtualFilterChain.doFilter(FilterChainProxy.java:385)
	at org.springframework.security.web.authentication.ui.DefaultLogoutPageGeneratingFilter.doFilterInternal(DefaultLogoutPageGeneratingFilter.java:60)
	at org.springframework.web.filter.OncePerRequestFilter.doFilter(OncePerRequestFilter.java:116)
	at org.springframework.security.web.FilterChainProxy$VirtualFilterChain.doFilter(FilterChainProxy.java:385)
	at org.springframework.security.web.authentication.ui.DefaultLoginPageGeneratingFilter.doFilter(DefaultLoginPageGeneratingFilter.java:246)
	at org.springframework.security.web.authentication.ui.DefaultLoginPageGeneratingFilter.doFilter(DefaultLoginPageGeneratingFilter.java:232)
	at org.springframework.security.web.FilterChainProxy$VirtualFilterChain.doFilter(FilterChainProxy.java:385)
	at org.springframework.security.web.authentication.ui.DefaultResourcesFilter.doFilter(DefaultResourcesFilter.java:73)
	at org.springframework.security.web.FilterChainProxy$VirtualFilterChain.doFilter(FilterChainProxy.java:385)
	at com.abubakar.connectify.security.JwtFilter.doFilterInternal(JwtFilter.java:141)
	at org.springframework.web.filter.OncePerRequestFilter.doFilter(OncePerRequestFilter.java:116)
	at org.springframework.security.web.FilterChainProxy$VirtualFilterChain.doFilter(FilterChainProxy.java:385)
	at org.springframework.security.web.authentication.AbstractAuthenticationProcessingFilter.doFilter(AbstractAuthenticationProcessingFilter.java:245)
	at org.springframework.security.web.authentication.AbstractAuthenticationProcessingFilter.doFilter(AbstractAuthenticationProcessingFilter.java:239)
	at org.springframework.security.web.FilterChainProxy$VirtualFilterChain.doFilter(FilterChainProxy.java:385)
	at org.springframework.security.oauth2.client.web.OAuth2AuthorizationRequestRedirectFilter.doFilterInternal(OAuth2AuthorizationRequestRedirectFilter.java:195)
	at org.springframework.web.filter.OncePerRequestFilter.doFilter(OncePerRequestFilter.java:116)
	at org.springframework.security.web.FilterChainProxy$VirtualFilterChain.doFilter(FilterChainProxy.java:385)
	at org.springframework.security.web.authentication.logout.LogoutFilter.doFilter(LogoutFilter.java:110)
	at org.springframework.security.web.authentication.logout.LogoutFilter.doFilter(LogoutFilter.java:96)
	at org.springframework.security.web.FilterChainProxy$VirtualFilterChain.doFilter(FilterChainProxy.java:385)
	at org.springframework.web.filter.CorsFilter.doFilterInternal(CorsFilter.java:91)
	at org.springframework.web.filter.OncePerRequestFilter.doFilter(OncePerRequestFilter.java:116)
	at org.springframework.security.web.FilterChainProxy$VirtualFilterChain.doFilter(FilterChainProxy.java:385)
	at org.springframework.security.web.header.HeaderWriterFilter.doHeadersAfter(HeaderWriterFilter.java:90)
	at org.springframework.security.web.header.HeaderWriterFilter.doFilterInternal(HeaderWriterFilter.java:75)
	at org.springframework.web.filter.OncePerRequestFilter.doFilter(OncePerRequestFilter.java:116)
	at org.springframework.security.web.FilterChainProxy$VirtualFilterChain.doFilter(FilterChainProxy.java:385)
	at org.springframework.security.web.context.SecurityContextHolderFilter.doFilter(SecurityContextHolderFilter.java:82)
	at org.springframework.security.web.context.SecurityContextHolderFilter.doFilter(SecurityContextHolderFilter.java:69)
	at org.springframework.security.web.FilterChainProxy$VirtualFilterChain.doFilter(FilterChainProxy.java:385)
	at org.springframework.security.web.context.request.async.WebAsyncManagerIntegrationFilter.doFilterInternal(WebAsyncManagerIntegrationFilter.java:62)
	at org.springframework.web.filter.OncePerRequestFilter.doFilter(OncePerRequestFilter.java:116)
	at org.springframework.security.web.FilterChainProxy$VirtualFilterChain.doFilter(FilterChainProxy.java:385)
	at org.springframework.security.web.session.DisableEncodeUrlFilter.doFilterInternal(DisableEncodeUrlFilter.java:42)
	at org.springframework.web.filter.OncePerRequestFilter.doFilter(OncePerRequestFilter.java:116)
	at org.springframework.security.web.FilterChainProxy$VirtualFilterChain.doFilter(FilterChainProxy.java:385)
	at org.springframework.security.web.FilterChainProxy.doFilterInternal(FilterChainProxy.java:237)
	at org.springframework.security.web.FilterChainProxy.doFilter(FilterChainProxy.java:195)
	at org.springframework.web.filter.CompositeFilter$VirtualFilterChain.doFilter(CompositeFilter.java:113)
	at org.springframework.web.filter.ServletRequestPathFilter.doFilter(ServletRequestPathFilter.java:52)
	at org.springframework.web.filter.CompositeFilter$VirtualFilterChain.doFilter(CompositeFilter.java:113)
	at org.springframework.web.filter.CompositeFilter.doFilter(CompositeFilter.java:74)
	at org.springframework.security.config.annotation.web.configuration.WebSecurityConfiguration$CompositeFilterChainProxy.doFilter(WebSecurityConfiguration.java:317)
	at org.springframework.web.filter.DelegatingFilterProxy.invokeDelegate(DelegatingFilterProxy.java:355)
	at org.springframework.web.filter.DelegatingFilterProxy.doFilter(DelegatingFilterProxy.java:272)
	at org.apache.catalina.core.ApplicationFilterChain.doFilter(ApplicationFilterChain.java:107)
	at org.springframework.web.filter.RequestContextFilter.doFilterInternal(RequestContextFilter.java:100)
	at org.springframework.web.filter.OncePerRequestFilter.doFilter(OncePerRequestFilter.java:116)
	at org.apache.catalina.core.ApplicationFilterChain.doFilter(ApplicationFilterChain.java:107)
	at org.springframework.web.filter.FormContentFilter.doFilterInternal(FormContentFilter.java:93)
	at org.springframework.web.filter.OncePerRequestFilter.doFilter(OncePerRequestFilter.java:116)
	at org.apache.catalina.core.ApplicationFilterChain.doFilter(ApplicationFilterChain.java:107)
	at org.springframework.web.filter.CharacterEncodingFilter.doFilterInternal(CharacterEncodingFilter.java:199)
	at org.springframework.web.filter.OncePerRequestFilter.doFilter(OncePerRequestFilter.java:116)
	at org.apache.catalina.core.ApplicationFilterChain.doFilter(ApplicationFilterChain.java:107)
	at org.apache.catalina.core.StandardWrapperValve.invoke(StandardWrapperValve.java:165)
	at org.apache.catalina.core.StandardContextValve.invoke(StandardContextValve.java:77)
	at org.apache.catalina.authenticator.AuthenticatorBase.invoke(AuthenticatorBase.java:492)
	at org.apache.catalina.core.StandardHostValve.invoke(StandardHostValve.java:113)
	at org.apache.catalina.valves.ErrorReportValve.invoke(ErrorReportValve.java:83)
	at org.apache.catalina.core.StandardEngineValve.invoke(StandardEngineValve.java:72)
	at org.apache.catalina.connector.CoyoteAdapter.service(CoyoteAdapter.java:341)
	at org.apache.coyote.http11.Http11Processor.service(Http11Processor.java:397)
	at org.apache.coyote.AbstractProcessorLight.process(AbstractProcessorLight.java:63)
	at org.apache.coyote.AbstractProtocol$ConnectionHandler.process(AbstractProtocol.java:903)
	at org.apache.tomcat.util.net.NioEndpoint$SocketProcessor.doRun(NioEndpoint.java:1801)
	at org.apache.tomcat.util.net.SocketProcessorBase.run(SocketProcessorBase.java:52)
	at org.apache.tomcat.util.threads.ThreadPoolExecutor.runWorker(ThreadPoolExecutor.java:946)
	at org.apache.tomcat.util.threads.ThreadPoolExecutor$Worker.run(ThreadPoolExecutor.java:480)
	at org.apache.tomcat.util.threads.TaskThread$WrappingRunnable.run(TaskThread.java:57)
	at java.base/java.lang.Thread.run(Thread.java:1583)
2026-06-04 17:51:52[INFO]com.abubakar.connectify.configuration.RequestLoggingFilter-POST /api/v1/chats/ | Status: 500
2026-06-04 17:52:02[INFO]com.abubakar.connectify.service.impl.CustomUserDetailsService-Authentication request received for email: abu@gmail.com
2026-06-04 17:52:02[DEBUG]com.abubakar.connectify.service.impl.CustomUserDetailsService-User loaded successfully with email: abu@gmail.com and role: USER
2026-06-04 17:52:02[INFO]com.abubakar.connectify.security.JwtUtils-Token validation result for user abu@gmail.com : true
2026-06-04 17:52:02[INFO]com.abubakar.connectify.security.JwtFilter-User authenticated successfully: abu@gmail.com
2026-06-04 17:52:02[INFO]com.abubakar.connectify.controller.ChatController-Create chat API request received | receiverId: 6
2026-06-04 17:52:02[INFO]com.abubakar.connectify.service.impl.ChatServiceImpl-Creating or fetching chat | userId: 6
2026-06-04 17:52:02[DEBUG]com.abubakar.connectify.util.UserAccessValidator-Validating user access | userId: 1
2026-06-04 17:52:02[DEBUG]com.abubakar.connectify.util.UserAccessValidator-User validation successful | userId: 1
2026-06-04 17:52:02[DEBUG]com.abubakar.connectify.util.AuthUtil-Authenticated active user fetched successfully | userId: 1
2026-06-04 17:52:02[INFO]com.abubakar.connectify.service.impl.ChatServiceImpl-Create chat request received | currentUserId: 1 | targetUserId: 6
2026-06-04 17:52:02[DEBUG]com.abubakar.connectify.util.UserAccessValidator-Validating user access | userId: 6
2026-06-04 17:52:02[DEBUG]com.abubakar.connectify.util.UserAccessValidator-User validation successful | userId: 6
2026-06-04 17:52:02[INFO]com.abubakar.connectify.service.impl.ChatServiceImpl-Private chat created successfully | chatId: 1 | participantOneId: 1 | participantTwoId: 6
2026-06-04 17:52:02[ERROR]com.abubakar.connectify.exception.GlobalExceptionHandler-Business exception occurred | errorCode: RESOURCE_NOT_FOUND | status: 404 NOT_FOUND | message: Other participant not found
com.abubakar.connectify.exception.ResourceNotFound: Other participant not found
	at com.abubakar.connectify.service.impl.ChatServiceImpl.mapToChatResponse(ChatServiceImpl.java:1257)
	at com.abubakar.connectify.service.impl.ChatServiceImpl.createChat(ChatServiceImpl.java:173)
	at java.base/jdk.internal.reflect.DirectMethodHandleAccessor.invoke(DirectMethodHandleAccessor.java:103)
	at java.base/java.lang.reflect.Method.invoke(Method.java:580)
	at org.springframework.aop.support.AopUtils.invokeJoinpointUsingReflection(AopUtils.java:359)
	at org.springframework.aop.framework.ReflectiveMethodInvocation.invokeJoinpoint(ReflectiveMethodInvocation.java:190)
	at org.springframework.aop.framework.ReflectiveMethodInvocation.proceed(ReflectiveMethodInvocation.java:158)
	at org.springframework.transaction.interceptor.TransactionInterceptor$1.proceedWithInvocation(TransactionInterceptor.java:133)
	at org.springframework.transaction.interceptor.TransactionAspectSupport.invokeWithinTransaction(TransactionAspectSupport.java:371)
	at org.springframework.transaction.interceptor.TransactionInterceptor.invoke(TransactionInterceptor.java:130)
	at org.springframework.aop.framework.ReflectiveMethodInvocation.proceed(ReflectiveMethodInvocation.java:179)
	at org.springframework.aop.framework.CglibAopProxy$DynamicAdvisedInterceptor.intercept(CglibAopProxy.java:719)
	at com.abubakar.connectify.service.impl.ChatServiceImpl$$SpringCGLIB$$0.createChat(<generated>)
	at com.abubakar.connectify.controller.ChatController.createChat(ChatController.java:49)
	at java.base/jdk.internal.reflect.DirectMethodHandleAccessor.invoke(DirectMethodHandleAccessor.java:103)
	at java.base/java.lang.reflect.Method.invoke(Method.java:580)
	at org.springframework.web.method.support.InvocableHandlerMethod.doInvoke(InvocableHandlerMethod.java:252)
	at org.springframework.web.method.support.InvocableHandlerMethod.invokeForRequest(InvocableHandlerMethod.java:184)
	at org.springframework.web.servlet.mvc.method.annotation.ServletInvocableHandlerMethod.invokeAndHandle(ServletInvocableHandlerMethod.java:117)
	at org.springframework.web.servlet.mvc.method.annotation.RequestMappingHandlerAdapter.invokeHandlerMethod(RequestMappingHandlerAdapter.java:934)
	at org.springframework.web.servlet.mvc.method.annotation.RequestMappingHandlerAdapter.handleInternal(RequestMappingHandlerAdapter.java:853)
	at org.springframework.web.servlet.mvc.method.AbstractHandlerMethodAdapter.handle(AbstractHandlerMethodAdapter.java:86)
	at org.springframework.web.servlet.DispatcherServlet.doDispatch(DispatcherServlet.java:963)
	at org.springframework.web.servlet.DispatcherServlet.doService(DispatcherServlet.java:866)
	at org.springframework.web.servlet.FrameworkServlet.processRequest(FrameworkServlet.java:1000)
	at org.springframework.web.servlet.FrameworkServlet.doPost(FrameworkServlet.java:903)
	at jakarta.servlet.http.HttpServlet.service(HttpServlet.java:649)
	at org.springframework.web.servlet.FrameworkServlet.service(FrameworkServlet.java:874)
	at jakarta.servlet.http.HttpServlet.service(HttpServlet.java:710)
	at org.apache.catalina.core.ApplicationFilterChain.doFilter(ApplicationFilterChain.java:128)
	at org.apache.tomcat.websocket.server.WsFilter.doFilter(WsFilter.java:53)
	at org.apache.catalina.core.ApplicationFilterChain.doFilter(ApplicationFilterChain.java:107)
	at org.springframework.web.filter.OncePerRequestFilter.doFilter(OncePerRequestFilter.java:110)
	at org.apache.catalina.core.ApplicationFilterChain.doFilter(ApplicationFilterChain.java:107)
	at org.springframework.web.filter.OncePerRequestFilter.doFilter(OncePerRequestFilter.java:110)
	at org.apache.catalina.core.ApplicationFilterChain.doFilter(ApplicationFilterChain.java:107)
	at com.abubakar.connectify.configuration.RequestLoggingFilter.doFilterInternal(RequestLoggingFilter.java:30)
	at org.springframework.web.filter.OncePerRequestFilter.doFilter(OncePerRequestFilter.java:116)
	at org.apache.catalina.core.ApplicationFilterChain.doFilter(ApplicationFilterChain.java:107)
	at org.springframework.web.filter.CompositeFilter$VirtualFilterChain.doFilter(CompositeFilter.java:108)
	at org.springframework.security.web.FilterChainProxy.lambda$doFilterInternal$3(FilterChainProxy.java:235)
	at org.springframework.security.web.FilterChainProxy$VirtualFilterChain.doFilter(FilterChainProxy.java:376)
	at org.springframework.security.web.access.intercept.AuthorizationFilter.doFilter(AuthorizationFilter.java:101)
	at org.springframework.security.web.FilterChainProxy$VirtualFilterChain.doFilter(FilterChainProxy.java:385)
	at org.springframework.security.web.access.ExceptionTranslationFilter.doFilter(ExceptionTranslationFilter.java:126)
	at org.springframework.security.web.access.ExceptionTranslationFilter.doFilter(ExceptionTranslationFilter.java:120)
	at org.springframework.security.web.FilterChainProxy$VirtualFilterChain.doFilter(FilterChainProxy.java:385)
	at org.springframework.security.web.session.SessionManagementFilter.doFilter(SessionManagementFilter.java:132)
	at org.springframework.security.web.session.SessionManagementFilter.doFilter(SessionManagementFilter.java:86)
	at org.springframework.security.web.FilterChainProxy$VirtualFilterChain.doFilter(FilterChainProxy.java:385)
	at org.springframework.security.web.authentication.AnonymousAuthenticationFilter.doFilter(AnonymousAuthenticationFilter.java:100)
	at org.springframework.security.web.FilterChainProxy$VirtualFilterChain.doFilter(FilterChainProxy.java:385)
	at org.springframework.security.web.servletapi.SecurityContextHolderAwareRequestFilter.doFilter(SecurityContextHolderAwareRequestFilter.java:181)
	at org.springframework.security.web.FilterChainProxy$VirtualFilterChain.doFilter(FilterChainProxy.java:385)
	at org.springframework.security.web.savedrequest.RequestCacheAwareFilter.doFilter(RequestCacheAwareFilter.java:63)
	at org.springframework.security.web.FilterChainProxy$VirtualFilterChain.doFilter(FilterChainProxy.java:385)
	at org.springframework.security.web.authentication.ui.DefaultLogoutPageGeneratingFilter.doFilterInternal(DefaultLogoutPageGeneratingFilter.java:60)
	at org.springframework.web.filter.OncePerRequestFilter.doFilter(OncePerRequestFilter.java:116)
	at org.springframework.security.web.FilterChainProxy$VirtualFilterChain.doFilter(FilterChainProxy.java:385)
	at org.springframework.security.web.authentication.ui.DefaultLoginPageGeneratingFilter.doFilter(DefaultLoginPageGeneratingFilter.java:246)
	at org.springframework.security.web.authentication.ui.DefaultLoginPageGeneratingFilter.doFilter(DefaultLoginPageGeneratingFilter.java:232)
	at org.springframework.security.web.FilterChainProxy$VirtualFilterChain.doFilter(FilterChainProxy.java:385)
	at org.springframework.security.web.authentication.ui.DefaultResourcesFilter.doFilter(DefaultResourcesFilter.java:73)
	at org.springframework.security.web.FilterChainProxy$VirtualFilterChain.doFilter(FilterChainProxy.java:385)
	at com.abubakar.connectify.security.JwtFilter.doFilterInternal(JwtFilter.java:141)
	at org.springframework.web.filter.OncePerRequestFilter.doFilter(OncePerRequestFilter.java:116)
	at org.springframework.security.web.FilterChainProxy$VirtualFilterChain.doFilter(FilterChainProxy.java:385)
	at org.springframework.security.web.authentication.AbstractAuthenticationProcessingFilter.doFilter(AbstractAuthenticationProcessingFilter.java:245)
	at org.springframework.security.web.authentication.AbstractAuthenticationProcessingFilter.doFilter(AbstractAuthenticationProcessingFilter.java:239)
	at org.springframework.security.web.FilterChainProxy$VirtualFilterChain.doFilter(FilterChainProxy.java:385)
	at org.springframework.security.oauth2.client.web.OAuth2AuthorizationRequestRedirectFilter.doFilterInternal(OAuth2AuthorizationRequestRedirectFilter.java:195)
	at org.springframework.web.filter.OncePerRequestFilter.doFilter(OncePerRequestFilter.java:116)
	at org.springframework.security.web.FilterChainProxy$VirtualFilterChain.doFilter(FilterChainProxy.java:385)
	at org.springframework.security.web.authentication.logout.LogoutFilter.doFilter(LogoutFilter.java:110)
	at org.springframework.security.web.authentication.logout.LogoutFilter.doFilter(LogoutFilter.java:96)
	at org.springframework.security.web.FilterChainProxy$VirtualFilterChain.doFilter(FilterChainProxy.java:385)
	at org.springframework.web.filter.CorsFilter.doFilterInternal(CorsFilter.java:91)
	at org.springframework.web.filter.OncePerRequestFilter.doFilter(OncePerRequestFilter.java:116)
	at org.springframework.security.web.FilterChainProxy$VirtualFilterChain.doFilter(FilterChainProxy.java:385)
	at org.springframework.security.web.header.HeaderWriterFilter.doHeadersAfter(HeaderWriterFilter.java:90)
	at org.springframework.security.web.header.HeaderWriterFilter.doFilterInternal(HeaderWriterFilter.java:75)
	at org.springframework.web.filter.OncePerRequestFilter.doFilter(OncePerRequestFilter.java:116)
	at org.springframework.security.web.FilterChainProxy$VirtualFilterChain.doFilter(FilterChainProxy.java:385)
	at org.springframework.security.web.context.SecurityContextHolderFilter.doFilter(SecurityContextHolderFilter.java:82)
	at org.springframework.security.web.context.SecurityContextHolderFilter.doFilter(SecurityContextHolderFilter.java:69)
	at org.springframework.security.web.FilterChainProxy$VirtualFilterChain.doFilter(FilterChainProxy.java:385)
	at org.springframework.security.web.context.request.async.WebAsyncManagerIntegrationFilter.doFilterInternal(WebAsyncManagerIntegrationFilter.java:62)
	at org.springframework.web.filter.OncePerRequestFilter.doFilter(OncePerRequestFilter.java:116)
	at org.springframework.security.web.FilterChainProxy$VirtualFilterChain.doFilter(FilterChainProxy.java:385)
	at org.springframework.security.web.session.DisableEncodeUrlFilter.doFilterInternal(DisableEncodeUrlFilter.java:42)
	at org.springframework.web.filter.OncePerRequestFilter.doFilter(OncePerRequestFilter.java:116)
	at org.springframework.security.web.FilterChainProxy$VirtualFilterChain.doFilter(FilterChainProxy.java:385)
	at org.springframework.security.web.FilterChainProxy.doFilterInternal(FilterChainProxy.java:237)
	at org.springframework.security.web.FilterChainProxy.doFilter(FilterChainProxy.java:195)
	at org.springframework.web.filter.CompositeFilter$VirtualFilterChain.doFilter(CompositeFilter.java:113)
	at org.springframework.web.filter.ServletRequestPathFilter.doFilter(ServletRequestPathFilter.java:52)
	at org.springframework.web.filter.CompositeFilter$VirtualFilterChain.doFilter(CompositeFilter.java:113)
	at org.springframework.web.filter.CompositeFilter.doFilter(CompositeFilter.java:74)
	at org.springframework.security.config.annotation.web.configuration.WebSecurityConfiguration$CompositeFilterChainProxy.doFilter(WebSecurityConfiguration.java:317)
	at org.springframework.web.filter.DelegatingFilterProxy.invokeDelegate(DelegatingFilterProxy.java:355)
	at org.springframework.web.filter.DelegatingFilterProxy.doFilter(DelegatingFilterProxy.java:272)
	at org.apache.catalina.core.ApplicationFilterChain.doFilter(ApplicationFilterChain.java:107)
	at org.springframework.web.filter.RequestContextFilter.doFilterInternal(RequestContextFilter.java:100)
	at org.springframework.web.filter.OncePerRequestFilter.doFilter(OncePerRequestFilter.java:116)
	at org.apache.catalina.core.ApplicationFilterChain.doFilter(ApplicationFilterChain.java:107)
	at org.springframework.web.filter.FormContentFilter.doFilterInternal(FormContentFilter.java:93)
	at org.springframework.web.filter.OncePerRequestFilter.doFilter(OncePerRequestFilter.java:116)
	at org.apache.catalina.core.ApplicationFilterChain.doFilter(ApplicationFilterChain.java:107)
	at org.springframework.web.filter.CharacterEncodingFilter.doFilterInternal(CharacterEncodingFilter.java:199)
	at org.springframework.web.filter.OncePerRequestFilter.doFilter(OncePerRequestFilter.java:116)
	at org.apache.catalina.core.ApplicationFilterChain.doFilter(ApplicationFilterChain.java:107)
	at org.apache.catalina.core.StandardWrapperValve.invoke(StandardWrapperValve.java:165)
	at org.apache.catalina.core.StandardContextValve.invoke(StandardContextValve.java:77)
	at org.apache.catalina.authenticator.AuthenticatorBase.invoke(AuthenticatorBase.java:492)
	at org.apache.catalina.core.StandardHostValve.invoke(StandardHostValve.java:113)
	at org.apache.catalina.valves.ErrorReportValve.invoke(ErrorReportValve.java:83)
	at org.apache.catalina.core.StandardEngineValve.invoke(StandardEngineValve.java:72)
	at org.apache.catalina.connector.CoyoteAdapter.service(CoyoteAdapter.java:341)
	at org.apache.coyote.http11.Http11Processor.service(Http11Processor.java:397)
	at org.apache.coyote.AbstractProcessorLight.process(AbstractProcessorLight.java:63)
	at org.apache.coyote.AbstractProtocol$ConnectionHandler.process(AbstractProtocol.java:903)
	at org.apache.tomcat.util.net.NioEndpoint$SocketProcessor.doRun(NioEndpoint.java:1801)
	at org.apache.tomcat.util.net.SocketProcessorBase.run(SocketProcessorBase.java:52)
	at org.apache.tomcat.util.threads.ThreadPoolExecutor.runWorker(ThreadPoolExecutor.java:946)
	at org.apache.tomcat.util.threads.ThreadPoolExecutor$Worker.run(ThreadPoolExecutor.java:480)
	at org.apache.tomcat.util.threads.TaskThread$WrappingRunnable.run(TaskThread.java:57)
	at java.base/java.lang.Thread.run(Thread.java:1583)
2026-06-04 17:52:02[INFO]com.abubakar.connectify.configuration.RequestLoggingFilter-POST /api/v1/chats/6 | Status: 404
2026-06-04 17:58:08[INFO]org.springframework.boot.tomcat.GracefulShutdown-Commencing graceful shutdown. Waiting for active requests to complete
2026-06-04 17:58:08[INFO]org.springframework.boot.tomcat.GracefulShutdown-Graceful shutdown complete
2026-06-04 17:58:08[INFO]org.springframework.orm.jpa.LocalContainerEntityManagerFactoryBean-Closing JPA EntityManagerFactory for persistence unit 'default'
2026-06-04 17:58:08[INFO]com.zaxxer.hikari.HikariDataSource-HikariPool-1 - Shutdown initiated...
2026-06-04 17:58:08[INFO]com.zaxxer.hikari.HikariDataSource-HikariPool-1 - Shutdown completed.
2026-06-04 18:02:45[INFO]org.hibernate.validator.internal.util.Version-HV000001: Hibernate Validator 9.0.1.Final
2026-06-04 18:02:45[INFO]com.abubakar.connectify.ConnectifyApplication-Starting ConnectifyApplication using Java 21.0.9 with PID 6192 (C:\Users\wwwab\Desktop\Sem4InternshipPresentation\2\Connectify\backend\target\classes started by wwwab in C:\Users\wwwab\Desktop\Sem4InternshipPresentation\2\Connectify\backend)
2026-06-04 18:02:45[DEBUG]com.abubakar.connectify.ConnectifyApplication-Running with Spring Boot v4.0.6, Spring v7.0.7
2026-06-04 18:02:45[INFO]com.abubakar.connectify.ConnectifyApplication-The following 1 profile is active: "dev"
2026-06-04 18:02:46[INFO]org.springframework.data.repository.config.RepositoryConfigurationDelegate-Multiple Spring Data modules found, entering strict repository configuration mode
2026-06-04 18:02:46[INFO]org.springframework.data.repository.config.RepositoryConfigurationDelegate-Bootstrapping Spring Data JPA repositories in DEFAULT mode.
2026-06-04 18:02:47[INFO]org.springframework.data.repository.config.RepositoryConfigurationDelegate-Finished Spring Data repository scanning in 211 ms. Found 18 JPA repository interfaces.
2026-06-04 18:02:47[INFO]org.springframework.data.repository.config.RepositoryConfigurationDelegate-Multiple Spring Data modules found, entering strict repository configuration mode
2026-06-04 18:02:47[INFO]org.springframework.data.repository.config.RepositoryConfigurationDelegate-Bootstrapping Spring Data Redis repositories in DEFAULT mode.
2026-06-04 18:02:47[INFO]org.springframework.data.repository.config.RepositoryConfigurationExtensionSupport-Spring Data Redis - Could not safely identify store assignment for repository candidate interface com.abubakar.connectify.repository.ChatParticipantRepository; If you want this repository to be a Redis repository, consider annotating your entities with one of these annotations: org.springframework.data.redis.core.RedisHash (preferred), or consider extending one of the following types with your repository: org.springframework.data.keyvalue.repository.KeyValueRepository
2026-06-04 18:02:47[INFO]org.springframework.data.repository.config.RepositoryConfigurationExtensionSupport-Spring Data Redis - Could not safely identify store assignment for repository candidate interface com.abubakar.connectify.repository.ChatRepository; If you want this repository to be a Redis repository, consider annotating your entities with one of these annotations: org.springframework.data.redis.core.RedisHash (preferred), or consider extending one of the following types with your repository: org.springframework.data.keyvalue.repository.KeyValueRepository
2026-06-04 18:02:47[INFO]org.springframework.data.repository.config.RepositoryConfigurationExtensionSupport-Spring Data Redis - Could not safely identify store assignment for repository candidate interface com.abubakar.connectify.repository.CommentRepository; If you want this repository to be a Redis repository, consider annotating your entities with one of these annotations: org.springframework.data.redis.core.RedisHash (preferred), or consider extending one of the following types with your repository: org.springframework.data.keyvalue.repository.KeyValueRepository
2026-06-04 18:02:47[INFO]org.springframework.data.repository.config.RepositoryConfigurationExtensionSupport-Spring Data Redis - Could not safely identify store assignment for repository candidate interface com.abubakar.connectify.repository.FollowRepository; If you want this repository to be a Redis repository, consider annotating your entities with one of these annotations: org.springframework.data.redis.core.RedisHash (preferred), or consider extending one of the following types with your repository: org.springframework.data.keyvalue.repository.KeyValueRepository
2026-06-04 18:02:47[INFO]org.springframework.data.repository.config.RepositoryConfigurationExtensionSupport-Spring Data Redis - Could not safely identify store assignment for repository candidate interface com.abubakar.connectify.repository.HashtagRepository; If you want this repository to be a Redis repository, consider annotating your entities with one of these annotations: org.springframework.data.redis.core.RedisHash (preferred), or consider extending one of the following types with your repository: org.springframework.data.keyvalue.repository.KeyValueRepository
2026-06-04 18:02:47[INFO]org.springframework.data.repository.config.RepositoryConfigurationExtensionSupport-Spring Data Redis - Could not safely identify store assignment for repository candidate interface com.abubakar.connectify.repository.LikeRepository; If you want this repository to be a Redis repository, consider annotating your entities with one of these annotations: org.springframework.data.redis.core.RedisHash (preferred), or consider extending one of the following types with your repository: org.springframework.data.keyvalue.repository.KeyValueRepository
2026-06-04 18:02:47[INFO]org.springframework.data.repository.config.RepositoryConfigurationExtensionSupport-Spring Data Redis - Could not safely identify store assignment for repository candidate interface com.abubakar.connectify.repository.MediaRepository; If you want this repository to be a Redis repository, consider annotating your entities with one of these annotations: org.springframework.data.redis.core.RedisHash (preferred), or consider extending one of the following types with your repository: org.springframework.data.keyvalue.repository.KeyValueRepository
2026-06-04 18:02:47[INFO]org.springframework.data.repository.config.RepositoryConfigurationExtensionSupport-Spring Data Redis - Could not safely identify store assignment for repository candidate interface com.abubakar.connectify.repository.MessageRepository; If you want this repository to be a Redis repository, consider annotating your entities with one of these annotations: org.springframework.data.redis.core.RedisHash (preferred), or consider extending one of the following types with your repository: org.springframework.data.keyvalue.repository.KeyValueRepository
2026-06-04 18:02:47[INFO]org.springframework.data.repository.config.RepositoryConfigurationExtensionSupport-Spring Data Redis - Could not safely identify store assignment for repository candidate interface com.abubakar.connectify.repository.NotificationRepository; If you want this repository to be a Redis repository, consider annotating your entities with one of these annotations: org.springframework.data.redis.core.RedisHash (preferred), or consider extending one of the following types with your repository: org.springframework.data.keyvalue.repository.KeyValueRepository
2026-06-04 18:02:47[INFO]org.springframework.data.repository.config.RepositoryConfigurationExtensionSupport-Spring Data Redis - Could not safely identify store assignment for repository candidate interface com.abubakar.connectify.repository.PostRepository; If you want this repository to be a Redis repository, consider annotating your entities with one of these annotations: org.springframework.data.redis.core.RedisHash (preferred), or consider extending one of the following types with your repository: org.springframework.data.keyvalue.repository.KeyValueRepository
2026-06-04 18:02:47[INFO]org.springframework.data.repository.config.RepositoryConfigurationExtensionSupport-Spring Data Redis - Could not safely identify store assignment for repository candidate interface com.abubakar.connectify.repository.RefreshTokenRepository; If you want this repository to be a Redis repository, consider annotating your entities with one of these annotations: org.springframework.data.redis.core.RedisHash (preferred), or consider extending one of the following types with your repository: org.springframework.data.keyvalue.repository.KeyValueRepository
2026-06-04 18:02:47[INFO]org.springframework.data.repository.config.RepositoryConfigurationExtensionSupport-Spring Data Redis - Could not safely identify store assignment for repository candidate interface com.abubakar.connectify.repository.ReportRepository; If you want this repository to be a Redis repository, consider annotating your entities with one of these annotations: org.springframework.data.redis.core.RedisHash (preferred), or consider extending one of the following types with your repository: org.springframework.data.keyvalue.repository.KeyValueRepository
2026-06-04 18:02:47[INFO]org.springframework.data.repository.config.RepositoryConfigurationExtensionSupport-Spring Data Redis - Could not safely identify store assignment for repository candidate interface com.abubakar.connectify.repository.SavedPostRepository; If you want this repository to be a Redis repository, consider annotating your entities with one of these annotations: org.springframework.data.redis.core.RedisHash (preferred), or consider extending one of the following types with your repository: org.springframework.data.keyvalue.repository.KeyValueRepository
2026-06-04 18:02:47[INFO]org.springframework.data.repository.config.RepositoryConfigurationExtensionSupport-Spring Data Redis - Could not safely identify store assignment for repository candidate interface com.abubakar.connectify.repository.StoryReactionRepository; If you want this repository to be a Redis repository, consider annotating your entities with one of these annotations: org.springframework.data.redis.core.RedisHash (preferred), or consider extending one of the following types with your repository: org.springframework.data.keyvalue.repository.KeyValueRepository
2026-06-04 18:02:47[INFO]org.springframework.data.repository.config.RepositoryConfigurationExtensionSupport-Spring Data Redis - Could not safely identify store assignment for repository candidate interface com.abubakar.connectify.repository.StoryReplyRepository; If you want this repository to be a Redis repository, consider annotating your entities with one of these annotations: org.springframework.data.redis.core.RedisHash (preferred), or consider extending one of the following types with your repository: org.springframework.data.keyvalue.repository.KeyValueRepository
2026-06-04 18:02:47[INFO]org.springframework.data.repository.config.RepositoryConfigurationExtensionSupport-Spring Data Redis - Could not safely identify store assignment for repository candidate interface com.abubakar.connectify.repository.StoryRepository; If you want this repository to be a Redis repository, consider annotating your entities with one of these annotations: org.springframework.data.redis.core.RedisHash (preferred), or consider extending one of the following types with your repository: org.springframework.data.keyvalue.repository.KeyValueRepository
2026-06-04 18:02:47[INFO]org.springframework.data.repository.config.RepositoryConfigurationExtensionSupport-Spring Data Redis - Could not safely identify store assignment for repository candidate interface com.abubakar.connectify.repository.StoryViewRepository; If you want this repository to be a Redis repository, consider annotating your entities with one of these annotations: org.springframework.data.redis.core.RedisHash (preferred), or consider extending one of the following types with your repository: org.springframework.data.keyvalue.repository.KeyValueRepository
2026-06-04 18:02:47[INFO]org.springframework.data.repository.config.RepositoryConfigurationExtensionSupport-Spring Data Redis - Could not safely identify store assignment for repository candidate interface com.abubakar.connectify.repository.UserRepository; If you want this repository to be a Redis repository, consider annotating your entities with one of these annotations: org.springframework.data.redis.core.RedisHash (preferred), or consider extending one of the following types with your repository: org.springframework.data.keyvalue.repository.KeyValueRepository
2026-06-04 18:02:47[INFO]org.springframework.data.repository.config.RepositoryConfigurationDelegate-Finished Spring Data repository scanning in 14 ms. Found 0 Redis repository interfaces.
2026-06-04 18:02:48[INFO]org.springframework.boot.tomcat.TomcatWebServer-Tomcat initialized with port 8080 (http)
2026-06-04 18:02:48[INFO]org.apache.coyote.http11.Http11NioProtocol-Initializing ProtocolHandler ["http-nio-8080"]
2026-06-04 18:02:48[INFO]org.apache.catalina.core.StandardService-Starting service [Tomcat]
2026-06-04 18:02:48[INFO]org.apache.catalina.core.StandardEngine-Starting Servlet engine: [Apache Tomcat/11.0.21]
2026-06-04 18:02:48[INFO]org.springframework.boot.web.context.servlet.WebApplicationContextInitializer-Root WebApplicationContext: initialization completed in 2358 ms
2026-06-04 18:02:48[INFO]org.hibernate.orm.jpa-HHH008540: Processing PersistenceUnitInfo [name: default]
2026-06-04 18:02:48[INFO]org.hibernate.orm.core-HHH000001: Hibernate ORM core version 7.2.12.Final
2026-06-04 18:02:48[INFO]org.springframework.orm.jpa.persistenceunit.SpringPersistenceUnitInfo-No LoadTimeWeaver setup: ignoring JPA class transformer
2026-06-04 18:02:48[INFO]com.zaxxer.hikari.HikariDataSource-HikariPool-1 - Starting...
2026-06-04 18:02:49[INFO]com.zaxxer.hikari.pool.HikariPool-HikariPool-1 - Added connection com.mysql.cj.jdbc.ConnectionImpl@6e00d737
2026-06-04 18:02:49[INFO]com.zaxxer.hikari.HikariDataSource-HikariPool-1 - Start completed.
2026-06-04 18:02:49[INFO]org.hibernate.orm.connections.pooling-HHH10001005: Database info:
	Database JDBC URL [jdbc:mysql://localhost:3306/connectifyApp]
	Database driver: MySQL Connector/J
	Database dialect: MySQLDialect
	Database version: 8.0.43
	Default catalog/schema: connectifyApp/undefined
	Autocommit mode: undefined/unknown
	Isolation level: REPEATABLE_READ [default REPEATABLE_READ]
	JDBC fetch size: none
	Pool: DataSourceConnectionProvider
	Minimum pool size: undefined/unknown
	Maximum pool size: undefined/unknown
2026-06-04 18:02:50[INFO]org.hibernate.orm.core-HHH000489: No JTA platform available (set 'hibernate.transaction.jta.platform' to enable JTA platform integration)
2026-06-04 18:02:50[INFO]org.springframework.orm.jpa.LocalContainerEntityManagerFactoryBean-Initialized JPA EntityManagerFactory for persistence unit 'default'
2026-06-04 18:02:50[INFO]org.springframework.data.jpa.repository.query.QueryEnhancerFactories-Hibernate is in classpath; If applicable, HQL parser will be used.
2026-06-04 18:02:51[DEBUG]com.abubakar.connectify.configuration.RequestLoggingFilter-Filter 'requestLoggingFilter' configured for use
2026-06-04 18:02:51[DEBUG]com.abubakar.connectify.security.JwtFilter-Filter 'jwtFilter' configured for use
2026-06-04 18:02:52[INFO]org.springframework.security.config.annotation.authentication.configuration.InitializeAuthenticationProviderBeanManagerConfigurer$InitializeAuthenticationProviderManagerConfigurer-Global AuthenticationManager configured with AuthenticationProvider bean with name authenticationProvider
2026-06-04 18:02:52[WARN]org.springframework.security.config.annotation.authentication.configuration.InitializeUserDetailsBeanManagerConfigurer$InitializeUserDetailsManagerConfigurer-Global AuthenticationManager configured with an AuthenticationProvider bean. UserDetailsService beans will not be used by Spring Security for automatically configuring username/password login. Consider removing the AuthenticationProvider bean. Alternatively, consider using the UserDetailsService in a manually instantiated DaoAuthenticationProvider. If the current configuration is intentional, to turn off this warning, increase the logging level of 'org.springframework.security.config.annotation.authentication.configuration.InitializeUserDetailsBeanManagerConfigurer' to ERROR
2026-06-04 18:02:53[INFO]org.apache.coyote.http11.Http11NioProtocol-Starting ProtocolHandler ["http-nio-8080"]
2026-06-04 18:02:53[INFO]org.springframework.boot.tomcat.TomcatWebServer-Tomcat started on port 8080 (http) with context path '/'
2026-06-04 18:02:53[INFO]com.abubakar.connectify.ConnectifyApplication-Started ConnectifyApplication in 8.412 seconds (process running for 8.981)
2026-06-04 18:02:53[INFO]com.abubakar.connectify.scheduler.StoryCleanupScheduler-Running story cleanup job
2026-06-04 18:02:54[INFO]com.abubakar.connectify.scheduler.StoryCleanupScheduler-Expired stories found: 0
2026-06-04 18:02:54[INFO]com.abubakar.connectify.scheduler.StoryCleanupScheduler-Story cleanup completed
2026-06-04 18:03:05[INFO]org.apache.catalina.core.ContainerBase.[Tomcat].[localhost].[/]-Initializing Spring DispatcherServlet 'dispatcherServlet'
2026-06-04 18:03:05[INFO]org.springframework.web.servlet.DispatcherServlet-Initializing Servlet 'dispatcherServlet'
2026-06-04 18:03:05[INFO]org.springframework.web.servlet.DispatcherServlet-Completed initialization in 2 ms
2026-06-04 18:03:05[INFO]com.abubakar.connectify.service.impl.CustomUserDetailsService-Authentication request received for email: abu@gmail.com
2026-06-04 18:03:05[DEBUG]com.abubakar.connectify.service.impl.CustomUserDetailsService-User loaded successfully with email: abu@gmail.com and role: USER
2026-06-04 18:03:05[INFO]com.abubakar.connectify.security.JwtUtils-Token validation result for user abu@gmail.com : true
2026-06-04 18:03:05[INFO]com.abubakar.connectify.security.JwtFilter-User authenticated successfully: abu@gmail.com
2026-06-04 18:03:05[INFO]com.abubakar.connectify.controller.ChatController-Create chat API request received | receiverId: 6
2026-06-04 18:03:05[INFO]com.abubakar.connectify.service.impl.ChatServiceImpl-Creating or fetching chat | userId: 6
2026-06-04 18:03:05[DEBUG]com.abubakar.connectify.util.UserAccessValidator-Validating user access | userId: 1
2026-06-04 18:03:05[DEBUG]com.abubakar.connectify.util.UserAccessValidator-User validation successful | userId: 1
2026-06-04 18:03:05[DEBUG]com.abubakar.connectify.util.AuthUtil-Authenticated active user fetched successfully | userId: 1
2026-06-04 18:03:05[INFO]com.abubakar.connectify.service.impl.ChatServiceImpl-Create chat request received | currentUserId: 1 | targetUserId: 6
2026-06-04 18:03:05[DEBUG]com.abubakar.connectify.util.UserAccessValidator-Validating user access | userId: 6
2026-06-04 18:03:05[DEBUG]com.abubakar.connectify.util.UserAccessValidator-User validation successful | userId: 6
2026-06-04 18:03:05[INFO]com.abubakar.connectify.service.impl.ChatServiceImpl-Private chat created successfully | chatId: 2 | participantOneId: 1 | participantTwoId: 6
2026-06-04 18:03:05[ERROR]com.abubakar.connectify.exception.GlobalExceptionHandler-Business exception occurred | errorCode: RESOURCE_NOT_FOUND | status: 404 NOT_FOUND | message: Other participant not found
com.abubakar.connectify.exception.ResourceNotFound: Other participant not found
	at com.abubakar.connectify.service.impl.ChatServiceImpl.mapToChatResponse(ChatServiceImpl.java:1260)
	at com.abubakar.connectify.service.impl.ChatServiceImpl.createChat(ChatServiceImpl.java:176)
	at java.base/jdk.internal.reflect.DirectMethodHandleAccessor.invoke(DirectMethodHandleAccessor.java:103)
	at java.base/java.lang.reflect.Method.invoke(Method.java:580)
	at org.springframework.aop.support.AopUtils.invokeJoinpointUsingReflection(AopUtils.java:359)
	at org.springframework.aop.framework.ReflectiveMethodInvocation.invokeJoinpoint(ReflectiveMethodInvocation.java:190)
	at org.springframework.aop.framework.ReflectiveMethodInvocation.proceed(ReflectiveMethodInvocation.java:158)
	at org.springframework.transaction.interceptor.TransactionInterceptor$1.proceedWithInvocation(TransactionInterceptor.java:133)
	at org.springframework.transaction.interceptor.TransactionAspectSupport.invokeWithinTransaction(TransactionAspectSupport.java:371)
	at org.springframework.transaction.interceptor.TransactionInterceptor.invoke(TransactionInterceptor.java:130)
	at org.springframework.aop.framework.ReflectiveMethodInvocation.proceed(ReflectiveMethodInvocation.java:179)
	at org.springframework.aop.framework.CglibAopProxy$DynamicAdvisedInterceptor.intercept(CglibAopProxy.java:719)
	at com.abubakar.connectify.service.impl.ChatServiceImpl$$SpringCGLIB$$0.createChat(<generated>)
	at com.abubakar.connectify.controller.ChatController.createChat(ChatController.java:49)
	at java.base/jdk.internal.reflect.DirectMethodHandleAccessor.invoke(DirectMethodHandleAccessor.java:103)
	at java.base/java.lang.reflect.Method.invoke(Method.java:580)
	at org.springframework.web.method.support.InvocableHandlerMethod.doInvoke(InvocableHandlerMethod.java:252)
	at org.springframework.web.method.support.InvocableHandlerMethod.invokeForRequest(InvocableHandlerMethod.java:184)
	at org.springframework.web.servlet.mvc.method.annotation.ServletInvocableHandlerMethod.invokeAndHandle(ServletInvocableHandlerMethod.java:117)
	at org.springframework.web.servlet.mvc.method.annotation.RequestMappingHandlerAdapter.invokeHandlerMethod(RequestMappingHandlerAdapter.java:934)
	at org.springframework.web.servlet.mvc.method.annotation.RequestMappingHandlerAdapter.handleInternal(RequestMappingHandlerAdapter.java:853)
	at org.springframework.web.servlet.mvc.method.AbstractHandlerMethodAdapter.handle(AbstractHandlerMethodAdapter.java:86)
	at org.springframework.web.servlet.DispatcherServlet.doDispatch(DispatcherServlet.java:963)
	at org.springframework.web.servlet.DispatcherServlet.doService(DispatcherServlet.java:866)
	at org.springframework.web.servlet.FrameworkServlet.processRequest(FrameworkServlet.java:1000)
	at org.springframework.web.servlet.FrameworkServlet.doPost(FrameworkServlet.java:903)
	at jakarta.servlet.http.HttpServlet.service(HttpServlet.java:649)
	at org.springframework.web.servlet.FrameworkServlet.service(FrameworkServlet.java:874)
	at jakarta.servlet.http.HttpServlet.service(HttpServlet.java:710)
	at org.apache.catalina.core.ApplicationFilterChain.doFilter(ApplicationFilterChain.java:128)
	at org.apache.tomcat.websocket.server.WsFilter.doFilter(WsFilter.java:53)
	at org.apache.catalina.core.ApplicationFilterChain.doFilter(ApplicationFilterChain.java:107)
	at org.springframework.web.filter.OncePerRequestFilter.doFilter(OncePerRequestFilter.java:110)
	at org.apache.catalina.core.ApplicationFilterChain.doFilter(ApplicationFilterChain.java:107)
	at org.springframework.web.filter.OncePerRequestFilter.doFilter(OncePerRequestFilter.java:110)
	at org.apache.catalina.core.ApplicationFilterChain.doFilter(ApplicationFilterChain.java:107)
	at com.abubakar.connectify.configuration.RequestLoggingFilter.doFilterInternal(RequestLoggingFilter.java:30)
	at org.springframework.web.filter.OncePerRequestFilter.doFilter(OncePerRequestFilter.java:116)
	at org.apache.catalina.core.ApplicationFilterChain.doFilter(ApplicationFilterChain.java:107)
	at org.springframework.web.filter.CompositeFilter$VirtualFilterChain.doFilter(CompositeFilter.java:108)
	at org.springframework.security.web.FilterChainProxy.lambda$doFilterInternal$3(FilterChainProxy.java:235)
	at org.springframework.security.web.FilterChainProxy$VirtualFilterChain.doFilter(FilterChainProxy.java:376)
	at org.springframework.security.web.access.intercept.AuthorizationFilter.doFilter(AuthorizationFilter.java:101)
	at org.springframework.security.web.FilterChainProxy$VirtualFilterChain.doFilter(FilterChainProxy.java:385)
	at org.springframework.security.web.access.ExceptionTranslationFilter.doFilter(ExceptionTranslationFilter.java:126)
	at org.springframework.security.web.access.ExceptionTranslationFilter.doFilter(ExceptionTranslationFilter.java:120)
	at org.springframework.security.web.FilterChainProxy$VirtualFilterChain.doFilter(FilterChainProxy.java:385)
	at org.springframework.security.web.session.SessionManagementFilter.doFilter(SessionManagementFilter.java:132)
	at org.springframework.security.web.session.SessionManagementFilter.doFilter(SessionManagementFilter.java:86)
	at org.springframework.security.web.FilterChainProxy$VirtualFilterChain.doFilter(FilterChainProxy.java:385)
	at org.springframework.security.web.authentication.AnonymousAuthenticationFilter.doFilter(AnonymousAuthenticationFilter.java:100)
	at org.springframework.security.web.FilterChainProxy$VirtualFilterChain.doFilter(FilterChainProxy.java:385)
	at org.springframework.security.web.servletapi.SecurityContextHolderAwareRequestFilter.doFilter(SecurityContextHolderAwareRequestFilter.java:181)
	at org.springframework.security.web.FilterChainProxy$VirtualFilterChain.doFilter(FilterChainProxy.java:385)
	at org.springframework.security.web.savedrequest.RequestCacheAwareFilter.doFilter(RequestCacheAwareFilter.java:63)
	at org.springframework.security.web.FilterChainProxy$VirtualFilterChain.doFilter(FilterChainProxy.java:385)
	at org.springframework.security.web.authentication.ui.DefaultLogoutPageGeneratingFilter.doFilterInternal(DefaultLogoutPageGeneratingFilter.java:60)
	at org.springframework.web.filter.OncePerRequestFilter.doFilter(OncePerRequestFilter.java:116)
	at org.springframework.security.web.FilterChainProxy$VirtualFilterChain.doFilter(FilterChainProxy.java:385)
	at org.springframework.security.web.authentication.ui.DefaultLoginPageGeneratingFilter.doFilter(DefaultLoginPageGeneratingFilter.java:246)
	at org.springframework.security.web.authentication.ui.DefaultLoginPageGeneratingFilter.doFilter(DefaultLoginPageGeneratingFilter.java:232)
	at org.springframework.security.web.FilterChainProxy$VirtualFilterChain.doFilter(FilterChainProxy.java:385)
	at org.springframework.security.web.authentication.ui.DefaultResourcesFilter.doFilter(DefaultResourcesFilter.java:73)
	at org.springframework.security.web.FilterChainProxy$VirtualFilterChain.doFilter(FilterChainProxy.java:385)
	at com.abubakar.connectify.security.JwtFilter.doFilterInternal(JwtFilter.java:141)
	at org.springframework.web.filter.OncePerRequestFilter.doFilter(OncePerRequestFilter.java:116)
	at org.springframework.security.web.FilterChainProxy$VirtualFilterChain.doFilter(FilterChainProxy.java:385)
	at org.springframework.security.web.authentication.AbstractAuthenticationProcessingFilter.doFilter(AbstractAuthenticationProcessingFilter.java:245)
	at org.springframework.security.web.authentication.AbstractAuthenticationProcessingFilter.doFilter(AbstractAuthenticationProcessingFilter.java:239)
	at org.springframework.security.web.FilterChainProxy$VirtualFilterChain.doFilter(FilterChainProxy.java:385)
	at org.springframework.security.oauth2.client.web.OAuth2AuthorizationRequestRedirectFilter.doFilterInternal(OAuth2AuthorizationRequestRedirectFilter.java:195)
	at org.springframework.web.filter.OncePerRequestFilter.doFilter(OncePerRequestFilter.java:116)
	at org.springframework.security.web.FilterChainProxy$VirtualFilterChain.doFilter(FilterChainProxy.java:385)
	at org.springframework.security.web.authentication.logout.LogoutFilter.doFilter(LogoutFilter.java:110)
	at org.springframework.security.web.authentication.logout.LogoutFilter.doFilter(LogoutFilter.java:96)
	at org.springframework.security.web.FilterChainProxy$VirtualFilterChain.doFilter(FilterChainProxy.java:385)
	at org.springframework.web.filter.CorsFilter.doFilterInternal(CorsFilter.java:91)
	at org.springframework.web.filter.OncePerRequestFilter.doFilter(OncePerRequestFilter.java:116)
	at org.springframework.security.web.FilterChainProxy$VirtualFilterChain.doFilter(FilterChainProxy.java:385)
	at org.springframework.security.web.header.HeaderWriterFilter.doHeadersAfter(HeaderWriterFilter.java:90)
	at org.springframework.security.web.header.HeaderWriterFilter.doFilterInternal(HeaderWriterFilter.java:75)
	at org.springframework.web.filter.OncePerRequestFilter.doFilter(OncePerRequestFilter.java:116)
	at org.springframework.security.web.FilterChainProxy$VirtualFilterChain.doFilter(FilterChainProxy.java:385)
	at org.springframework.security.web.context.SecurityContextHolderFilter.doFilter(SecurityContextHolderFilter.java:82)
	at org.springframework.security.web.context.SecurityContextHolderFilter.doFilter(SecurityContextHolderFilter.java:69)
	at org.springframework.security.web.FilterChainProxy$VirtualFilterChain.doFilter(FilterChainProxy.java:385)
	at org.springframework.security.web.context.request.async.WebAsyncManagerIntegrationFilter.doFilterInternal(WebAsyncManagerIntegrationFilter.java:62)
	at org.springframework.web.filter.OncePerRequestFilter.doFilter(OncePerRequestFilter.java:116)
	at org.springframework.security.web.FilterChainProxy$VirtualFilterChain.doFilter(FilterChainProxy.java:385)
	at org.springframework.security.web.session.DisableEncodeUrlFilter.doFilterInternal(DisableEncodeUrlFilter.java:42)
	at org.springframework.web.filter.OncePerRequestFilter.doFilter(OncePerRequestFilter.java:116)
	at org.springframework.security.web.FilterChainProxy$VirtualFilterChain.doFilter(FilterChainProxy.java:385)
	at org.springframework.security.web.FilterChainProxy.doFilterInternal(FilterChainProxy.java:237)
	at org.springframework.security.web.FilterChainProxy.doFilter(FilterChainProxy.java:195)
	at org.springframework.web.filter.CompositeFilter$VirtualFilterChain.doFilter(CompositeFilter.java:113)
	at org.springframework.web.filter.ServletRequestPathFilter.doFilter(ServletRequestPathFilter.java:52)
	at org.springframework.web.filter.CompositeFilter$VirtualFilterChain.doFilter(CompositeFilter.java:113)
	at org.springframework.web.filter.CompositeFilter.doFilter(CompositeFilter.java:74)
	at org.springframework.security.config.annotation.web.configuration.WebSecurityConfiguration$CompositeFilterChainProxy.doFilter(WebSecurityConfiguration.java:317)
	at org.springframework.web.filter.DelegatingFilterProxy.invokeDelegate(DelegatingFilterProxy.java:355)
	at org.springframework.web.filter.DelegatingFilterProxy.doFilter(DelegatingFilterProxy.java:272)
	at org.apache.catalina.core.ApplicationFilterChain.doFilter(ApplicationFilterChain.java:107)
	at org.springframework.web.filter.RequestContextFilter.doFilterInternal(RequestContextFilter.java:100)
	at org.springframework.web.filter.OncePerRequestFilter.doFilter(OncePerRequestFilter.java:116)
	at org.apache.catalina.core.ApplicationFilterChain.doFilter(ApplicationFilterChain.java:107)
	at org.springframework.web.filter.FormContentFilter.doFilterInternal(FormContentFilter.java:93)
	at org.springframework.web.filter.OncePerRequestFilter.doFilter(OncePerRequestFilter.java:116)
	at org.apache.catalina.core.ApplicationFilterChain.doFilter(ApplicationFilterChain.java:107)
	at org.springframework.web.filter.CharacterEncodingFilter.doFilterInternal(CharacterEncodingFilter.java:199)
	at org.springframework.web.filter.OncePerRequestFilter.doFilter(OncePerRequestFilter.java:116)
	at org.apache.catalina.core.ApplicationFilterChain.doFilter(ApplicationFilterChain.java:107)
	at org.apache.catalina.core.StandardWrapperValve.invoke(StandardWrapperValve.java:165)
	at org.apache.catalina.core.StandardContextValve.invoke(StandardContextValve.java:77)
	at org.apache.catalina.authenticator.AuthenticatorBase.invoke(AuthenticatorBase.java:492)
	at org.apache.catalina.core.StandardHostValve.invoke(StandardHostValve.java:113)
	at org.apache.catalina.valves.ErrorReportValve.invoke(ErrorReportValve.java:83)
	at org.apache.catalina.core.StandardEngineValve.invoke(StandardEngineValve.java:72)
	at org.apache.catalina.connector.CoyoteAdapter.service(CoyoteAdapter.java:341)
	at org.apache.coyote.http11.Http11Processor.service(Http11Processor.java:397)
	at org.apache.coyote.AbstractProcessorLight.process(AbstractProcessorLight.java:63)
	at org.apache.coyote.AbstractProtocol$ConnectionHandler.process(AbstractProtocol.java:903)
	at org.apache.tomcat.util.net.NioEndpoint$SocketProcessor.doRun(NioEndpoint.java:1801)
	at org.apache.tomcat.util.net.SocketProcessorBase.run(SocketProcessorBase.java:52)
	at org.apache.tomcat.util.threads.ThreadPoolExecutor.runWorker(ThreadPoolExecutor.java:946)
	at org.apache.tomcat.util.threads.ThreadPoolExecutor$Worker.run(ThreadPoolExecutor.java:480)
	at org.apache.tomcat.util.threads.TaskThread$WrappingRunnable.run(TaskThread.java:57)
	at java.base/java.lang.Thread.run(Thread.java:1583)
2026-06-04 18:03:05[INFO]com.abubakar.connectify.configuration.RequestLoggingFilter-POST /api/v1/chats/6 | Status: 404
2026-06-04 18:04:08[INFO]org.springframework.boot.tomcat.GracefulShutdown-Commencing graceful shutdown. Waiting for active requests to complete
2026-06-04 18:04:08[INFO]org.springframework.boot.tomcat.GracefulShutdown-Graceful shutdown complete
2026-06-04 18:04:09[INFO]org.springframework.orm.jpa.LocalContainerEntityManagerFactoryBean-Closing JPA EntityManagerFactory for persistence unit 'default'
2026-06-04 18:04:09[INFO]com.zaxxer.hikari.HikariDataSource-HikariPool-1 - Shutdown initiated...
2026-06-04 18:04:09[INFO]com.zaxxer.hikari.HikariDataSource-HikariPool-1 - Shutdown completed.
2026-06-04 18:08:52[INFO]org.hibernate.validator.internal.util.Version-HV000001: Hibernate Validator 9.0.1.Final
2026-06-04 18:08:52[INFO]com.abubakar.connectify.ConnectifyApplication-Starting ConnectifyApplication using Java 21.0.9 with PID 12416 (C:\Users\wwwab\Desktop\Sem4InternshipPresentation\2\Connectify\backend\target\classes started by wwwab in C:\Users\wwwab\Desktop\Sem4InternshipPresentation\2\Connectify\backend)
2026-06-04 18:08:52[DEBUG]com.abubakar.connectify.ConnectifyApplication-Running with Spring Boot v4.0.6, Spring v7.0.7
2026-06-04 18:08:52[INFO]com.abubakar.connectify.ConnectifyApplication-The following 1 profile is active: "dev"
2026-06-04 18:08:53[INFO]org.springframework.data.repository.config.RepositoryConfigurationDelegate-Multiple Spring Data modules found, entering strict repository configuration mode
2026-06-04 18:08:53[INFO]org.springframework.data.repository.config.RepositoryConfigurationDelegate-Bootstrapping Spring Data JPA repositories in DEFAULT mode.
2026-06-04 18:08:54[INFO]org.springframework.data.repository.config.RepositoryConfigurationDelegate-Finished Spring Data repository scanning in 233 ms. Found 18 JPA repository interfaces.
2026-06-04 18:08:54[INFO]org.springframework.data.repository.config.RepositoryConfigurationDelegate-Multiple Spring Data modules found, entering strict repository configuration mode
2026-06-04 18:08:54[INFO]org.springframework.data.repository.config.RepositoryConfigurationDelegate-Bootstrapping Spring Data Redis repositories in DEFAULT mode.
2026-06-04 18:08:54[INFO]org.springframework.data.repository.config.RepositoryConfigurationExtensionSupport-Spring Data Redis - Could not safely identify store assignment for repository candidate interface com.abubakar.connectify.repository.ChatParticipantRepository; If you want this repository to be a Redis repository, consider annotating your entities with one of these annotations: org.springframework.data.redis.core.RedisHash (preferred), or consider extending one of the following types with your repository: org.springframework.data.keyvalue.repository.KeyValueRepository
2026-06-04 18:08:54[INFO]org.springframework.data.repository.config.RepositoryConfigurationExtensionSupport-Spring Data Redis - Could not safely identify store assignment for repository candidate interface com.abubakar.connectify.repository.ChatRepository; If you want this repository to be a Redis repository, consider annotating your entities with one of these annotations: org.springframework.data.redis.core.RedisHash (preferred), or consider extending one of the following types with your repository: org.springframework.data.keyvalue.repository.KeyValueRepository
2026-06-04 18:08:54[INFO]org.springframework.data.repository.config.RepositoryConfigurationExtensionSupport-Spring Data Redis - Could not safely identify store assignment for repository candidate interface com.abubakar.connectify.repository.CommentRepository; If you want this repository to be a Redis repository, consider annotating your entities with one of these annotations: org.springframework.data.redis.core.RedisHash (preferred), or consider extending one of the following types with your repository: org.springframework.data.keyvalue.repository.KeyValueRepository
2026-06-04 18:08:54[INFO]org.springframework.data.repository.config.RepositoryConfigurationExtensionSupport-Spring Data Redis - Could not safely identify store assignment for repository candidate interface com.abubakar.connectify.repository.FollowRepository; If you want this repository to be a Redis repository, consider annotating your entities with one of these annotations: org.springframework.data.redis.core.RedisHash (preferred), or consider extending one of the following types with your repository: org.springframework.data.keyvalue.repository.KeyValueRepository
2026-06-04 18:08:54[INFO]org.springframework.data.repository.config.RepositoryConfigurationExtensionSupport-Spring Data Redis - Could not safely identify store assignment for repository candidate interface com.abubakar.connectify.repository.HashtagRepository; If you want this repository to be a Redis repository, consider annotating your entities with one of these annotations: org.springframework.data.redis.core.RedisHash (preferred), or consider extending one of the following types with your repository: org.springframework.data.keyvalue.repository.KeyValueRepository
2026-06-04 18:08:54[INFO]org.springframework.data.repository.config.RepositoryConfigurationExtensionSupport-Spring Data Redis - Could not safely identify store assignment for repository candidate interface com.abubakar.connectify.repository.LikeRepository; If you want this repository to be a Redis repository, consider annotating your entities with one of these annotations: org.springframework.data.redis.core.RedisHash (preferred), or consider extending one of the following types with your repository: org.springframework.data.keyvalue.repository.KeyValueRepository
2026-06-04 18:08:54[INFO]org.springframework.data.repository.config.RepositoryConfigurationExtensionSupport-Spring Data Redis - Could not safely identify store assignment for repository candidate interface com.abubakar.connectify.repository.MediaRepository; If you want this repository to be a Redis repository, consider annotating your entities with one of these annotations: org.springframework.data.redis.core.RedisHash (preferred), or consider extending one of the following types with your repository: org.springframework.data.keyvalue.repository.KeyValueRepository
2026-06-04 18:08:54[INFO]org.springframework.data.repository.config.RepositoryConfigurationExtensionSupport-Spring Data Redis - Could not safely identify store assignment for repository candidate interface com.abubakar.connectify.repository.MessageRepository; If you want this repository to be a Redis repository, consider annotating your entities with one of these annotations: org.springframework.data.redis.core.RedisHash (preferred), or consider extending one of the following types with your repository: org.springframework.data.keyvalue.repository.KeyValueRepository
2026-06-04 18:08:54[INFO]org.springframework.data.repository.config.RepositoryConfigurationExtensionSupport-Spring Data Redis - Could not safely identify store assignment for repository candidate interface com.abubakar.connectify.repository.NotificationRepository; If you want this repository to be a Redis repository, consider annotating your entities with one of these annotations: org.springframework.data.redis.core.RedisHash (preferred), or consider extending one of the following types with your repository: org.springframework.data.keyvalue.repository.KeyValueRepository
2026-06-04 18:08:54[INFO]org.springframework.data.repository.config.RepositoryConfigurationExtensionSupport-Spring Data Redis - Could not safely identify store assignment for repository candidate interface com.abubakar.connectify.repository.PostRepository; If you want this repository to be a Redis repository, consider annotating your entities with one of these annotations: org.springframework.data.redis.core.RedisHash (preferred), or consider extending one of the following types with your repository: org.springframework.data.keyvalue.repository.KeyValueRepository
2026-06-04 18:08:54[INFO]org.springframework.data.repository.config.RepositoryConfigurationExtensionSupport-Spring Data Redis - Could not safely identify store assignment for repository candidate interface com.abubakar.connectify.repository.RefreshTokenRepository; If you want this repository to be a Redis repository, consider annotating your entities with one of these annotations: org.springframework.data.redis.core.RedisHash (preferred), or consider extending one of the following types with your repository: org.springframework.data.keyvalue.repository.KeyValueRepository
2026-06-04 18:08:54[INFO]org.springframework.data.repository.config.RepositoryConfigurationExtensionSupport-Spring Data Redis - Could not safely identify store assignment for repository candidate interface com.abubakar.connectify.repository.ReportRepository; If you want this repository to be a Redis repository, consider annotating your entities with one of these annotations: org.springframework.data.redis.core.RedisHash (preferred), or consider extending one of the following types with your repository: org.springframework.data.keyvalue.repository.KeyValueRepository
2026-06-04 18:08:54[INFO]org.springframework.data.repository.config.RepositoryConfigurationExtensionSupport-Spring Data Redis - Could not safely identify store assignment for repository candidate interface com.abubakar.connectify.repository.SavedPostRepository; If you want this repository to be a Redis repository, consider annotating your entities with one of these annotations: org.springframework.data.redis.core.RedisHash (preferred), or consider extending one of the following types with your repository: org.springframework.data.keyvalue.repository.KeyValueRepository
2026-06-04 18:08:54[INFO]org.springframework.data.repository.config.RepositoryConfigurationExtensionSupport-Spring Data Redis - Could not safely identify store assignment for repository candidate interface com.abubakar.connectify.repository.StoryReactionRepository; If you want this repository to be a Redis repository, consider annotating your entities with one of these annotations: org.springframework.data.redis.core.RedisHash (preferred), or consider extending one of the following types with your repository: org.springframework.data.keyvalue.repository.KeyValueRepository
2026-06-04 18:08:54[INFO]org.springframework.data.repository.config.RepositoryConfigurationExtensionSupport-Spring Data Redis - Could not safely identify store assignment for repository candidate interface com.abubakar.connectify.repository.StoryReplyRepository; If you want this repository to be a Redis repository, consider annotating your entities with one of these annotations: org.springframework.data.redis.core.RedisHash (preferred), or consider extending one of the following types with your repository: org.springframework.data.keyvalue.repository.KeyValueRepository
2026-06-04 18:08:54[INFO]org.springframework.data.repository.config.RepositoryConfigurationExtensionSupport-Spring Data Redis - Could not safely identify store assignment for repository candidate interface com.abubakar.connectify.repository.StoryRepository; If you want this repository to be a Redis repository, consider annotating your entities with one of these annotations: org.springframework.data.redis.core.RedisHash (preferred), or consider extending one of the following types with your repository: org.springframework.data.keyvalue.repository.KeyValueRepository
2026-06-04 18:08:54[INFO]org.springframework.data.repository.config.RepositoryConfigurationExtensionSupport-Spring Data Redis - Could not safely identify store assignment for repository candidate interface com.abubakar.connectify.repository.StoryViewRepository; If you want this repository to be a Redis repository, consider annotating your entities with one of these annotations: org.springframework.data.redis.core.RedisHash (preferred), or consider extending one of the following types with your repository: org.springframework.data.keyvalue.repository.KeyValueRepository
2026-06-04 18:08:54[INFO]org.springframework.data.repository.config.RepositoryConfigurationExtensionSupport-Spring Data Redis - Could not safely identify store assignment for repository candidate interface com.abubakar.connectify.repository.UserRepository; If you want this repository to be a Redis repository, consider annotating your entities with one of these annotations: org.springframework.data.redis.core.RedisHash (preferred), or consider extending one of the following types with your repository: org.springframework.data.keyvalue.repository.KeyValueRepository
2026-06-04 18:08:54[INFO]org.springframework.data.repository.config.RepositoryConfigurationDelegate-Finished Spring Data repository scanning in 17 ms. Found 0 Redis repository interfaces.
2026-06-04 18:08:55[INFO]org.springframework.boot.tomcat.TomcatWebServer-Tomcat initialized with port 8080 (http)
2026-06-04 18:08:55[INFO]org.apache.coyote.http11.Http11NioProtocol-Initializing ProtocolHandler ["http-nio-8080"]
2026-06-04 18:08:55[INFO]org.apache.catalina.core.StandardService-Starting service [Tomcat]
2026-06-04 18:08:55[INFO]org.apache.catalina.core.StandardEngine-Starting Servlet engine: [Apache Tomcat/11.0.21]
2026-06-04 18:08:55[INFO]org.springframework.boot.web.context.servlet.WebApplicationContextInitializer-Root WebApplicationContext: initialization completed in 2998 ms
2026-06-04 18:08:55[INFO]org.hibernate.orm.jpa-HHH008540: Processing PersistenceUnitInfo [name: default]
2026-06-04 18:08:55[INFO]org.hibernate.orm.core-HHH000001: Hibernate ORM core version 7.2.12.Final
2026-06-04 18:08:56[INFO]org.springframework.orm.jpa.persistenceunit.SpringPersistenceUnitInfo-No LoadTimeWeaver setup: ignoring JPA class transformer
2026-06-04 18:08:56[INFO]com.zaxxer.hikari.HikariDataSource-HikariPool-1 - Starting...
2026-06-04 18:08:56[INFO]com.zaxxer.hikari.pool.HikariPool-HikariPool-1 - Added connection com.mysql.cj.jdbc.ConnectionImpl@43312512
2026-06-04 18:08:56[INFO]com.zaxxer.hikari.HikariDataSource-HikariPool-1 - Start completed.
2026-06-04 18:08:56[INFO]org.hibernate.orm.connections.pooling-HHH10001005: Database info:
	Database JDBC URL [jdbc:mysql://localhost:3306/connectifyApp]
	Database driver: MySQL Connector/J
	Database dialect: MySQLDialect
	Database version: 8.0.43
	Default catalog/schema: connectifyApp/undefined
	Autocommit mode: undefined/unknown
	Isolation level: REPEATABLE_READ [default REPEATABLE_READ]
	JDBC fetch size: none
	Pool: DataSourceConnectionProvider
	Minimum pool size: undefined/unknown
	Maximum pool size: undefined/unknown
2026-06-04 18:08:57[INFO]org.hibernate.orm.core-HHH000489: No JTA platform available (set 'hibernate.transaction.jta.platform' to enable JTA platform integration)
2026-06-04 18:08:57[INFO]org.springframework.orm.jpa.LocalContainerEntityManagerFactoryBean-Initialized JPA EntityManagerFactory for persistence unit 'default'
2026-06-04 18:08:57[INFO]org.springframework.data.jpa.repository.query.QueryEnhancerFactories-Hibernate is in classpath; If applicable, HQL parser will be used.
2026-06-04 18:08:58[DEBUG]com.abubakar.connectify.configuration.RequestLoggingFilter-Filter 'requestLoggingFilter' configured for use
2026-06-04 18:08:58[DEBUG]com.abubakar.connectify.security.JwtFilter-Filter 'jwtFilter' configured for use
2026-06-04 18:08:59[INFO]org.springframework.security.config.annotation.authentication.configuration.InitializeAuthenticationProviderBeanManagerConfigurer$InitializeAuthenticationProviderManagerConfigurer-Global AuthenticationManager configured with AuthenticationProvider bean with name authenticationProvider
2026-06-04 18:08:59[WARN]org.springframework.security.config.annotation.authentication.configuration.InitializeUserDetailsBeanManagerConfigurer$InitializeUserDetailsManagerConfigurer-Global AuthenticationManager configured with an AuthenticationProvider bean. UserDetailsService beans will not be used by Spring Security for automatically configuring username/password login. Consider removing the AuthenticationProvider bean. Alternatively, consider using the UserDetailsService in a manually instantiated DaoAuthenticationProvider. If the current configuration is intentional, to turn off this warning, increase the logging level of 'org.springframework.security.config.annotation.authentication.configuration.InitializeUserDetailsBeanManagerConfigurer' to ERROR
2026-06-04 18:09:01[INFO]org.apache.coyote.http11.Http11NioProtocol-Starting ProtocolHandler ["http-nio-8080"]
2026-06-04 18:09:01[INFO]org.springframework.boot.tomcat.TomcatWebServer-Tomcat started on port 8080 (http) with context path '/'
2026-06-04 18:09:02[INFO]com.abubakar.connectify.ConnectifyApplication-Started ConnectifyApplication in 9.993 seconds (process running for 10.608)
2026-06-04 18:09:02[INFO]com.abubakar.connectify.scheduler.StoryCleanupScheduler-Running story cleanup job
2026-06-04 18:09:02[INFO]com.abubakar.connectify.scheduler.StoryCleanupScheduler-Expired stories found: 0
2026-06-04 18:09:02[INFO]com.abubakar.connectify.scheduler.StoryCleanupScheduler-Story cleanup completed
2026-06-04 18:09:09[INFO]org.apache.catalina.core.ContainerBase.[Tomcat].[localhost].[/]-Initializing Spring DispatcherServlet 'dispatcherServlet'
2026-06-04 18:09:09[INFO]org.springframework.web.servlet.DispatcherServlet-Initializing Servlet 'dispatcherServlet'
2026-06-04 18:09:09[INFO]org.springframework.web.servlet.DispatcherServlet-Completed initialization in 4 ms
2026-06-04 18:09:09[INFO]com.abubakar.connectify.service.impl.CustomUserDetailsService-Authentication request received for email: abu@gmail.com
2026-06-04 18:09:10[DEBUG]com.abubakar.connectify.service.impl.CustomUserDetailsService-User loaded successfully with email: abu@gmail.com and role: USER
2026-06-04 18:09:10[INFO]com.abubakar.connectify.security.JwtUtils-Token validation result for user abu@gmail.com : true
2026-06-04 18:09:10[INFO]com.abubakar.connectify.security.JwtFilter-User authenticated successfully: abu@gmail.com
2026-06-04 18:09:10[INFO]com.abubakar.connectify.controller.ChatController-Create chat API request received | receiverId: 6
2026-06-04 18:09:10[INFO]com.abubakar.connectify.service.impl.ChatServiceImpl-Creating or fetching chat | userId: 6
2026-06-04 18:09:10[DEBUG]com.abubakar.connectify.util.UserAccessValidator-Validating user access | userId: 1
2026-06-04 18:09:10[DEBUG]com.abubakar.connectify.util.UserAccessValidator-User validation successful | userId: 1
2026-06-04 18:09:10[DEBUG]com.abubakar.connectify.util.AuthUtil-Authenticated active user fetched successfully | userId: 1
2026-06-04 18:09:10[INFO]com.abubakar.connectify.service.impl.ChatServiceImpl-Create chat request received | currentUserId: 1 | targetUserId: 6
2026-06-04 18:09:10[DEBUG]com.abubakar.connectify.util.UserAccessValidator-Validating user access | userId: 6
2026-06-04 18:09:10[DEBUG]com.abubakar.connectify.util.UserAccessValidator-User validation successful | userId: 6
2026-06-04 18:09:10[INFO]com.abubakar.connectify.service.impl.ChatServiceImpl-Private chat created successfully | chatId: 3 | participantOneId: 1 | participantTwoId: 6
2026-06-04 18:09:10[INFO]com.abubakar.connectify.service.impl.ChatServiceImpl-Participants loaded: 0
2026-06-04 18:09:10[ERROR]com.abubakar.connectify.exception.GlobalExceptionHandler-Business exception occurred | errorCode: RESOURCE_NOT_FOUND | status: 404 NOT_FOUND | message: Other participant not found
com.abubakar.connectify.exception.ResourceNotFound: Other participant not found
	at com.abubakar.connectify.service.impl.ChatServiceImpl.mapToChatResponse(ChatServiceImpl.java:1265)
	at com.abubakar.connectify.service.impl.ChatServiceImpl.createChat(ChatServiceImpl.java:176)
	at java.base/jdk.internal.reflect.DirectMethodHandleAccessor.invoke(DirectMethodHandleAccessor.java:103)
	at java.base/java.lang.reflect.Method.invoke(Method.java:580)
	at org.springframework.aop.support.AopUtils.invokeJoinpointUsingReflection(AopUtils.java:359)
	at org.springframework.aop.framework.ReflectiveMethodInvocation.invokeJoinpoint(ReflectiveMethodInvocation.java:190)
	at org.springframework.aop.framework.ReflectiveMethodInvocation.proceed(ReflectiveMethodInvocation.java:158)
	at org.springframework.transaction.interceptor.TransactionInterceptor$1.proceedWithInvocation(TransactionInterceptor.java:133)
	at org.springframework.transaction.interceptor.TransactionAspectSupport.invokeWithinTransaction(TransactionAspectSupport.java:371)
	at org.springframework.transaction.interceptor.TransactionInterceptor.invoke(TransactionInterceptor.java:130)
	at org.springframework.aop.framework.ReflectiveMethodInvocation.proceed(ReflectiveMethodInvocation.java:179)
	at org.springframework.aop.framework.CglibAopProxy$DynamicAdvisedInterceptor.intercept(CglibAopProxy.java:719)
	at com.abubakar.connectify.service.impl.ChatServiceImpl$$SpringCGLIB$$0.createChat(<generated>)
	at com.abubakar.connectify.controller.ChatController.createChat(ChatController.java:49)
	at java.base/jdk.internal.reflect.DirectMethodHandleAccessor.invoke(DirectMethodHandleAccessor.java:103)
	at java.base/java.lang.reflect.Method.invoke(Method.java:580)
	at org.springframework.web.method.support.InvocableHandlerMethod.doInvoke(InvocableHandlerMethod.java:252)
	at org.springframework.web.method.support.InvocableHandlerMethod.invokeForRequest(InvocableHandlerMethod.java:184)
	at org.springframework.web.servlet.mvc.method.annotation.ServletInvocableHandlerMethod.invokeAndHandle(ServletInvocableHandlerMethod.java:117)
	at org.springframework.web.servlet.mvc.method.annotation.RequestMappingHandlerAdapter.invokeHandlerMethod(RequestMappingHandlerAdapter.java:934)
	at org.springframework.web.servlet.mvc.method.annotation.RequestMappingHandlerAdapter.handleInternal(RequestMappingHandlerAdapter.java:853)
	at org.springframework.web.servlet.mvc.method.AbstractHandlerMethodAdapter.handle(AbstractHandlerMethodAdapter.java:86)
	at org.springframework.web.servlet.DispatcherServlet.doDispatch(DispatcherServlet.java:963)
	at org.springframework.web.servlet.DispatcherServlet.doService(DispatcherServlet.java:866)
	at org.springframework.web.servlet.FrameworkServlet.processRequest(FrameworkServlet.java:1000)
	at org.springframework.web.servlet.FrameworkServlet.doPost(FrameworkServlet.java:903)
	at jakarta.servlet.http.HttpServlet.service(HttpServlet.java:649)
	at org.springframework.web.servlet.FrameworkServlet.service(FrameworkServlet.java:874)
	at jakarta.servlet.http.HttpServlet.service(HttpServlet.java:710)
	at org.apache.catalina.core.ApplicationFilterChain.doFilter(ApplicationFilterChain.java:128)
	at org.apache.tomcat.websocket.server.WsFilter.doFilter(WsFilter.java:53)
	at org.apache.catalina.core.ApplicationFilterChain.doFilter(ApplicationFilterChain.java:107)
	at org.springframework.web.filter.OncePerRequestFilter.doFilter(OncePerRequestFilter.java:110)
	at org.apache.catalina.core.ApplicationFilterChain.doFilter(ApplicationFilterChain.java:107)
	at org.springframework.web.filter.OncePerRequestFilter.doFilter(OncePerRequestFilter.java:110)
	at org.apache.catalina.core.ApplicationFilterChain.doFilter(ApplicationFilterChain.java:107)
	at com.abubakar.connectify.configuration.RequestLoggingFilter.doFilterInternal(RequestLoggingFilter.java:30)
	at org.springframework.web.filter.OncePerRequestFilter.doFilter(OncePerRequestFilter.java:116)
	at org.apache.catalina.core.ApplicationFilterChain.doFilter(ApplicationFilterChain.java:107)
	at org.springframework.web.filter.CompositeFilter$VirtualFilterChain.doFilter(CompositeFilter.java:108)
	at org.springframework.security.web.FilterChainProxy.lambda$doFilterInternal$3(FilterChainProxy.java:235)
	at org.springframework.security.web.FilterChainProxy$VirtualFilterChain.doFilter(FilterChainProxy.java:376)
	at org.springframework.security.web.access.intercept.AuthorizationFilter.doFilter(AuthorizationFilter.java:101)
	at org.springframework.security.web.FilterChainProxy$VirtualFilterChain.doFilter(FilterChainProxy.java:385)
	at org.springframework.security.web.access.ExceptionTranslationFilter.doFilter(ExceptionTranslationFilter.java:126)
	at org.springframework.security.web.access.ExceptionTranslationFilter.doFilter(ExceptionTranslationFilter.java:120)
	at org.springframework.security.web.FilterChainProxy$VirtualFilterChain.doFilter(FilterChainProxy.java:385)
	at org.springframework.security.web.session.SessionManagementFilter.doFilter(SessionManagementFilter.java:132)
	at org.springframework.security.web.session.SessionManagementFilter.doFilter(SessionManagementFilter.java:86)
	at org.springframework.security.web.FilterChainProxy$VirtualFilterChain.doFilter(FilterChainProxy.java:385)
	at org.springframework.security.web.authentication.AnonymousAuthenticationFilter.doFilter(AnonymousAuthenticationFilter.java:100)
	at org.springframework.security.web.FilterChainProxy$VirtualFilterChain.doFilter(FilterChainProxy.java:385)
	at org.springframework.security.web.servletapi.SecurityContextHolderAwareRequestFilter.doFilter(SecurityContextHolderAwareRequestFilter.java:181)
	at org.springframework.security.web.FilterChainProxy$VirtualFilterChain.doFilter(FilterChainProxy.java:385)
	at org.springframework.security.web.savedrequest.RequestCacheAwareFilter.doFilter(RequestCacheAwareFilter.java:63)
	at org.springframework.security.web.FilterChainProxy$VirtualFilterChain.doFilter(FilterChainProxy.java:385)
	at org.springframework.security.web.authentication.ui.DefaultLogoutPageGeneratingFilter.doFilterInternal(DefaultLogoutPageGeneratingFilter.java:60)
	at org.springframework.web.filter.OncePerRequestFilter.doFilter(OncePerRequestFilter.java:116)
	at org.springframework.security.web.FilterChainProxy$VirtualFilterChain.doFilter(FilterChainProxy.java:385)
	at org.springframework.security.web.authentication.ui.DefaultLoginPageGeneratingFilter.doFilter(DefaultLoginPageGeneratingFilter.java:246)
	at org.springframework.security.web.authentication.ui.DefaultLoginPageGeneratingFilter.doFilter(DefaultLoginPageGeneratingFilter.java:232)
	at org.springframework.security.web.FilterChainProxy$VirtualFilterChain.doFilter(FilterChainProxy.java:385)
	at org.springframework.security.web.authentication.ui.DefaultResourcesFilter.doFilter(DefaultResourcesFilter.java:73)
	at org.springframework.security.web.FilterChainProxy$VirtualFilterChain.doFilter(FilterChainProxy.java:385)
	at com.abubakar.connectify.security.JwtFilter.doFilterInternal(JwtFilter.java:141)
	at org.springframework.web.filter.OncePerRequestFilter.doFilter(OncePerRequestFilter.java:116)
	at org.springframework.security.web.FilterChainProxy$VirtualFilterChain.doFilter(FilterChainProxy.java:385)
	at org.springframework.security.web.authentication.AbstractAuthenticationProcessingFilter.doFilter(AbstractAuthenticationProcessingFilter.java:245)
	at org.springframework.security.web.authentication.AbstractAuthenticationProcessingFilter.doFilter(AbstractAuthenticationProcessingFilter.java:239)
	at org.springframework.security.web.FilterChainProxy$VirtualFilterChain.doFilter(FilterChainProxy.java:385)
	at org.springframework.security.oauth2.client.web.OAuth2AuthorizationRequestRedirectFilter.doFilterInternal(OAuth2AuthorizationRequestRedirectFilter.java:195)
	at org.springframework.web.filter.OncePerRequestFilter.doFilter(OncePerRequestFilter.java:116)
	at org.springframework.security.web.FilterChainProxy$VirtualFilterChain.doFilter(FilterChainProxy.java:385)
	at org.springframework.security.web.authentication.logout.LogoutFilter.doFilter(LogoutFilter.java:110)
	at org.springframework.security.web.authentication.logout.LogoutFilter.doFilter(LogoutFilter.java:96)
	at org.springframework.security.web.FilterChainProxy$VirtualFilterChain.doFilter(FilterChainProxy.java:385)
	at org.springframework.web.filter.CorsFilter.doFilterInternal(CorsFilter.java:91)
	at org.springframework.web.filter.OncePerRequestFilter.doFilter(OncePerRequestFilter.java:116)
	at org.springframework.security.web.FilterChainProxy$VirtualFilterChain.doFilter(FilterChainProxy.java:385)
	at org.springframework.security.web.header.HeaderWriterFilter.doHeadersAfter(HeaderWriterFilter.java:90)
	at org.springframework.security.web.header.HeaderWriterFilter.doFilterInternal(HeaderWriterFilter.java:75)
	at org.springframework.web.filter.OncePerRequestFilter.doFilter(OncePerRequestFilter.java:116)
	at org.springframework.security.web.FilterChainProxy$VirtualFilterChain.doFilter(FilterChainProxy.java:385)
	at org.springframework.security.web.context.SecurityContextHolderFilter.doFilter(SecurityContextHolderFilter.java:82)
	at org.springframework.security.web.context.SecurityContextHolderFilter.doFilter(SecurityContextHolderFilter.java:69)
	at org.springframework.security.web.FilterChainProxy$VirtualFilterChain.doFilter(FilterChainProxy.java:385)
	at org.springframework.security.web.context.request.async.WebAsyncManagerIntegrationFilter.doFilterInternal(WebAsyncManagerIntegrationFilter.java:62)
	at org.springframework.web.filter.OncePerRequestFilter.doFilter(OncePerRequestFilter.java:116)
	at org.springframework.security.web.FilterChainProxy$VirtualFilterChain.doFilter(FilterChainProxy.java:385)
	at org.springframework.security.web.session.DisableEncodeUrlFilter.doFilterInternal(DisableEncodeUrlFilter.java:42)
	at org.springframework.web.filter.OncePerRequestFilter.doFilter(OncePerRequestFilter.java:116)
	at org.springframework.security.web.FilterChainProxy$VirtualFilterChain.doFilter(FilterChainProxy.java:385)
	at org.springframework.security.web.FilterChainProxy.doFilterInternal(FilterChainProxy.java:237)
	at org.springframework.security.web.FilterChainProxy.doFilter(FilterChainProxy.java:195)
	at org.springframework.web.filter.CompositeFilter$VirtualFilterChain.doFilter(CompositeFilter.java:113)
	at org.springframework.web.filter.ServletRequestPathFilter.doFilter(ServletRequestPathFilter.java:52)
	at org.springframework.web.filter.CompositeFilter$VirtualFilterChain.doFilter(CompositeFilter.java:113)
	at org.springframework.web.filter.CompositeFilter.doFilter(CompositeFilter.java:74)
	at org.springframework.security.config.annotation.web.configuration.WebSecurityConfiguration$CompositeFilterChainProxy.doFilter(WebSecurityConfiguration.java:317)
	at org.springframework.web.filter.DelegatingFilterProxy.invokeDelegate(DelegatingFilterProxy.java:355)
	at org.springframework.web.filter.DelegatingFilterProxy.doFilter(DelegatingFilterProxy.java:272)
	at org.apache.catalina.core.ApplicationFilterChain.doFilter(ApplicationFilterChain.java:107)
	at org.springframework.web.filter.RequestContextFilter.doFilterInternal(RequestContextFilter.java:100)
	at org.springframework.web.filter.OncePerRequestFilter.doFilter(OncePerRequestFilter.java:116)
	at org.apache.catalina.core.ApplicationFilterChain.doFilter(ApplicationFilterChain.java:107)
	at org.springframework.web.filter.FormContentFilter.doFilterInternal(FormContentFilter.java:93)
	at org.springframework.web.filter.OncePerRequestFilter.doFilter(OncePerRequestFilter.java:116)
	at org.apache.catalina.core.ApplicationFilterChain.doFilter(ApplicationFilterChain.java:107)
	at org.springframework.web.filter.CharacterEncodingFilter.doFilterInternal(CharacterEncodingFilter.java:199)
	at org.springframework.web.filter.OncePerRequestFilter.doFilter(OncePerRequestFilter.java:116)
	at org.apache.catalina.core.ApplicationFilterChain.doFilter(ApplicationFilterChain.java:107)
	at org.apache.catalina.core.StandardWrapperValve.invoke(StandardWrapperValve.java:165)
	at org.apache.catalina.core.StandardContextValve.invoke(StandardContextValve.java:77)
	at org.apache.catalina.authenticator.AuthenticatorBase.invoke(AuthenticatorBase.java:492)
	at org.apache.catalina.core.StandardHostValve.invoke(StandardHostValve.java:113)
	at org.apache.catalina.valves.ErrorReportValve.invoke(ErrorReportValve.java:83)
	at org.apache.catalina.core.StandardEngineValve.invoke(StandardEngineValve.java:72)
	at org.apache.catalina.connector.CoyoteAdapter.service(CoyoteAdapter.java:341)
	at org.apache.coyote.http11.Http11Processor.service(Http11Processor.java:397)
	at org.apache.coyote.AbstractProcessorLight.process(AbstractProcessorLight.java:63)
	at org.apache.coyote.AbstractProtocol$ConnectionHandler.process(AbstractProtocol.java:903)
	at org.apache.tomcat.util.net.NioEndpoint$SocketProcessor.doRun(NioEndpoint.java:1801)
	at org.apache.tomcat.util.net.SocketProcessorBase.run(SocketProcessorBase.java:52)
	at org.apache.tomcat.util.threads.ThreadPoolExecutor.runWorker(ThreadPoolExecutor.java:946)
	at org.apache.tomcat.util.threads.ThreadPoolExecutor$Worker.run(ThreadPoolExecutor.java:480)
	at org.apache.tomcat.util.threads.TaskThread$WrappingRunnable.run(TaskThread.java:57)
	at java.base/java.lang.Thread.run(Thread.java:1583)
2026-06-04 18:09:10[INFO]com.abubakar.connectify.configuration.RequestLoggingFilter-POST /api/v1/chats/6 | Status: 404
2026-06-04 18:15:28[INFO]org.springframework.boot.tomcat.GracefulShutdown-Commencing graceful shutdown. Waiting for active requests to complete
2026-06-04 18:15:29[INFO]org.springframework.boot.tomcat.GracefulShutdown-Graceful shutdown complete
2026-06-04 18:15:29[INFO]org.springframework.orm.jpa.LocalContainerEntityManagerFactoryBean-Closing JPA EntityManagerFactory for persistence unit 'default'
2026-06-04 18:15:29[INFO]com.zaxxer.hikari.HikariDataSource-HikariPool-1 - Shutdown initiated...
2026-06-04 18:15:29[INFO]com.zaxxer.hikari.HikariDataSource-HikariPool-1 - Shutdown completed.
2026-06-04 18:15:33[INFO]org.hibernate.validator.internal.util.Version-HV000001: Hibernate Validator 9.0.1.Final
2026-06-04 18:15:33[INFO]com.abubakar.connectify.ConnectifyApplication-Starting ConnectifyApplication using Java 21.0.9 with PID 16696 (C:\Users\wwwab\Desktop\Sem4InternshipPresentation\2\Connectify\backend\target\classes started by wwwab in C:\Users\wwwab\Desktop\Sem4InternshipPresentation\2\Connectify\backend)
2026-06-04 18:15:33[DEBUG]com.abubakar.connectify.ConnectifyApplication-Running with Spring Boot v4.0.6, Spring v7.0.7
2026-06-04 18:15:33[INFO]com.abubakar.connectify.ConnectifyApplication-The following 1 profile is active: "dev"
2026-06-04 18:15:34[INFO]org.springframework.data.repository.config.RepositoryConfigurationDelegate-Multiple Spring Data modules found, entering strict repository configuration mode
2026-06-04 18:15:34[INFO]org.springframework.data.repository.config.RepositoryConfigurationDelegate-Bootstrapping Spring Data JPA repositories in DEFAULT mode.
2026-06-04 18:15:35[INFO]org.springframework.data.repository.config.RepositoryConfigurationDelegate-Finished Spring Data repository scanning in 223 ms. Found 18 JPA repository interfaces.
2026-06-04 18:15:35[INFO]org.springframework.data.repository.config.RepositoryConfigurationDelegate-Multiple Spring Data modules found, entering strict repository configuration mode
2026-06-04 18:15:35[INFO]org.springframework.data.repository.config.RepositoryConfigurationDelegate-Bootstrapping Spring Data Redis repositories in DEFAULT mode.
2026-06-04 18:15:35[INFO]org.springframework.data.repository.config.RepositoryConfigurationExtensionSupport-Spring Data Redis - Could not safely identify store assignment for repository candidate interface com.abubakar.connectify.repository.ChatParticipantRepository; If you want this repository to be a Redis repository, consider annotating your entities with one of these annotations: org.springframework.data.redis.core.RedisHash (preferred), or consider extending one of the following types with your repository: org.springframework.data.keyvalue.repository.KeyValueRepository
2026-06-04 18:15:35[INFO]org.springframework.data.repository.config.RepositoryConfigurationExtensionSupport-Spring Data Redis - Could not safely identify store assignment for repository candidate interface com.abubakar.connectify.repository.ChatRepository; If you want this repository to be a Redis repository, consider annotating your entities with one of these annotations: org.springframework.data.redis.core.RedisHash (preferred), or consider extending one of the following types with your repository: org.springframework.data.keyvalue.repository.KeyValueRepository
2026-06-04 18:15:35[INFO]org.springframework.data.repository.config.RepositoryConfigurationExtensionSupport-Spring Data Redis - Could not safely identify store assignment for repository candidate interface com.abubakar.connectify.repository.CommentRepository; If you want this repository to be a Redis repository, consider annotating your entities with one of these annotations: org.springframework.data.redis.core.RedisHash (preferred), or consider extending one of the following types with your repository: org.springframework.data.keyvalue.repository.KeyValueRepository
2026-06-04 18:15:35[INFO]org.springframework.data.repository.config.RepositoryConfigurationExtensionSupport-Spring Data Redis - Could not safely identify store assignment for repository candidate interface com.abubakar.connectify.repository.FollowRepository; If you want this repository to be a Redis repository, consider annotating your entities with one of these annotations: org.springframework.data.redis.core.RedisHash (preferred), or consider extending one of the following types with your repository: org.springframework.data.keyvalue.repository.KeyValueRepository
2026-06-04 18:15:35[INFO]org.springframework.data.repository.config.RepositoryConfigurationExtensionSupport-Spring Data Redis - Could not safely identify store assignment for repository candidate interface com.abubakar.connectify.repository.HashtagRepository; If you want this repository to be a Redis repository, consider annotating your entities with one of these annotations: org.springframework.data.redis.core.RedisHash (preferred), or consider extending one of the following types with your repository: org.springframework.data.keyvalue.repository.KeyValueRepository
2026-06-04 18:15:35[INFO]org.springframework.data.repository.config.RepositoryConfigurationExtensionSupport-Spring Data Redis - Could not safely identify store assignment for repository candidate interface com.abubakar.connectify.repository.LikeRepository; If you want this repository to be a Redis repository, consider annotating your entities with one of these annotations: org.springframework.data.redis.core.RedisHash (preferred), or consider extending one of the following types with your repository: org.springframework.data.keyvalue.repository.KeyValueRepository
2026-06-04 18:15:35[INFO]org.springframework.data.repository.config.RepositoryConfigurationExtensionSupport-Spring Data Redis - Could not safely identify store assignment for repository candidate interface com.abubakar.connectify.repository.MediaRepository; If you want this repository to be a Redis repository, consider annotating your entities with one of these annotations: org.springframework.data.redis.core.RedisHash (preferred), or consider extending one of the following types with your repository: org.springframework.data.keyvalue.repository.KeyValueRepository
2026-06-04 18:15:35[INFO]org.springframework.data.repository.config.RepositoryConfigurationExtensionSupport-Spring Data Redis - Could not safely identify store assignment for repository candidate interface com.abubakar.connectify.repository.MessageRepository; If you want this repository to be a Redis repository, consider annotating your entities with one of these annotations: org.springframework.data.redis.core.RedisHash (preferred), or consider extending one of the following types with your repository: org.springframework.data.keyvalue.repository.KeyValueRepository
2026-06-04 18:15:35[INFO]org.springframework.data.repository.config.RepositoryConfigurationExtensionSupport-Spring Data Redis - Could not safely identify store assignment for repository candidate interface com.abubakar.connectify.repository.NotificationRepository; If you want this repository to be a Redis repository, consider annotating your entities with one of these annotations: org.springframework.data.redis.core.RedisHash (preferred), or consider extending one of the following types with your repository: org.springframework.data.keyvalue.repository.KeyValueRepository
2026-06-04 18:15:35[INFO]org.springframework.data.repository.config.RepositoryConfigurationExtensionSupport-Spring Data Redis - Could not safely identify store assignment for repository candidate interface com.abubakar.connectify.repository.PostRepository; If you want this repository to be a Redis repository, consider annotating your entities with one of these annotations: org.springframework.data.redis.core.RedisHash (preferred), or consider extending one of the following types with your repository: org.springframework.data.keyvalue.repository.KeyValueRepository
2026-06-04 18:15:35[INFO]org.springframework.data.repository.config.RepositoryConfigurationExtensionSupport-Spring Data Redis - Could not safely identify store assignment for repository candidate interface com.abubakar.connectify.repository.RefreshTokenRepository; If you want this repository to be a Redis repository, consider annotating your entities with one of these annotations: org.springframework.data.redis.core.RedisHash (preferred), or consider extending one of the following types with your repository: org.springframework.data.keyvalue.repository.KeyValueRepository
2026-06-04 18:15:35[INFO]org.springframework.data.repository.config.RepositoryConfigurationExtensionSupport-Spring Data Redis - Could not safely identify store assignment for repository candidate interface com.abubakar.connectify.repository.ReportRepository; If you want this repository to be a Redis repository, consider annotating your entities with one of these annotations: org.springframework.data.redis.core.RedisHash (preferred), or consider extending one of the following types with your repository: org.springframework.data.keyvalue.repository.KeyValueRepository
2026-06-04 18:15:35[INFO]org.springframework.data.repository.config.RepositoryConfigurationExtensionSupport-Spring Data Redis - Could not safely identify store assignment for repository candidate interface com.abubakar.connectify.repository.SavedPostRepository; If you want this repository to be a Redis repository, consider annotating your entities with one of these annotations: org.springframework.data.redis.core.RedisHash (preferred), or consider extending one of the following types with your repository: org.springframework.data.keyvalue.repository.KeyValueRepository
2026-06-04 18:15:35[INFO]org.springframework.data.repository.config.RepositoryConfigurationExtensionSupport-Spring Data Redis - Could not safely identify store assignment for repository candidate interface com.abubakar.connectify.repository.StoryReactionRepository; If you want this repository to be a Redis repository, consider annotating your entities with one of these annotations: org.springframework.data.redis.core.RedisHash (preferred), or consider extending one of the following types with your repository: org.springframework.data.keyvalue.repository.KeyValueRepository
2026-06-04 18:15:35[INFO]org.springframework.data.repository.config.RepositoryConfigurationExtensionSupport-Spring Data Redis - Could not safely identify store assignment for repository candidate interface com.abubakar.connectify.repository.StoryReplyRepository; If you want this repository to be a Redis repository, consider annotating your entities with one of these annotations: org.springframework.data.redis.core.RedisHash (preferred), or consider extending one of the following types with your repository: org.springframework.data.keyvalue.repository.KeyValueRepository
2026-06-04 18:15:35[INFO]org.springframework.data.repository.config.RepositoryConfigurationExtensionSupport-Spring Data Redis - Could not safely identify store assignment for repository candidate interface com.abubakar.connectify.repository.StoryRepository; If you want this repository to be a Redis repository, consider annotating your entities with one of these annotations: org.springframework.data.redis.core.RedisHash (preferred), or consider extending one of the following types with your repository: org.springframework.data.keyvalue.repository.KeyValueRepository
2026-06-04 18:15:35[INFO]org.springframework.data.repository.config.RepositoryConfigurationExtensionSupport-Spring Data Redis - Could not safely identify store assignment for repository candidate interface com.abubakar.connectify.repository.StoryViewRepository; If you want this repository to be a Redis repository, consider annotating your entities with one of these annotations: org.springframework.data.redis.core.RedisHash (preferred), or consider extending one of the following types with your repository: org.springframework.data.keyvalue.repository.KeyValueRepository
2026-06-04 18:15:35[INFO]org.springframework.data.repository.config.RepositoryConfigurationExtensionSupport-Spring Data Redis - Could not safely identify store assignment for repository candidate interface com.abubakar.connectify.repository.UserRepository; If you want this repository to be a Redis repository, consider annotating your entities with one of these annotations: org.springframework.data.redis.core.RedisHash (preferred), or consider extending one of the following types with your repository: org.springframework.data.keyvalue.repository.KeyValueRepository
2026-06-04 18:15:35[INFO]org.springframework.data.repository.config.RepositoryConfigurationDelegate-Finished Spring Data repository scanning in 17 ms. Found 0 Redis repository interfaces.
2026-06-04 18:15:36[INFO]org.springframework.boot.tomcat.TomcatWebServer-Tomcat initialized with port 8080 (http)
2026-06-04 18:15:36[INFO]org.apache.coyote.http11.Http11NioProtocol-Initializing ProtocolHandler ["http-nio-8080"]
2026-06-04 18:15:36[INFO]org.apache.catalina.core.StandardService-Starting service [Tomcat]
2026-06-04 18:15:36[INFO]org.apache.catalina.core.StandardEngine-Starting Servlet engine: [Apache Tomcat/11.0.21]
2026-06-04 18:15:36[INFO]org.springframework.boot.web.context.servlet.WebApplicationContextInitializer-Root WebApplicationContext: initialization completed in 3096 ms
2026-06-04 18:15:36[INFO]org.hibernate.orm.jpa-HHH008540: Processing PersistenceUnitInfo [name: default]
2026-06-04 18:15:36[INFO]org.hibernate.orm.core-HHH000001: Hibernate ORM core version 7.2.12.Final
2026-06-04 18:15:37[INFO]org.springframework.orm.jpa.persistenceunit.SpringPersistenceUnitInfo-No LoadTimeWeaver setup: ignoring JPA class transformer
2026-06-04 18:15:37[INFO]com.zaxxer.hikari.HikariDataSource-HikariPool-1 - Starting...
2026-06-04 18:15:37[INFO]com.zaxxer.hikari.pool.HikariPool-HikariPool-1 - Added connection com.mysql.cj.jdbc.ConnectionImpl@4113d9ab
2026-06-04 18:15:37[INFO]com.zaxxer.hikari.HikariDataSource-HikariPool-1 - Start completed.
2026-06-04 18:15:37[INFO]org.hibernate.orm.connections.pooling-HHH10001005: Database info:
	Database JDBC URL [jdbc:mysql://localhost:3306/connectifyApp]
	Database driver: MySQL Connector/J
	Database dialect: MySQLDialect
	Database version: 8.0.43
	Default catalog/schema: connectifyApp/undefined
	Autocommit mode: undefined/unknown
	Isolation level: REPEATABLE_READ [default REPEATABLE_READ]
	JDBC fetch size: none
	Pool: DataSourceConnectionProvider
	Minimum pool size: undefined/unknown
	Maximum pool size: undefined/unknown
2026-06-04 18:15:39[INFO]org.hibernate.orm.core-HHH000489: No JTA platform available (set 'hibernate.transaction.jta.platform' to enable JTA platform integration)
2026-06-04 18:15:39[INFO]org.springframework.orm.jpa.LocalContainerEntityManagerFactoryBean-Initialized JPA EntityManagerFactory for persistence unit 'default'
2026-06-04 18:15:39[INFO]org.springframework.data.jpa.repository.query.QueryEnhancerFactories-Hibernate is in classpath; If applicable, HQL parser will be used.
2026-06-04 18:15:40[DEBUG]com.abubakar.connectify.configuration.RequestLoggingFilter-Filter 'requestLoggingFilter' configured for use
2026-06-04 18:15:40[DEBUG]com.abubakar.connectify.security.JwtFilter-Filter 'jwtFilter' configured for use
2026-06-04 18:15:40[INFO]org.springframework.security.config.annotation.authentication.configuration.InitializeAuthenticationProviderBeanManagerConfigurer$InitializeAuthenticationProviderManagerConfigurer-Global AuthenticationManager configured with AuthenticationProvider bean with name authenticationProvider
2026-06-04 18:15:40[WARN]org.springframework.security.config.annotation.authentication.configuration.InitializeUserDetailsBeanManagerConfigurer$InitializeUserDetailsManagerConfigurer-Global AuthenticationManager configured with an AuthenticationProvider bean. UserDetailsService beans will not be used by Spring Security for automatically configuring username/password login. Consider removing the AuthenticationProvider bean. Alternatively, consider using the UserDetailsService in a manually instantiated DaoAuthenticationProvider. If the current configuration is intentional, to turn off this warning, increase the logging level of 'org.springframework.security.config.annotation.authentication.configuration.InitializeUserDetailsBeanManagerConfigurer' to ERROR
2026-06-04 18:15:43[INFO]org.apache.coyote.http11.Http11NioProtocol-Starting ProtocolHandler ["http-nio-8080"]
2026-06-04 18:15:43[INFO]org.springframework.boot.tomcat.TomcatWebServer-Tomcat started on port 8080 (http) with context path '/'
2026-06-04 18:15:43[INFO]com.abubakar.connectify.ConnectifyApplication-Started ConnectifyApplication in 10.414 seconds (process running for 11.025)
2026-06-04 18:15:43[INFO]com.abubakar.connectify.scheduler.StoryCleanupScheduler-Running story cleanup job
2026-06-04 18:15:43[INFO]com.abubakar.connectify.scheduler.StoryCleanupScheduler-Expired stories found: 0
2026-06-04 18:15:43[INFO]com.abubakar.connectify.scheduler.StoryCleanupScheduler-Story cleanup completed
2026-06-04 18:15:50[INFO]org.apache.catalina.core.ContainerBase.[Tomcat].[localhost].[/]-Initializing Spring DispatcherServlet 'dispatcherServlet'
2026-06-04 18:15:50[INFO]org.springframework.web.servlet.DispatcherServlet-Initializing Servlet 'dispatcherServlet'
2026-06-04 18:15:50[INFO]org.springframework.web.servlet.DispatcherServlet-Completed initialization in 2 ms
2026-06-04 18:15:51[INFO]com.abubakar.connectify.service.impl.CustomUserDetailsService-Authentication request received for email: abu@gmail.com
2026-06-04 18:15:51[DEBUG]com.abubakar.connectify.service.impl.CustomUserDetailsService-User loaded successfully with email: abu@gmail.com and role: USER
2026-06-04 18:15:51[INFO]com.abubakar.connectify.security.JwtUtils-Token validation result for user abu@gmail.com : true
2026-06-04 18:15:51[INFO]com.abubakar.connectify.security.JwtFilter-User authenticated successfully: abu@gmail.com
2026-06-04 18:15:51[INFO]com.abubakar.connectify.controller.ChatController-Create chat API request received | receiverId: 6
2026-06-04 18:15:51[INFO]com.abubakar.connectify.service.impl.ChatServiceImpl-Creating or fetching chat | userId: 6
2026-06-04 18:15:51[DEBUG]com.abubakar.connectify.util.UserAccessValidator-Validating user access | userId: 1
2026-06-04 18:15:51[DEBUG]com.abubakar.connectify.util.UserAccessValidator-User validation successful | userId: 1
2026-06-04 18:15:51[DEBUG]com.abubakar.connectify.util.AuthUtil-Authenticated active user fetched successfully | userId: 1
2026-06-04 18:15:51[INFO]com.abubakar.connectify.service.impl.ChatServiceImpl-Create chat request received | currentUserId: 1 | targetUserId: 6
2026-06-04 18:15:51[DEBUG]com.abubakar.connectify.util.UserAccessValidator-Validating user access | userId: 6
2026-06-04 18:15:51[DEBUG]com.abubakar.connectify.util.UserAccessValidator-User validation successful | userId: 6
2026-06-04 18:15:51[INFO]com.abubakar.connectify.service.impl.ChatServiceImpl-Private chat created successfully | chatId: 4 | participantOneId: 1 | participantTwoId: 6
2026-06-04 18:15:51[INFO]com.abubakar.connectify.service.impl.ChatServiceImpl-Participants loaded: 2
2026-06-04 18:15:51[INFO]com.abubakar.connectify.configuration.RequestLoggingFilter-POST /api/v1/chats/6 | Status: 200
2026-06-04 18:25:43[INFO]com.abubakar.connectify.scheduler.StoryCleanupScheduler-Running story cleanup job
2026-06-04 18:25:43[INFO]com.abubakar.connectify.scheduler.StoryCleanupScheduler-Expired stories found: 0
2026-06-04 18:25:43[INFO]com.abubakar.connectify.scheduler.StoryCleanupScheduler-Story cleanup completed
2026-06-04 18:35:43[INFO]com.abubakar.connectify.scheduler.StoryCleanupScheduler-Running story cleanup job
2026-06-04 18:35:43[INFO]com.abubakar.connectify.scheduler.StoryCleanupScheduler-Expired stories found: 0
2026-06-04 18:35:43[INFO]com.abubakar.connectify.scheduler.StoryCleanupScheduler-Story cleanup completed
2026-06-04 18:40:00[INFO]org.springframework.boot.tomcat.GracefulShutdown-Commencing graceful shutdown. Waiting for active requests to complete
2026-06-04 18:40:00[INFO]org.springframework.boot.tomcat.GracefulShutdown-Graceful shutdown complete
2026-06-04 18:40:00[INFO]org.springframework.orm.jpa.LocalContainerEntityManagerFactoryBean-Closing JPA EntityManagerFactory for persistence unit 'default'
2026-06-04 18:40:00[INFO]com.zaxxer.hikari.HikariDataSource-HikariPool-1 - Shutdown initiated...
2026-06-04 18:40:00[INFO]com.zaxxer.hikari.HikariDataSource-HikariPool-1 - Shutdown completed.
2026-06-04 20:03:44[INFO]org.hibernate.validator.internal.util.Version-HV000001: Hibernate Validator 9.0.1.Final
2026-06-04 20:03:44[INFO]com.abubakar.connectify.ConnectifyApplication-Starting ConnectifyApplication using Java 21.0.9 with PID 21100 (C:\Users\wwwab\Desktop\Sem4InternshipPresentation\2\Connectify\backend\target\classes started by wwwab in C:\Users\wwwab\Desktop\Sem4InternshipPresentation\2\Connectify\backend)
2026-06-04 20:03:44[DEBUG]com.abubakar.connectify.ConnectifyApplication-Running with Spring Boot v4.0.6, Spring v7.0.7
2026-06-04 20:03:44[INFO]com.abubakar.connectify.ConnectifyApplication-The following 1 profile is active: "dev"
2026-06-04 20:03:45[INFO]org.springframework.data.repository.config.RepositoryConfigurationDelegate-Multiple Spring Data modules found, entering strict repository configuration mode
2026-06-04 20:03:45[INFO]org.springframework.data.repository.config.RepositoryConfigurationDelegate-Bootstrapping Spring Data JPA repositories in DEFAULT mode.
2026-06-04 20:03:45[INFO]org.springframework.data.repository.config.RepositoryConfigurationDelegate-Finished Spring Data repository scanning in 216 ms. Found 18 JPA repository interfaces.
2026-06-04 20:03:45[INFO]org.springframework.data.repository.config.RepositoryConfigurationDelegate-Multiple Spring Data modules found, entering strict repository configuration mode
2026-06-04 20:03:45[INFO]org.springframework.data.repository.config.RepositoryConfigurationDelegate-Bootstrapping Spring Data Redis repositories in DEFAULT mode.
2026-06-04 20:03:46[INFO]org.springframework.data.repository.config.RepositoryConfigurationExtensionSupport-Spring Data Redis - Could not safely identify store assignment for repository candidate interface com.abubakar.connectify.repository.ChatParticipantRepository; If you want this repository to be a Redis repository, consider annotating your entities with one of these annotations: org.springframework.data.redis.core.RedisHash (preferred), or consider extending one of the following types with your repository: org.springframework.data.keyvalue.repository.KeyValueRepository
2026-06-04 20:03:46[INFO]org.springframework.data.repository.config.RepositoryConfigurationExtensionSupport-Spring Data Redis - Could not safely identify store assignment for repository candidate interface com.abubakar.connectify.repository.ChatRepository; If you want this repository to be a Redis repository, consider annotating your entities with one of these annotations: org.springframework.data.redis.core.RedisHash (preferred), or consider extending one of the following types with your repository: org.springframework.data.keyvalue.repository.KeyValueRepository
2026-06-04 20:03:46[INFO]org.springframework.data.repository.config.RepositoryConfigurationExtensionSupport-Spring Data Redis - Could not safely identify store assignment for repository candidate interface com.abubakar.connectify.repository.CommentRepository; If you want this repository to be a Redis repository, consider annotating your entities with one of these annotations: org.springframework.data.redis.core.RedisHash (preferred), or consider extending one of the following types with your repository: org.springframework.data.keyvalue.repository.KeyValueRepository
2026-06-04 20:03:46[INFO]org.springframework.data.repository.config.RepositoryConfigurationExtensionSupport-Spring Data Redis - Could not safely identify store assignment for repository candidate interface com.abubakar.connectify.repository.FollowRepository; If you want this repository to be a Redis repository, consider annotating your entities with one of these annotations: org.springframework.data.redis.core.RedisHash (preferred), or consider extending one of the following types with your repository: org.springframework.data.keyvalue.repository.KeyValueRepository
2026-06-04 20:03:46[INFO]org.springframework.data.repository.config.RepositoryConfigurationExtensionSupport-Spring Data Redis - Could not safely identify store assignment for repository candidate interface com.abubakar.connectify.repository.HashtagRepository; If you want this repository to be a Redis repository, consider annotating your entities with one of these annotations: org.springframework.data.redis.core.RedisHash (preferred), or consider extending one of the following types with your repository: org.springframework.data.keyvalue.repository.KeyValueRepository
2026-06-04 20:03:46[INFO]org.springframework.data.repository.config.RepositoryConfigurationExtensionSupport-Spring Data Redis - Could not safely identify store assignment for repository candidate interface com.abubakar.connectify.repository.LikeRepository; If you want this repository to be a Redis repository, consider annotating your entities with one of these annotations: org.springframework.data.redis.core.RedisHash (preferred), or consider extending one of the following types with your repository: org.springframework.data.keyvalue.repository.KeyValueRepository
2026-06-04 20:03:46[INFO]org.springframework.data.repository.config.RepositoryConfigurationExtensionSupport-Spring Data Redis - Could not safely identify store assignment for repository candidate interface com.abubakar.connectify.repository.MediaRepository; If you want this repository to be a Redis repository, consider annotating your entities with one of these annotations: org.springframework.data.redis.core.RedisHash (preferred), or consider extending one of the following types with your repository: org.springframework.data.keyvalue.repository.KeyValueRepository
2026-06-04 20:03:46[INFO]org.springframework.data.repository.config.RepositoryConfigurationExtensionSupport-Spring Data Redis - Could not safely identify store assignment for repository candidate interface com.abubakar.connectify.repository.MessageRepository; If you want this repository to be a Redis repository, consider annotating your entities with one of these annotations: org.springframework.data.redis.core.RedisHash (preferred), or consider extending one of the following types with your repository: org.springframework.data.keyvalue.repository.KeyValueRepository
2026-06-04 20:03:46[INFO]org.springframework.data.repository.config.RepositoryConfigurationExtensionSupport-Spring Data Redis - Could not safely identify store assignment for repository candidate interface com.abubakar.connectify.repository.NotificationRepository; If you want this repository to be a Redis repository, consider annotating your entities with one of these annotations: org.springframework.data.redis.core.RedisHash (preferred), or consider extending one of the following types with your repository: org.springframework.data.keyvalue.repository.KeyValueRepository
2026-06-04 20:03:46[INFO]org.springframework.data.repository.config.RepositoryConfigurationExtensionSupport-Spring Data Redis - Could not safely identify store assignment for repository candidate interface com.abubakar.connectify.repository.PostRepository; If you want this repository to be a Redis repository, consider annotating your entities with one of these annotations: org.springframework.data.redis.core.RedisHash (preferred), or consider extending one of the following types with your repository: org.springframework.data.keyvalue.repository.KeyValueRepository
2026-06-04 20:03:46[INFO]org.springframework.data.repository.config.RepositoryConfigurationExtensionSupport-Spring Data Redis - Could not safely identify store assignment for repository candidate interface com.abubakar.connectify.repository.RefreshTokenRepository; If you want this repository to be a Redis repository, consider annotating your entities with one of these annotations: org.springframework.data.redis.core.RedisHash (preferred), or consider extending one of the following types with your repository: org.springframework.data.keyvalue.repository.KeyValueRepository
2026-06-04 20:03:46[INFO]org.springframework.data.repository.config.RepositoryConfigurationExtensionSupport-Spring Data Redis - Could not safely identify store assignment for repository candidate interface com.abubakar.connectify.repository.ReportRepository; If you want this repository to be a Redis repository, consider annotating your entities with one of these annotations: org.springframework.data.redis.core.RedisHash (preferred), or consider extending one of the following types with your repository: org.springframework.data.keyvalue.repository.KeyValueRepository
2026-06-04 20:03:46[INFO]org.springframework.data.repository.config.RepositoryConfigurationExtensionSupport-Spring Data Redis - Could not safely identify store assignment for repository candidate interface com.abubakar.connectify.repository.SavedPostRepository; If you want this repository to be a Redis repository, consider annotating your entities with one of these annotations: org.springframework.data.redis.core.RedisHash (preferred), or consider extending one of the following types with your repository: org.springframework.data.keyvalue.repository.KeyValueRepository
2026-06-04 20:03:46[INFO]org.springframework.data.repository.config.RepositoryConfigurationExtensionSupport-Spring Data Redis - Could not safely identify store assignment for repository candidate interface com.abubakar.connectify.repository.StoryReactionRepository; If you want this repository to be a Redis repository, consider annotating your entities with one of these annotations: org.springframework.data.redis.core.RedisHash (preferred), or consider extending one of the following types with your repository: org.springframework.data.keyvalue.repository.KeyValueRepository
2026-06-04 20:03:46[INFO]org.springframework.data.repository.config.RepositoryConfigurationExtensionSupport-Spring Data Redis - Could not safely identify store assignment for repository candidate interface com.abubakar.connectify.repository.StoryReplyRepository; If you want this repository to be a Redis repository, consider annotating your entities with one of these annotations: org.springframework.data.redis.core.RedisHash (preferred), or consider extending one of the following types with your repository: org.springframework.data.keyvalue.repository.KeyValueRepository
2026-06-04 20:03:46[INFO]org.springframework.data.repository.config.RepositoryConfigurationExtensionSupport-Spring Data Redis - Could not safely identify store assignment for repository candidate interface com.abubakar.connectify.repository.StoryRepository; If you want this repository to be a Redis repository, consider annotating your entities with one of these annotations: org.springframework.data.redis.core.RedisHash (preferred), or consider extending one of the following types with your repository: org.springframework.data.keyvalue.repository.KeyValueRepository
2026-06-04 20:03:46[INFO]org.springframework.data.repository.config.RepositoryConfigurationExtensionSupport-Spring Data Redis - Could not safely identify store assignment for repository candidate interface com.abubakar.connectify.repository.StoryViewRepository; If you want this repository to be a Redis repository, consider annotating your entities with one of these annotations: org.springframework.data.redis.core.RedisHash (preferred), or consider extending one of the following types with your repository: org.springframework.data.keyvalue.repository.KeyValueRepository
2026-06-04 20:03:46[INFO]org.springframework.data.repository.config.RepositoryConfigurationExtensionSupport-Spring Data Redis - Could not safely identify store assignment for repository candidate interface com.abubakar.connectify.repository.UserRepository; If you want this repository to be a Redis repository, consider annotating your entities with one of these annotations: org.springframework.data.redis.core.RedisHash (preferred), or consider extending one of the following types with your repository: org.springframework.data.keyvalue.repository.KeyValueRepository
2026-06-04 20:03:46[INFO]org.springframework.data.repository.config.RepositoryConfigurationDelegate-Finished Spring Data repository scanning in 15 ms. Found 0 Redis repository interfaces.
2026-06-04 20:03:46[INFO]org.springframework.boot.tomcat.TomcatWebServer-Tomcat initialized with port 8080 (http)
2026-06-04 20:03:46[INFO]org.apache.coyote.http11.Http11NioProtocol-Initializing ProtocolHandler ["http-nio-8080"]
2026-06-04 20:03:46[INFO]org.apache.catalina.core.StandardService-Starting service [Tomcat]
2026-06-04 20:03:46[INFO]org.apache.catalina.core.StandardEngine-Starting Servlet engine: [Apache Tomcat/11.0.21]
2026-06-04 20:03:47[INFO]org.springframework.boot.web.context.servlet.WebApplicationContextInitializer-Root WebApplicationContext: initialization completed in 2380 ms
2026-06-04 20:03:47[INFO]org.hibernate.orm.jpa-HHH008540: Processing PersistenceUnitInfo [name: default]
2026-06-04 20:03:47[INFO]org.hibernate.orm.core-HHH000001: Hibernate ORM core version 7.2.12.Final
2026-06-04 20:03:47[INFO]org.springframework.orm.jpa.persistenceunit.SpringPersistenceUnitInfo-No LoadTimeWeaver setup: ignoring JPA class transformer
2026-06-04 20:03:47[INFO]com.zaxxer.hikari.HikariDataSource-HikariPool-1 - Starting...
2026-06-04 20:03:47[INFO]com.zaxxer.hikari.pool.HikariPool-HikariPool-1 - Added connection com.mysql.cj.jdbc.ConnectionImpl@6e00d737
2026-06-04 20:03:47[INFO]com.zaxxer.hikari.HikariDataSource-HikariPool-1 - Start completed.
2026-06-04 20:03:48[INFO]org.hibernate.orm.connections.pooling-HHH10001005: Database info:
	Database JDBC URL [jdbc:mysql://localhost:3306/connectifyApp]
	Database driver: MySQL Connector/J
	Database dialect: MySQLDialect
	Database version: 8.0.43
	Default catalog/schema: connectifyApp/undefined
	Autocommit mode: undefined/unknown
	Isolation level: REPEATABLE_READ [default REPEATABLE_READ]
	JDBC fetch size: none
	Pool: DataSourceConnectionProvider
	Minimum pool size: undefined/unknown
	Maximum pool size: undefined/unknown
2026-06-04 20:03:49[INFO]org.hibernate.orm.core-HHH000489: No JTA platform available (set 'hibernate.transaction.jta.platform' to enable JTA platform integration)
2026-06-04 20:03:49[INFO]org.springframework.orm.jpa.LocalContainerEntityManagerFactoryBean-Initialized JPA EntityManagerFactory for persistence unit 'default'
2026-06-04 20:03:49[INFO]org.springframework.data.jpa.repository.query.QueryEnhancerFactories-Hibernate is in classpath; If applicable, HQL parser will be used.
2026-06-04 20:03:50[DEBUG]com.abubakar.connectify.configuration.RequestLoggingFilter-Filter 'requestLoggingFilter' configured for use
2026-06-04 20:03:50[DEBUG]com.abubakar.connectify.security.JwtFilter-Filter 'jwtFilter' configured for use
2026-06-04 20:03:51[INFO]org.springframework.security.config.annotation.authentication.configuration.InitializeAuthenticationProviderBeanManagerConfigurer$InitializeAuthenticationProviderManagerConfigurer-Global AuthenticationManager configured with AuthenticationProvider bean with name authenticationProvider
2026-06-04 20:03:51[WARN]org.springframework.security.config.annotation.authentication.configuration.InitializeUserDetailsBeanManagerConfigurer$InitializeUserDetailsManagerConfigurer-Global AuthenticationManager configured with an AuthenticationProvider bean. UserDetailsService beans will not be used by Spring Security for automatically configuring username/password login. Consider removing the AuthenticationProvider bean. Alternatively, consider using the UserDetailsService in a manually instantiated DaoAuthenticationProvider. If the current configuration is intentional, to turn off this warning, increase the logging level of 'org.springframework.security.config.annotation.authentication.configuration.InitializeUserDetailsBeanManagerConfigurer' to ERROR
2026-06-04 20:03:52[INFO]org.apache.coyote.http11.Http11NioProtocol-Starting ProtocolHandler ["http-nio-8080"]
2026-06-04 20:03:52[INFO]org.springframework.boot.tomcat.TomcatWebServer-Tomcat started on port 8080 (http) with context path '/'
2026-06-04 20:03:52[INFO]com.abubakar.connectify.ConnectifyApplication-Started ConnectifyApplication in 8.4 seconds (process running for 8.97)
2026-06-04 20:03:52[INFO]com.abubakar.connectify.scheduler.StoryCleanupScheduler-Running story cleanup job
2026-06-04 20:03:52[INFO]com.abubakar.connectify.scheduler.StoryCleanupScheduler-Expired stories found: 0
2026-06-04 20:03:52[INFO]com.abubakar.connectify.scheduler.StoryCleanupScheduler-Story cleanup completed
2026-06-04 20:03:56[INFO]org.springframework.boot.tomcat.GracefulShutdown-Commencing graceful shutdown. Waiting for active requests to complete
2026-06-04 20:03:56[INFO]org.springframework.boot.tomcat.GracefulShutdown-Graceful shutdown complete
2026-06-04 20:03:56[INFO]org.springframework.orm.jpa.LocalContainerEntityManagerFactoryBean-Closing JPA EntityManagerFactory for persistence unit 'default'
2026-06-04 20:03:56[INFO]com.zaxxer.hikari.HikariDataSource-HikariPool-1 - Shutdown initiated...
2026-06-04 20:03:56[INFO]com.zaxxer.hikari.HikariDataSource-HikariPool-1 - Shutdown completed.
