2026-06-08 05:34:24[INFO]org.hibernate.validator.internal.util.Version-HV000001: Hibernate Validator 9.0.1.Final
2026-06-08 05:34:24[INFO]com.abubakar.connectify.ConnectifyApplication-Starting ConnectifyApplication using Java 21.0.9 with PID 7972 (C:\Users\wwwab\Desktop\Sem4InternshipPresentation\2\Connectify\backend\target\classes started by wwwab in C:\Users\wwwab\Desktop\Sem4InternshipPresentation\2\Connectify\backend)
2026-06-08 05:34:24[DEBUG]com.abubakar.connectify.ConnectifyApplication-Running with Spring Boot v4.0.6, Spring v7.0.7
2026-06-08 05:34:24[INFO]com.abubakar.connectify.ConnectifyApplication-The following 1 profile is active: "dev"
2026-06-08 05:34:25[INFO]org.springframework.data.repository.config.RepositoryConfigurationDelegate-Multiple Spring Data modules found, entering strict repository configuration mode
2026-06-08 05:34:25[INFO]org.springframework.data.repository.config.RepositoryConfigurationDelegate-Bootstrapping Spring Data JPA repositories in DEFAULT mode.
2026-06-08 05:34:25[INFO]org.springframework.data.repository.config.RepositoryConfigurationDelegate-Finished Spring Data repository scanning in 260 ms. Found 18 JPA repository interfaces.
2026-06-08 05:34:25[INFO]org.springframework.data.repository.config.RepositoryConfigurationDelegate-Multiple Spring Data modules found, entering strict repository configuration mode
2026-06-08 05:34:25[INFO]org.springframework.data.repository.config.RepositoryConfigurationDelegate-Bootstrapping Spring Data Redis repositories in DEFAULT mode.
2026-06-08 05:34:25[INFO]org.springframework.data.repository.config.RepositoryConfigurationExtensionSupport-Spring Data Redis - Could not safely identify store assignment for repository candidate interface com.abubakar.connectify.repository.ChatParticipantRepository; If you want this repository to be a Redis repository, consider annotating your entities with one of these annotations: org.springframework.data.redis.core.RedisHash (preferred), or consider extending one of the following types with your repository: org.springframework.data.keyvalue.repository.KeyValueRepository
2026-06-08 05:34:25[INFO]org.springframework.data.repository.config.RepositoryConfigurationExtensionSupport-Spring Data Redis - Could not safely identify store assignment for repository candidate interface com.abubakar.connectify.repository.ChatRepository; If you want this repository to be a Redis repository, consider annotating your entities with one of these annotations: org.springframework.data.redis.core.RedisHash (preferred), or consider extending one of the following types with your repository: org.springframework.data.keyvalue.repository.KeyValueRepository
2026-06-08 05:34:25[INFO]org.springframework.data.repository.config.RepositoryConfigurationExtensionSupport-Spring Data Redis - Could not safely identify store assignment for repository candidate interface com.abubakar.connectify.repository.CommentRepository; If you want this repository to be a Redis repository, consider annotating your entities with one of these annotations: org.springframework.data.redis.core.RedisHash (preferred), or consider extending one of the following types with your repository: org.springframework.data.keyvalue.repository.KeyValueRepository
2026-06-08 05:34:25[INFO]org.springframework.data.repository.config.RepositoryConfigurationExtensionSupport-Spring Data Redis - Could not safely identify store assignment for repository candidate interface com.abubakar.connectify.repository.FollowRepository; If you want this repository to be a Redis repository, consider annotating your entities with one of these annotations: org.springframework.data.redis.core.RedisHash (preferred), or consider extending one of the following types with your repository: org.springframework.data.keyvalue.repository.KeyValueRepository
2026-06-08 05:34:25[INFO]org.springframework.data.repository.config.RepositoryConfigurationExtensionSupport-Spring Data Redis - Could not safely identify store assignment for repository candidate interface com.abubakar.connectify.repository.HashtagRepository; If you want this repository to be a Redis repository, consider annotating your entities with one of these annotations: org.springframework.data.redis.core.RedisHash (preferred), or consider extending one of the following types with your repository: org.springframework.data.keyvalue.repository.KeyValueRepository
2026-06-08 05:34:25[INFO]org.springframework.data.repository.config.RepositoryConfigurationExtensionSupport-Spring Data Redis - Could not safely identify store assignment for repository candidate interface com.abubakar.connectify.repository.LikeRepository; If you want this repository to be a Redis repository, consider annotating your entities with one of these annotations: org.springframework.data.redis.core.RedisHash (preferred), or consider extending one of the following types with your repository: org.springframework.data.keyvalue.repository.KeyValueRepository
2026-06-08 05:34:25[INFO]org.springframework.data.repository.config.RepositoryConfigurationExtensionSupport-Spring Data Redis - Could not safely identify store assignment for repository candidate interface com.abubakar.connectify.repository.MediaRepository; If you want this repository to be a Redis repository, consider annotating your entities with one of these annotations: org.springframework.data.redis.core.RedisHash (preferred), or consider extending one of the following types with your repository: org.springframework.data.keyvalue.repository.KeyValueRepository
2026-06-08 05:34:25[INFO]org.springframework.data.repository.config.RepositoryConfigurationExtensionSupport-Spring Data Redis - Could not safely identify store assignment for repository candidate interface com.abubakar.connectify.repository.MessageRepository; If you want this repository to be a Redis repository, consider annotating your entities with one of these annotations: org.springframework.data.redis.core.RedisHash (preferred), or consider extending one of the following types with your repository: org.springframework.data.keyvalue.repository.KeyValueRepository
2026-06-08 05:34:25[INFO]org.springframework.data.repository.config.RepositoryConfigurationExtensionSupport-Spring Data Redis - Could not safely identify store assignment for repository candidate interface com.abubakar.connectify.repository.NotificationRepository; If you want this repository to be a Redis repository, consider annotating your entities with one of these annotations: org.springframework.data.redis.core.RedisHash (preferred), or consider extending one of the following types with your repository: org.springframework.data.keyvalue.repository.KeyValueRepository
2026-06-08 05:34:25[INFO]org.springframework.data.repository.config.RepositoryConfigurationExtensionSupport-Spring Data Redis - Could not safely identify store assignment for repository candidate interface com.abubakar.connectify.repository.PostRepository; If you want this repository to be a Redis repository, consider annotating your entities with one of these annotations: org.springframework.data.redis.core.RedisHash (preferred), or consider extending one of the following types with your repository: org.springframework.data.keyvalue.repository.KeyValueRepository
2026-06-08 05:34:25[INFO]org.springframework.data.repository.config.RepositoryConfigurationExtensionSupport-Spring Data Redis - Could not safely identify store assignment for repository candidate interface com.abubakar.connectify.repository.RefreshTokenRepository; If you want this repository to be a Redis repository, consider annotating your entities with one of these annotations: org.springframework.data.redis.core.RedisHash (preferred), or consider extending one of the following types with your repository: org.springframework.data.keyvalue.repository.KeyValueRepository
2026-06-08 05:34:25[INFO]org.springframework.data.repository.config.RepositoryConfigurationExtensionSupport-Spring Data Redis - Could not safely identify store assignment for repository candidate interface com.abubakar.connectify.repository.ReportRepository; If you want this repository to be a Redis repository, consider annotating your entities with one of these annotations: org.springframework.data.redis.core.RedisHash (preferred), or consider extending one of the following types with your repository: org.springframework.data.keyvalue.repository.KeyValueRepository
2026-06-08 05:34:25[INFO]org.springframework.data.repository.config.RepositoryConfigurationExtensionSupport-Spring Data Redis - Could not safely identify store assignment for repository candidate interface com.abubakar.connectify.repository.SavedPostRepository; If you want this repository to be a Redis repository, consider annotating your entities with one of these annotations: org.springframework.data.redis.core.RedisHash (preferred), or consider extending one of the following types with your repository: org.springframework.data.keyvalue.repository.KeyValueRepository
2026-06-08 05:34:25[INFO]org.springframework.data.repository.config.RepositoryConfigurationExtensionSupport-Spring Data Redis - Could not safely identify store assignment for repository candidate interface com.abubakar.connectify.repository.StoryReactionRepository; If you want this repository to be a Redis repository, consider annotating your entities with one of these annotations: org.springframework.data.redis.core.RedisHash (preferred), or consider extending one of the following types with your repository: org.springframework.data.keyvalue.repository.KeyValueRepository
2026-06-08 05:34:25[INFO]org.springframework.data.repository.config.RepositoryConfigurationExtensionSupport-Spring Data Redis - Could not safely identify store assignment for repository candidate interface com.abubakar.connectify.repository.StoryReplyRepository; If you want this repository to be a Redis repository, consider annotating your entities with one of these annotations: org.springframework.data.redis.core.RedisHash (preferred), or consider extending one of the following types with your repository: org.springframework.data.keyvalue.repository.KeyValueRepository
2026-06-08 05:34:25[INFO]org.springframework.data.repository.config.RepositoryConfigurationExtensionSupport-Spring Data Redis - Could not safely identify store assignment for repository candidate interface com.abubakar.connectify.repository.StoryRepository; If you want this repository to be a Redis repository, consider annotating your entities with one of these annotations: org.springframework.data.redis.core.RedisHash (preferred), or consider extending one of the following types with your repository: org.springframework.data.keyvalue.repository.KeyValueRepository
2026-06-08 05:34:25[INFO]org.springframework.data.repository.config.RepositoryConfigurationExtensionSupport-Spring Data Redis - Could not safely identify store assignment for repository candidate interface com.abubakar.connectify.repository.StoryViewRepository; If you want this repository to be a Redis repository, consider annotating your entities with one of these annotations: org.springframework.data.redis.core.RedisHash (preferred), or consider extending one of the following types with your repository: org.springframework.data.keyvalue.repository.KeyValueRepository
2026-06-08 05:34:25[INFO]org.springframework.data.repository.config.RepositoryConfigurationExtensionSupport-Spring Data Redis - Could not safely identify store assignment for repository candidate interface com.abubakar.connectify.repository.UserRepository; If you want this repository to be a Redis repository, consider annotating your entities with one of these annotations: org.springframework.data.redis.core.RedisHash (preferred), or consider extending one of the following types with your repository: org.springframework.data.keyvalue.repository.KeyValueRepository
2026-06-08 05:34:25[INFO]org.springframework.data.repository.config.RepositoryConfigurationDelegate-Finished Spring Data repository scanning in 14 ms. Found 0 Redis repository interfaces.
2026-06-08 05:34:26[INFO]org.springframework.boot.tomcat.TomcatWebServer-Tomcat initialized with port 8080 (http)
2026-06-08 05:34:26[INFO]org.apache.coyote.http11.Http11NioProtocol-Initializing ProtocolHandler ["http-nio-8080"]
2026-06-08 05:34:26[INFO]org.apache.catalina.core.StandardService-Starting service [Tomcat]
2026-06-08 05:34:26[INFO]org.apache.catalina.core.StandardEngine-Starting Servlet engine: [Apache Tomcat/11.0.21]
2026-06-08 05:34:26[INFO]org.springframework.boot.web.context.servlet.WebApplicationContextInitializer-Root WebApplicationContext: initialization completed in 2757 ms
2026-06-08 05:34:27[INFO]org.hibernate.orm.jpa-HHH008540: Processing PersistenceUnitInfo [name: default]
2026-06-08 05:34:27[INFO]org.hibernate.orm.core-HHH000001: Hibernate ORM core version 7.2.12.Final
2026-06-08 05:34:27[INFO]org.springframework.orm.jpa.persistenceunit.SpringPersistenceUnitInfo-No LoadTimeWeaver setup: ignoring JPA class transformer
2026-06-08 05:34:27[INFO]com.zaxxer.hikari.HikariDataSource-HikariPool-1 - Starting...
2026-06-08 05:34:28[INFO]com.zaxxer.hikari.pool.HikariPool-HikariPool-1 - Added connection com.mysql.cj.jdbc.ConnectionImpl@1e033801
2026-06-08 05:34:28[INFO]com.zaxxer.hikari.HikariDataSource-HikariPool-1 - Start completed.
2026-06-08 05:34:28[INFO]org.hibernate.orm.connections.pooling-HHH10001005: Database info:
	Database JDBC URL [jdbc:mysql://localhost:3306/connectifyApp]
	Database driver: MySQL Connector/J
	Database dialect: MySQLDialect
	Database version: 8.0.43
	Default catalog/schema: connectifyApp/undefined
	Autocommit mode: undefined/unknown
	Isolation level: REPEATABLE_READ [default REPEATABLE_READ]
	JDBC fetch size: none
	Pool: DataSourceConnectionProvider
	Minimum pool size: undefined/unknown
	Maximum pool size: undefined/unknown
2026-06-08 05:34:29[INFO]org.hibernate.orm.core-HHH000489: No JTA platform available (set 'hibernate.transaction.jta.platform' to enable JTA platform integration)
2026-06-08 05:34:29[INFO]org.springframework.orm.jpa.LocalContainerEntityManagerFactoryBean-Initialized JPA EntityManagerFactory for persistence unit 'default'
2026-06-08 05:34:29[INFO]org.springframework.data.jpa.repository.query.QueryEnhancerFactories-Hibernate is in classpath; If applicable, HQL parser will be used.
2026-06-08 05:34:30[DEBUG]com.abubakar.connectify.configuration.RequestLoggingFilter-Filter 'requestLoggingFilter' configured for use
2026-06-08 05:34:30[DEBUG]com.abubakar.connectify.security.JwtFilter-Filter 'jwtFilter' configured for use
2026-06-08 05:34:31[INFO]org.springframework.security.config.annotation.authentication.configuration.InitializeAuthenticationProviderBeanManagerConfigurer$InitializeAuthenticationProviderManagerConfigurer-Global AuthenticationManager configured with AuthenticationProvider bean with name authenticationProvider
2026-06-08 05:34:31[WARN]org.springframework.security.config.annotation.authentication.configuration.InitializeUserDetailsBeanManagerConfigurer$InitializeUserDetailsManagerConfigurer-Global AuthenticationManager configured with an AuthenticationProvider bean. UserDetailsService beans will not be used by Spring Security for automatically configuring username/password login. Consider removing the AuthenticationProvider bean. Alternatively, consider using the UserDetailsService in a manually instantiated DaoAuthenticationProvider. If the current configuration is intentional, to turn off this warning, increase the logging level of 'org.springframework.security.config.annotation.authentication.configuration.InitializeUserDetailsBeanManagerConfigurer' to ERROR
2026-06-08 05:34:33[INFO]org.apache.coyote.http11.Http11NioProtocol-Starting ProtocolHandler ["http-nio-8080"]
2026-06-08 05:34:33[INFO]org.springframework.boot.tomcat.TomcatWebServer-Tomcat started on port 8080 (http) with context path '/'
2026-06-08 05:34:33[INFO]com.abubakar.connectify.ConnectifyApplication-Started ConnectifyApplication in 9.644 seconds (process running for 10.225)
2026-06-08 05:34:33[INFO]com.abubakar.connectify.scheduler.StoryCleanupScheduler-Running story cleanup job
2026-06-08 05:34:33[INFO]com.abubakar.connectify.scheduler.StoryCleanupScheduler-Expired stories found: 0
2026-06-08 05:34:33[INFO]com.abubakar.connectify.scheduler.StoryCleanupScheduler-Story cleanup completed
2026-06-08 05:34:48[INFO]org.apache.catalina.core.ContainerBase.[Tomcat].[localhost].[/]-Initializing Spring DispatcherServlet 'dispatcherServlet'
2026-06-08 05:34:48[INFO]org.springframework.web.servlet.DispatcherServlet-Initializing Servlet 'dispatcherServlet'
2026-06-08 05:34:48[INFO]org.springframework.web.servlet.DispatcherServlet-Completed initialization in 2 ms
2026-06-08 05:34:49[INFO]com.abubakar.connectify.controller.AuthController-Login Api initiated for: asif@gmail.com
2026-06-08 05:34:49[DEBUG]com.abubakar.connectify.service.impl.AuthServiceImpl-Starting login | email: asif@gmail.com
2026-06-08 05:34:49[INFO]com.abubakar.connectify.service.impl.CustomUserDetailsService-Authentication request received for email: asif@gmail.com
2026-06-08 05:34:49[DEBUG]com.abubakar.connectify.service.impl.CustomUserDetailsService-User loaded successfully with email: asif@gmail.com and role: USER
2026-06-08 05:34:49[INFO]com.abubakar.connectify.security.JwtUtils-Generating token for user: asif@gmail.com
2026-06-08 05:34:50[INFO]com.abubakar.connectify.service.impl.RefreshTokenServiceImpl-Refresh token created/updated | userId: 2
2026-06-08 05:34:50[INFO]com.abubakar.connectify.service.impl.AuthServiceImpl-Login successful | userId: 2 | email: asif@gmail.com
2026-06-08 05:34:50[INFO]com.abubakar.connectify.configuration.RequestLoggingFilter-POST /api/v1/auth/login | Status: 200
2026-06-08 05:34:56[INFO]com.abubakar.connectify.service.impl.CustomUserDetailsService-Authentication request received for email: asif@gmail.com
2026-06-08 05:34:56[DEBUG]com.abubakar.connectify.service.impl.CustomUserDetailsService-User loaded successfully with email: asif@gmail.com and role: USER
2026-06-08 05:34:56[INFO]com.abubakar.connectify.security.JwtUtils-Token validation result for user asif@gmail.com : true
2026-06-08 05:34:56[INFO]com.abubakar.connectify.security.JwtFilter-User authenticated successfully: asif@gmail.com
2026-06-08 05:34:56[INFO]com.abubakar.connectify.controller.ReportController-Report user API called | userId: 6
2026-06-08 05:34:56[INFO]com.abubakar.connectify.service.impl.ReportServiceImpl-Reporting user | userId: 6
2026-06-08 05:34:56[DEBUG]com.abubakar.connectify.util.UserAccessValidator-Validating user access | userId: 2
2026-06-08 05:34:56[DEBUG]com.abubakar.connectify.util.UserAccessValidator-User validation successful | userId: 2
2026-06-08 05:34:56[DEBUG]com.abubakar.connectify.util.AuthUtil-Authenticated active user fetched successfully | userId: 2
2026-06-08 05:34:56[DEBUG]com.abubakar.connectify.util.UserAccessValidator-Validating user access | userId: 6
2026-06-08 05:34:56[DEBUG]com.abubakar.connectify.util.UserAccessValidator-User validation successful | userId: 6
2026-06-08 05:34:57[WARN]org.hibernate.orm.jdbc.error-HHH000247: ErrorCode: 1048, SQLState: 23000
2026-06-08 05:34:57[WARN]org.hibernate.orm.jdbc.error-Column 'resolved_by_id' cannot be null
2026-06-08 05:34:57[ERROR]com.abubakar.connectify.service.impl.ReportServiceImpl-Database error while reporting user | reporterId: 2 | userId: 6
org.springframework.dao.DataIntegrityViolationException: could not execute statement [Column 'resolved_by_id' cannot be null] [insert into reports (admin_action,admin_note,chat_id,comment_id,created_at,description,message_id,post_id,reason,reported_by_id,reported_user_id,resolved_at,resolved_by_id,status,story_id,updated_at) values (?,?,?,?,?,?,?,?,?,?,?,?,?,?,?,?)]; SQL [insert into reports (admin_action,admin_note,chat_id,comment_id,created_at,description,message_id,post_id,reason,reported_by_id,reported_user_id,resolved_at,resolved_by_id,status,story_id,updated_at) values (?,?,?,?,?,?,?,?,?,?,?,?,?,?,?,?)]; constraint [resolved_by_id]
	at org.springframework.orm.jpa.hibernate.HibernateExceptionTranslator.convertHibernateAccessException(HibernateExceptionTranslator.java:169)
	at org.springframework.orm.jpa.hibernate.HibernateExceptionTranslator.convertHibernateAccessException(HibernateExceptionTranslator.java:131)
	at org.springframework.orm.jpa.hibernate.HibernateExceptionTranslator.translateExceptionIfPossible(HibernateExceptionTranslator.java:105)
	at org.springframework.orm.jpa.vendor.HibernateJpaDialect.translateExceptionIfPossible(HibernateJpaDialect.java:223)
	at org.springframework.orm.jpa.AbstractEntityManagerFactoryBean.translateExceptionIfPossible(AbstractEntityManagerFactoryBean.java:576)
	at org.springframework.dao.support.ChainedPersistenceExceptionTranslator.translateExceptionIfPossible(ChainedPersistenceExceptionTranslator.java:61)
	at org.springframework.dao.support.DataAccessUtils.translateIfNecessary(DataAccessUtils.java:346)
	at org.springframework.dao.support.PersistenceExceptionTranslationInterceptor.invoke(PersistenceExceptionTranslationInterceptor.java:157)
	at org.springframework.aop.framework.ReflectiveMethodInvocation.proceed(ReflectiveMethodInvocation.java:179)
	at org.springframework.data.jpa.repository.support.CrudMethodMetadataPostProcessor$CrudMethodMetadataPopulatingMethodInterceptor.invoke(CrudMethodMetadataPostProcessor.java:166)
	at org.springframework.aop.framework.ReflectiveMethodInvocation.proceed(ReflectiveMethodInvocation.java:179)
	at org.springframework.aop.framework.JdkDynamicAopProxy.invoke(JdkDynamicAopProxy.java:222)
	at jdk.proxy2/jdk.proxy2.$Proxy187.saveAndFlush(Unknown Source)
	at com.abubakar.connectify.service.impl.ReportServiceImpl.reportUser(ReportServiceImpl.java:383)
	at java.base/jdk.internal.reflect.DirectMethodHandleAccessor.invoke(DirectMethodHandleAccessor.java:103)
	at java.base/java.lang.reflect.Method.invoke(Method.java:580)
	at org.springframework.aop.support.AopUtils.invokeJoinpointUsingReflection(AopUtils.java:359)
	at org.springframework.aop.framework.ReflectiveMethodInvocation.invokeJoinpoint(ReflectiveMethodInvocation.java:190)
	at org.springframework.aop.framework.ReflectiveMethodInvocation.proceed(ReflectiveMethodInvocation.java:158)
	at org.springframework.transaction.interceptor.TransactionInterceptor$1.proceedWithInvocation(TransactionInterceptor.java:133)
	at org.springframework.transaction.interceptor.TransactionAspectSupport.invokeWithinTransaction(TransactionAspectSupport.java:371)
	at org.springframework.transaction.interceptor.TransactionInterceptor.invoke(TransactionInterceptor.java:130)
	at org.springframework.aop.framework.ReflectiveMethodInvocation.proceed(ReflectiveMethodInvocation.java:179)
	at org.springframework.aop.framework.CglibAopProxy$DynamicAdvisedInterceptor.intercept(CglibAopProxy.java:719)
	at com.abubakar.connectify.service.impl.ReportServiceImpl$$SpringCGLIB$$0.reportUser(<generated>)
	at com.abubakar.connectify.controller.ReportController.reportUser(ReportController.java:83)
	at java.base/jdk.internal.reflect.DirectMethodHandleAccessor.invoke(DirectMethodHandleAccessor.java:103)
	at java.base/java.lang.reflect.Method.invoke(Method.java:580)
	at org.springframework.web.method.support.InvocableHandlerMethod.doInvoke(InvocableHandlerMethod.java:252)
	at org.springframework.web.method.support.InvocableHandlerMethod.invokeForRequest(InvocableHandlerMethod.java:184)
	at org.springframework.web.servlet.mvc.method.annotation.ServletInvocableHandlerMethod.invokeAndHandle(ServletInvocableHandlerMethod.java:117)
	at org.springframework.web.servlet.mvc.method.annotation.RequestMappingHandlerAdapter.invokeHandlerMethod(RequestMappingHandlerAdapter.java:934)
	at org.springframework.web.servlet.mvc.method.annotation.RequestMappingHandlerAdapter.handleInternal(RequestMappingHandlerAdapter.java:853)
	at org.springframework.web.servlet.mvc.method.AbstractHandlerMethodAdapter.handle(AbstractHandlerMethodAdapter.java:86)
	at org.springframework.web.servlet.DispatcherServlet.doDispatch(DispatcherServlet.java:963)
	at org.springframework.web.servlet.DispatcherServlet.doService(DispatcherServlet.java:866)
	at org.springframework.web.servlet.FrameworkServlet.processRequest(FrameworkServlet.java:1000)
	at org.springframework.web.servlet.FrameworkServlet.doPost(FrameworkServlet.java:903)
	at jakarta.servlet.http.HttpServlet.service(HttpServlet.java:649)
	at org.springframework.web.servlet.FrameworkServlet.service(FrameworkServlet.java:874)
	at jakarta.servlet.http.HttpServlet.service(HttpServlet.java:710)
	at org.apache.catalina.core.ApplicationFilterChain.doFilter(ApplicationFilterChain.java:128)
	at org.apache.tomcat.websocket.server.WsFilter.doFilter(WsFilter.java:53)
	at org.apache.catalina.core.ApplicationFilterChain.doFilter(ApplicationFilterChain.java:107)
	at org.springframework.web.filter.OncePerRequestFilter.doFilter(OncePerRequestFilter.java:110)
	at org.apache.catalina.core.ApplicationFilterChain.doFilter(ApplicationFilterChain.java:107)
	at org.springframework.web.filter.OncePerRequestFilter.doFilter(OncePerRequestFilter.java:110)
	at org.apache.catalina.core.ApplicationFilterChain.doFilter(ApplicationFilterChain.java:107)
	at com.abubakar.connectify.configuration.RequestLoggingFilter.doFilterInternal(RequestLoggingFilter.java:30)
	at org.springframework.web.filter.OncePerRequestFilter.doFilter(OncePerRequestFilter.java:116)
	at org.apache.catalina.core.ApplicationFilterChain.doFilter(ApplicationFilterChain.java:107)
	at org.springframework.web.filter.CompositeFilter$VirtualFilterChain.doFilter(CompositeFilter.java:108)
	at org.springframework.security.web.FilterChainProxy.lambda$doFilterInternal$3(FilterChainProxy.java:235)
	at org.springframework.security.web.FilterChainProxy$VirtualFilterChain.doFilter(FilterChainProxy.java:376)
	at org.springframework.security.web.access.intercept.AuthorizationFilter.doFilter(AuthorizationFilter.java:101)
	at org.springframework.security.web.FilterChainProxy$VirtualFilterChain.doFilter(FilterChainProxy.java:385)
	at org.springframework.security.web.access.ExceptionTranslationFilter.doFilter(ExceptionTranslationFilter.java:126)
	at org.springframework.security.web.access.ExceptionTranslationFilter.doFilter(ExceptionTranslationFilter.java:120)
	at org.springframework.security.web.FilterChainProxy$VirtualFilterChain.doFilter(FilterChainProxy.java:385)
	at org.springframework.security.web.session.SessionManagementFilter.doFilter(SessionManagementFilter.java:132)
	at org.springframework.security.web.session.SessionManagementFilter.doFilter(SessionManagementFilter.java:86)
	at org.springframework.security.web.FilterChainProxy$VirtualFilterChain.doFilter(FilterChainProxy.java:385)
	at org.springframework.security.web.authentication.AnonymousAuthenticationFilter.doFilter(AnonymousAuthenticationFilter.java:100)
	at org.springframework.security.web.FilterChainProxy$VirtualFilterChain.doFilter(FilterChainProxy.java:385)
	at org.springframework.security.web.servletapi.SecurityContextHolderAwareRequestFilter.doFilter(SecurityContextHolderAwareRequestFilter.java:181)
	at org.springframework.security.web.FilterChainProxy$VirtualFilterChain.doFilter(FilterChainProxy.java:385)
	at org.springframework.security.web.savedrequest.RequestCacheAwareFilter.doFilter(RequestCacheAwareFilter.java:63)
	at org.springframework.security.web.FilterChainProxy$VirtualFilterChain.doFilter(FilterChainProxy.java:385)
	at org.springframework.security.web.authentication.ui.DefaultLogoutPageGeneratingFilter.doFilterInternal(DefaultLogoutPageGeneratingFilter.java:60)
	at org.springframework.web.filter.OncePerRequestFilter.doFilter(OncePerRequestFilter.java:116)
	at org.springframework.security.web.FilterChainProxy$VirtualFilterChain.doFilter(FilterChainProxy.java:385)
	at org.springframework.security.web.authentication.ui.DefaultLoginPageGeneratingFilter.doFilter(DefaultLoginPageGeneratingFilter.java:246)
	at org.springframework.security.web.authentication.ui.DefaultLoginPageGeneratingFilter.doFilter(DefaultLoginPageGeneratingFilter.java:232)
	at org.springframework.security.web.FilterChainProxy$VirtualFilterChain.doFilter(FilterChainProxy.java:385)
	at org.springframework.security.web.authentication.ui.DefaultResourcesFilter.doFilter(DefaultResourcesFilter.java:73)
	at org.springframework.security.web.FilterChainProxy$VirtualFilterChain.doFilter(FilterChainProxy.java:385)
	at com.abubakar.connectify.security.JwtFilter.doFilterInternal(JwtFilter.java:141)
	at org.springframework.web.filter.OncePerRequestFilter.doFilter(OncePerRequestFilter.java:116)
	at org.springframework.security.web.FilterChainProxy$VirtualFilterChain.doFilter(FilterChainProxy.java:385)
	at org.springframework.security.web.authentication.AbstractAuthenticationProcessingFilter.doFilter(AbstractAuthenticationProcessingFilter.java:245)
	at org.springframework.security.web.authentication.AbstractAuthenticationProcessingFilter.doFilter(AbstractAuthenticationProcessingFilter.java:239)
	at org.springframework.security.web.FilterChainProxy$VirtualFilterChain.doFilter(FilterChainProxy.java:385)
	at org.springframework.security.oauth2.client.web.OAuth2AuthorizationRequestRedirectFilter.doFilterInternal(OAuth2AuthorizationRequestRedirectFilter.java:195)
	at org.springframework.web.filter.OncePerRequestFilter.doFilter(OncePerRequestFilter.java:116)
	at org.springframework.security.web.FilterChainProxy$VirtualFilterChain.doFilter(FilterChainProxy.java:385)
	at org.springframework.security.web.authentication.logout.LogoutFilter.doFilter(LogoutFilter.java:110)
	at org.springframework.security.web.authentication.logout.LogoutFilter.doFilter(LogoutFilter.java:96)
	at org.springframework.security.web.FilterChainProxy$VirtualFilterChain.doFilter(FilterChainProxy.java:385)
	at org.springframework.web.filter.CorsFilter.doFilterInternal(CorsFilter.java:91)
	at org.springframework.web.filter.OncePerRequestFilter.doFilter(OncePerRequestFilter.java:116)
	at org.springframework.security.web.FilterChainProxy$VirtualFilterChain.doFilter(FilterChainProxy.java:385)
	at org.springframework.security.web.header.HeaderWriterFilter.doHeadersAfter(HeaderWriterFilter.java:90)
	at org.springframework.security.web.header.HeaderWriterFilter.doFilterInternal(HeaderWriterFilter.java:75)
	at org.springframework.web.filter.OncePerRequestFilter.doFilter(OncePerRequestFilter.java:116)
	at org.springframework.security.web.FilterChainProxy$VirtualFilterChain.doFilter(FilterChainProxy.java:385)
	at org.springframework.security.web.context.SecurityContextHolderFilter.doFilter(SecurityContextHolderFilter.java:82)
	at org.springframework.security.web.context.SecurityContextHolderFilter.doFilter(SecurityContextHolderFilter.java:69)
	at org.springframework.security.web.FilterChainProxy$VirtualFilterChain.doFilter(FilterChainProxy.java:385)
	at org.springframework.security.web.context.request.async.WebAsyncManagerIntegrationFilter.doFilterInternal(WebAsyncManagerIntegrationFilter.java:62)
	at org.springframework.web.filter.OncePerRequestFilter.doFilter(OncePerRequestFilter.java:116)
	at org.springframework.security.web.FilterChainProxy$VirtualFilterChain.doFilter(FilterChainProxy.java:385)
	at org.springframework.security.web.session.DisableEncodeUrlFilter.doFilterInternal(DisableEncodeUrlFilter.java:42)
	at org.springframework.web.filter.OncePerRequestFilter.doFilter(OncePerRequestFilter.java:116)
	at org.springframework.security.web.FilterChainProxy$VirtualFilterChain.doFilter(FilterChainProxy.java:385)
	at org.springframework.security.web.FilterChainProxy.doFilterInternal(FilterChainProxy.java:237)
	at org.springframework.security.web.FilterChainProxy.doFilter(FilterChainProxy.java:195)
	at org.springframework.web.filter.CompositeFilter$VirtualFilterChain.doFilter(CompositeFilter.java:113)
	at org.springframework.web.filter.ServletRequestPathFilter.doFilter(ServletRequestPathFilter.java:52)
	at org.springframework.web.filter.CompositeFilter$VirtualFilterChain.doFilter(CompositeFilter.java:113)
	at org.springframework.web.filter.CompositeFilter.doFilter(CompositeFilter.java:74)
	at org.springframework.security.config.annotation.web.configuration.WebSecurityConfiguration$CompositeFilterChainProxy.doFilter(WebSecurityConfiguration.java:317)
	at org.springframework.web.filter.DelegatingFilterProxy.invokeDelegate(DelegatingFilterProxy.java:355)
	at org.springframework.web.filter.DelegatingFilterProxy.doFilter(DelegatingFilterProxy.java:272)
	at org.apache.catalina.core.ApplicationFilterChain.doFilter(ApplicationFilterChain.java:107)
	at org.springframework.web.filter.RequestContextFilter.doFilterInternal(RequestContextFilter.java:100)
	at org.springframework.web.filter.OncePerRequestFilter.doFilter(OncePerRequestFilter.java:116)
	at org.apache.catalina.core.ApplicationFilterChain.doFilter(ApplicationFilterChain.java:107)
	at org.springframework.web.filter.FormContentFilter.doFilterInternal(FormContentFilter.java:93)
	at org.springframework.web.filter.OncePerRequestFilter.doFilter(OncePerRequestFilter.java:116)
	at org.apache.catalina.core.ApplicationFilterChain.doFilter(ApplicationFilterChain.java:107)
	at org.springframework.web.filter.CharacterEncodingFilter.doFilterInternal(CharacterEncodingFilter.java:199)
	at org.springframework.web.filter.OncePerRequestFilter.doFilter(OncePerRequestFilter.java:116)
	at org.apache.catalina.core.ApplicationFilterChain.doFilter(ApplicationFilterChain.java:107)
	at org.apache.catalina.core.StandardWrapperValve.invoke(StandardWrapperValve.java:165)
	at org.apache.catalina.core.StandardContextValve.invoke(StandardContextValve.java:77)
	at org.apache.catalina.authenticator.AuthenticatorBase.invoke(AuthenticatorBase.java:492)
	at org.apache.catalina.core.StandardHostValve.invoke(StandardHostValve.java:113)
	at org.apache.catalina.valves.ErrorReportValve.invoke(ErrorReportValve.java:83)
	at org.apache.catalina.core.StandardEngineValve.invoke(StandardEngineValve.java:72)
	at org.apache.catalina.connector.CoyoteAdapter.service(CoyoteAdapter.java:341)
	at org.apache.coyote.http11.Http11Processor.service(Http11Processor.java:397)
	at org.apache.coyote.AbstractProcessorLight.process(AbstractProcessorLight.java:63)
	at org.apache.coyote.AbstractProtocol$ConnectionHandler.process(AbstractProtocol.java:903)
	at org.apache.tomcat.util.net.NioEndpoint$SocketProcessor.doRun(NioEndpoint.java:1801)
	at org.apache.tomcat.util.net.SocketProcessorBase.run(SocketProcessorBase.java:52)
	at org.apache.tomcat.util.threads.ThreadPoolExecutor.runWorker(ThreadPoolExecutor.java:946)
	at org.apache.tomcat.util.threads.ThreadPoolExecutor$Worker.run(ThreadPoolExecutor.java:480)
	at org.apache.tomcat.util.threads.TaskThread$WrappingRunnable.run(TaskThread.java:57)
	at java.base/java.lang.Thread.run(Thread.java:1583)
Caused by: org.hibernate.exception.ConstraintViolationException: could not execute statement [Column 'resolved_by_id' cannot be null] [insert into reports (admin_action,admin_note,chat_id,comment_id,created_at,description,message_id,post_id,reason,reported_by_id,reported_user_id,resolved_at,resolved_by_id,status,story_id,updated_at) values (?,?,?,?,?,?,?,?,?,?,?,?,?,?,?,?)]
	at org.hibernate.dialect.MySQLDialect.lambda$buildSQLExceptionConversionDelegate$0(MySQLDialect.java:1273)
	at org.hibernate.exception.internal.StandardSQLExceptionConverter.convert(StandardSQLExceptionConverter.java:34)
	at org.hibernate.engine.jdbc.spi.SqlExceptionHelper.convert(SqlExceptionHelper.java:115)
	at org.hibernate.engine.jdbc.internal.ResultSetReturnImpl.executeUpdate(ResultSetReturnImpl.java:184)
	at org.hibernate.id.insert.GetGeneratedKeysDelegate.performMutation(GetGeneratedKeysDelegate.java:103)
	at org.hibernate.engine.jdbc.mutation.internal.MutationExecutorSingleNonBatched.performNonBatchedOperations(MutationExecutorSingleNonBatched.java:45)
	at org.hibernate.engine.jdbc.mutation.internal.AbstractMutationExecutor.execute(AbstractMutationExecutor.java:66)
	at org.hibernate.engine.jdbc.mutation.internal.AbstractMutationExecutor.execute(AbstractMutationExecutor.java:55)
	at org.hibernate.persister.entity.mutation.InsertCoordinatorStandard.doStaticInserts(InsertCoordinatorStandard.java:180)
	at org.hibernate.persister.entity.mutation.InsertCoordinatorStandard.coordinateInsert(InsertCoordinatorStandard.java:120)
	at org.hibernate.persister.entity.mutation.InsertCoordinatorStandard.insert(InsertCoordinatorStandard.java:84)
	at org.hibernate.action.internal.EntityIdentityInsertAction.execute(EntityIdentityInsertAction.java:85)
	at org.hibernate.engine.spi.ActionQueue.execute(ActionQueue.java:667)
	at org.hibernate.engine.spi.ActionQueue.addResolvedEntityInsertAction(ActionQueue.java:291)
	at org.hibernate.engine.spi.ActionQueue.addInsertAction(ActionQueue.java:270)
	at org.hibernate.engine.spi.ActionQueue.addAction(ActionQueue.java:322)
	at org.hibernate.event.internal.AbstractSaveEventListener.addInsertAction(AbstractSaveEventListener.java:371)
	at org.hibernate.event.internal.AbstractSaveEventListener.performSaveOrReplicate(AbstractSaveEventListener.java:285)
	at org.hibernate.event.internal.AbstractSaveEventListener.performSave(AbstractSaveEventListener.java:215)
	at org.hibernate.event.internal.AbstractSaveEventListener.saveWithGeneratedId(AbstractSaveEventListener.java:133)
	at org.hibernate.event.internal.DefaultPersistEventListener.entityIsTransient(DefaultPersistEventListener.java:144)
	at org.hibernate.event.internal.DefaultPersistEventListener.persist(DefaultPersistEventListener.java:90)
	at org.hibernate.event.internal.DefaultPersistEventListener.onPersist(DefaultPersistEventListener.java:74)
	at org.hibernate.event.internal.DefaultPersistEventListener.onPersist(DefaultPersistEventListener.java:50)
	at org.hibernate.event.service.internal.EventListenerGroupImpl.fireEventOnEachListener(EventListenerGroupImpl.java:138)
	at org.hibernate.internal.SessionImpl.firePersist(SessionImpl.java:692)
	at org.hibernate.internal.SessionImpl.persist(SessionImpl.java:675)
	at java.base/jdk.internal.reflect.DirectMethodHandleAccessor.invoke(DirectMethodHandleAccessor.java:103)
	at java.base/java.lang.reflect.Method.invoke(Method.java:580)
	at org.springframework.orm.jpa.SharedEntityManagerCreator$SharedEntityHandlerInvocationHandler.invokeMethod(SharedEntityManagerCreator.java:240)
	at org.springframework.orm.jpa.SharedEntityManagerCreator$SharedEntityManagerInvocationHandler.invoke(SharedEntityManagerCreator.java:386)
	at jdk.proxy2/jdk.proxy2.$Proxy171.persist(Unknown Source)
	at org.springframework.data.jpa.repository.support.SimpleJpaRepository.save(SimpleJpaRepository.java:664)
	at org.springframework.data.jpa.repository.support.SimpleJpaRepository.saveAndFlush(SimpleJpaRepository.java:675)
	at java.base/jdk.internal.reflect.DirectMethodHandleAccessor.invoke(DirectMethodHandleAccessor.java:103)
	at java.base/java.lang.reflect.Method.invoke(Method.java:580)
	at org.springframework.aop.support.AopUtils.invokeJoinpointUsingReflection(AopUtils.java:359)
	at org.springframework.data.repository.core.support.RepositoryMethodInvoker$RepositoryFragmentMethodInvoker.lambda$new$0(RepositoryMethodInvoker.java:278)
	at org.springframework.data.repository.core.support.RepositoryMethodInvoker.doInvoke(RepositoryMethodInvoker.java:169)
	at org.springframework.data.repository.core.support.RepositoryMethodInvoker.invoke(RepositoryMethodInvoker.java:158)
	at org.springframework.data.repository.core.support.RepositoryComposition$RepositoryFragments.invoke(RepositoryComposition.java:545)
	at org.springframework.data.repository.core.support.RepositoryComposition.invoke(RepositoryComposition.java:290)
	at org.springframework.data.repository.core.support.RepositoryFactorySupport$ImplementationMethodExecutionInterceptor.invoke(RepositoryFactorySupport.java:690)
	at org.springframework.aop.framework.ReflectiveMethodInvocation.proceed(ReflectiveMethodInvocation.java:179)
	at org.springframework.data.repository.core.support.QueryExecutorMethodInterceptor.doInvoke(QueryExecutorMethodInterceptor.java:171)
	at org.springframework.data.repository.core.support.QueryExecutorMethodInterceptor.invoke(QueryExecutorMethodInterceptor.java:146)
	at org.springframework.aop.framework.ReflectiveMethodInvocation.proceed(ReflectiveMethodInvocation.java:179)
	at org.springframework.data.projection.DefaultMethodInvokingMethodInterceptor.invoke(DefaultMethodInvokingMethodInterceptor.java:69)
	at org.springframework.aop.framework.ReflectiveMethodInvocation.proceed(ReflectiveMethodInvocation.java:179)
	at org.springframework.transaction.interceptor.TransactionInterceptor$1.proceedWithInvocation(TransactionInterceptor.java:133)
	at org.springframework.transaction.interceptor.TransactionAspectSupport.invokeWithinTransaction(TransactionAspectSupport.java:371)
	at org.springframework.transaction.interceptor.TransactionInterceptor.invoke(TransactionInterceptor.java:130)
	at org.springframework.aop.framework.ReflectiveMethodInvocation.proceed(ReflectiveMethodInvocation.java:179)
	at org.springframework.dao.support.PersistenceExceptionTranslationInterceptor.invoke(PersistenceExceptionTranslationInterceptor.java:135)
	... 131 common frames omitted
Caused by: java.sql.SQLIntegrityConstraintViolationException: Column 'resolved_by_id' cannot be null
	at com.mysql.cj.jdbc.exceptions.SQLError.createSQLException(SQLError.java:109)
	at com.mysql.cj.jdbc.exceptions.SQLExceptionsMapping.translateException(SQLExceptionsMapping.java:114)
	at com.mysql.cj.jdbc.ClientPreparedStatement.executeInternal(ClientPreparedStatement.java:988)
	at com.mysql.cj.jdbc.ClientPreparedStatement.executeUpdateInternal(ClientPreparedStatement.java:1166)
	at com.mysql.cj.jdbc.ClientPreparedStatement.executeUpdateInternal(ClientPreparedStatement.java:1101)
	at com.mysql.cj.jdbc.ClientPreparedStatement.executeLargeUpdate(ClientPreparedStatement.java:1448)
	at com.mysql.cj.jdbc.ClientPreparedStatement.executeUpdate(ClientPreparedStatement.java:1084)
	at com.zaxxer.hikari.pool.ProxyPreparedStatement.executeUpdate(ProxyPreparedStatement.java:61)
	at com.zaxxer.hikari.pool.HikariProxyPreparedStatement.executeUpdate(HikariProxyPreparedStatement.java)
	at org.hibernate.engine.jdbc.internal.ResultSetReturnImpl.executeUpdate(ResultSetReturnImpl.java:181)
	... 181 common frames omitted
2026-06-08 05:34:57[ERROR]com.abubakar.connectify.exception.GlobalExceptionHandler-Business exception occurred | errorCode: OPERATION_FAILED | status: 400 BAD_REQUEST | message: Unable to create report
com.abubakar.connectify.exception.OperationFailException: Unable to create report
	at com.abubakar.connectify.service.impl.ReportServiceImpl.reportUser(ReportServiceImpl.java:429)
	at java.base/jdk.internal.reflect.DirectMethodHandleAccessor.invoke(DirectMethodHandleAccessor.java:103)
	at java.base/java.lang.reflect.Method.invoke(Method.java:580)
	at org.springframework.aop.support.AopUtils.invokeJoinpointUsingReflection(AopUtils.java:359)
	at org.springframework.aop.framework.ReflectiveMethodInvocation.invokeJoinpoint(ReflectiveMethodInvocation.java:190)
	at org.springframework.aop.framework.ReflectiveMethodInvocation.proceed(ReflectiveMethodInvocation.java:158)
	at org.springframework.transaction.interceptor.TransactionInterceptor$1.proceedWithInvocation(TransactionInterceptor.java:133)
	at org.springframework.transaction.interceptor.TransactionAspectSupport.invokeWithinTransaction(TransactionAspectSupport.java:371)
	at org.springframework.transaction.interceptor.TransactionInterceptor.invoke(TransactionInterceptor.java:130)
	at org.springframework.aop.framework.ReflectiveMethodInvocation.proceed(ReflectiveMethodInvocation.java:179)
	at org.springframework.aop.framework.CglibAopProxy$DynamicAdvisedInterceptor.intercept(CglibAopProxy.java:719)
	at com.abubakar.connectify.service.impl.ReportServiceImpl$$SpringCGLIB$$0.reportUser(<generated>)
	at com.abubakar.connectify.controller.ReportController.reportUser(ReportController.java:83)
	at java.base/jdk.internal.reflect.DirectMethodHandleAccessor.invoke(DirectMethodHandleAccessor.java:103)
	at java.base/java.lang.reflect.Method.invoke(Method.java:580)
	at org.springframework.web.method.support.InvocableHandlerMethod.doInvoke(InvocableHandlerMethod.java:252)
	at org.springframework.web.method.support.InvocableHandlerMethod.invokeForRequest(InvocableHandlerMethod.java:184)
	at org.springframework.web.servlet.mvc.method.annotation.ServletInvocableHandlerMethod.invokeAndHandle(ServletInvocableHandlerMethod.java:117)
	at org.springframework.web.servlet.mvc.method.annotation.RequestMappingHandlerAdapter.invokeHandlerMethod(RequestMappingHandlerAdapter.java:934)
	at org.springframework.web.servlet.mvc.method.annotation.RequestMappingHandlerAdapter.handleInternal(RequestMappingHandlerAdapter.java:853)
	at org.springframework.web.servlet.mvc.method.AbstractHandlerMethodAdapter.handle(AbstractHandlerMethodAdapter.java:86)
	at org.springframework.web.servlet.DispatcherServlet.doDispatch(DispatcherServlet.java:963)
	at org.springframework.web.servlet.DispatcherServlet.doService(DispatcherServlet.java:866)
	at org.springframework.web.servlet.FrameworkServlet.processRequest(FrameworkServlet.java:1000)
	at org.springframework.web.servlet.FrameworkServlet.doPost(FrameworkServlet.java:903)
	at jakarta.servlet.http.HttpServlet.service(HttpServlet.java:649)
	at org.springframework.web.servlet.FrameworkServlet.service(FrameworkServlet.java:874)
	at jakarta.servlet.http.HttpServlet.service(HttpServlet.java:710)
	at org.apache.catalina.core.ApplicationFilterChain.doFilter(ApplicationFilterChain.java:128)
	at org.apache.tomcat.websocket.server.WsFilter.doFilter(WsFilter.java:53)
	at org.apache.catalina.core.ApplicationFilterChain.doFilter(ApplicationFilterChain.java:107)
	at org.springframework.web.filter.OncePerRequestFilter.doFilter(OncePerRequestFilter.java:110)
	at org.apache.catalina.core.ApplicationFilterChain.doFilter(ApplicationFilterChain.java:107)
	at org.springframework.web.filter.OncePerRequestFilter.doFilter(OncePerRequestFilter.java:110)
	at org.apache.catalina.core.ApplicationFilterChain.doFilter(ApplicationFilterChain.java:107)
	at com.abubakar.connectify.configuration.RequestLoggingFilter.doFilterInternal(RequestLoggingFilter.java:30)
	at org.springframework.web.filter.OncePerRequestFilter.doFilter(OncePerRequestFilter.java:116)
	at org.apache.catalina.core.ApplicationFilterChain.doFilter(ApplicationFilterChain.java:107)
	at org.springframework.web.filter.CompositeFilter$VirtualFilterChain.doFilter(CompositeFilter.java:108)
	at org.springframework.security.web.FilterChainProxy.lambda$doFilterInternal$3(FilterChainProxy.java:235)
	at org.springframework.security.web.FilterChainProxy$VirtualFilterChain.doFilter(FilterChainProxy.java:376)
	at org.springframework.security.web.access.intercept.AuthorizationFilter.doFilter(AuthorizationFilter.java:101)
	at org.springframework.security.web.FilterChainProxy$VirtualFilterChain.doFilter(FilterChainProxy.java:385)
	at org.springframework.security.web.access.ExceptionTranslationFilter.doFilter(ExceptionTranslationFilter.java:126)
	at org.springframework.security.web.access.ExceptionTranslationFilter.doFilter(ExceptionTranslationFilter.java:120)
	at org.springframework.security.web.FilterChainProxy$VirtualFilterChain.doFilter(FilterChainProxy.java:385)
	at org.springframework.security.web.session.SessionManagementFilter.doFilter(SessionManagementFilter.java:132)
	at org.springframework.security.web.session.SessionManagementFilter.doFilter(SessionManagementFilter.java:86)
	at org.springframework.security.web.FilterChainProxy$VirtualFilterChain.doFilter(FilterChainProxy.java:385)
	at org.springframework.security.web.authentication.AnonymousAuthenticationFilter.doFilter(AnonymousAuthenticationFilter.java:100)
	at org.springframework.security.web.FilterChainProxy$VirtualFilterChain.doFilter(FilterChainProxy.java:385)
	at org.springframework.security.web.servletapi.SecurityContextHolderAwareRequestFilter.doFilter(SecurityContextHolderAwareRequestFilter.java:181)
	at org.springframework.security.web.FilterChainProxy$VirtualFilterChain.doFilter(FilterChainProxy.java:385)
	at org.springframework.security.web.savedrequest.RequestCacheAwareFilter.doFilter(RequestCacheAwareFilter.java:63)
	at org.springframework.security.web.FilterChainProxy$VirtualFilterChain.doFilter(FilterChainProxy.java:385)
	at org.springframework.security.web.authentication.ui.DefaultLogoutPageGeneratingFilter.doFilterInternal(DefaultLogoutPageGeneratingFilter.java:60)
	at org.springframework.web.filter.OncePerRequestFilter.doFilter(OncePerRequestFilter.java:116)
	at org.springframework.security.web.FilterChainProxy$VirtualFilterChain.doFilter(FilterChainProxy.java:385)
	at org.springframework.security.web.authentication.ui.DefaultLoginPageGeneratingFilter.doFilter(DefaultLoginPageGeneratingFilter.java:246)
	at org.springframework.security.web.authentication.ui.DefaultLoginPageGeneratingFilter.doFilter(DefaultLoginPageGeneratingFilter.java:232)
	at org.springframework.security.web.FilterChainProxy$VirtualFilterChain.doFilter(FilterChainProxy.java:385)
	at org.springframework.security.web.authentication.ui.DefaultResourcesFilter.doFilter(DefaultResourcesFilter.java:73)
	at org.springframework.security.web.FilterChainProxy$VirtualFilterChain.doFilter(FilterChainProxy.java:385)
	at com.abubakar.connectify.security.JwtFilter.doFilterInternal(JwtFilter.java:141)
	at org.springframework.web.filter.OncePerRequestFilter.doFilter(OncePerRequestFilter.java:116)
	at org.springframework.security.web.FilterChainProxy$VirtualFilterChain.doFilter(FilterChainProxy.java:385)
	at org.springframework.security.web.authentication.AbstractAuthenticationProcessingFilter.doFilter(AbstractAuthenticationProcessingFilter.java:245)
	at org.springframework.security.web.authentication.AbstractAuthenticationProcessingFilter.doFilter(AbstractAuthenticationProcessingFilter.java:239)
	at org.springframework.security.web.FilterChainProxy$VirtualFilterChain.doFilter(FilterChainProxy.java:385)
	at org.springframework.security.oauth2.client.web.OAuth2AuthorizationRequestRedirectFilter.doFilterInternal(OAuth2AuthorizationRequestRedirectFilter.java:195)
	at org.springframework.web.filter.OncePerRequestFilter.doFilter(OncePerRequestFilter.java:116)
	at org.springframework.security.web.FilterChainProxy$VirtualFilterChain.doFilter(FilterChainProxy.java:385)
	at org.springframework.security.web.authentication.logout.LogoutFilter.doFilter(LogoutFilter.java:110)
	at org.springframework.security.web.authentication.logout.LogoutFilter.doFilter(LogoutFilter.java:96)
	at org.springframework.security.web.FilterChainProxy$VirtualFilterChain.doFilter(FilterChainProxy.java:385)
	at org.springframework.web.filter.CorsFilter.doFilterInternal(CorsFilter.java:91)
	at org.springframework.web.filter.OncePerRequestFilter.doFilter(OncePerRequestFilter.java:116)
	at org.springframework.security.web.FilterChainProxy$VirtualFilterChain.doFilter(FilterChainProxy.java:385)
	at org.springframework.security.web.header.HeaderWriterFilter.doHeadersAfter(HeaderWriterFilter.java:90)
	at org.springframework.security.web.header.HeaderWriterFilter.doFilterInternal(HeaderWriterFilter.java:75)
	at org.springframework.web.filter.OncePerRequestFilter.doFilter(OncePerRequestFilter.java:116)
	at org.springframework.security.web.FilterChainProxy$VirtualFilterChain.doFilter(FilterChainProxy.java:385)
	at org.springframework.security.web.context.SecurityContextHolderFilter.doFilter(SecurityContextHolderFilter.java:82)
	at org.springframework.security.web.context.SecurityContextHolderFilter.doFilter(SecurityContextHolderFilter.java:69)
	at org.springframework.security.web.FilterChainProxy$VirtualFilterChain.doFilter(FilterChainProxy.java:385)
	at org.springframework.security.web.context.request.async.WebAsyncManagerIntegrationFilter.doFilterInternal(WebAsyncManagerIntegrationFilter.java:62)
	at org.springframework.web.filter.OncePerRequestFilter.doFilter(OncePerRequestFilter.java:116)
	at org.springframework.security.web.FilterChainProxy$VirtualFilterChain.doFilter(FilterChainProxy.java:385)
	at org.springframework.security.web.session.DisableEncodeUrlFilter.doFilterInternal(DisableEncodeUrlFilter.java:42)
	at org.springframework.web.filter.OncePerRequestFilter.doFilter(OncePerRequestFilter.java:116)
	at org.springframework.security.web.FilterChainProxy$VirtualFilterChain.doFilter(FilterChainProxy.java:385)
	at org.springframework.security.web.FilterChainProxy.doFilterInternal(FilterChainProxy.java:237)
	at org.springframework.security.web.FilterChainProxy.doFilter(FilterChainProxy.java:195)
	at org.springframework.web.filter.CompositeFilter$VirtualFilterChain.doFilter(CompositeFilter.java:113)
	at org.springframework.web.filter.ServletRequestPathFilter.doFilter(ServletRequestPathFilter.java:52)
	at org.springframework.web.filter.CompositeFilter$VirtualFilterChain.doFilter(CompositeFilter.java:113)
	at org.springframework.web.filter.CompositeFilter.doFilter(CompositeFilter.java:74)
	at org.springframework.security.config.annotation.web.configuration.WebSecurityConfiguration$CompositeFilterChainProxy.doFilter(WebSecurityConfiguration.java:317)
	at org.springframework.web.filter.DelegatingFilterProxy.invokeDelegate(DelegatingFilterProxy.java:355)
	at org.springframework.web.filter.DelegatingFilterProxy.doFilter(DelegatingFilterProxy.java:272)
	at org.apache.catalina.core.ApplicationFilterChain.doFilter(ApplicationFilterChain.java:107)
	at org.springframework.web.filter.RequestContextFilter.doFilterInternal(RequestContextFilter.java:100)
	at org.springframework.web.filter.OncePerRequestFilter.doFilter(OncePerRequestFilter.java:116)
	at org.apache.catalina.core.ApplicationFilterChain.doFilter(ApplicationFilterChain.java:107)
	at org.springframework.web.filter.FormContentFilter.doFilterInternal(FormContentFilter.java:93)
	at org.springframework.web.filter.OncePerRequestFilter.doFilter(OncePerRequestFilter.java:116)
	at org.apache.catalina.core.ApplicationFilterChain.doFilter(ApplicationFilterChain.java:107)
	at org.springframework.web.filter.CharacterEncodingFilter.doFilterInternal(CharacterEncodingFilter.java:199)
	at org.springframework.web.filter.OncePerRequestFilter.doFilter(OncePerRequestFilter.java:116)
	at org.apache.catalina.core.ApplicationFilterChain.doFilter(ApplicationFilterChain.java:107)
	at org.apache.catalina.core.StandardWrapperValve.invoke(StandardWrapperValve.java:165)
	at org.apache.catalina.core.StandardContextValve.invoke(StandardContextValve.java:77)
	at org.apache.catalina.authenticator.AuthenticatorBase.invoke(AuthenticatorBase.java:492)
	at org.apache.catalina.core.StandardHostValve.invoke(StandardHostValve.java:113)
	at org.apache.catalina.valves.ErrorReportValve.invoke(ErrorReportValve.java:83)
	at org.apache.catalina.core.StandardEngineValve.invoke(StandardEngineValve.java:72)
	at org.apache.catalina.connector.CoyoteAdapter.service(CoyoteAdapter.java:341)
	at org.apache.coyote.http11.Http11Processor.service(Http11Processor.java:397)
	at org.apache.coyote.AbstractProcessorLight.process(AbstractProcessorLight.java:63)
	at org.apache.coyote.AbstractProtocol$ConnectionHandler.process(AbstractProtocol.java:903)
	at org.apache.tomcat.util.net.NioEndpoint$SocketProcessor.doRun(NioEndpoint.java:1801)
	at org.apache.tomcat.util.net.SocketProcessorBase.run(SocketProcessorBase.java:52)
	at org.apache.tomcat.util.threads.ThreadPoolExecutor.runWorker(ThreadPoolExecutor.java:946)
	at org.apache.tomcat.util.threads.ThreadPoolExecutor$Worker.run(ThreadPoolExecutor.java:480)
	at org.apache.tomcat.util.threads.TaskThread$WrappingRunnable.run(TaskThread.java:57)
	at java.base/java.lang.Thread.run(Thread.java:1583)
2026-06-08 05:34:57[INFO]com.abubakar.connectify.configuration.RequestLoggingFilter-POST /api/v1/reports/user/6 | Status: 400
2026-06-08 05:44:33[INFO]com.abubakar.connectify.scheduler.StoryCleanupScheduler-Running story cleanup job
2026-06-08 05:44:33[INFO]com.abubakar.connectify.scheduler.StoryCleanupScheduler-Expired stories found: 0
2026-06-08 05:44:33[INFO]com.abubakar.connectify.scheduler.StoryCleanupScheduler-Story cleanup completed
2026-06-08 05:44:49[INFO]org.springframework.boot.tomcat.GracefulShutdown-Commencing graceful shutdown. Waiting for active requests to complete
2026-06-08 05:44:49[INFO]org.springframework.boot.tomcat.GracefulShutdown-Graceful shutdown complete
2026-06-08 05:44:49[INFO]org.springframework.orm.jpa.LocalContainerEntityManagerFactoryBean-Closing JPA EntityManagerFactory for persistence unit 'default'
2026-06-08 05:44:49[INFO]com.zaxxer.hikari.HikariDataSource-HikariPool-1 - Shutdown initiated...
2026-06-08 05:44:49[INFO]com.zaxxer.hikari.HikariDataSource-HikariPool-1 - Shutdown completed.
2026-06-08 05:44:54[INFO]org.hibernate.validator.internal.util.Version-HV000001: Hibernate Validator 9.0.1.Final
2026-06-08 05:44:54[INFO]com.abubakar.connectify.ConnectifyApplication-Starting ConnectifyApplication using Java 21.0.9 with PID 8016 (C:\Users\wwwab\Desktop\Sem4InternshipPresentation\2\Connectify\backend\target\classes started by wwwab in C:\Users\wwwab\Desktop\Sem4InternshipPresentation\2\Connectify\backend)
2026-06-08 05:44:54[DEBUG]com.abubakar.connectify.ConnectifyApplication-Running with Spring Boot v4.0.6, Spring v7.0.7
2026-06-08 05:44:54[INFO]com.abubakar.connectify.ConnectifyApplication-The following 1 profile is active: "dev"
2026-06-08 05:44:55[INFO]org.springframework.data.repository.config.RepositoryConfigurationDelegate-Multiple Spring Data modules found, entering strict repository configuration mode
2026-06-08 05:44:55[INFO]org.springframework.data.repository.config.RepositoryConfigurationDelegate-Bootstrapping Spring Data JPA repositories in DEFAULT mode.
2026-06-08 05:44:55[INFO]org.springframework.data.repository.config.RepositoryConfigurationDelegate-Finished Spring Data repository scanning in 163 ms. Found 18 JPA repository interfaces.
2026-06-08 05:44:55[INFO]org.springframework.data.repository.config.RepositoryConfigurationDelegate-Multiple Spring Data modules found, entering strict repository configuration mode
2026-06-08 05:44:55[INFO]org.springframework.data.repository.config.RepositoryConfigurationDelegate-Bootstrapping Spring Data Redis repositories in DEFAULT mode.
2026-06-08 05:44:55[INFO]org.springframework.data.repository.config.RepositoryConfigurationExtensionSupport-Spring Data Redis - Could not safely identify store assignment for repository candidate interface com.abubakar.connectify.repository.ChatParticipantRepository; If you want this repository to be a Redis repository, consider annotating your entities with one of these annotations: org.springframework.data.redis.core.RedisHash (preferred), or consider extending one of the following types with your repository: org.springframework.data.keyvalue.repository.KeyValueRepository
2026-06-08 05:44:55[INFO]org.springframework.data.repository.config.RepositoryConfigurationExtensionSupport-Spring Data Redis - Could not safely identify store assignment for repository candidate interface com.abubakar.connectify.repository.ChatRepository; If you want this repository to be a Redis repository, consider annotating your entities with one of these annotations: org.springframework.data.redis.core.RedisHash (preferred), or consider extending one of the following types with your repository: org.springframework.data.keyvalue.repository.KeyValueRepository
2026-06-08 05:44:55[INFO]org.springframework.data.repository.config.RepositoryConfigurationExtensionSupport-Spring Data Redis - Could not safely identify store assignment for repository candidate interface com.abubakar.connectify.repository.CommentRepository; If you want this repository to be a Redis repository, consider annotating your entities with one of these annotations: org.springframework.data.redis.core.RedisHash (preferred), or consider extending one of the following types with your repository: org.springframework.data.keyvalue.repository.KeyValueRepository
2026-06-08 05:44:55[INFO]org.springframework.data.repository.config.RepositoryConfigurationExtensionSupport-Spring Data Redis - Could not safely identify store assignment for repository candidate interface com.abubakar.connectify.repository.FollowRepository; If you want this repository to be a Redis repository, consider annotating your entities with one of these annotations: org.springframework.data.redis.core.RedisHash (preferred), or consider extending one of the following types with your repository: org.springframework.data.keyvalue.repository.KeyValueRepository
2026-06-08 05:44:55[INFO]org.springframework.data.repository.config.RepositoryConfigurationExtensionSupport-Spring Data Redis - Could not safely identify store assignment for repository candidate interface com.abubakar.connectify.repository.HashtagRepository; If you want this repository to be a Redis repository, consider annotating your entities with one of these annotations: org.springframework.data.redis.core.RedisHash (preferred), or consider extending one of the following types with your repository: org.springframework.data.keyvalue.repository.KeyValueRepository
2026-06-08 05:44:55[INFO]org.springframework.data.repository.config.RepositoryConfigurationExtensionSupport-Spring Data Redis - Could not safely identify store assignment for repository candidate interface com.abubakar.connectify.repository.LikeRepository; If you want this repository to be a Redis repository, consider annotating your entities with one of these annotations: org.springframework.data.redis.core.RedisHash (preferred), or consider extending one of the following types with your repository: org.springframework.data.keyvalue.repository.KeyValueRepository
2026-06-08 05:44:55[INFO]org.springframework.data.repository.config.RepositoryConfigurationExtensionSupport-Spring Data Redis - Could not safely identify store assignment for repository candidate interface com.abubakar.connectify.repository.MediaRepository; If you want this repository to be a Redis repository, consider annotating your entities with one of these annotations: org.springframework.data.redis.core.RedisHash (preferred), or consider extending one of the following types with your repository: org.springframework.data.keyvalue.repository.KeyValueRepository
2026-06-08 05:44:55[INFO]org.springframework.data.repository.config.RepositoryConfigurationExtensionSupport-Spring Data Redis - Could not safely identify store assignment for repository candidate interface com.abubakar.connectify.repository.MessageRepository; If you want this repository to be a Redis repository, consider annotating your entities with one of these annotations: org.springframework.data.redis.core.RedisHash (preferred), or consider extending one of the following types with your repository: org.springframework.data.keyvalue.repository.KeyValueRepository
2026-06-08 05:44:55[INFO]org.springframework.data.repository.config.RepositoryConfigurationExtensionSupport-Spring Data Redis - Could not safely identify store assignment for repository candidate interface com.abubakar.connectify.repository.NotificationRepository; If you want this repository to be a Redis repository, consider annotating your entities with one of these annotations: org.springframework.data.redis.core.RedisHash (preferred), or consider extending one of the following types with your repository: org.springframework.data.keyvalue.repository.KeyValueRepository
2026-06-08 05:44:55[INFO]org.springframework.data.repository.config.RepositoryConfigurationExtensionSupport-Spring Data Redis - Could not safely identify store assignment for repository candidate interface com.abubakar.connectify.repository.PostRepository; If you want this repository to be a Redis repository, consider annotating your entities with one of these annotations: org.springframework.data.redis.core.RedisHash (preferred), or consider extending one of the following types with your repository: org.springframework.data.keyvalue.repository.KeyValueRepository
2026-06-08 05:44:55[INFO]org.springframework.data.repository.config.RepositoryConfigurationExtensionSupport-Spring Data Redis - Could not safely identify store assignment for repository candidate interface com.abubakar.connectify.repository.RefreshTokenRepository; If you want this repository to be a Redis repository, consider annotating your entities with one of these annotations: org.springframework.data.redis.core.RedisHash (preferred), or consider extending one of the following types with your repository: org.springframework.data.keyvalue.repository.KeyValueRepository
2026-06-08 05:44:55[INFO]org.springframework.data.repository.config.RepositoryConfigurationExtensionSupport-Spring Data Redis - Could not safely identify store assignment for repository candidate interface com.abubakar.connectify.repository.ReportRepository; If you want this repository to be a Redis repository, consider annotating your entities with one of these annotations: org.springframework.data.redis.core.RedisHash (preferred), or consider extending one of the following types with your repository: org.springframework.data.keyvalue.repository.KeyValueRepository
2026-06-08 05:44:55[INFO]org.springframework.data.repository.config.RepositoryConfigurationExtensionSupport-Spring Data Redis - Could not safely identify store assignment for repository candidate interface com.abubakar.connectify.repository.SavedPostRepository; If you want this repository to be a Redis repository, consider annotating your entities with one of these annotations: org.springframework.data.redis.core.RedisHash (preferred), or consider extending one of the following types with your repository: org.springframework.data.keyvalue.repository.KeyValueRepository
2026-06-08 05:44:55[INFO]org.springframework.data.repository.config.RepositoryConfigurationExtensionSupport-Spring Data Redis - Could not safely identify store assignment for repository candidate interface com.abubakar.connectify.repository.StoryReactionRepository; If you want this repository to be a Redis repository, consider annotating your entities with one of these annotations: org.springframework.data.redis.core.RedisHash (preferred), or consider extending one of the following types with your repository: org.springframework.data.keyvalue.repository.KeyValueRepository
2026-06-08 05:44:55[INFO]org.springframework.data.repository.config.RepositoryConfigurationExtensionSupport-Spring Data Redis - Could not safely identify store assignment for repository candidate interface com.abubakar.connectify.repository.StoryReplyRepository; If you want this repository to be a Redis repository, consider annotating your entities with one of these annotations: org.springframework.data.redis.core.RedisHash (preferred), or consider extending one of the following types with your repository: org.springframework.data.keyvalue.repository.KeyValueRepository
2026-06-08 05:44:55[INFO]org.springframework.data.repository.config.RepositoryConfigurationExtensionSupport-Spring Data Redis - Could not safely identify store assignment for repository candidate interface com.abubakar.connectify.repository.StoryRepository; If you want this repository to be a Redis repository, consider annotating your entities with one of these annotations: org.springframework.data.redis.core.RedisHash (preferred), or consider extending one of the following types with your repository: org.springframework.data.keyvalue.repository.KeyValueRepository
2026-06-08 05:44:55[INFO]org.springframework.data.repository.config.RepositoryConfigurationExtensionSupport-Spring Data Redis - Could not safely identify store assignment for repository candidate interface com.abubakar.connectify.repository.StoryViewRepository; If you want this repository to be a Redis repository, consider annotating your entities with one of these annotations: org.springframework.data.redis.core.RedisHash (preferred), or consider extending one of the following types with your repository: org.springframework.data.keyvalue.repository.KeyValueRepository
2026-06-08 05:44:55[INFO]org.springframework.data.repository.config.RepositoryConfigurationExtensionSupport-Spring Data Redis - Could not safely identify store assignment for repository candidate interface com.abubakar.connectify.repository.UserRepository; If you want this repository to be a Redis repository, consider annotating your entities with one of these annotations: org.springframework.data.redis.core.RedisHash (preferred), or consider extending one of the following types with your repository: org.springframework.data.keyvalue.repository.KeyValueRepository
2026-06-08 05:44:55[INFO]org.springframework.data.repository.config.RepositoryConfigurationDelegate-Finished Spring Data repository scanning in 12 ms. Found 0 Redis repository interfaces.
2026-06-08 05:44:56[INFO]org.springframework.boot.tomcat.TomcatWebServer-Tomcat initialized with port 8080 (http)
2026-06-08 05:44:56[INFO]org.apache.coyote.http11.Http11NioProtocol-Initializing ProtocolHandler ["http-nio-8080"]
2026-06-08 05:44:56[INFO]org.apache.catalina.core.StandardService-Starting service [Tomcat]
2026-06-08 05:44:56[INFO]org.apache.catalina.core.StandardEngine-Starting Servlet engine: [Apache Tomcat/11.0.21]
2026-06-08 05:44:56[INFO]org.springframework.boot.web.context.servlet.WebApplicationContextInitializer-Root WebApplicationContext: initialization completed in 1993 ms
2026-06-08 05:44:56[INFO]org.hibernate.orm.jpa-HHH008540: Processing PersistenceUnitInfo [name: default]
2026-06-08 05:44:56[INFO]org.hibernate.orm.core-HHH000001: Hibernate ORM core version 7.2.12.Final
2026-06-08 05:44:56[INFO]org.springframework.orm.jpa.persistenceunit.SpringPersistenceUnitInfo-No LoadTimeWeaver setup: ignoring JPA class transformer
2026-06-08 05:44:56[INFO]com.zaxxer.hikari.HikariDataSource-HikariPool-1 - Starting...
2026-06-08 05:44:57[INFO]com.zaxxer.hikari.pool.HikariPool-HikariPool-1 - Added connection com.mysql.cj.jdbc.ConnectionImpl@637c8632
2026-06-08 05:44:57[INFO]com.zaxxer.hikari.HikariDataSource-HikariPool-1 - Start completed.
2026-06-08 05:44:57[INFO]org.hibernate.orm.connections.pooling-HHH10001005: Database info:
	Database JDBC URL [jdbc:mysql://localhost:3306/connectifyApp]
	Database driver: MySQL Connector/J
	Database dialect: MySQLDialect
	Database version: 8.0.43
	Default catalog/schema: connectifyApp/undefined
	Autocommit mode: undefined/unknown
	Isolation level: REPEATABLE_READ [default REPEATABLE_READ]
	JDBC fetch size: none
	Pool: DataSourceConnectionProvider
	Minimum pool size: undefined/unknown
	Maximum pool size: undefined/unknown
2026-06-08 05:44:58[INFO]org.hibernate.orm.core-HHH000489: No JTA platform available (set 'hibernate.transaction.jta.platform' to enable JTA platform integration)
2026-06-08 05:44:58[INFO]org.springframework.orm.jpa.LocalContainerEntityManagerFactoryBean-Initialized JPA EntityManagerFactory for persistence unit 'default'
2026-06-08 05:44:58[INFO]org.springframework.data.jpa.repository.query.QueryEnhancerFactories-Hibernate is in classpath; If applicable, HQL parser will be used.
2026-06-08 05:44:59[DEBUG]com.abubakar.connectify.configuration.RequestLoggingFilter-Filter 'requestLoggingFilter' configured for use
2026-06-08 05:44:59[DEBUG]com.abubakar.connectify.security.JwtFilter-Filter 'jwtFilter' configured for use
2026-06-08 05:44:59[INFO]org.springframework.security.config.annotation.authentication.configuration.InitializeAuthenticationProviderBeanManagerConfigurer$InitializeAuthenticationProviderManagerConfigurer-Global AuthenticationManager configured with AuthenticationProvider bean with name authenticationProvider
2026-06-08 05:44:59[WARN]org.springframework.security.config.annotation.authentication.configuration.InitializeUserDetailsBeanManagerConfigurer$InitializeUserDetailsManagerConfigurer-Global AuthenticationManager configured with an AuthenticationProvider bean. UserDetailsService beans will not be used by Spring Security for automatically configuring username/password login. Consider removing the AuthenticationProvider bean. Alternatively, consider using the UserDetailsService in a manually instantiated DaoAuthenticationProvider. If the current configuration is intentional, to turn off this warning, increase the logging level of 'org.springframework.security.config.annotation.authentication.configuration.InitializeUserDetailsBeanManagerConfigurer' to ERROR
2026-06-08 05:45:01[INFO]org.apache.coyote.http11.Http11NioProtocol-Starting ProtocolHandler ["http-nio-8080"]
2026-06-08 05:45:01[INFO]org.springframework.boot.tomcat.TomcatWebServer-Tomcat started on port 8080 (http) with context path '/'
2026-06-08 05:45:01[INFO]com.abubakar.connectify.ConnectifyApplication-Started ConnectifyApplication in 7.43 seconds (process running for 7.915)
2026-06-08 05:45:01[INFO]com.abubakar.connectify.scheduler.StoryCleanupScheduler-Running story cleanup job
2026-06-08 05:45:01[INFO]com.abubakar.connectify.scheduler.StoryCleanupScheduler-Expired stories found: 0
2026-06-08 05:45:01[INFO]com.abubakar.connectify.scheduler.StoryCleanupScheduler-Story cleanup completed
2026-06-08 05:45:08[INFO]org.apache.catalina.core.ContainerBase.[Tomcat].[localhost].[/]-Initializing Spring DispatcherServlet 'dispatcherServlet'
2026-06-08 05:45:08[INFO]org.springframework.web.servlet.DispatcherServlet-Initializing Servlet 'dispatcherServlet'
2026-06-08 05:45:08[INFO]org.springframework.web.servlet.DispatcherServlet-Completed initialization in 2 ms
2026-06-08 05:45:09[INFO]com.abubakar.connectify.service.impl.CustomUserDetailsService-Authentication request received for email: asif@gmail.com
2026-06-08 05:45:09[DEBUG]com.abubakar.connectify.service.impl.CustomUserDetailsService-User loaded successfully with email: asif@gmail.com and role: USER
2026-06-08 05:45:09[INFO]com.abubakar.connectify.security.JwtUtils-Token validation result for user asif@gmail.com : true
2026-06-08 05:45:09[INFO]com.abubakar.connectify.security.JwtFilter-User authenticated successfully: asif@gmail.com
2026-06-08 05:45:09[INFO]com.abubakar.connectify.controller.ReportController-Report user API called | userId: 6
2026-06-08 05:45:09[INFO]com.abubakar.connectify.service.impl.ReportServiceImpl-Reporting user | userId: 6
2026-06-08 05:45:09[DEBUG]com.abubakar.connectify.util.UserAccessValidator-Validating user access | userId: 2
2026-06-08 05:45:09[DEBUG]com.abubakar.connectify.util.UserAccessValidator-User validation successful | userId: 2
2026-06-08 05:45:09[DEBUG]com.abubakar.connectify.util.AuthUtil-Authenticated active user fetched successfully | userId: 2
2026-06-08 05:45:09[DEBUG]com.abubakar.connectify.util.UserAccessValidator-Validating user access | userId: 6
2026-06-08 05:45:09[DEBUG]com.abubakar.connectify.util.UserAccessValidator-User validation successful | userId: 6
2026-06-08 05:45:09[INFO]com.abubakar.connectify.service.impl.NotificationServiceImpl-Creating notification | receiverId: 6 | senderId: 2
2026-06-08 05:45:09[DEBUG]com.abubakar.connectify.util.UserAccessValidator-Validating user access | userId: 6
2026-06-08 05:45:09[DEBUG]com.abubakar.connectify.util.UserAccessValidator-User validation successful | userId: 6
2026-06-08 05:45:09[DEBUG]com.abubakar.connectify.util.UserAccessValidator-Validating user access | userId: 2
2026-06-08 05:45:09[DEBUG]com.abubakar.connectify.util.UserAccessValidator-User validation successful | userId: 2
2026-06-08 05:45:09[INFO]com.abubakar.connectify.service.impl.NotificationServiceImpl-Notification created successfully
| receiverId: 6
| senderId: 2
| type: USER_REPORTED

2026-06-08 05:45:09[INFO]com.abubakar.connectify.service.impl.NotificationServiceImpl-Creating notification | receiverId: 1 | senderId: 2
2026-06-08 05:45:09[DEBUG]com.abubakar.connectify.util.UserAccessValidator-Validating user access | userId: 1
2026-06-08 05:45:09[DEBUG]com.abubakar.connectify.util.UserAccessValidator-User validation successful | userId: 1
2026-06-08 05:45:09[DEBUG]com.abubakar.connectify.util.UserAccessValidator-Validating user access | userId: 2
2026-06-08 05:45:09[DEBUG]com.abubakar.connectify.util.UserAccessValidator-User validation successful | userId: 2
2026-06-08 05:45:09[INFO]com.abubakar.connectify.service.impl.NotificationServiceImpl-Notification created successfully
| receiverId: 1
| senderId: 2
| type: USER_REPORTED

2026-06-08 05:45:09[INFO]com.abubakar.connectify.service.impl.ReportServiceImpl-User reported successfully | targetUserId: 6 | reporterId: 2
2026-06-08 05:45:09[INFO]com.abubakar.connectify.configuration.RequestLoggingFilter-POST /api/v1/reports/user/6 | Status: 201
2026-06-08 05:48:41[INFO]org.springframework.boot.tomcat.GracefulShutdown-Commencing graceful shutdown. Waiting for active requests to complete
2026-06-08 05:48:41[INFO]org.springframework.boot.tomcat.GracefulShutdown-Graceful shutdown complete
2026-06-08 05:48:41[INFO]org.springframework.orm.jpa.LocalContainerEntityManagerFactoryBean-Closing JPA EntityManagerFactory for persistence unit 'default'
2026-06-08 05:48:41[INFO]com.zaxxer.hikari.HikariDataSource-HikariPool-1 - Shutdown initiated...
2026-06-08 05:48:41[INFO]com.zaxxer.hikari.HikariDataSource-HikariPool-1 - Shutdown completed.
2026-06-08 05:48:45[INFO]org.hibernate.validator.internal.util.Version-HV000001: Hibernate Validator 9.0.1.Final
2026-06-08 05:48:45[INFO]com.abubakar.connectify.ConnectifyApplication-Starting ConnectifyApplication using Java 21.0.9 with PID 16236 (C:\Users\wwwab\Desktop\Sem4InternshipPresentation\2\Connectify\backend\target\classes started by wwwab in C:\Users\wwwab\Desktop\Sem4InternshipPresentation\2\Connectify\backend)
2026-06-08 05:48:45[DEBUG]com.abubakar.connectify.ConnectifyApplication-Running with Spring Boot v4.0.6, Spring v7.0.7
2026-06-08 05:48:45[INFO]com.abubakar.connectify.ConnectifyApplication-The following 1 profile is active: "dev"
2026-06-08 05:48:46[INFO]org.springframework.data.repository.config.RepositoryConfigurationDelegate-Multiple Spring Data modules found, entering strict repository configuration mode
2026-06-08 05:48:46[INFO]org.springframework.data.repository.config.RepositoryConfigurationDelegate-Bootstrapping Spring Data JPA repositories in DEFAULT mode.
2026-06-08 05:48:46[INFO]org.springframework.data.repository.config.RepositoryConfigurationDelegate-Finished Spring Data repository scanning in 166 ms. Found 18 JPA repository interfaces.
2026-06-08 05:48:46[INFO]org.springframework.data.repository.config.RepositoryConfigurationDelegate-Multiple Spring Data modules found, entering strict repository configuration mode
2026-06-08 05:48:46[INFO]org.springframework.data.repository.config.RepositoryConfigurationDelegate-Bootstrapping Spring Data Redis repositories in DEFAULT mode.
2026-06-08 05:48:46[INFO]org.springframework.data.repository.config.RepositoryConfigurationExtensionSupport-Spring Data Redis - Could not safely identify store assignment for repository candidate interface com.abubakar.connectify.repository.ChatParticipantRepository; If you want this repository to be a Redis repository, consider annotating your entities with one of these annotations: org.springframework.data.redis.core.RedisHash (preferred), or consider extending one of the following types with your repository: org.springframework.data.keyvalue.repository.KeyValueRepository
2026-06-08 05:48:46[INFO]org.springframework.data.repository.config.RepositoryConfigurationExtensionSupport-Spring Data Redis - Could not safely identify store assignment for repository candidate interface com.abubakar.connectify.repository.ChatRepository; If you want this repository to be a Redis repository, consider annotating your entities with one of these annotations: org.springframework.data.redis.core.RedisHash (preferred), or consider extending one of the following types with your repository: org.springframework.data.keyvalue.repository.KeyValueRepository
2026-06-08 05:48:46[INFO]org.springframework.data.repository.config.RepositoryConfigurationExtensionSupport-Spring Data Redis - Could not safely identify store assignment for repository candidate interface com.abubakar.connectify.repository.CommentRepository; If you want this repository to be a Redis repository, consider annotating your entities with one of these annotations: org.springframework.data.redis.core.RedisHash (preferred), or consider extending one of the following types with your repository: org.springframework.data.keyvalue.repository.KeyValueRepository
2026-06-08 05:48:46[INFO]org.springframework.data.repository.config.RepositoryConfigurationExtensionSupport-Spring Data Redis - Could not safely identify store assignment for repository candidate interface com.abubakar.connectify.repository.FollowRepository; If you want this repository to be a Redis repository, consider annotating your entities with one of these annotations: org.springframework.data.redis.core.RedisHash (preferred), or consider extending one of the following types with your repository: org.springframework.data.keyvalue.repository.KeyValueRepository
2026-06-08 05:48:46[INFO]org.springframework.data.repository.config.RepositoryConfigurationExtensionSupport-Spring Data Redis - Could not safely identify store assignment for repository candidate interface com.abubakar.connectify.repository.HashtagRepository; If you want this repository to be a Redis repository, consider annotating your entities with one of these annotations: org.springframework.data.redis.core.RedisHash (preferred), or consider extending one of the following types with your repository: org.springframework.data.keyvalue.repository.KeyValueRepository
2026-06-08 05:48:46[INFO]org.springframework.data.repository.config.RepositoryConfigurationExtensionSupport-Spring Data Redis - Could not safely identify store assignment for repository candidate interface com.abubakar.connectify.repository.LikeRepository; If you want this repository to be a Redis repository, consider annotating your entities with one of these annotations: org.springframework.data.redis.core.RedisHash (preferred), or consider extending one of the following types with your repository: org.springframework.data.keyvalue.repository.KeyValueRepository
2026-06-08 05:48:46[INFO]org.springframework.data.repository.config.RepositoryConfigurationExtensionSupport-Spring Data Redis - Could not safely identify store assignment for repository candidate interface com.abubakar.connectify.repository.MediaRepository; If you want this repository to be a Redis repository, consider annotating your entities with one of these annotations: org.springframework.data.redis.core.RedisHash (preferred), or consider extending one of the following types with your repository: org.springframework.data.keyvalue.repository.KeyValueRepository
2026-06-08 05:48:46[INFO]org.springframework.data.repository.config.RepositoryConfigurationExtensionSupport-Spring Data Redis - Could not safely identify store assignment for repository candidate interface com.abubakar.connectify.repository.MessageRepository; If you want this repository to be a Redis repository, consider annotating your entities with one of these annotations: org.springframework.data.redis.core.RedisHash (preferred), or consider extending one of the following types with your repository: org.springframework.data.keyvalue.repository.KeyValueRepository
2026-06-08 05:48:46[INFO]org.springframework.data.repository.config.RepositoryConfigurationExtensionSupport-Spring Data Redis - Could not safely identify store assignment for repository candidate interface com.abubakar.connectify.repository.NotificationRepository; If you want this repository to be a Redis repository, consider annotating your entities with one of these annotations: org.springframework.data.redis.core.RedisHash (preferred), or consider extending one of the following types with your repository: org.springframework.data.keyvalue.repository.KeyValueRepository
2026-06-08 05:48:46[INFO]org.springframework.data.repository.config.RepositoryConfigurationExtensionSupport-Spring Data Redis - Could not safely identify store assignment for repository candidate interface com.abubakar.connectify.repository.PostRepository; If you want this repository to be a Redis repository, consider annotating your entities with one of these annotations: org.springframework.data.redis.core.RedisHash (preferred), or consider extending one of the following types with your repository: org.springframework.data.keyvalue.repository.KeyValueRepository
2026-06-08 05:48:46[INFO]org.springframework.data.repository.config.RepositoryConfigurationExtensionSupport-Spring Data Redis - Could not safely identify store assignment for repository candidate interface com.abubakar.connectify.repository.RefreshTokenRepository; If you want this repository to be a Redis repository, consider annotating your entities with one of these annotations: org.springframework.data.redis.core.RedisHash (preferred), or consider extending one of the following types with your repository: org.springframework.data.keyvalue.repository.KeyValueRepository
2026-06-08 05:48:46[INFO]org.springframework.data.repository.config.RepositoryConfigurationExtensionSupport-Spring Data Redis - Could not safely identify store assignment for repository candidate interface com.abubakar.connectify.repository.ReportRepository; If you want this repository to be a Redis repository, consider annotating your entities with one of these annotations: org.springframework.data.redis.core.RedisHash (preferred), or consider extending one of the following types with your repository: org.springframework.data.keyvalue.repository.KeyValueRepository
2026-06-08 05:48:46[INFO]org.springframework.data.repository.config.RepositoryConfigurationExtensionSupport-Spring Data Redis - Could not safely identify store assignment for repository candidate interface com.abubakar.connectify.repository.SavedPostRepository; If you want this repository to be a Redis repository, consider annotating your entities with one of these annotations: org.springframework.data.redis.core.RedisHash (preferred), or consider extending one of the following types with your repository: org.springframework.data.keyvalue.repository.KeyValueRepository
2026-06-08 05:48:46[INFO]org.springframework.data.repository.config.RepositoryConfigurationExtensionSupport-Spring Data Redis - Could not safely identify store assignment for repository candidate interface com.abubakar.connectify.repository.StoryReactionRepository; If you want this repository to be a Redis repository, consider annotating your entities with one of these annotations: org.springframework.data.redis.core.RedisHash (preferred), or consider extending one of the following types with your repository: org.springframework.data.keyvalue.repository.KeyValueRepository
2026-06-08 05:48:46[INFO]org.springframework.data.repository.config.RepositoryConfigurationExtensionSupport-Spring Data Redis - Could not safely identify store assignment for repository candidate interface com.abubakar.connectify.repository.StoryReplyRepository; If you want this repository to be a Redis repository, consider annotating your entities with one of these annotations: org.springframework.data.redis.core.RedisHash (preferred), or consider extending one of the following types with your repository: org.springframework.data.keyvalue.repository.KeyValueRepository
2026-06-08 05:48:46[INFO]org.springframework.data.repository.config.RepositoryConfigurationExtensionSupport-Spring Data Redis - Could not safely identify store assignment for repository candidate interface com.abubakar.connectify.repository.StoryRepository; If you want this repository to be a Redis repository, consider annotating your entities with one of these annotations: org.springframework.data.redis.core.RedisHash (preferred), or consider extending one of the following types with your repository: org.springframework.data.keyvalue.repository.KeyValueRepository
2026-06-08 05:48:46[INFO]org.springframework.data.repository.config.RepositoryConfigurationExtensionSupport-Spring Data Redis - Could not safely identify store assignment for repository candidate interface com.abubakar.connectify.repository.StoryViewRepository; If you want this repository to be a Redis repository, consider annotating your entities with one of these annotations: org.springframework.data.redis.core.RedisHash (preferred), or consider extending one of the following types with your repository: org.springframework.data.keyvalue.repository.KeyValueRepository
2026-06-08 05:48:46[INFO]org.springframework.data.repository.config.RepositoryConfigurationExtensionSupport-Spring Data Redis - Could not safely identify store assignment for repository candidate interface com.abubakar.connectify.repository.UserRepository; If you want this repository to be a Redis repository, consider annotating your entities with one of these annotations: org.springframework.data.redis.core.RedisHash (preferred), or consider extending one of the following types with your repository: org.springframework.data.keyvalue.repository.KeyValueRepository
2026-06-08 05:48:46[INFO]org.springframework.data.repository.config.RepositoryConfigurationDelegate-Finished Spring Data repository scanning in 13 ms. Found 0 Redis repository interfaces.
2026-06-08 05:48:47[INFO]org.springframework.boot.tomcat.TomcatWebServer-Tomcat initialized with port 8080 (http)
2026-06-08 05:48:47[INFO]org.apache.coyote.http11.Http11NioProtocol-Initializing ProtocolHandler ["http-nio-8080"]
2026-06-08 05:48:47[INFO]org.apache.catalina.core.StandardService-Starting service [Tomcat]
2026-06-08 05:48:47[INFO]org.apache.catalina.core.StandardEngine-Starting Servlet engine: [Apache Tomcat/11.0.21]
2026-06-08 05:48:47[INFO]org.springframework.boot.web.context.servlet.WebApplicationContextInitializer-Root WebApplicationContext: initialization completed in 2100 ms
2026-06-08 05:48:47[INFO]org.hibernate.orm.jpa-HHH008540: Processing PersistenceUnitInfo [name: default]
2026-06-08 05:48:47[INFO]org.hibernate.orm.core-HHH000001: Hibernate ORM core version 7.2.12.Final
2026-06-08 05:48:47[INFO]org.springframework.orm.jpa.persistenceunit.SpringPersistenceUnitInfo-No LoadTimeWeaver setup: ignoring JPA class transformer
2026-06-08 05:48:47[INFO]com.zaxxer.hikari.HikariDataSource-HikariPool-1 - Starting...
2026-06-08 05:48:48[INFO]com.zaxxer.hikari.pool.HikariPool-HikariPool-1 - Added connection com.mysql.cj.jdbc.ConnectionImpl@66ab088c
2026-06-08 05:48:48[INFO]com.zaxxer.hikari.HikariDataSource-HikariPool-1 - Start completed.
2026-06-08 05:48:48[INFO]org.hibernate.orm.connections.pooling-HHH10001005: Database info:
	Database JDBC URL [jdbc:mysql://localhost:3306/connectifyApp]
	Database driver: MySQL Connector/J
	Database dialect: MySQLDialect
	Database version: 8.0.43
	Default catalog/schema: connectifyApp/undefined
	Autocommit mode: undefined/unknown
	Isolation level: REPEATABLE_READ [default REPEATABLE_READ]
	JDBC fetch size: none
	Pool: DataSourceConnectionProvider
	Minimum pool size: undefined/unknown
	Maximum pool size: undefined/unknown
2026-06-08 05:48:49[INFO]org.hibernate.orm.core-HHH000489: No JTA platform available (set 'hibernate.transaction.jta.platform' to enable JTA platform integration)
2026-06-08 05:48:49[INFO]org.springframework.orm.jpa.LocalContainerEntityManagerFactoryBean-Initialized JPA EntityManagerFactory for persistence unit 'default'
2026-06-08 05:48:49[INFO]org.springframework.data.jpa.repository.query.QueryEnhancerFactories-Hibernate is in classpath; If applicable, HQL parser will be used.
2026-06-08 05:48:50[DEBUG]com.abubakar.connectify.configuration.RequestLoggingFilter-Filter 'requestLoggingFilter' configured for use
2026-06-08 05:48:50[DEBUG]com.abubakar.connectify.security.JwtFilter-Filter 'jwtFilter' configured for use
2026-06-08 05:48:50[INFO]org.springframework.security.config.annotation.authentication.configuration.InitializeAuthenticationProviderBeanManagerConfigurer$InitializeAuthenticationProviderManagerConfigurer-Global AuthenticationManager configured with AuthenticationProvider bean with name authenticationProvider
2026-06-08 05:48:50[WARN]org.springframework.security.config.annotation.authentication.configuration.InitializeUserDetailsBeanManagerConfigurer$InitializeUserDetailsManagerConfigurer-Global AuthenticationManager configured with an AuthenticationProvider bean. UserDetailsService beans will not be used by Spring Security for automatically configuring username/password login. Consider removing the AuthenticationProvider bean. Alternatively, consider using the UserDetailsService in a manually instantiated DaoAuthenticationProvider. If the current configuration is intentional, to turn off this warning, increase the logging level of 'org.springframework.security.config.annotation.authentication.configuration.InitializeUserDetailsBeanManagerConfigurer' to ERROR
2026-06-08 05:48:52[INFO]org.apache.coyote.http11.Http11NioProtocol-Starting ProtocolHandler ["http-nio-8080"]
2026-06-08 05:48:52[INFO]org.springframework.boot.tomcat.TomcatWebServer-Tomcat started on port 8080 (http) with context path '/'
2026-06-08 05:48:52[INFO]com.abubakar.connectify.ConnectifyApplication-Started ConnectifyApplication in 7.5 seconds (process running for 8.028)
2026-06-08 05:48:52[INFO]com.abubakar.connectify.scheduler.StoryCleanupScheduler-Running story cleanup job
2026-06-08 05:48:52[INFO]com.abubakar.connectify.scheduler.StoryCleanupScheduler-Expired stories found: 0
2026-06-08 05:48:52[INFO]com.abubakar.connectify.scheduler.StoryCleanupScheduler-Story cleanup completed
2026-06-08 05:58:52[INFO]com.abubakar.connectify.scheduler.StoryCleanupScheduler-Running story cleanup job
2026-06-08 05:58:52[INFO]com.abubakar.connectify.scheduler.StoryCleanupScheduler-Expired stories found: 0
2026-06-08 05:58:52[INFO]com.abubakar.connectify.scheduler.StoryCleanupScheduler-Story cleanup completed
2026-06-08 05:59:01[INFO]org.springframework.boot.tomcat.GracefulShutdown-Commencing graceful shutdown. Waiting for active requests to complete
2026-06-08 05:59:01[INFO]org.springframework.boot.tomcat.GracefulShutdown-Graceful shutdown complete
2026-06-08 05:59:01[INFO]org.springframework.orm.jpa.LocalContainerEntityManagerFactoryBean-Closing JPA EntityManagerFactory for persistence unit 'default'
2026-06-08 05:59:01[INFO]com.zaxxer.hikari.HikariDataSource-HikariPool-1 - Shutdown initiated...
2026-06-08 05:59:01[INFO]com.zaxxer.hikari.HikariDataSource-HikariPool-1 - Shutdown completed.
2026-06-08 05:59:06[INFO]org.hibernate.validator.internal.util.Version-HV000001: Hibernate Validator 9.0.1.Final
2026-06-08 05:59:06[INFO]com.abubakar.connectify.ConnectifyApplication-Starting ConnectifyApplication using Java 21.0.9 with PID 22196 (C:\Users\wwwab\Desktop\Sem4InternshipPresentation\2\Connectify\backend\target\classes started by wwwab in C:\Users\wwwab\Desktop\Sem4InternshipPresentation\2\Connectify\backend)
2026-06-08 05:59:06[DEBUG]com.abubakar.connectify.ConnectifyApplication-Running with Spring Boot v4.0.6, Spring v7.0.7
2026-06-08 05:59:06[INFO]com.abubakar.connectify.ConnectifyApplication-The following 1 profile is active: "dev"
2026-06-08 05:59:07[INFO]org.springframework.data.repository.config.RepositoryConfigurationDelegate-Multiple Spring Data modules found, entering strict repository configuration mode
2026-06-08 05:59:07[INFO]org.springframework.data.repository.config.RepositoryConfigurationDelegate-Bootstrapping Spring Data JPA repositories in DEFAULT mode.
2026-06-08 05:59:07[INFO]org.springframework.data.repository.config.RepositoryConfigurationDelegate-Finished Spring Data repository scanning in 180 ms. Found 18 JPA repository interfaces.
2026-06-08 05:59:07[INFO]org.springframework.data.repository.config.RepositoryConfigurationDelegate-Multiple Spring Data modules found, entering strict repository configuration mode
2026-06-08 05:59:07[INFO]org.springframework.data.repository.config.RepositoryConfigurationDelegate-Bootstrapping Spring Data Redis repositories in DEFAULT mode.
2026-06-08 05:59:07[INFO]org.springframework.data.repository.config.RepositoryConfigurationExtensionSupport-Spring Data Redis - Could not safely identify store assignment for repository candidate interface com.abubakar.connectify.repository.ChatParticipantRepository; If you want this repository to be a Redis repository, consider annotating your entities with one of these annotations: org.springframework.data.redis.core.RedisHash (preferred), or consider extending one of the following types with your repository: org.springframework.data.keyvalue.repository.KeyValueRepository
2026-06-08 05:59:07[INFO]org.springframework.data.repository.config.RepositoryConfigurationExtensionSupport-Spring Data Redis - Could not safely identify store assignment for repository candidate interface com.abubakar.connectify.repository.ChatRepository; If you want this repository to be a Redis repository, consider annotating your entities with one of these annotations: org.springframework.data.redis.core.RedisHash (preferred), or consider extending one of the following types with your repository: org.springframework.data.keyvalue.repository.KeyValueRepository
2026-06-08 05:59:07[INFO]org.springframework.data.repository.config.RepositoryConfigurationExtensionSupport-Spring Data Redis - Could not safely identify store assignment for repository candidate interface com.abubakar.connectify.repository.CommentRepository; If you want this repository to be a Redis repository, consider annotating your entities with one of these annotations: org.springframework.data.redis.core.RedisHash (preferred), or consider extending one of the following types with your repository: org.springframework.data.keyvalue.repository.KeyValueRepository
2026-06-08 05:59:07[INFO]org.springframework.data.repository.config.RepositoryConfigurationExtensionSupport-Spring Data Redis - Could not safely identify store assignment for repository candidate interface com.abubakar.connectify.repository.FollowRepository; If you want this repository to be a Redis repository, consider annotating your entities with one of these annotations: org.springframework.data.redis.core.RedisHash (preferred), or consider extending one of the following types with your repository: org.springframework.data.keyvalue.repository.KeyValueRepository
2026-06-08 05:59:07[INFO]org.springframework.data.repository.config.RepositoryConfigurationExtensionSupport-Spring Data Redis - Could not safely identify store assignment for repository candidate interface com.abubakar.connectify.repository.HashtagRepository; If you want this repository to be a Redis repository, consider annotating your entities with one of these annotations: org.springframework.data.redis.core.RedisHash (preferred), or consider extending one of the following types with your repository: org.springframework.data.keyvalue.repository.KeyValueRepository
2026-06-08 05:59:07[INFO]org.springframework.data.repository.config.RepositoryConfigurationExtensionSupport-Spring Data Redis - Could not safely identify store assignment for repository candidate interface com.abubakar.connectify.repository.LikeRepository; If you want this repository to be a Redis repository, consider annotating your entities with one of these annotations: org.springframework.data.redis.core.RedisHash (preferred), or consider extending one of the following types with your repository: org.springframework.data.keyvalue.repository.KeyValueRepository
2026-06-08 05:59:07[INFO]org.springframework.data.repository.config.RepositoryConfigurationExtensionSupport-Spring Data Redis - Could not safely identify store assignment for repository candidate interface com.abubakar.connectify.repository.MediaRepository; If you want this repository to be a Redis repository, consider annotating your entities with one of these annotations: org.springframework.data.redis.core.RedisHash (preferred), or consider extending one of the following types with your repository: org.springframework.data.keyvalue.repository.KeyValueRepository
2026-06-08 05:59:07[INFO]org.springframework.data.repository.config.RepositoryConfigurationExtensionSupport-Spring Data Redis - Could not safely identify store assignment for repository candidate interface com.abubakar.connectify.repository.MessageRepository; If you want this repository to be a Redis repository, consider annotating your entities with one of these annotations: org.springframework.data.redis.core.RedisHash (preferred), or consider extending one of the following types with your repository: org.springframework.data.keyvalue.repository.KeyValueRepository
2026-06-08 05:59:07[INFO]org.springframework.data.repository.config.RepositoryConfigurationExtensionSupport-Spring Data Redis - Could not safely identify store assignment for repository candidate interface com.abubakar.connectify.repository.NotificationRepository; If you want this repository to be a Redis repository, consider annotating your entities with one of these annotations: org.springframework.data.redis.core.RedisHash (preferred), or consider extending one of the following types with your repository: org.springframework.data.keyvalue.repository.KeyValueRepository
2026-06-08 05:59:07[INFO]org.springframework.data.repository.config.RepositoryConfigurationExtensionSupport-Spring Data Redis - Could not safely identify store assignment for repository candidate interface com.abubakar.connectify.repository.PostRepository; If you want this repository to be a Redis repository, consider annotating your entities with one of these annotations: org.springframework.data.redis.core.RedisHash (preferred), or consider extending one of the following types with your repository: org.springframework.data.keyvalue.repository.KeyValueRepository
2026-06-08 05:59:07[INFO]org.springframework.data.repository.config.RepositoryConfigurationExtensionSupport-Spring Data Redis - Could not safely identify store assignment for repository candidate interface com.abubakar.connectify.repository.RefreshTokenRepository; If you want this repository to be a Redis repository, consider annotating your entities with one of these annotations: org.springframework.data.redis.core.RedisHash (preferred), or consider extending one of the following types with your repository: org.springframework.data.keyvalue.repository.KeyValueRepository
2026-06-08 05:59:07[INFO]org.springframework.data.repository.config.RepositoryConfigurationExtensionSupport-Spring Data Redis - Could not safely identify store assignment for repository candidate interface com.abubakar.connectify.repository.ReportRepository; If you want this repository to be a Redis repository, consider annotating your entities with one of these annotations: org.springframework.data.redis.core.RedisHash (preferred), or consider extending one of the following types with your repository: org.springframework.data.keyvalue.repository.KeyValueRepository
2026-06-08 05:59:07[INFO]org.springframework.data.repository.config.RepositoryConfigurationExtensionSupport-Spring Data Redis - Could not safely identify store assignment for repository candidate interface com.abubakar.connectify.repository.SavedPostRepository; If you want this repository to be a Redis repository, consider annotating your entities with one of these annotations: org.springframework.data.redis.core.RedisHash (preferred), or consider extending one of the following types with your repository: org.springframework.data.keyvalue.repository.KeyValueRepository
2026-06-08 05:59:07[INFO]org.springframework.data.repository.config.RepositoryConfigurationExtensionSupport-Spring Data Redis - Could not safely identify store assignment for repository candidate interface com.abubakar.connectify.repository.StoryReactionRepository; If you want this repository to be a Redis repository, consider annotating your entities with one of these annotations: org.springframework.data.redis.core.RedisHash (preferred), or consider extending one of the following types with your repository: org.springframework.data.keyvalue.repository.KeyValueRepository
2026-06-08 05:59:07[INFO]org.springframework.data.repository.config.RepositoryConfigurationExtensionSupport-Spring Data Redis - Could not safely identify store assignment for repository candidate interface com.abubakar.connectify.repository.StoryReplyRepository; If you want this repository to be a Redis repository, consider annotating your entities with one of these annotations: org.springframework.data.redis.core.RedisHash (preferred), or consider extending one of the following types with your repository: org.springframework.data.keyvalue.repository.KeyValueRepository
2026-06-08 05:59:07[INFO]org.springframework.data.repository.config.RepositoryConfigurationExtensionSupport-Spring Data Redis - Could not safely identify store assignment for repository candidate interface com.abubakar.connectify.repository.StoryRepository; If you want this repository to be a Redis repository, consider annotating your entities with one of these annotations: org.springframework.data.redis.core.RedisHash (preferred), or consider extending one of the following types with your repository: org.springframework.data.keyvalue.repository.KeyValueRepository
2026-06-08 05:59:07[INFO]org.springframework.data.repository.config.RepositoryConfigurationExtensionSupport-Spring Data Redis - Could not safely identify store assignment for repository candidate interface com.abubakar.connectify.repository.StoryViewRepository; If you want this repository to be a Redis repository, consider annotating your entities with one of these annotations: org.springframework.data.redis.core.RedisHash (preferred), or consider extending one of the following types with your repository: org.springframework.data.keyvalue.repository.KeyValueRepository
2026-06-08 05:59:07[INFO]org.springframework.data.repository.config.RepositoryConfigurationExtensionSupport-Spring Data Redis - Could not safely identify store assignment for repository candidate interface com.abubakar.connectify.repository.UserRepository; If you want this repository to be a Redis repository, consider annotating your entities with one of these annotations: org.springframework.data.redis.core.RedisHash (preferred), or consider extending one of the following types with your repository: org.springframework.data.keyvalue.repository.KeyValueRepository
2026-06-08 05:59:07[INFO]org.springframework.data.repository.config.RepositoryConfigurationDelegate-Finished Spring Data repository scanning in 13 ms. Found 0 Redis repository interfaces.
2026-06-08 05:59:08[INFO]org.springframework.boot.tomcat.TomcatWebServer-Tomcat initialized with port 8080 (http)
2026-06-08 05:59:08[INFO]org.apache.coyote.http11.Http11NioProtocol-Initializing ProtocolHandler ["http-nio-8080"]
2026-06-08 05:59:08[INFO]org.apache.catalina.core.StandardService-Starting service [Tomcat]
2026-06-08 05:59:08[INFO]org.apache.catalina.core.StandardEngine-Starting Servlet engine: [Apache Tomcat/11.0.21]
2026-06-08 05:59:08[INFO]org.springframework.boot.web.context.servlet.WebApplicationContextInitializer-Root WebApplicationContext: initialization completed in 2280 ms
2026-06-08 05:59:09[INFO]org.hibernate.orm.jpa-HHH008540: Processing PersistenceUnitInfo [name: default]
2026-06-08 05:59:09[INFO]org.hibernate.orm.core-HHH000001: Hibernate ORM core version 7.2.12.Final
2026-06-08 05:59:09[INFO]org.springframework.orm.jpa.persistenceunit.SpringPersistenceUnitInfo-No LoadTimeWeaver setup: ignoring JPA class transformer
2026-06-08 05:59:09[INFO]com.zaxxer.hikari.HikariDataSource-HikariPool-1 - Starting...
2026-06-08 05:59:10[INFO]com.zaxxer.hikari.pool.HikariPool-HikariPool-1 - Added connection com.mysql.cj.jdbc.ConnectionImpl@57ed8f95
2026-06-08 05:59:10[INFO]com.zaxxer.hikari.HikariDataSource-HikariPool-1 - Start completed.
2026-06-08 05:59:10[INFO]org.hibernate.orm.connections.pooling-HHH10001005: Database info:
	Database JDBC URL [jdbc:mysql://localhost:3306/connectifyApp]
	Database driver: MySQL Connector/J
	Database dialect: MySQLDialect
	Database version: 8.0.43
	Default catalog/schema: connectifyApp/undefined
	Autocommit mode: undefined/unknown
	Isolation level: REPEATABLE_READ [default REPEATABLE_READ]
	JDBC fetch size: none
	Pool: DataSourceConnectionProvider
	Minimum pool size: undefined/unknown
	Maximum pool size: undefined/unknown
2026-06-08 05:59:11[INFO]org.hibernate.orm.core-HHH000489: No JTA platform available (set 'hibernate.transaction.jta.platform' to enable JTA platform integration)
2026-06-08 05:59:12[INFO]org.springframework.orm.jpa.LocalContainerEntityManagerFactoryBean-Initialized JPA EntityManagerFactory for persistence unit 'default'
2026-06-08 05:59:12[INFO]org.springframework.data.jpa.repository.query.QueryEnhancerFactories-Hibernate is in classpath; If applicable, HQL parser will be used.
2026-06-08 05:59:13[DEBUG]com.abubakar.connectify.configuration.RequestLoggingFilter-Filter 'requestLoggingFilter' configured for use
2026-06-08 05:59:13[DEBUG]com.abubakar.connectify.security.JwtFilter-Filter 'jwtFilter' configured for use
2026-06-08 05:59:14[INFO]org.springframework.security.config.annotation.authentication.configuration.InitializeAuthenticationProviderBeanManagerConfigurer$InitializeAuthenticationProviderManagerConfigurer-Global AuthenticationManager configured with AuthenticationProvider bean with name authenticationProvider
2026-06-08 05:59:14[WARN]org.springframework.security.config.annotation.authentication.configuration.InitializeUserDetailsBeanManagerConfigurer$InitializeUserDetailsManagerConfigurer-Global AuthenticationManager configured with an AuthenticationProvider bean. UserDetailsService beans will not be used by Spring Security for automatically configuring username/password login. Consider removing the AuthenticationProvider bean. Alternatively, consider using the UserDetailsService in a manually instantiated DaoAuthenticationProvider. If the current configuration is intentional, to turn off this warning, increase the logging level of 'org.springframework.security.config.annotation.authentication.configuration.InitializeUserDetailsBeanManagerConfigurer' to ERROR
2026-06-08 05:59:16[INFO]org.apache.coyote.http11.Http11NioProtocol-Starting ProtocolHandler ["http-nio-8080"]
2026-06-08 05:59:16[INFO]org.springframework.boot.tomcat.TomcatWebServer-Tomcat started on port 8080 (http) with context path '/'
2026-06-08 05:59:16[INFO]com.abubakar.connectify.ConnectifyApplication-Started ConnectifyApplication in 10.199 seconds (process running for 10.698)
2026-06-08 05:59:16[INFO]com.abubakar.connectify.scheduler.StoryCleanupScheduler-Running story cleanup job
2026-06-08 05:59:16[INFO]com.abubakar.connectify.scheduler.StoryCleanupScheduler-Expired stories found: 0
2026-06-08 05:59:16[INFO]com.abubakar.connectify.scheduler.StoryCleanupScheduler-Story cleanup completed
2026-06-08 05:59:53[INFO]org.springframework.boot.tomcat.GracefulShutdown-Commencing graceful shutdown. Waiting for active requests to complete
2026-06-08 05:59:53[INFO]org.springframework.boot.tomcat.GracefulShutdown-Graceful shutdown complete
2026-06-08 05:59:53[INFO]org.springframework.orm.jpa.LocalContainerEntityManagerFactoryBean-Closing JPA EntityManagerFactory for persistence unit 'default'
2026-06-08 05:59:53[INFO]com.zaxxer.hikari.HikariDataSource-HikariPool-1 - Shutdown initiated...
2026-06-08 05:59:53[INFO]com.zaxxer.hikari.HikariDataSource-HikariPool-1 - Shutdown completed.
2026-06-08 05:59:57[INFO]org.hibernate.validator.internal.util.Version-HV000001: Hibernate Validator 9.0.1.Final
2026-06-08 05:59:57[INFO]com.abubakar.connectify.ConnectifyApplication-Starting ConnectifyApplication using Java 21.0.9 with PID 11252 (C:\Users\wwwab\Desktop\Sem4InternshipPresentation\2\Connectify\backend\target\classes started by wwwab in C:\Users\wwwab\Desktop\Sem4InternshipPresentation\2\Connectify\backend)
2026-06-08 05:59:57[DEBUG]com.abubakar.connectify.ConnectifyApplication-Running with Spring Boot v4.0.6, Spring v7.0.7
2026-06-08 05:59:57[INFO]com.abubakar.connectify.ConnectifyApplication-The following 1 profile is active: "dev"
2026-06-08 05:59:58[INFO]org.springframework.data.repository.config.RepositoryConfigurationDelegate-Multiple Spring Data modules found, entering strict repository configuration mode
2026-06-08 05:59:58[INFO]org.springframework.data.repository.config.RepositoryConfigurationDelegate-Bootstrapping Spring Data JPA repositories in DEFAULT mode.
2026-06-08 05:59:58[INFO]org.springframework.data.repository.config.RepositoryConfigurationDelegate-Finished Spring Data repository scanning in 207 ms. Found 18 JPA repository interfaces.
2026-06-08 05:59:59[INFO]org.springframework.data.repository.config.RepositoryConfigurationDelegate-Multiple Spring Data modules found, entering strict repository configuration mode
2026-06-08 05:59:59[INFO]org.springframework.data.repository.config.RepositoryConfigurationDelegate-Bootstrapping Spring Data Redis repositories in DEFAULT mode.
2026-06-08 05:59:59[INFO]org.springframework.data.repository.config.RepositoryConfigurationExtensionSupport-Spring Data Redis - Could not safely identify store assignment for repository candidate interface com.abubakar.connectify.repository.ChatParticipantRepository; If you want this repository to be a Redis repository, consider annotating your entities with one of these annotations: org.springframework.data.redis.core.RedisHash (preferred), or consider extending one of the following types with your repository: org.springframework.data.keyvalue.repository.KeyValueRepository
2026-06-08 05:59:59[INFO]org.springframework.data.repository.config.RepositoryConfigurationExtensionSupport-Spring Data Redis - Could not safely identify store assignment for repository candidate interface com.abubakar.connectify.repository.ChatRepository; If you want this repository to be a Redis repository, consider annotating your entities with one of these annotations: org.springframework.data.redis.core.RedisHash (preferred), or consider extending one of the following types with your repository: org.springframework.data.keyvalue.repository.KeyValueRepository
2026-06-08 05:59:59[INFO]org.springframework.data.repository.config.RepositoryConfigurationExtensionSupport-Spring Data Redis - Could not safely identify store assignment for repository candidate interface com.abubakar.connectify.repository.CommentRepository; If you want this repository to be a Redis repository, consider annotating your entities with one of these annotations: org.springframework.data.redis.core.RedisHash (preferred), or consider extending one of the following types with your repository: org.springframework.data.keyvalue.repository.KeyValueRepository
2026-06-08 05:59:59[INFO]org.springframework.data.repository.config.RepositoryConfigurationExtensionSupport-Spring Data Redis - Could not safely identify store assignment for repository candidate interface com.abubakar.connectify.repository.FollowRepository; If you want this repository to be a Redis repository, consider annotating your entities with one of these annotations: org.springframework.data.redis.core.RedisHash (preferred), or consider extending one of the following types with your repository: org.springframework.data.keyvalue.repository.KeyValueRepository
2026-06-08 05:59:59[INFO]org.springframework.data.repository.config.RepositoryConfigurationExtensionSupport-Spring Data Redis - Could not safely identify store assignment for repository candidate interface com.abubakar.connectify.repository.HashtagRepository; If you want this repository to be a Redis repository, consider annotating your entities with one of these annotations: org.springframework.data.redis.core.RedisHash (preferred), or consider extending one of the following types with your repository: org.springframework.data.keyvalue.repository.KeyValueRepository
2026-06-08 05:59:59[INFO]org.springframework.data.repository.config.RepositoryConfigurationExtensionSupport-Spring Data Redis - Could not safely identify store assignment for repository candidate interface com.abubakar.connectify.repository.LikeRepository; If you want this repository to be a Redis repository, consider annotating your entities with one of these annotations: org.springframework.data.redis.core.RedisHash (preferred), or consider extending one of the following types with your repository: org.springframework.data.keyvalue.repository.KeyValueRepository
2026-06-08 05:59:59[INFO]org.springframework.data.repository.config.RepositoryConfigurationExtensionSupport-Spring Data Redis - Could not safely identify store assignment for repository candidate interface com.abubakar.connectify.repository.MediaRepository; If you want this repository to be a Redis repository, consider annotating your entities with one of these annotations: org.springframework.data.redis.core.RedisHash (preferred), or consider extending one of the following types with your repository: org.springframework.data.keyvalue.repository.KeyValueRepository
2026-06-08 05:59:59[INFO]org.springframework.data.repository.config.RepositoryConfigurationExtensionSupport-Spring Data Redis - Could not safely identify store assignment for repository candidate interface com.abubakar.connectify.repository.MessageRepository; If you want this repository to be a Redis repository, consider annotating your entities with one of these annotations: org.springframework.data.redis.core.RedisHash (preferred), or consider extending one of the following types with your repository: org.springframework.data.keyvalue.repository.KeyValueRepository
2026-06-08 05:59:59[INFO]org.springframework.data.repository.config.RepositoryConfigurationExtensionSupport-Spring Data Redis - Could not safely identify store assignment for repository candidate interface com.abubakar.connectify.repository.NotificationRepository; If you want this repository to be a Redis repository, consider annotating your entities with one of these annotations: org.springframework.data.redis.core.RedisHash (preferred), or consider extending one of the following types with your repository: org.springframework.data.keyvalue.repository.KeyValueRepository
2026-06-08 05:59:59[INFO]org.springframework.data.repository.config.RepositoryConfigurationExtensionSupport-Spring Data Redis - Could not safely identify store assignment for repository candidate interface com.abubakar.connectify.repository.PostRepository; If you want this repository to be a Redis repository, consider annotating your entities with one of these annotations: org.springframework.data.redis.core.RedisHash (preferred), or consider extending one of the following types with your repository: org.springframework.data.keyvalue.repository.KeyValueRepository
2026-06-08 05:59:59[INFO]org.springframework.data.repository.config.RepositoryConfigurationExtensionSupport-Spring Data Redis - Could not safely identify store assignment for repository candidate interface com.abubakar.connectify.repository.RefreshTokenRepository; If you want this repository to be a Redis repository, consider annotating your entities with one of these annotations: org.springframework.data.redis.core.RedisHash (preferred), or consider extending one of the following types with your repository: org.springframework.data.keyvalue.repository.KeyValueRepository
2026-06-08 05:59:59[INFO]org.springframework.data.repository.config.RepositoryConfigurationExtensionSupport-Spring Data Redis - Could not safely identify store assignment for repository candidate interface com.abubakar.connectify.repository.ReportRepository; If you want this repository to be a Redis repository, consider annotating your entities with one of these annotations: org.springframework.data.redis.core.RedisHash (preferred), or consider extending one of the following types with your repository: org.springframework.data.keyvalue.repository.KeyValueRepository
2026-06-08 05:59:59[INFO]org.springframework.data.repository.config.RepositoryConfigurationExtensionSupport-Spring Data Redis - Could not safely identify store assignment for repository candidate interface com.abubakar.connectify.repository.SavedPostRepository; If you want this repository to be a Redis repository, consider annotating your entities with one of these annotations: org.springframework.data.redis.core.RedisHash (preferred), or consider extending one of the following types with your repository: org.springframework.data.keyvalue.repository.KeyValueRepository
2026-06-08 05:59:59[INFO]org.springframework.data.repository.config.RepositoryConfigurationExtensionSupport-Spring Data Redis - Could not safely identify store assignment for repository candidate interface com.abubakar.connectify.repository.StoryReactionRepository; If you want this repository to be a Redis repository, consider annotating your entities with one of these annotations: org.springframework.data.redis.core.RedisHash (preferred), or consider extending one of the following types with your repository: org.springframework.data.keyvalue.repository.KeyValueRepository
2026-06-08 05:59:59[INFO]org.springframework.data.repository.config.RepositoryConfigurationExtensionSupport-Spring Data Redis - Could not safely identify store assignment for repository candidate interface com.abubakar.connectify.repository.StoryReplyRepository; If you want this repository to be a Redis repository, consider annotating your entities with one of these annotations: org.springframework.data.redis.core.RedisHash (preferred), or consider extending one of the following types with your repository: org.springframework.data.keyvalue.repository.KeyValueRepository
2026-06-08 05:59:59[INFO]org.springframework.data.repository.config.RepositoryConfigurationExtensionSupport-Spring Data Redis - Could not safely identify store assignment for repository candidate interface com.abubakar.connectify.repository.StoryRepository; If you want this repository to be a Redis repository, consider annotating your entities with one of these annotations: org.springframework.data.redis.core.RedisHash (preferred), or consider extending one of the following types with your repository: org.springframework.data.keyvalue.repository.KeyValueRepository
2026-06-08 05:59:59[INFO]org.springframework.data.repository.config.RepositoryConfigurationExtensionSupport-Spring Data Redis - Could not safely identify store assignment for repository candidate interface com.abubakar.connectify.repository.StoryViewRepository; If you want this repository to be a Redis repository, consider annotating your entities with one of these annotations: org.springframework.data.redis.core.RedisHash (preferred), or consider extending one of the following types with your repository: org.springframework.data.keyvalue.repository.KeyValueRepository
2026-06-08 05:59:59[INFO]org.springframework.data.repository.config.RepositoryConfigurationExtensionSupport-Spring Data Redis - Could not safely identify store assignment for repository candidate interface com.abubakar.connectify.repository.UserRepository; If you want this repository to be a Redis repository, consider annotating your entities with one of these annotations: org.springframework.data.redis.core.RedisHash (preferred), or consider extending one of the following types with your repository: org.springframework.data.keyvalue.repository.KeyValueRepository
2026-06-08 05:59:59[INFO]org.springframework.data.repository.config.RepositoryConfigurationDelegate-Finished Spring Data repository scanning in 12 ms. Found 0 Redis repository interfaces.
2026-06-08 05:59:59[INFO]org.springframework.boot.tomcat.TomcatWebServer-Tomcat initialized with port 8080 (http)
2026-06-08 05:59:59[INFO]org.apache.coyote.http11.Http11NioProtocol-Initializing ProtocolHandler ["http-nio-8080"]
2026-06-08 05:59:59[INFO]org.apache.catalina.core.StandardService-Starting service [Tomcat]
2026-06-08 05:59:59[INFO]org.apache.catalina.core.StandardEngine-Starting Servlet engine: [Apache Tomcat/11.0.21]
2026-06-08 06:00:00[INFO]org.springframework.boot.web.context.servlet.WebApplicationContextInitializer-Root WebApplicationContext: initialization completed in 2396 ms
2026-06-08 06:00:00[INFO]org.hibernate.orm.jpa-HHH008540: Processing PersistenceUnitInfo [name: default]
2026-06-08 06:00:00[INFO]org.hibernate.orm.core-HHH000001: Hibernate ORM core version 7.2.12.Final
2026-06-08 06:00:00[INFO]org.springframework.orm.jpa.persistenceunit.SpringPersistenceUnitInfo-No LoadTimeWeaver setup: ignoring JPA class transformer
2026-06-08 06:00:00[INFO]com.zaxxer.hikari.HikariDataSource-HikariPool-1 - Starting...
2026-06-08 06:00:00[INFO]com.zaxxer.hikari.pool.HikariPool-HikariPool-1 - Added connection com.mysql.cj.jdbc.ConnectionImpl@1a712f12
2026-06-08 06:00:00[INFO]com.zaxxer.hikari.HikariDataSource-HikariPool-1 - Start completed.
2026-06-08 06:00:01[INFO]org.hibernate.orm.connections.pooling-HHH10001005: Database info:
	Database JDBC URL [jdbc:mysql://localhost:3306/connectifyApp]
	Database driver: MySQL Connector/J
	Database dialect: MySQLDialect
	Database version: 8.0.43
	Default catalog/schema: connectifyApp/undefined
	Autocommit mode: undefined/unknown
	Isolation level: REPEATABLE_READ [default REPEATABLE_READ]
	JDBC fetch size: none
	Pool: DataSourceConnectionProvider
	Minimum pool size: undefined/unknown
	Maximum pool size: undefined/unknown
2026-06-08 06:00:02[INFO]org.hibernate.orm.core-HHH000489: No JTA platform available (set 'hibernate.transaction.jta.platform' to enable JTA platform integration)
2026-06-08 06:00:02[INFO]org.springframework.orm.jpa.LocalContainerEntityManagerFactoryBean-Initialized JPA EntityManagerFactory for persistence unit 'default'
2026-06-08 06:00:02[INFO]org.springframework.data.jpa.repository.query.QueryEnhancerFactories-Hibernate is in classpath; If applicable, HQL parser will be used.
2026-06-08 06:00:03[DEBUG]com.abubakar.connectify.configuration.RequestLoggingFilter-Filter 'requestLoggingFilter' configured for use
2026-06-08 06:00:03[DEBUG]com.abubakar.connectify.security.JwtFilter-Filter 'jwtFilter' configured for use
2026-06-08 06:00:03[INFO]org.springframework.security.config.annotation.authentication.configuration.InitializeAuthenticationProviderBeanManagerConfigurer$InitializeAuthenticationProviderManagerConfigurer-Global AuthenticationManager configured with AuthenticationProvider bean with name authenticationProvider
2026-06-08 06:00:03[WARN]org.springframework.security.config.annotation.authentication.configuration.InitializeUserDetailsBeanManagerConfigurer$InitializeUserDetailsManagerConfigurer-Global AuthenticationManager configured with an AuthenticationProvider bean. UserDetailsService beans will not be used by Spring Security for automatically configuring username/password login. Consider removing the AuthenticationProvider bean. Alternatively, consider using the UserDetailsService in a manually instantiated DaoAuthenticationProvider. If the current configuration is intentional, to turn off this warning, increase the logging level of 'org.springframework.security.config.annotation.authentication.configuration.InitializeUserDetailsBeanManagerConfigurer' to ERROR
2026-06-08 06:00:05[INFO]org.apache.coyote.http11.Http11NioProtocol-Starting ProtocolHandler ["http-nio-8080"]
2026-06-08 06:00:05[INFO]org.springframework.boot.tomcat.TomcatWebServer-Tomcat started on port 8080 (http) with context path '/'
2026-06-08 06:00:05[INFO]com.abubakar.connectify.ConnectifyApplication-Started ConnectifyApplication in 8.548 seconds (process running for 9.122)
2026-06-08 06:00:05[INFO]com.abubakar.connectify.scheduler.StoryCleanupScheduler-Running story cleanup job
2026-06-08 06:00:05[INFO]com.abubakar.connectify.scheduler.StoryCleanupScheduler-Expired stories found: 0
2026-06-08 06:00:05[INFO]com.abubakar.connectify.scheduler.StoryCleanupScheduler-Story cleanup completed
2026-06-08 06:01:26[INFO]org.apache.catalina.core.ContainerBase.[Tomcat].[localhost].[/]-Initializing Spring DispatcherServlet 'dispatcherServlet'
2026-06-08 06:01:26[INFO]org.springframework.web.servlet.DispatcherServlet-Initializing Servlet 'dispatcherServlet'
2026-06-08 06:01:26[INFO]org.springframework.web.servlet.DispatcherServlet-Completed initialization in 2 ms
2026-06-08 06:01:26[INFO]com.abubakar.connectify.service.impl.CustomUserDetailsService-Authentication request received for email: asif@gmail.com
2026-06-08 06:01:26[DEBUG]com.abubakar.connectify.service.impl.CustomUserDetailsService-User loaded successfully with email: asif@gmail.com and role: USER
2026-06-08 06:01:26[INFO]com.abubakar.connectify.security.JwtUtils-Token validation result for user asif@gmail.com : true
2026-06-08 06:01:26[INFO]com.abubakar.connectify.security.JwtFilter-User authenticated successfully: asif@gmail.com
2026-06-08 06:01:26[INFO]com.abubakar.connectify.controller.ReportController-Get my reports API called
| status: null
| cursor: null
| size: 10

2026-06-08 06:01:26[DEBUG]com.abubakar.connectify.util.UserAccessValidator-Validating user access | userId: 2
2026-06-08 06:01:26[DEBUG]com.abubakar.connectify.util.UserAccessValidator-User validation successful | userId: 2
2026-06-08 06:01:26[DEBUG]com.abubakar.connectify.util.AuthUtil-Authenticated active user fetched successfully | userId: 2
2026-06-08 06:01:26[INFO]com.abubakar.connectify.service.impl.ReportServiceImpl-Fetching user reports
| userId: 2
| status: null
| cursor: null
| size: 10

2026-06-08 06:01:27[INFO]com.abubakar.connectify.service.impl.ReportServiceImpl-User reports fetched successfully
| userId: 2
| fetchedCount: 1
| nextCursor: 1

2026-06-08 06:01:27[INFO]com.abubakar.connectify.configuration.RequestLoggingFilter-GET /api/v1/reports/my-reports | Status: 200
2026-06-08 06:02:05[INFO]com.abubakar.connectify.service.impl.CustomUserDetailsService-Authentication request received for email: asif@gmail.com
2026-06-08 06:02:05[DEBUG]com.abubakar.connectify.service.impl.CustomUserDetailsService-User loaded successfully with email: asif@gmail.com and role: USER
2026-06-08 06:02:05[INFO]com.abubakar.connectify.security.JwtUtils-Token validation result for user asif@gmail.com : true
2026-06-08 06:02:05[INFO]com.abubakar.connectify.security.JwtFilter-User authenticated successfully: asif@gmail.com
2026-06-08 06:02:05[INFO]com.abubakar.connectify.controller.ReportController-Get my reports API called
| status: PENDING
| cursor: null
| size: 10

2026-06-08 06:02:05[DEBUG]com.abubakar.connectify.util.UserAccessValidator-Validating user access | userId: 2
2026-06-08 06:02:05[DEBUG]com.abubakar.connectify.util.UserAccessValidator-User validation successful | userId: 2
2026-06-08 06:02:05[DEBUG]com.abubakar.connectify.util.AuthUtil-Authenticated active user fetched successfully | userId: 2
2026-06-08 06:02:05[INFO]com.abubakar.connectify.service.impl.ReportServiceImpl-Fetching user reports
| userId: 2
| status: PENDING
| cursor: null
| size: 10

2026-06-08 06:02:05[INFO]com.abubakar.connectify.service.impl.ReportServiceImpl-User reports fetched successfully
| userId: 2
| fetchedCount: 1
| nextCursor: 1

2026-06-08 06:02:05[INFO]com.abubakar.connectify.configuration.RequestLoggingFilter-GET /api/v1/reports/my-reports | Status: 200
2026-06-08 06:02:11[INFO]com.abubakar.connectify.service.impl.CustomUserDetailsService-Authentication request received for email: asif@gmail.com
2026-06-08 06:02:12[DEBUG]com.abubakar.connectify.service.impl.CustomUserDetailsService-User loaded successfully with email: asif@gmail.com and role: USER
2026-06-08 06:02:12[INFO]com.abubakar.connectify.security.JwtUtils-Token validation result for user asif@gmail.com : true
2026-06-08 06:02:12[INFO]com.abubakar.connectify.security.JwtFilter-User authenticated successfully: asif@gmail.com
2026-06-08 06:02:12[WARN]com.abubakar.connectify.exception.GlobalExceptionHandler-Parameter type mismatch | parameter: status | value: P
2026-06-08 06:02:12[WARN]com.abubakar.connectify.exception.GlobalExceptionHandler-Invalid enum value received | parameter: status | value: P | allowedValues: PENDING, REVIEWED, RESOLVED, REJECTED
2026-06-08 06:02:12[INFO]com.abubakar.connectify.configuration.RequestLoggingFilter-GET /api/v1/reports/my-reports | Status: 400
2026-06-08 06:02:19[INFO]com.abubakar.connectify.service.impl.CustomUserDetailsService-Authentication request received for email: asif@gmail.com
2026-06-08 06:02:19[DEBUG]com.abubakar.connectify.service.impl.CustomUserDetailsService-User loaded successfully with email: asif@gmail.com and role: USER
2026-06-08 06:02:19[INFO]com.abubakar.connectify.security.JwtUtils-Token validation result for user asif@gmail.com : true
2026-06-08 06:02:19[INFO]com.abubakar.connectify.security.JwtFilter-User authenticated successfully: asif@gmail.com
2026-06-08 06:02:19[INFO]com.abubakar.connectify.controller.ReportController-Get my reports API called
| status: null
| cursor: null
| size: 10

2026-06-08 06:02:19[DEBUG]com.abubakar.connectify.util.UserAccessValidator-Validating user access | userId: 2
2026-06-08 06:02:19[DEBUG]com.abubakar.connectify.util.UserAccessValidator-User validation successful | userId: 2
2026-06-08 06:02:19[DEBUG]com.abubakar.connectify.util.AuthUtil-Authenticated active user fetched successfully | userId: 2
2026-06-08 06:02:19[INFO]com.abubakar.connectify.service.impl.ReportServiceImpl-Fetching user reports
| userId: 2
| status: null
| cursor: null
| size: 10

2026-06-08 06:02:19[INFO]com.abubakar.connectify.service.impl.ReportServiceImpl-User reports fetched successfully
| userId: 2
| fetchedCount: 1
| nextCursor: 1

2026-06-08 06:02:19[INFO]com.abubakar.connectify.configuration.RequestLoggingFilter-GET /api/v1/reports/my-reports | Status: 200
2026-06-08 06:02:57[INFO]com.abubakar.connectify.controller.AuthController-Login Api initiated for: admin@gmail.com
2026-06-08 06:02:57[DEBUG]com.abubakar.connectify.service.impl.AuthServiceImpl-Starting login | email: admin@gmail.com
2026-06-08 06:02:57[INFO]com.abubakar.connectify.service.impl.CustomUserDetailsService-Authentication request received for email: admin@gmail.com
2026-06-08 06:02:57[DEBUG]com.abubakar.connectify.service.impl.CustomUserDetailsService-User loaded successfully with email: admin@gmail.com and role: ADMIN
2026-06-08 06:02:57[INFO]com.abubakar.connectify.security.JwtUtils-Generating token for user: admin@gmail.com
2026-06-08 06:02:57[INFO]com.abubakar.connectify.service.impl.RefreshTokenServiceImpl-Refresh token created/updated | userId: 1
2026-06-08 06:02:57[INFO]com.abubakar.connectify.service.impl.AuthServiceImpl-Login successful | userId: 1 | email: admin@gmail.com
2026-06-08 06:02:57[INFO]com.abubakar.connectify.configuration.RequestLoggingFilter-POST /api/v1/auth/login | Status: 200
2026-06-08 06:03:14[INFO]com.abubakar.connectify.service.impl.CustomUserDetailsService-Authentication request received for email: admin@gmail.com
2026-06-08 06:03:14[DEBUG]com.abubakar.connectify.service.impl.CustomUserDetailsService-User loaded successfully with email: admin@gmail.com and role: ADMIN
2026-06-08 06:03:14[INFO]com.abubakar.connectify.security.JwtUtils-Token validation result for user admin@gmail.com : true
2026-06-08 06:03:14[INFO]com.abubakar.connectify.security.JwtFilter-User authenticated successfully: admin@gmail.com
2026-06-08 06:03:14[INFO]com.abubakar.connectify.controller.AdminReportController-API request received | reject report | reportId: 13
2026-06-08 06:03:14[DEBUG]com.abubakar.connectify.util.UserAccessValidator-Validating user access | userId: 1
2026-06-08 06:03:14[DEBUG]com.abubakar.connectify.util.UserAccessValidator-User validation successful | userId: 1
2026-06-08 06:03:14[DEBUG]com.abubakar.connectify.util.AuthUtil-Authenticated active user fetched successfully | userId: 1
2026-06-08 06:03:14[INFO]com.abubakar.connectify.service.impl.AdminReportServiceImpl-Reject report request | reportId: 13
2026-06-08 06:03:14[DEBUG]com.abubakar.connectify.util.ReportAccessValidator-Fetching report | reportId: 13
2026-06-08 06:03:14[WARN]com.abubakar.connectify.util.ReportAccessValidator-Report not found | reportId: 13
2026-06-08 06:03:14[ERROR]com.abubakar.connectify.exception.GlobalExceptionHandler-Business exception occurred | errorCode: RESOURCE_NOT_FOUND | status: 404 NOT_FOUND | message: Report not found with id: 13
com.abubakar.connectify.exception.ResourceNotFound: Report not found with id: 13
	at com.abubakar.connectify.util.ReportAccessValidator.lambda$getReport$0(ReportAccessValidator.java:41)
	at java.base/java.util.Optional.orElseThrow(Optional.java:403)
	at com.abubakar.connectify.util.ReportAccessValidator.getReport(ReportAccessValidator.java:34)
	at com.abubakar.connectify.service.impl.AdminReportServiceImpl.rejectReport(AdminReportServiceImpl.java:286)
	at java.base/jdk.internal.reflect.DirectMethodHandleAccessor.invoke(DirectMethodHandleAccessor.java:103)
	at java.base/java.lang.reflect.Method.invoke(Method.java:580)
	at org.springframework.aop.support.AopUtils.invokeJoinpointUsingReflection(AopUtils.java:359)
	at org.springframework.aop.framework.ReflectiveMethodInvocation.invokeJoinpoint(ReflectiveMethodInvocation.java:190)
	at org.springframework.aop.framework.ReflectiveMethodInvocation.proceed(ReflectiveMethodInvocation.java:158)
	at org.springframework.transaction.interceptor.TransactionInterceptor$1.proceedWithInvocation(TransactionInterceptor.java:133)
	at org.springframework.transaction.interceptor.TransactionAspectSupport.invokeWithinTransaction(TransactionAspectSupport.java:371)
	at org.springframework.transaction.interceptor.TransactionInterceptor.invoke(TransactionInterceptor.java:130)
	at org.springframework.aop.framework.ReflectiveMethodInvocation.proceed(ReflectiveMethodInvocation.java:179)
	at org.springframework.aop.framework.CglibAopProxy$DynamicAdvisedInterceptor.intercept(CglibAopProxy.java:719)
	at com.abubakar.connectify.service.impl.AdminReportServiceImpl$$SpringCGLIB$$0.rejectReport(<generated>)
	at com.abubakar.connectify.controller.AdminReportController.rejectReport(AdminReportController.java:127)
	at java.base/jdk.internal.reflect.DirectMethodHandleAccessor.invoke(DirectMethodHandleAccessor.java:103)
	at java.base/java.lang.reflect.Method.invoke(Method.java:580)
	at org.springframework.web.method.support.InvocableHandlerMethod.doInvoke(InvocableHandlerMethod.java:252)
	at org.springframework.web.method.support.InvocableHandlerMethod.invokeForRequest(InvocableHandlerMethod.java:184)
	at org.springframework.web.servlet.mvc.method.annotation.ServletInvocableHandlerMethod.invokeAndHandle(ServletInvocableHandlerMethod.java:117)
	at org.springframework.web.servlet.mvc.method.annotation.RequestMappingHandlerAdapter.invokeHandlerMethod(RequestMappingHandlerAdapter.java:934)
	at org.springframework.web.servlet.mvc.method.annotation.RequestMappingHandlerAdapter.handleInternal(RequestMappingHandlerAdapter.java:853)
	at org.springframework.web.servlet.mvc.method.AbstractHandlerMethodAdapter.handle(AbstractHandlerMethodAdapter.java:86)
	at org.springframework.web.servlet.DispatcherServlet.doDispatch(DispatcherServlet.java:963)
	at org.springframework.web.servlet.DispatcherServlet.doService(DispatcherServlet.java:866)
	at org.springframework.web.servlet.FrameworkServlet.processRequest(FrameworkServlet.java:1000)
	at org.springframework.web.servlet.FrameworkServlet.doPut(FrameworkServlet.java:914)
	at jakarta.servlet.http.HttpServlet.service(HttpServlet.java:650)
	at org.springframework.web.servlet.FrameworkServlet.service(FrameworkServlet.java:874)
	at jakarta.servlet.http.HttpServlet.service(HttpServlet.java:710)
	at org.apache.catalina.core.ApplicationFilterChain.doFilter(ApplicationFilterChain.java:128)
	at org.apache.tomcat.websocket.server.WsFilter.doFilter(WsFilter.java:53)
	at org.apache.catalina.core.ApplicationFilterChain.doFilter(ApplicationFilterChain.java:107)
	at org.springframework.web.filter.OncePerRequestFilter.doFilter(OncePerRequestFilter.java:110)
	at org.apache.catalina.core.ApplicationFilterChain.doFilter(ApplicationFilterChain.java:107)
	at org.springframework.web.filter.OncePerRequestFilter.doFilter(OncePerRequestFilter.java:110)
	at org.apache.catalina.core.ApplicationFilterChain.doFilter(ApplicationFilterChain.java:107)
	at com.abubakar.connectify.configuration.RequestLoggingFilter.doFilterInternal(RequestLoggingFilter.java:30)
	at org.springframework.web.filter.OncePerRequestFilter.doFilter(OncePerRequestFilter.java:116)
	at org.apache.catalina.core.ApplicationFilterChain.doFilter(ApplicationFilterChain.java:107)
	at org.springframework.web.filter.CompositeFilter$VirtualFilterChain.doFilter(CompositeFilter.java:108)
	at org.springframework.security.web.FilterChainProxy.lambda$doFilterInternal$3(FilterChainProxy.java:235)
	at org.springframework.security.web.FilterChainProxy$VirtualFilterChain.doFilter(FilterChainProxy.java:376)
	at org.springframework.security.web.access.intercept.AuthorizationFilter.doFilter(AuthorizationFilter.java:101)
	at org.springframework.security.web.FilterChainProxy$VirtualFilterChain.doFilter(FilterChainProxy.java:385)
	at org.springframework.security.web.access.ExceptionTranslationFilter.doFilter(ExceptionTranslationFilter.java:126)
	at org.springframework.security.web.access.ExceptionTranslationFilter.doFilter(ExceptionTranslationFilter.java:120)
	at org.springframework.security.web.FilterChainProxy$VirtualFilterChain.doFilter(FilterChainProxy.java:385)
	at org.springframework.security.web.session.SessionManagementFilter.doFilter(SessionManagementFilter.java:132)
	at org.springframework.security.web.session.SessionManagementFilter.doFilter(SessionManagementFilter.java:86)
	at org.springframework.security.web.FilterChainProxy$VirtualFilterChain.doFilter(FilterChainProxy.java:385)
	at org.springframework.security.web.authentication.AnonymousAuthenticationFilter.doFilter(AnonymousAuthenticationFilter.java:100)
	at org.springframework.security.web.FilterChainProxy$VirtualFilterChain.doFilter(FilterChainProxy.java:385)
	at org.springframework.security.web.servletapi.SecurityContextHolderAwareRequestFilter.doFilter(SecurityContextHolderAwareRequestFilter.java:181)
	at org.springframework.security.web.FilterChainProxy$VirtualFilterChain.doFilter(FilterChainProxy.java:385)
	at org.springframework.security.web.savedrequest.RequestCacheAwareFilter.doFilter(RequestCacheAwareFilter.java:63)
	at org.springframework.security.web.FilterChainProxy$VirtualFilterChain.doFilter(FilterChainProxy.java:385)
	at org.springframework.security.web.authentication.ui.DefaultLogoutPageGeneratingFilter.doFilterInternal(DefaultLogoutPageGeneratingFilter.java:60)
	at org.springframework.web.filter.OncePerRequestFilter.doFilter(OncePerRequestFilter.java:116)
	at org.springframework.security.web.FilterChainProxy$VirtualFilterChain.doFilter(FilterChainProxy.java:385)
	at org.springframework.security.web.authentication.ui.DefaultLoginPageGeneratingFilter.doFilter(DefaultLoginPageGeneratingFilter.java:246)
	at org.springframework.security.web.authentication.ui.DefaultLoginPageGeneratingFilter.doFilter(DefaultLoginPageGeneratingFilter.java:232)
	at org.springframework.security.web.FilterChainProxy$VirtualFilterChain.doFilter(FilterChainProxy.java:385)
	at org.springframework.security.web.authentication.ui.DefaultResourcesFilter.doFilter(DefaultResourcesFilter.java:73)
	at org.springframework.security.web.FilterChainProxy$VirtualFilterChain.doFilter(FilterChainProxy.java:385)
	at com.abubakar.connectify.security.JwtFilter.doFilterInternal(JwtFilter.java:141)
	at org.springframework.web.filter.OncePerRequestFilter.doFilter(OncePerRequestFilter.java:116)
	at org.springframework.security.web.FilterChainProxy$VirtualFilterChain.doFilter(FilterChainProxy.java:385)
	at org.springframework.security.web.authentication.AbstractAuthenticationProcessingFilter.doFilter(AbstractAuthenticationProcessingFilter.java:245)
	at org.springframework.security.web.authentication.AbstractAuthenticationProcessingFilter.doFilter(AbstractAuthenticationProcessingFilter.java:239)
	at org.springframework.security.web.FilterChainProxy$VirtualFilterChain.doFilter(FilterChainProxy.java:385)
	at org.springframework.security.oauth2.client.web.OAuth2AuthorizationRequestRedirectFilter.doFilterInternal(OAuth2AuthorizationRequestRedirectFilter.java:195)
	at org.springframework.web.filter.OncePerRequestFilter.doFilter(OncePerRequestFilter.java:116)
	at org.springframework.security.web.FilterChainProxy$VirtualFilterChain.doFilter(FilterChainProxy.java:385)
	at org.springframework.security.web.authentication.logout.LogoutFilter.doFilter(LogoutFilter.java:110)
	at org.springframework.security.web.authentication.logout.LogoutFilter.doFilter(LogoutFilter.java:96)
	at org.springframework.security.web.FilterChainProxy$VirtualFilterChain.doFilter(FilterChainProxy.java:385)
	at org.springframework.web.filter.CorsFilter.doFilterInternal(CorsFilter.java:91)
	at org.springframework.web.filter.OncePerRequestFilter.doFilter(OncePerRequestFilter.java:116)
	at org.springframework.security.web.FilterChainProxy$VirtualFilterChain.doFilter(FilterChainProxy.java:385)
	at org.springframework.security.web.header.HeaderWriterFilter.doHeadersAfter(HeaderWriterFilter.java:90)
	at org.springframework.security.web.header.HeaderWriterFilter.doFilterInternal(HeaderWriterFilter.java:75)
	at org.springframework.web.filter.OncePerRequestFilter.doFilter(OncePerRequestFilter.java:116)
	at org.springframework.security.web.FilterChainProxy$VirtualFilterChain.doFilter(FilterChainProxy.java:385)
	at org.springframework.security.web.context.SecurityContextHolderFilter.doFilter(SecurityContextHolderFilter.java:82)
	at org.springframework.security.web.context.SecurityContextHolderFilter.doFilter(SecurityContextHolderFilter.java:69)
	at org.springframework.security.web.FilterChainProxy$VirtualFilterChain.doFilter(FilterChainProxy.java:385)
	at org.springframework.security.web.context.request.async.WebAsyncManagerIntegrationFilter.doFilterInternal(WebAsyncManagerIntegrationFilter.java:62)
	at org.springframework.web.filter.OncePerRequestFilter.doFilter(OncePerRequestFilter.java:116)
	at org.springframework.security.web.FilterChainProxy$VirtualFilterChain.doFilter(FilterChainProxy.java:385)
	at org.springframework.security.web.session.DisableEncodeUrlFilter.doFilterInternal(DisableEncodeUrlFilter.java:42)
	at org.springframework.web.filter.OncePerRequestFilter.doFilter(OncePerRequestFilter.java:116)
	at org.springframework.security.web.FilterChainProxy$VirtualFilterChain.doFilter(FilterChainProxy.java:385)
	at org.springframework.security.web.FilterChainProxy.doFilterInternal(FilterChainProxy.java:237)
	at org.springframework.security.web.FilterChainProxy.doFilter(FilterChainProxy.java:195)
	at org.springframework.web.filter.CompositeFilter$VirtualFilterChain.doFilter(CompositeFilter.java:113)
	at org.springframework.web.filter.ServletRequestPathFilter.doFilter(ServletRequestPathFilter.java:52)
	at org.springframework.web.filter.CompositeFilter$VirtualFilterChain.doFilter(CompositeFilter.java:113)
	at org.springframework.web.filter.CompositeFilter.doFilter(CompositeFilter.java:74)
	at org.springframework.security.config.annotation.web.configuration.WebSecurityConfiguration$CompositeFilterChainProxy.doFilter(WebSecurityConfiguration.java:317)
	at org.springframework.web.filter.DelegatingFilterProxy.invokeDelegate(DelegatingFilterProxy.java:355)
	at org.springframework.web.filter.DelegatingFilterProxy.doFilter(DelegatingFilterProxy.java:272)
	at org.apache.catalina.core.ApplicationFilterChain.doFilter(ApplicationFilterChain.java:107)
	at org.springframework.web.filter.RequestContextFilter.doFilterInternal(RequestContextFilter.java:100)
	at org.springframework.web.filter.OncePerRequestFilter.doFilter(OncePerRequestFilter.java:116)
	at org.apache.catalina.core.ApplicationFilterChain.doFilter(ApplicationFilterChain.java:107)
	at org.springframework.web.filter.FormContentFilter.doFilterInternal(FormContentFilter.java:93)
	at org.springframework.web.filter.OncePerRequestFilter.doFilter(OncePerRequestFilter.java:116)
	at org.apache.catalina.core.ApplicationFilterChain.doFilter(ApplicationFilterChain.java:107)
	at org.springframework.web.filter.CharacterEncodingFilter.doFilterInternal(CharacterEncodingFilter.java:199)
	at org.springframework.web.filter.OncePerRequestFilter.doFilter(OncePerRequestFilter.java:116)
	at org.apache.catalina.core.ApplicationFilterChain.doFilter(ApplicationFilterChain.java:107)
	at org.apache.catalina.core.StandardWrapperValve.invoke(StandardWrapperValve.java:165)
	at org.apache.catalina.core.StandardContextValve.invoke(StandardContextValve.java:77)
	at org.apache.catalina.authenticator.AuthenticatorBase.invoke(AuthenticatorBase.java:492)
	at org.apache.catalina.core.StandardHostValve.invoke(StandardHostValve.java:113)
	at org.apache.catalina.valves.ErrorReportValve.invoke(ErrorReportValve.java:83)
	at org.apache.catalina.core.StandardEngineValve.invoke(StandardEngineValve.java:72)
	at org.apache.catalina.connector.CoyoteAdapter.service(CoyoteAdapter.java:341)
	at org.apache.coyote.http11.Http11Processor.service(Http11Processor.java:397)
	at org.apache.coyote.AbstractProcessorLight.process(AbstractProcessorLight.java:63)
	at org.apache.coyote.AbstractProtocol$ConnectionHandler.process(AbstractProtocol.java:903)
	at org.apache.tomcat.util.net.NioEndpoint$SocketProcessor.doRun(NioEndpoint.java:1801)
	at org.apache.tomcat.util.net.SocketProcessorBase.run(SocketProcessorBase.java:52)
	at org.apache.tomcat.util.threads.ThreadPoolExecutor.runWorker(ThreadPoolExecutor.java:946)
	at org.apache.tomcat.util.threads.ThreadPoolExecutor$Worker.run(ThreadPoolExecutor.java:480)
	at org.apache.tomcat.util.threads.TaskThread$WrappingRunnable.run(TaskThread.java:57)
	at java.base/java.lang.Thread.run(Thread.java:1583)
2026-06-08 06:03:14[INFO]com.abubakar.connectify.configuration.RequestLoggingFilter-PUT /api/v1/admin/reports/13/reject | Status: 404
2026-06-08 06:03:26[INFO]com.abubakar.connectify.service.impl.CustomUserDetailsService-Authentication request received for email: admin@gmail.com
2026-06-08 06:03:26[DEBUG]com.abubakar.connectify.service.impl.CustomUserDetailsService-User loaded successfully with email: admin@gmail.com and role: ADMIN
2026-06-08 06:03:26[INFO]com.abubakar.connectify.security.JwtUtils-Token validation result for user admin@gmail.com : true
2026-06-08 06:03:26[INFO]com.abubakar.connectify.security.JwtFilter-User authenticated successfully: admin@gmail.com
2026-06-08 06:03:26[INFO]com.abubakar.connectify.controller.AdminReportController-API request received | reject report | reportId: 1
2026-06-08 06:03:26[DEBUG]com.abubakar.connectify.util.UserAccessValidator-Validating user access | userId: 1
2026-06-08 06:03:26[DEBUG]com.abubakar.connectify.util.UserAccessValidator-User validation successful | userId: 1
2026-06-08 06:03:26[DEBUG]com.abubakar.connectify.util.AuthUtil-Authenticated active user fetched successfully | userId: 1
2026-06-08 06:03:26[INFO]com.abubakar.connectify.service.impl.AdminReportServiceImpl-Reject report request | reportId: 1
2026-06-08 06:03:26[DEBUG]com.abubakar.connectify.util.ReportAccessValidator-Fetching report | reportId: 1
2026-06-08 06:03:26[INFO]com.abubakar.connectify.service.impl.NotificationServiceImpl-Creating notification | receiverId: 2 | senderId: 1
2026-06-08 06:03:26[DEBUG]com.abubakar.connectify.util.UserAccessValidator-Validating user access | userId: 2
2026-06-08 06:03:26[DEBUG]com.abubakar.connectify.util.UserAccessValidator-User validation successful | userId: 2
2026-06-08 06:03:26[DEBUG]com.abubakar.connectify.util.UserAccessValidator-Validating user access | userId: 1
2026-06-08 06:03:26[DEBUG]com.abubakar.connectify.util.UserAccessValidator-User validation successful | userId: 1
2026-06-08 06:03:26[INFO]com.abubakar.connectify.service.impl.NotificationServiceImpl-Notification created successfully
| receiverId: 2
| senderId: 1
| type: REPORT_REJECTED

2026-06-08 06:03:26[INFO]com.abubakar.connectify.service.impl.AdminReportServiceImpl-Report rejected successfully
| reportId: 1
| adminId: 1

2026-06-08 06:03:26[INFO]com.abubakar.connectify.configuration.RequestLoggingFilter-PUT /api/v1/admin/reports/1/reject | Status: 200
2026-06-08 06:03:29[INFO]com.abubakar.connectify.service.impl.CustomUserDetailsService-Authentication request received for email: admin@gmail.com
2026-06-08 06:03:29[DEBUG]com.abubakar.connectify.service.impl.CustomUserDetailsService-User loaded successfully with email: admin@gmail.com and role: ADMIN
2026-06-08 06:03:29[INFO]com.abubakar.connectify.security.JwtUtils-Token validation result for user admin@gmail.com : true
2026-06-08 06:03:29[INFO]com.abubakar.connectify.security.JwtFilter-User authenticated successfully: admin@gmail.com
2026-06-08 06:03:29[INFO]com.abubakar.connectify.controller.AdminReportController-API request received | reject report | reportId: 1
2026-06-08 06:03:29[DEBUG]com.abubakar.connectify.util.UserAccessValidator-Validating user access | userId: 1
2026-06-08 06:03:29[DEBUG]com.abubakar.connectify.util.UserAccessValidator-User validation successful | userId: 1
2026-06-08 06:03:29[DEBUG]com.abubakar.connectify.util.AuthUtil-Authenticated active user fetched successfully | userId: 1
2026-06-08 06:03:29[INFO]com.abubakar.connectify.service.impl.AdminReportServiceImpl-Reject report request | reportId: 1
2026-06-08 06:03:29[DEBUG]com.abubakar.connectify.util.ReportAccessValidator-Fetching report | reportId: 1
2026-06-08 06:03:29[WARN]com.abubakar.connectify.service.impl.AdminReportServiceImpl-Resolve/Reject report failed
| reportId: 1
| adminId: 1
| currentStatus: REJECTED

2026-06-08 06:03:29[ERROR]com.abubakar.connectify.exception.GlobalExceptionHandler-Business exception occurred | errorCode: OPERATION_FAILED | status: 400 BAD_REQUEST | message: Report already rejected
com.abubakar.connectify.exception.OperationFailException: Report already rejected
	at com.abubakar.connectify.service.impl.AdminReportServiceImpl.validatePendingReport(AdminReportServiceImpl.java:583)
	at com.abubakar.connectify.service.impl.AdminReportServiceImpl.rejectReport(AdminReportServiceImpl.java:288)
	at java.base/jdk.internal.reflect.DirectMethodHandleAccessor.invoke(DirectMethodHandleAccessor.java:103)
	at java.base/java.lang.reflect.Method.invoke(Method.java:580)
	at org.springframework.aop.support.AopUtils.invokeJoinpointUsingReflection(AopUtils.java:359)
	at org.springframework.aop.framework.ReflectiveMethodInvocation.invokeJoinpoint(ReflectiveMethodInvocation.java:190)
	at org.springframework.aop.framework.ReflectiveMethodInvocation.proceed(ReflectiveMethodInvocation.java:158)
	at org.springframework.transaction.interceptor.TransactionInterceptor$1.proceedWithInvocation(TransactionInterceptor.java:133)
	at org.springframework.transaction.interceptor.TransactionAspectSupport.invokeWithinTransaction(TransactionAspectSupport.java:371)
	at org.springframework.transaction.interceptor.TransactionInterceptor.invoke(TransactionInterceptor.java:130)
	at org.springframework.aop.framework.ReflectiveMethodInvocation.proceed(ReflectiveMethodInvocation.java:179)
	at org.springframework.aop.framework.CglibAopProxy$DynamicAdvisedInterceptor.intercept(CglibAopProxy.java:719)
	at com.abubakar.connectify.service.impl.AdminReportServiceImpl$$SpringCGLIB$$0.rejectReport(<generated>)
	at com.abubakar.connectify.controller.AdminReportController.rejectReport(AdminReportController.java:127)
	at java.base/jdk.internal.reflect.DirectMethodHandleAccessor.invoke(DirectMethodHandleAccessor.java:103)
	at java.base/java.lang.reflect.Method.invoke(Method.java:580)
	at org.springframework.web.method.support.InvocableHandlerMethod.doInvoke(InvocableHandlerMethod.java:252)
	at org.springframework.web.method.support.InvocableHandlerMethod.invokeForRequest(InvocableHandlerMethod.java:184)
	at org.springframework.web.servlet.mvc.method.annotation.ServletInvocableHandlerMethod.invokeAndHandle(ServletInvocableHandlerMethod.java:117)
	at org.springframework.web.servlet.mvc.method.annotation.RequestMappingHandlerAdapter.invokeHandlerMethod(RequestMappingHandlerAdapter.java:934)
	at org.springframework.web.servlet.mvc.method.annotation.RequestMappingHandlerAdapter.handleInternal(RequestMappingHandlerAdapter.java:853)
	at org.springframework.web.servlet.mvc.method.AbstractHandlerMethodAdapter.handle(AbstractHandlerMethodAdapter.java:86)
	at org.springframework.web.servlet.DispatcherServlet.doDispatch(DispatcherServlet.java:963)
	at org.springframework.web.servlet.DispatcherServlet.doService(DispatcherServlet.java:866)
	at org.springframework.web.servlet.FrameworkServlet.processRequest(FrameworkServlet.java:1000)
	at org.springframework.web.servlet.FrameworkServlet.doPut(FrameworkServlet.java:914)
	at jakarta.servlet.http.HttpServlet.service(HttpServlet.java:650)
	at org.springframework.web.servlet.FrameworkServlet.service(FrameworkServlet.java:874)
	at jakarta.servlet.http.HttpServlet.service(HttpServlet.java:710)
	at org.apache.catalina.core.ApplicationFilterChain.doFilter(ApplicationFilterChain.java:128)
	at org.apache.tomcat.websocket.server.WsFilter.doFilter(WsFilter.java:53)
	at org.apache.catalina.core.ApplicationFilterChain.doFilter(ApplicationFilterChain.java:107)
	at org.springframework.web.filter.OncePerRequestFilter.doFilter(OncePerRequestFilter.java:110)
	at org.apache.catalina.core.ApplicationFilterChain.doFilter(ApplicationFilterChain.java:107)
	at org.springframework.web.filter.OncePerRequestFilter.doFilter(OncePerRequestFilter.java:110)
	at org.apache.catalina.core.ApplicationFilterChain.doFilter(ApplicationFilterChain.java:107)
	at com.abubakar.connectify.configuration.RequestLoggingFilter.doFilterInternal(RequestLoggingFilter.java:30)
	at org.springframework.web.filter.OncePerRequestFilter.doFilter(OncePerRequestFilter.java:116)
	at org.apache.catalina.core.ApplicationFilterChain.doFilter(ApplicationFilterChain.java:107)
	at org.springframework.web.filter.CompositeFilter$VirtualFilterChain.doFilter(CompositeFilter.java:108)
	at org.springframework.security.web.FilterChainProxy.lambda$doFilterInternal$3(FilterChainProxy.java:235)
	at org.springframework.security.web.FilterChainProxy$VirtualFilterChain.doFilter(FilterChainProxy.java:376)
	at org.springframework.security.web.access.intercept.AuthorizationFilter.doFilter(AuthorizationFilter.java:101)
	at org.springframework.security.web.FilterChainProxy$VirtualFilterChain.doFilter(FilterChainProxy.java:385)
	at org.springframework.security.web.access.ExceptionTranslationFilter.doFilter(ExceptionTranslationFilter.java:126)
	at org.springframework.security.web.access.ExceptionTranslationFilter.doFilter(ExceptionTranslationFilter.java:120)
	at org.springframework.security.web.FilterChainProxy$VirtualFilterChain.doFilter(FilterChainProxy.java:385)
	at org.springframework.security.web.session.SessionManagementFilter.doFilter(SessionManagementFilter.java:132)
	at org.springframework.security.web.session.SessionManagementFilter.doFilter(SessionManagementFilter.java:86)
	at org.springframework.security.web.FilterChainProxy$VirtualFilterChain.doFilter(FilterChainProxy.java:385)
	at org.springframework.security.web.authentication.AnonymousAuthenticationFilter.doFilter(AnonymousAuthenticationFilter.java:100)
	at org.springframework.security.web.FilterChainProxy$VirtualFilterChain.doFilter(FilterChainProxy.java:385)
	at org.springframework.security.web.servletapi.SecurityContextHolderAwareRequestFilter.doFilter(SecurityContextHolderAwareRequestFilter.java:181)
	at org.springframework.security.web.FilterChainProxy$VirtualFilterChain.doFilter(FilterChainProxy.java:385)
	at org.springframework.security.web.savedrequest.RequestCacheAwareFilter.doFilter(RequestCacheAwareFilter.java:63)
	at org.springframework.security.web.FilterChainProxy$VirtualFilterChain.doFilter(FilterChainProxy.java:385)
	at org.springframework.security.web.authentication.ui.DefaultLogoutPageGeneratingFilter.doFilterInternal(DefaultLogoutPageGeneratingFilter.java:60)
	at org.springframework.web.filter.OncePerRequestFilter.doFilter(OncePerRequestFilter.java:116)
	at org.springframework.security.web.FilterChainProxy$VirtualFilterChain.doFilter(FilterChainProxy.java:385)
	at org.springframework.security.web.authentication.ui.DefaultLoginPageGeneratingFilter.doFilter(DefaultLoginPageGeneratingFilter.java:246)
	at org.springframework.security.web.authentication.ui.DefaultLoginPageGeneratingFilter.doFilter(DefaultLoginPageGeneratingFilter.java:232)
	at org.springframework.security.web.FilterChainProxy$VirtualFilterChain.doFilter(FilterChainProxy.java:385)
	at org.springframework.security.web.authentication.ui.DefaultResourcesFilter.doFilter(DefaultResourcesFilter.java:73)
	at org.springframework.security.web.FilterChainProxy$VirtualFilterChain.doFilter(FilterChainProxy.java:385)
	at com.abubakar.connectify.security.JwtFilter.doFilterInternal(JwtFilter.java:141)
	at org.springframework.web.filter.OncePerRequestFilter.doFilter(OncePerRequestFilter.java:116)
	at org.springframework.security.web.FilterChainProxy$VirtualFilterChain.doFilter(FilterChainProxy.java:385)
	at org.springframework.security.web.authentication.AbstractAuthenticationProcessingFilter.doFilter(AbstractAuthenticationProcessingFilter.java:245)
	at org.springframework.security.web.authentication.AbstractAuthenticationProcessingFilter.doFilter(AbstractAuthenticationProcessingFilter.java:239)
	at org.springframework.security.web.FilterChainProxy$VirtualFilterChain.doFilter(FilterChainProxy.java:385)
	at org.springframework.security.oauth2.client.web.OAuth2AuthorizationRequestRedirectFilter.doFilterInternal(OAuth2AuthorizationRequestRedirectFilter.java:195)
	at org.springframework.web.filter.OncePerRequestFilter.doFilter(OncePerRequestFilter.java:116)
	at org.springframework.security.web.FilterChainProxy$VirtualFilterChain.doFilter(FilterChainProxy.java:385)
	at org.springframework.security.web.authentication.logout.LogoutFilter.doFilter(LogoutFilter.java:110)
	at org.springframework.security.web.authentication.logout.LogoutFilter.doFilter(LogoutFilter.java:96)
	at org.springframework.security.web.FilterChainProxy$VirtualFilterChain.doFilter(FilterChainProxy.java:385)
	at org.springframework.web.filter.CorsFilter.doFilterInternal(CorsFilter.java:91)
	at org.springframework.web.filter.OncePerRequestFilter.doFilter(OncePerRequestFilter.java:116)
	at org.springframework.security.web.FilterChainProxy$VirtualFilterChain.doFilter(FilterChainProxy.java:385)
	at org.springframework.security.web.header.HeaderWriterFilter.doHeadersAfter(HeaderWriterFilter.java:90)
	at org.springframework.security.web.header.HeaderWriterFilter.doFilterInternal(HeaderWriterFilter.java:75)
	at org.springframework.web.filter.OncePerRequestFilter.doFilter(OncePerRequestFilter.java:116)
	at org.springframework.security.web.FilterChainProxy$VirtualFilterChain.doFilter(FilterChainProxy.java:385)
	at org.springframework.security.web.context.SecurityContextHolderFilter.doFilter(SecurityContextHolderFilter.java:82)
	at org.springframework.security.web.context.SecurityContextHolderFilter.doFilter(SecurityContextHolderFilter.java:69)
	at org.springframework.security.web.FilterChainProxy$VirtualFilterChain.doFilter(FilterChainProxy.java:385)
	at org.springframework.security.web.context.request.async.WebAsyncManagerIntegrationFilter.doFilterInternal(WebAsyncManagerIntegrationFilter.java:62)
	at org.springframework.web.filter.OncePerRequestFilter.doFilter(OncePerRequestFilter.java:116)
	at org.springframework.security.web.FilterChainProxy$VirtualFilterChain.doFilter(FilterChainProxy.java:385)
	at org.springframework.security.web.session.DisableEncodeUrlFilter.doFilterInternal(DisableEncodeUrlFilter.java:42)
	at org.springframework.web.filter.OncePerRequestFilter.doFilter(OncePerRequestFilter.java:116)
	at org.springframework.security.web.FilterChainProxy$VirtualFilterChain.doFilter(FilterChainProxy.java:385)
	at org.springframework.security.web.FilterChainProxy.doFilterInternal(FilterChainProxy.java:237)
	at org.springframework.security.web.FilterChainProxy.doFilter(FilterChainProxy.java:195)
	at org.springframework.web.filter.CompositeFilter$VirtualFilterChain.doFilter(CompositeFilter.java:113)
	at org.springframework.web.filter.ServletRequestPathFilter.doFilter(ServletRequestPathFilter.java:52)
	at org.springframework.web.filter.CompositeFilter$VirtualFilterChain.doFilter(CompositeFilter.java:113)
	at org.springframework.web.filter.CompositeFilter.doFilter(CompositeFilter.java:74)
	at org.springframework.security.config.annotation.web.configuration.WebSecurityConfiguration$CompositeFilterChainProxy.doFilter(WebSecurityConfiguration.java:317)
	at org.springframework.web.filter.DelegatingFilterProxy.invokeDelegate(DelegatingFilterProxy.java:355)
	at org.springframework.web.filter.DelegatingFilterProxy.doFilter(DelegatingFilterProxy.java:272)
	at org.apache.catalina.core.ApplicationFilterChain.doFilter(ApplicationFilterChain.java:107)
	at org.springframework.web.filter.RequestContextFilter.doFilterInternal(RequestContextFilter.java:100)
	at org.springframework.web.filter.OncePerRequestFilter.doFilter(OncePerRequestFilter.java:116)
	at org.apache.catalina.core.ApplicationFilterChain.doFilter(ApplicationFilterChain.java:107)
	at org.springframework.web.filter.FormContentFilter.doFilterInternal(FormContentFilter.java:93)
	at org.springframework.web.filter.OncePerRequestFilter.doFilter(OncePerRequestFilter.java:116)
	at org.apache.catalina.core.ApplicationFilterChain.doFilter(ApplicationFilterChain.java:107)
	at org.springframework.web.filter.CharacterEncodingFilter.doFilterInternal(CharacterEncodingFilter.java:199)
	at org.springframework.web.filter.OncePerRequestFilter.doFilter(OncePerRequestFilter.java:116)
	at org.apache.catalina.core.ApplicationFilterChain.doFilter(ApplicationFilterChain.java:107)
	at org.apache.catalina.core.StandardWrapperValve.invoke(StandardWrapperValve.java:165)
	at org.apache.catalina.core.StandardContextValve.invoke(StandardContextValve.java:77)
	at org.apache.catalina.authenticator.AuthenticatorBase.invoke(AuthenticatorBase.java:492)
	at org.apache.catalina.core.StandardHostValve.invoke(StandardHostValve.java:113)
	at org.apache.catalina.valves.ErrorReportValve.invoke(ErrorReportValve.java:83)
	at org.apache.catalina.core.StandardEngineValve.invoke(StandardEngineValve.java:72)
	at org.apache.catalina.connector.CoyoteAdapter.service(CoyoteAdapter.java:341)
	at org.apache.coyote.http11.Http11Processor.service(Http11Processor.java:397)
	at org.apache.coyote.AbstractProcessorLight.process(AbstractProcessorLight.java:63)
	at org.apache.coyote.AbstractProtocol$ConnectionHandler.process(AbstractProtocol.java:903)
	at org.apache.tomcat.util.net.NioEndpoint$SocketProcessor.doRun(NioEndpoint.java:1801)
	at org.apache.tomcat.util.net.SocketProcessorBase.run(SocketProcessorBase.java:52)
	at org.apache.tomcat.util.threads.ThreadPoolExecutor.runWorker(ThreadPoolExecutor.java:946)
	at org.apache.tomcat.util.threads.ThreadPoolExecutor$Worker.run(ThreadPoolExecutor.java:480)
	at org.apache.tomcat.util.threads.TaskThread$WrappingRunnable.run(TaskThread.java:57)
	at java.base/java.lang.Thread.run(Thread.java:1583)
2026-06-08 06:03:29[INFO]com.abubakar.connectify.configuration.RequestLoggingFilter-PUT /api/v1/admin/reports/1/reject | Status: 400
2026-06-08 06:03:44[INFO]com.abubakar.connectify.service.impl.CustomUserDetailsService-Authentication request received for email: admin@gmail.com
2026-06-08 06:03:44[DEBUG]com.abubakar.connectify.service.impl.CustomUserDetailsService-User loaded successfully with email: admin@gmail.com and role: ADMIN
2026-06-08 06:03:44[INFO]com.abubakar.connectify.security.JwtUtils-Token validation result for user admin@gmail.com : true
2026-06-08 06:03:44[INFO]com.abubakar.connectify.security.JwtFilter-User authenticated successfully: admin@gmail.com
2026-06-08 06:03:44[INFO]com.abubakar.connectify.controller.AdminReportController-API request received | resolve report | reportId: 1
2026-06-08 06:03:44[DEBUG]com.abubakar.connectify.util.UserAccessValidator-Validating user access | userId: 1
2026-06-08 06:03:44[DEBUG]com.abubakar.connectify.util.UserAccessValidator-User validation successful | userId: 1
2026-06-08 06:03:44[DEBUG]com.abubakar.connectify.util.AuthUtil-Authenticated active user fetched successfully | userId: 1
2026-06-08 06:03:44[INFO]com.abubakar.connectify.service.impl.AdminReportServiceImpl-Resolve report request | reportId: 1
2026-06-08 06:03:44[DEBUG]com.abubakar.connectify.util.ReportAccessValidator-Fetching report | reportId: 1
2026-06-08 06:03:44[WARN]com.abubakar.connectify.service.impl.AdminReportServiceImpl-Resolve/Reject report failed
| reportId: 1
| adminId: 1
| currentStatus: REJECTED

2026-06-08 06:03:44[ERROR]com.abubakar.connectify.exception.GlobalExceptionHandler-Business exception occurred | errorCode: OPERATION_FAILED | status: 400 BAD_REQUEST | message: Report already rejected
com.abubakar.connectify.exception.OperationFailException: Report already rejected
	at com.abubakar.connectify.service.impl.AdminReportServiceImpl.validatePendingReport(AdminReportServiceImpl.java:583)
	at com.abubakar.connectify.service.impl.AdminReportServiceImpl.resolveReport(AdminReportServiceImpl.java:213)
	at java.base/jdk.internal.reflect.DirectMethodHandleAccessor.invoke(DirectMethodHandleAccessor.java:103)
	at java.base/java.lang.reflect.Method.invoke(Method.java:580)
	at org.springframework.aop.support.AopUtils.invokeJoinpointUsingReflection(AopUtils.java:359)
	at org.springframework.aop.framework.ReflectiveMethodInvocation.invokeJoinpoint(ReflectiveMethodInvocation.java:190)
	at org.springframework.aop.framework.ReflectiveMethodInvocation.proceed(ReflectiveMethodInvocation.java:158)
	at org.springframework.transaction.interceptor.TransactionInterceptor$1.proceedWithInvocation(TransactionInterceptor.java:133)
	at org.springframework.transaction.interceptor.TransactionAspectSupport.invokeWithinTransaction(TransactionAspectSupport.java:371)
	at org.springframework.transaction.interceptor.TransactionInterceptor.invoke(TransactionInterceptor.java:130)
	at org.springframework.aop.framework.ReflectiveMethodInvocation.proceed(ReflectiveMethodInvocation.java:179)
	at org.springframework.aop.framework.CglibAopProxy$DynamicAdvisedInterceptor.intercept(CglibAopProxy.java:719)
	at com.abubakar.connectify.service.impl.AdminReportServiceImpl$$SpringCGLIB$$0.resolveReport(<generated>)
	at com.abubakar.connectify.controller.AdminReportController.resolveReport(AdminReportController.java:105)
	at java.base/jdk.internal.reflect.DirectMethodHandleAccessor.invoke(DirectMethodHandleAccessor.java:103)
	at java.base/java.lang.reflect.Method.invoke(Method.java:580)
	at org.springframework.web.method.support.InvocableHandlerMethod.doInvoke(InvocableHandlerMethod.java:252)
	at org.springframework.web.method.support.InvocableHandlerMethod.invokeForRequest(InvocableHandlerMethod.java:184)
	at org.springframework.web.servlet.mvc.method.annotation.ServletInvocableHandlerMethod.invokeAndHandle(ServletInvocableHandlerMethod.java:117)
	at org.springframework.web.servlet.mvc.method.annotation.RequestMappingHandlerAdapter.invokeHandlerMethod(RequestMappingHandlerAdapter.java:934)
	at org.springframework.web.servlet.mvc.method.annotation.RequestMappingHandlerAdapter.handleInternal(RequestMappingHandlerAdapter.java:853)
	at org.springframework.web.servlet.mvc.method.AbstractHandlerMethodAdapter.handle(AbstractHandlerMethodAdapter.java:86)
	at org.springframework.web.servlet.DispatcherServlet.doDispatch(DispatcherServlet.java:963)
	at org.springframework.web.servlet.DispatcherServlet.doService(DispatcherServlet.java:866)
	at org.springframework.web.servlet.FrameworkServlet.processRequest(FrameworkServlet.java:1000)
	at org.springframework.web.servlet.FrameworkServlet.doPut(FrameworkServlet.java:914)
	at jakarta.servlet.http.HttpServlet.service(HttpServlet.java:650)
	at org.springframework.web.servlet.FrameworkServlet.service(FrameworkServlet.java:874)
	at jakarta.servlet.http.HttpServlet.service(HttpServlet.java:710)
	at org.apache.catalina.core.ApplicationFilterChain.doFilter(ApplicationFilterChain.java:128)
	at org.apache.tomcat.websocket.server.WsFilter.doFilter(WsFilter.java:53)
	at org.apache.catalina.core.ApplicationFilterChain.doFilter(ApplicationFilterChain.java:107)
	at org.springframework.web.filter.OncePerRequestFilter.doFilter(OncePerRequestFilter.java:110)
	at org.apache.catalina.core.ApplicationFilterChain.doFilter(ApplicationFilterChain.java:107)
	at org.springframework.web.filter.OncePerRequestFilter.doFilter(OncePerRequestFilter.java:110)
	at org.apache.catalina.core.ApplicationFilterChain.doFilter(ApplicationFilterChain.java:107)
	at com.abubakar.connectify.configuration.RequestLoggingFilter.doFilterInternal(RequestLoggingFilter.java:30)
	at org.springframework.web.filter.OncePerRequestFilter.doFilter(OncePerRequestFilter.java:116)
	at org.apache.catalina.core.ApplicationFilterChain.doFilter(ApplicationFilterChain.java:107)
	at org.springframework.web.filter.CompositeFilter$VirtualFilterChain.doFilter(CompositeFilter.java:108)
	at org.springframework.security.web.FilterChainProxy.lambda$doFilterInternal$3(FilterChainProxy.java:235)
	at org.springframework.security.web.FilterChainProxy$VirtualFilterChain.doFilter(FilterChainProxy.java:376)
	at org.springframework.security.web.access.intercept.AuthorizationFilter.doFilter(AuthorizationFilter.java:101)
	at org.springframework.security.web.FilterChainProxy$VirtualFilterChain.doFilter(FilterChainProxy.java:385)
	at org.springframework.security.web.access.ExceptionTranslationFilter.doFilter(ExceptionTranslationFilter.java:126)
	at org.springframework.security.web.access.ExceptionTranslationFilter.doFilter(ExceptionTranslationFilter.java:120)
	at org.springframework.security.web.FilterChainProxy$VirtualFilterChain.doFilter(FilterChainProxy.java:385)
	at org.springframework.security.web.session.SessionManagementFilter.doFilter(SessionManagementFilter.java:132)
	at org.springframework.security.web.session.SessionManagementFilter.doFilter(SessionManagementFilter.java:86)
	at org.springframework.security.web.FilterChainProxy$VirtualFilterChain.doFilter(FilterChainProxy.java:385)
	at org.springframework.security.web.authentication.AnonymousAuthenticationFilter.doFilter(AnonymousAuthenticationFilter.java:100)
	at org.springframework.security.web.FilterChainProxy$VirtualFilterChain.doFilter(FilterChainProxy.java:385)
	at org.springframework.security.web.servletapi.SecurityContextHolderAwareRequestFilter.doFilter(SecurityContextHolderAwareRequestFilter.java:181)
	at org.springframework.security.web.FilterChainProxy$VirtualFilterChain.doFilter(FilterChainProxy.java:385)
	at org.springframework.security.web.savedrequest.RequestCacheAwareFilter.doFilter(RequestCacheAwareFilter.java:63)
	at org.springframework.security.web.FilterChainProxy$VirtualFilterChain.doFilter(FilterChainProxy.java:385)
	at org.springframework.security.web.authentication.ui.DefaultLogoutPageGeneratingFilter.doFilterInternal(DefaultLogoutPageGeneratingFilter.java:60)
	at org.springframework.web.filter.OncePerRequestFilter.doFilter(OncePerRequestFilter.java:116)
	at org.springframework.security.web.FilterChainProxy$VirtualFilterChain.doFilter(FilterChainProxy.java:385)
	at org.springframework.security.web.authentication.ui.DefaultLoginPageGeneratingFilter.doFilter(DefaultLoginPageGeneratingFilter.java:246)
	at org.springframework.security.web.authentication.ui.DefaultLoginPageGeneratingFilter.doFilter(DefaultLoginPageGeneratingFilter.java:232)
	at org.springframework.security.web.FilterChainProxy$VirtualFilterChain.doFilter(FilterChainProxy.java:385)
	at org.springframework.security.web.authentication.ui.DefaultResourcesFilter.doFilter(DefaultResourcesFilter.java:73)
	at org.springframework.security.web.FilterChainProxy$VirtualFilterChain.doFilter(FilterChainProxy.java:385)
	at com.abubakar.connectify.security.JwtFilter.doFilterInternal(JwtFilter.java:141)
	at org.springframework.web.filter.OncePerRequestFilter.doFilter(OncePerRequestFilter.java:116)
	at org.springframework.security.web.FilterChainProxy$VirtualFilterChain.doFilter(FilterChainProxy.java:385)
	at org.springframework.security.web.authentication.AbstractAuthenticationProcessingFilter.doFilter(AbstractAuthenticationProcessingFilter.java:245)
	at org.springframework.security.web.authentication.AbstractAuthenticationProcessingFilter.doFilter(AbstractAuthenticationProcessingFilter.java:239)
	at org.springframework.security.web.FilterChainProxy$VirtualFilterChain.doFilter(FilterChainProxy.java:385)
	at org.springframework.security.oauth2.client.web.OAuth2AuthorizationRequestRedirectFilter.doFilterInternal(OAuth2AuthorizationRequestRedirectFilter.java:195)
	at org.springframework.web.filter.OncePerRequestFilter.doFilter(OncePerRequestFilter.java:116)
	at org.springframework.security.web.FilterChainProxy$VirtualFilterChain.doFilter(FilterChainProxy.java:385)
	at org.springframework.security.web.authentication.logout.LogoutFilter.doFilter(LogoutFilter.java:110)
	at org.springframework.security.web.authentication.logout.LogoutFilter.doFilter(LogoutFilter.java:96)
	at org.springframework.security.web.FilterChainProxy$VirtualFilterChain.doFilter(FilterChainProxy.java:385)
	at org.springframework.web.filter.CorsFilter.doFilterInternal(CorsFilter.java:91)
	at org.springframework.web.filter.OncePerRequestFilter.doFilter(OncePerRequestFilter.java:116)
	at org.springframework.security.web.FilterChainProxy$VirtualFilterChain.doFilter(FilterChainProxy.java:385)
	at org.springframework.security.web.header.HeaderWriterFilter.doHeadersAfter(HeaderWriterFilter.java:90)
	at org.springframework.security.web.header.HeaderWriterFilter.doFilterInternal(HeaderWriterFilter.java:75)
	at org.springframework.web.filter.OncePerRequestFilter.doFilter(OncePerRequestFilter.java:116)
	at org.springframework.security.web.FilterChainProxy$VirtualFilterChain.doFilter(FilterChainProxy.java:385)
	at org.springframework.security.web.context.SecurityContextHolderFilter.doFilter(SecurityContextHolderFilter.java:82)
	at org.springframework.security.web.context.SecurityContextHolderFilter.doFilter(SecurityContextHolderFilter.java:69)
	at org.springframework.security.web.FilterChainProxy$VirtualFilterChain.doFilter(FilterChainProxy.java:385)
	at org.springframework.security.web.context.request.async.WebAsyncManagerIntegrationFilter.doFilterInternal(WebAsyncManagerIntegrationFilter.java:62)
	at org.springframework.web.filter.OncePerRequestFilter.doFilter(OncePerRequestFilter.java:116)
	at org.springframework.security.web.FilterChainProxy$VirtualFilterChain.doFilter(FilterChainProxy.java:385)
	at org.springframework.security.web.session.DisableEncodeUrlFilter.doFilterInternal(DisableEncodeUrlFilter.java:42)
	at org.springframework.web.filter.OncePerRequestFilter.doFilter(OncePerRequestFilter.java:116)
	at org.springframework.security.web.FilterChainProxy$VirtualFilterChain.doFilter(FilterChainProxy.java:385)
	at org.springframework.security.web.FilterChainProxy.doFilterInternal(FilterChainProxy.java:237)
	at org.springframework.security.web.FilterChainProxy.doFilter(FilterChainProxy.java:195)
	at org.springframework.web.filter.CompositeFilter$VirtualFilterChain.doFilter(CompositeFilter.java:113)
	at org.springframework.web.filter.ServletRequestPathFilter.doFilter(ServletRequestPathFilter.java:52)
	at org.springframework.web.filter.CompositeFilter$VirtualFilterChain.doFilter(CompositeFilter.java:113)
	at org.springframework.web.filter.CompositeFilter.doFilter(CompositeFilter.java:74)
	at org.springframework.security.config.annotation.web.configuration.WebSecurityConfiguration$CompositeFilterChainProxy.doFilter(WebSecurityConfiguration.java:317)
	at org.springframework.web.filter.DelegatingFilterProxy.invokeDelegate(DelegatingFilterProxy.java:355)
	at org.springframework.web.filter.DelegatingFilterProxy.doFilter(DelegatingFilterProxy.java:272)
	at org.apache.catalina.core.ApplicationFilterChain.doFilter(ApplicationFilterChain.java:107)
	at org.springframework.web.filter.RequestContextFilter.doFilterInternal(RequestContextFilter.java:100)
	at org.springframework.web.filter.OncePerRequestFilter.doFilter(OncePerRequestFilter.java:116)
	at org.apache.catalina.core.ApplicationFilterChain.doFilter(ApplicationFilterChain.java:107)
	at org.springframework.web.filter.FormContentFilter.doFilterInternal(FormContentFilter.java:93)
	at org.springframework.web.filter.OncePerRequestFilter.doFilter(OncePerRequestFilter.java:116)
	at org.apache.catalina.core.ApplicationFilterChain.doFilter(ApplicationFilterChain.java:107)
	at org.springframework.web.filter.CharacterEncodingFilter.doFilterInternal(CharacterEncodingFilter.java:199)
	at org.springframework.web.filter.OncePerRequestFilter.doFilter(OncePerRequestFilter.java:116)
	at org.apache.catalina.core.ApplicationFilterChain.doFilter(ApplicationFilterChain.java:107)
	at org.apache.catalina.core.StandardWrapperValve.invoke(StandardWrapperValve.java:165)
	at org.apache.catalina.core.StandardContextValve.invoke(StandardContextValve.java:77)
	at org.apache.catalina.authenticator.AuthenticatorBase.invoke(AuthenticatorBase.java:492)
	at org.apache.catalina.core.StandardHostValve.invoke(StandardHostValve.java:113)
	at org.apache.catalina.valves.ErrorReportValve.invoke(ErrorReportValve.java:83)
	at org.apache.catalina.core.StandardEngineValve.invoke(StandardEngineValve.java:72)
	at org.apache.catalina.connector.CoyoteAdapter.service(CoyoteAdapter.java:341)
	at org.apache.coyote.http11.Http11Processor.service(Http11Processor.java:397)
	at org.apache.coyote.AbstractProcessorLight.process(AbstractProcessorLight.java:63)
	at org.apache.coyote.AbstractProtocol$ConnectionHandler.process(AbstractProtocol.java:903)
	at org.apache.tomcat.util.net.NioEndpoint$SocketProcessor.doRun(NioEndpoint.java:1801)
	at org.apache.tomcat.util.net.SocketProcessorBase.run(SocketProcessorBase.java:52)
	at org.apache.tomcat.util.threads.ThreadPoolExecutor.runWorker(ThreadPoolExecutor.java:946)
	at org.apache.tomcat.util.threads.ThreadPoolExecutor$Worker.run(ThreadPoolExecutor.java:480)
	at org.apache.tomcat.util.threads.TaskThread$WrappingRunnable.run(TaskThread.java:57)
	at java.base/java.lang.Thread.run(Thread.java:1583)
2026-06-08 06:03:44[INFO]com.abubakar.connectify.configuration.RequestLoggingFilter-PUT /api/v1/admin/reports/1/resolve | Status: 400
2026-06-08 06:04:07[INFO]com.abubakar.connectify.controller.AuthController-Login Api initiated for: asif@gmail.com
2026-06-08 06:04:07[DEBUG]com.abubakar.connectify.service.impl.AuthServiceImpl-Starting login | email: asif@gmail.com
2026-06-08 06:04:07[INFO]com.abubakar.connectify.service.impl.CustomUserDetailsService-Authentication request received for email: asif@gmail.com
2026-06-08 06:04:07[DEBUG]com.abubakar.connectify.service.impl.CustomUserDetailsService-User loaded successfully with email: asif@gmail.com and role: USER
2026-06-08 06:04:07[INFO]com.abubakar.connectify.security.JwtUtils-Generating token for user: asif@gmail.com
2026-06-08 06:04:07[INFO]com.abubakar.connectify.service.impl.RefreshTokenServiceImpl-Refresh token created/updated | userId: 2
2026-06-08 06:04:07[INFO]com.abubakar.connectify.service.impl.AuthServiceImpl-Login successful | userId: 2 | email: asif@gmail.com
2026-06-08 06:04:07[INFO]com.abubakar.connectify.configuration.RequestLoggingFilter-POST /api/v1/auth/login | Status: 200
2026-06-08 06:04:20[INFO]com.abubakar.connectify.service.impl.CustomUserDetailsService-Authentication request received for email: asif@gmail.com
2026-06-08 06:04:20[DEBUG]com.abubakar.connectify.service.impl.CustomUserDetailsService-User loaded successfully with email: asif@gmail.com and role: USER
2026-06-08 06:04:20[INFO]com.abubakar.connectify.security.JwtUtils-Token validation result for user asif@gmail.com : true
2026-06-08 06:04:20[INFO]com.abubakar.connectify.security.JwtFilter-User authenticated successfully: asif@gmail.com
2026-06-08 06:04:20[INFO]com.abubakar.connectify.controller.ReportController-Report user API called | userId: 6
2026-06-08 06:04:20[INFO]com.abubakar.connectify.service.impl.ReportServiceImpl-Reporting user | userId: 6
2026-06-08 06:04:20[DEBUG]com.abubakar.connectify.util.UserAccessValidator-Validating user access | userId: 2
2026-06-08 06:04:20[DEBUG]com.abubakar.connectify.util.UserAccessValidator-User validation successful | userId: 2
2026-06-08 06:04:20[DEBUG]com.abubakar.connectify.util.AuthUtil-Authenticated active user fetched successfully | userId: 2
2026-06-08 06:04:20[DEBUG]com.abubakar.connectify.util.UserAccessValidator-Validating user access | userId: 6
2026-06-08 06:04:20[DEBUG]com.abubakar.connectify.util.UserAccessValidator-User validation successful | userId: 6
2026-06-08 06:04:20[INFO]com.abubakar.connectify.service.impl.NotificationServiceImpl-Creating notification | receiverId: 6 | senderId: 2
2026-06-08 06:04:20[DEBUG]com.abubakar.connectify.util.UserAccessValidator-Validating user access | userId: 6
2026-06-08 06:04:20[DEBUG]com.abubakar.connectify.util.UserAccessValidator-User validation successful | userId: 6
2026-06-08 06:04:20[DEBUG]com.abubakar.connectify.util.UserAccessValidator-Validating user access | userId: 2
2026-06-08 06:04:20[DEBUG]com.abubakar.connectify.util.UserAccessValidator-User validation successful | userId: 2
2026-06-08 06:04:20[INFO]com.abubakar.connectify.service.impl.NotificationServiceImpl-Notification created successfully
| receiverId: 6
| senderId: 2
| type: USER_REPORTED

2026-06-08 06:04:20[INFO]com.abubakar.connectify.service.impl.NotificationServiceImpl-Creating notification | receiverId: 1 | senderId: 2
2026-06-08 06:04:20[DEBUG]com.abubakar.connectify.util.UserAccessValidator-Validating user access | userId: 1
2026-06-08 06:04:20[DEBUG]com.abubakar.connectify.util.UserAccessValidator-User validation successful | userId: 1
2026-06-08 06:04:20[DEBUG]com.abubakar.connectify.util.UserAccessValidator-Validating user access | userId: 2
2026-06-08 06:04:20[DEBUG]com.abubakar.connectify.util.UserAccessValidator-User validation successful | userId: 2
2026-06-08 06:04:20[INFO]com.abubakar.connectify.service.impl.NotificationServiceImpl-Notification created successfully
| receiverId: 1
| senderId: 2
| type: USER_REPORTED

2026-06-08 06:04:20[INFO]com.abubakar.connectify.service.impl.ReportServiceImpl-User reported successfully | targetUserId: 6 | reporterId: 2
2026-06-08 06:04:20[INFO]com.abubakar.connectify.configuration.RequestLoggingFilter-POST /api/v1/reports/user/6 | Status: 201
2026-06-08 06:04:29[INFO]com.abubakar.connectify.service.impl.CustomUserDetailsService-Authentication request received for email: asif@gmail.com
2026-06-08 06:04:29[DEBUG]com.abubakar.connectify.service.impl.CustomUserDetailsService-User loaded successfully with email: asif@gmail.com and role: USER
2026-06-08 06:04:29[INFO]com.abubakar.connectify.security.JwtUtils-Token validation result for user asif@gmail.com : true
2026-06-08 06:04:29[INFO]com.abubakar.connectify.security.JwtFilter-User authenticated successfully: asif@gmail.com
2026-06-08 06:04:29[INFO]com.abubakar.connectify.controller.ReportController-Get my reports API called
| status: null
| cursor: null
| size: 10

2026-06-08 06:04:29[DEBUG]com.abubakar.connectify.util.UserAccessValidator-Validating user access | userId: 2
2026-06-08 06:04:29[DEBUG]com.abubakar.connectify.util.UserAccessValidator-User validation successful | userId: 2
2026-06-08 06:04:29[DEBUG]com.abubakar.connectify.util.AuthUtil-Authenticated active user fetched successfully | userId: 2
2026-06-08 06:04:29[INFO]com.abubakar.connectify.service.impl.ReportServiceImpl-Fetching user reports
| userId: 2
| status: null
| cursor: null
| size: 10

2026-06-08 06:04:29[INFO]com.abubakar.connectify.service.impl.ReportServiceImpl-User reports fetched successfully
| userId: 2
| fetchedCount: 2
| nextCursor: 1

2026-06-08 06:04:29[INFO]com.abubakar.connectify.configuration.RequestLoggingFilter-GET /api/v1/reports/my-reports | Status: 200
2026-06-08 06:05:01[INFO]com.abubakar.connectify.controller.AuthController-Login Api initiated for: admin@gmail.com
2026-06-08 06:05:01[DEBUG]com.abubakar.connectify.service.impl.AuthServiceImpl-Starting login | email: admin@gmail.com
2026-06-08 06:05:01[INFO]com.abubakar.connectify.service.impl.CustomUserDetailsService-Authentication request received for email: admin@gmail.com
2026-06-08 06:05:01[DEBUG]com.abubakar.connectify.service.impl.CustomUserDetailsService-User loaded successfully with email: admin@gmail.com and role: ADMIN
2026-06-08 06:05:01[INFO]com.abubakar.connectify.security.JwtUtils-Generating token for user: admin@gmail.com
2026-06-08 06:05:01[INFO]com.abubakar.connectify.service.impl.RefreshTokenServiceImpl-Refresh token created/updated | userId: 1
2026-06-08 06:05:01[INFO]com.abubakar.connectify.service.impl.AuthServiceImpl-Login successful | userId: 1 | email: admin@gmail.com
2026-06-08 06:05:01[INFO]com.abubakar.connectify.configuration.RequestLoggingFilter-POST /api/v1/auth/login | Status: 200
2026-06-08 06:09:13[INFO]com.abubakar.connectify.service.impl.CustomUserDetailsService-Authentication request received for email: admin@gmail.com
2026-06-08 06:09:13[DEBUG]com.abubakar.connectify.service.impl.CustomUserDetailsService-User loaded successfully with email: admin@gmail.com and role: ADMIN
2026-06-08 06:09:13[INFO]com.abubakar.connectify.security.JwtUtils-Token validation result for user admin@gmail.com : true
2026-06-08 06:09:13[INFO]com.abubakar.connectify.security.JwtFilter-User authenticated successfully: admin@gmail.com
2026-06-08 06:09:13[INFO]com.abubakar.connectify.controller.AdminReportController-API request received | resolve report | reportId: 1
2026-06-08 06:09:13[DEBUG]com.abubakar.connectify.util.UserAccessValidator-Validating user access | userId: 1
2026-06-08 06:09:13[DEBUG]com.abubakar.connectify.util.UserAccessValidator-User validation successful | userId: 1
2026-06-08 06:09:13[DEBUG]com.abubakar.connectify.util.AuthUtil-Authenticated active user fetched successfully | userId: 1
2026-06-08 06:09:13[INFO]com.abubakar.connectify.service.impl.AdminReportServiceImpl-Resolve report request | reportId: 1
2026-06-08 06:09:13[DEBUG]com.abubakar.connectify.util.ReportAccessValidator-Fetching report | reportId: 1
2026-06-08 06:09:13[WARN]com.abubakar.connectify.service.impl.AdminReportServiceImpl-Resolve/Reject report failed
| reportId: 1
| adminId: 1
| currentStatus: REJECTED

2026-06-08 06:09:13[ERROR]com.abubakar.connectify.exception.GlobalExceptionHandler-Business exception occurred | errorCode: OPERATION_FAILED | status: 400 BAD_REQUEST | message: Report already rejected
com.abubakar.connectify.exception.OperationFailException: Report already rejected
	at com.abubakar.connectify.service.impl.AdminReportServiceImpl.validatePendingReport(AdminReportServiceImpl.java:583)
	at com.abubakar.connectify.service.impl.AdminReportServiceImpl.resolveReport(AdminReportServiceImpl.java:213)
	at java.base/jdk.internal.reflect.DirectMethodHandleAccessor.invoke(DirectMethodHandleAccessor.java:103)
	at java.base/java.lang.reflect.Method.invoke(Method.java:580)
	at org.springframework.aop.support.AopUtils.invokeJoinpointUsingReflection(AopUtils.java:359)
	at org.springframework.aop.framework.ReflectiveMethodInvocation.invokeJoinpoint(ReflectiveMethodInvocation.java:190)
	at org.springframework.aop.framework.ReflectiveMethodInvocation.proceed(ReflectiveMethodInvocation.java:158)
	at org.springframework.transaction.interceptor.TransactionInterceptor$1.proceedWithInvocation(TransactionInterceptor.java:133)
	at org.springframework.transaction.interceptor.TransactionAspectSupport.invokeWithinTransaction(TransactionAspectSupport.java:371)
	at org.springframework.transaction.interceptor.TransactionInterceptor.invoke(TransactionInterceptor.java:130)
	at org.springframework.aop.framework.ReflectiveMethodInvocation.proceed(ReflectiveMethodInvocation.java:179)
	at org.springframework.aop.framework.CglibAopProxy$DynamicAdvisedInterceptor.intercept(CglibAopProxy.java:719)
	at com.abubakar.connectify.service.impl.AdminReportServiceImpl$$SpringCGLIB$$0.resolveReport(<generated>)
	at com.abubakar.connectify.controller.AdminReportController.resolveReport(AdminReportController.java:105)
	at java.base/jdk.internal.reflect.DirectMethodHandleAccessor.invoke(DirectMethodHandleAccessor.java:103)
	at java.base/java.lang.reflect.Method.invoke(Method.java:580)
	at org.springframework.web.method.support.InvocableHandlerMethod.doInvoke(InvocableHandlerMethod.java:252)
	at org.springframework.web.method.support.InvocableHandlerMethod.invokeForRequest(InvocableHandlerMethod.java:184)
	at org.springframework.web.servlet.mvc.method.annotation.ServletInvocableHandlerMethod.invokeAndHandle(ServletInvocableHandlerMethod.java:117)
	at org.springframework.web.servlet.mvc.method.annotation.RequestMappingHandlerAdapter.invokeHandlerMethod(RequestMappingHandlerAdapter.java:934)
	at org.springframework.web.servlet.mvc.method.annotation.RequestMappingHandlerAdapter.handleInternal(RequestMappingHandlerAdapter.java:853)
	at org.springframework.web.servlet.mvc.method.AbstractHandlerMethodAdapter.handle(AbstractHandlerMethodAdapter.java:86)
	at org.springframework.web.servlet.DispatcherServlet.doDispatch(DispatcherServlet.java:963)
	at org.springframework.web.servlet.DispatcherServlet.doService(DispatcherServlet.java:866)
	at org.springframework.web.servlet.FrameworkServlet.processRequest(FrameworkServlet.java:1000)
	at org.springframework.web.servlet.FrameworkServlet.doPut(FrameworkServlet.java:914)
	at jakarta.servlet.http.HttpServlet.service(HttpServlet.java:650)
	at org.springframework.web.servlet.FrameworkServlet.service(FrameworkServlet.java:874)
	at jakarta.servlet.http.HttpServlet.service(HttpServlet.java:710)
	at org.apache.catalina.core.ApplicationFilterChain.doFilter(ApplicationFilterChain.java:128)
	at org.apache.tomcat.websocket.server.WsFilter.doFilter(WsFilter.java:53)
	at org.apache.catalina.core.ApplicationFilterChain.doFilter(ApplicationFilterChain.java:107)
	at org.springframework.web.filter.OncePerRequestFilter.doFilter(OncePerRequestFilter.java:110)
	at org.apache.catalina.core.ApplicationFilterChain.doFilter(ApplicationFilterChain.java:107)
	at org.springframework.web.filter.OncePerRequestFilter.doFilter(OncePerRequestFilter.java:110)
	at org.apache.catalina.core.ApplicationFilterChain.doFilter(ApplicationFilterChain.java:107)
	at com.abubakar.connectify.configuration.RequestLoggingFilter.doFilterInternal(RequestLoggingFilter.java:30)
	at org.springframework.web.filter.OncePerRequestFilter.doFilter(OncePerRequestFilter.java:116)
	at org.apache.catalina.core.ApplicationFilterChain.doFilter(ApplicationFilterChain.java:107)
	at org.springframework.web.filter.CompositeFilter$VirtualFilterChain.doFilter(CompositeFilter.java:108)
	at org.springframework.security.web.FilterChainProxy.lambda$doFilterInternal$3(FilterChainProxy.java:235)
	at org.springframework.security.web.FilterChainProxy$VirtualFilterChain.doFilter(FilterChainProxy.java:376)
	at org.springframework.security.web.access.intercept.AuthorizationFilter.doFilter(AuthorizationFilter.java:101)
	at org.springframework.security.web.FilterChainProxy$VirtualFilterChain.doFilter(FilterChainProxy.java:385)
	at org.springframework.security.web.access.ExceptionTranslationFilter.doFilter(ExceptionTranslationFilter.java:126)
	at org.springframework.security.web.access.ExceptionTranslationFilter.doFilter(ExceptionTranslationFilter.java:120)
	at org.springframework.security.web.FilterChainProxy$VirtualFilterChain.doFilter(FilterChainProxy.java:385)
	at org.springframework.security.web.session.SessionManagementFilter.doFilter(SessionManagementFilter.java:132)
	at org.springframework.security.web.session.SessionManagementFilter.doFilter(SessionManagementFilter.java:86)
	at org.springframework.security.web.FilterChainProxy$VirtualFilterChain.doFilter(FilterChainProxy.java:385)
	at org.springframework.security.web.authentication.AnonymousAuthenticationFilter.doFilter(AnonymousAuthenticationFilter.java:100)
	at org.springframework.security.web.FilterChainProxy$VirtualFilterChain.doFilter(FilterChainProxy.java:385)
	at org.springframework.security.web.servletapi.SecurityContextHolderAwareRequestFilter.doFilter(SecurityContextHolderAwareRequestFilter.java:181)
	at org.springframework.security.web.FilterChainProxy$VirtualFilterChain.doFilter(FilterChainProxy.java:385)
	at org.springframework.security.web.savedrequest.RequestCacheAwareFilter.doFilter(RequestCacheAwareFilter.java:63)
	at org.springframework.security.web.FilterChainProxy$VirtualFilterChain.doFilter(FilterChainProxy.java:385)
	at org.springframework.security.web.authentication.ui.DefaultLogoutPageGeneratingFilter.doFilterInternal(DefaultLogoutPageGeneratingFilter.java:60)
	at org.springframework.web.filter.OncePerRequestFilter.doFilter(OncePerRequestFilter.java:116)
	at org.springframework.security.web.FilterChainProxy$VirtualFilterChain.doFilter(FilterChainProxy.java:385)
	at org.springframework.security.web.authentication.ui.DefaultLoginPageGeneratingFilter.doFilter(DefaultLoginPageGeneratingFilter.java:246)
	at org.springframework.security.web.authentication.ui.DefaultLoginPageGeneratingFilter.doFilter(DefaultLoginPageGeneratingFilter.java:232)
	at org.springframework.security.web.FilterChainProxy$VirtualFilterChain.doFilter(FilterChainProxy.java:385)
	at org.springframework.security.web.authentication.ui.DefaultResourcesFilter.doFilter(DefaultResourcesFilter.java:73)
	at org.springframework.security.web.FilterChainProxy$VirtualFilterChain.doFilter(FilterChainProxy.java:385)
	at com.abubakar.connectify.security.JwtFilter.doFilterInternal(JwtFilter.java:141)
	at org.springframework.web.filter.OncePerRequestFilter.doFilter(OncePerRequestFilter.java:116)
	at org.springframework.security.web.FilterChainProxy$VirtualFilterChain.doFilter(FilterChainProxy.java:385)
	at org.springframework.security.web.authentication.AbstractAuthenticationProcessingFilter.doFilter(AbstractAuthenticationProcessingFilter.java:245)
	at org.springframework.security.web.authentication.AbstractAuthenticationProcessingFilter.doFilter(AbstractAuthenticationProcessingFilter.java:239)
	at org.springframework.security.web.FilterChainProxy$VirtualFilterChain.doFilter(FilterChainProxy.java:385)
	at org.springframework.security.oauth2.client.web.OAuth2AuthorizationRequestRedirectFilter.doFilterInternal(OAuth2AuthorizationRequestRedirectFilter.java:195)
	at org.springframework.web.filter.OncePerRequestFilter.doFilter(OncePerRequestFilter.java:116)
	at org.springframework.security.web.FilterChainProxy$VirtualFilterChain.doFilter(FilterChainProxy.java:385)
	at org.springframework.security.web.authentication.logout.LogoutFilter.doFilter(LogoutFilter.java:110)
	at org.springframework.security.web.authentication.logout.LogoutFilter.doFilter(LogoutFilter.java:96)
	at org.springframework.security.web.FilterChainProxy$VirtualFilterChain.doFilter(FilterChainProxy.java:385)
	at org.springframework.web.filter.CorsFilter.doFilterInternal(CorsFilter.java:91)
	at org.springframework.web.filter.OncePerRequestFilter.doFilter(OncePerRequestFilter.java:116)
	at org.springframework.security.web.FilterChainProxy$VirtualFilterChain.doFilter(FilterChainProxy.java:385)
	at org.springframework.security.web.header.HeaderWriterFilter.doHeadersAfter(HeaderWriterFilter.java:90)
	at org.springframework.security.web.header.HeaderWriterFilter.doFilterInternal(HeaderWriterFilter.java:75)
	at org.springframework.web.filter.OncePerRequestFilter.doFilter(OncePerRequestFilter.java:116)
	at org.springframework.security.web.FilterChainProxy$VirtualFilterChain.doFilter(FilterChainProxy.java:385)
	at org.springframework.security.web.context.SecurityContextHolderFilter.doFilter(SecurityContextHolderFilter.java:82)
	at org.springframework.security.web.context.SecurityContextHolderFilter.doFilter(SecurityContextHolderFilter.java:69)
	at org.springframework.security.web.FilterChainProxy$VirtualFilterChain.doFilter(FilterChainProxy.java:385)
	at org.springframework.security.web.context.request.async.WebAsyncManagerIntegrationFilter.doFilterInternal(WebAsyncManagerIntegrationFilter.java:62)
	at org.springframework.web.filter.OncePerRequestFilter.doFilter(OncePerRequestFilter.java:116)
	at org.springframework.security.web.FilterChainProxy$VirtualFilterChain.doFilter(FilterChainProxy.java:385)
	at org.springframework.security.web.session.DisableEncodeUrlFilter.doFilterInternal(DisableEncodeUrlFilter.java:42)
	at org.springframework.web.filter.OncePerRequestFilter.doFilter(OncePerRequestFilter.java:116)
	at org.springframework.security.web.FilterChainProxy$VirtualFilterChain.doFilter(FilterChainProxy.java:385)
	at org.springframework.security.web.FilterChainProxy.doFilterInternal(FilterChainProxy.java:237)
	at org.springframework.security.web.FilterChainProxy.doFilter(FilterChainProxy.java:195)
	at org.springframework.web.filter.CompositeFilter$VirtualFilterChain.doFilter(CompositeFilter.java:113)
	at org.springframework.web.filter.ServletRequestPathFilter.doFilter(ServletRequestPathFilter.java:52)
	at org.springframework.web.filter.CompositeFilter$VirtualFilterChain.doFilter(CompositeFilter.java:113)
	at org.springframework.web.filter.CompositeFilter.doFilter(CompositeFilter.java:74)
	at org.springframework.security.config.annotation.web.configuration.WebSecurityConfiguration$CompositeFilterChainProxy.doFilter(WebSecurityConfiguration.java:317)
	at org.springframework.web.filter.DelegatingFilterProxy.invokeDelegate(DelegatingFilterProxy.java:355)
	at org.springframework.web.filter.DelegatingFilterProxy.doFilter(DelegatingFilterProxy.java:272)
	at org.apache.catalina.core.ApplicationFilterChain.doFilter(ApplicationFilterChain.java:107)
	at org.springframework.web.filter.RequestContextFilter.doFilterInternal(RequestContextFilter.java:100)
	at org.springframework.web.filter.OncePerRequestFilter.doFilter(OncePerRequestFilter.java:116)
	at org.apache.catalina.core.ApplicationFilterChain.doFilter(ApplicationFilterChain.java:107)
	at org.springframework.web.filter.FormContentFilter.doFilterInternal(FormContentFilter.java:93)
	at org.springframework.web.filter.OncePerRequestFilter.doFilter(OncePerRequestFilter.java:116)
	at org.apache.catalina.core.ApplicationFilterChain.doFilter(ApplicationFilterChain.java:107)
	at org.springframework.web.filter.CharacterEncodingFilter.doFilterInternal(CharacterEncodingFilter.java:199)
	at org.springframework.web.filter.OncePerRequestFilter.doFilter(OncePerRequestFilter.java:116)
	at org.apache.catalina.core.ApplicationFilterChain.doFilter(ApplicationFilterChain.java:107)
	at org.apache.catalina.core.StandardWrapperValve.invoke(StandardWrapperValve.java:165)
	at org.apache.catalina.core.StandardContextValve.invoke(StandardContextValve.java:77)
	at org.apache.catalina.authenticator.AuthenticatorBase.invoke(AuthenticatorBase.java:492)
	at org.apache.catalina.core.StandardHostValve.invoke(StandardHostValve.java:113)
	at org.apache.catalina.valves.ErrorReportValve.invoke(ErrorReportValve.java:83)
	at org.apache.catalina.core.StandardEngineValve.invoke(StandardEngineValve.java:72)
	at org.apache.catalina.connector.CoyoteAdapter.service(CoyoteAdapter.java:341)
	at org.apache.coyote.http11.Http11Processor.service(Http11Processor.java:397)
	at org.apache.coyote.AbstractProcessorLight.process(AbstractProcessorLight.java:63)
	at org.apache.coyote.AbstractProtocol$ConnectionHandler.process(AbstractProtocol.java:903)
	at org.apache.tomcat.util.net.NioEndpoint$SocketProcessor.doRun(NioEndpoint.java:1801)
	at org.apache.tomcat.util.net.SocketProcessorBase.run(SocketProcessorBase.java:52)
	at org.apache.tomcat.util.threads.ThreadPoolExecutor.runWorker(ThreadPoolExecutor.java:946)
	at org.apache.tomcat.util.threads.ThreadPoolExecutor$Worker.run(ThreadPoolExecutor.java:480)
	at org.apache.tomcat.util.threads.TaskThread$WrappingRunnable.run(TaskThread.java:57)
	at java.base/java.lang.Thread.run(Thread.java:1583)
2026-06-08 06:09:13[INFO]com.abubakar.connectify.configuration.RequestLoggingFilter-PUT /api/v1/admin/reports/1/resolve | Status: 400
2026-06-08 06:09:27[INFO]com.abubakar.connectify.service.impl.CustomUserDetailsService-Authentication request received for email: admin@gmail.com
2026-06-08 06:09:27[DEBUG]com.abubakar.connectify.service.impl.CustomUserDetailsService-User loaded successfully with email: admin@gmail.com and role: ADMIN
2026-06-08 06:09:27[INFO]com.abubakar.connectify.security.JwtUtils-Token validation result for user admin@gmail.com : true
2026-06-08 06:09:27[INFO]com.abubakar.connectify.security.JwtFilter-User authenticated successfully: admin@gmail.com
2026-06-08 06:09:27[INFO]com.abubakar.connectify.controller.AdminReportController-API request received | resolve report | reportId: 2
2026-06-08 06:09:27[DEBUG]com.abubakar.connectify.util.UserAccessValidator-Validating user access | userId: 1
2026-06-08 06:09:27[DEBUG]com.abubakar.connectify.util.UserAccessValidator-User validation successful | userId: 1
2026-06-08 06:09:27[DEBUG]com.abubakar.connectify.util.AuthUtil-Authenticated active user fetched successfully | userId: 1
2026-06-08 06:09:27[INFO]com.abubakar.connectify.service.impl.AdminReportServiceImpl-Resolve report request | reportId: 2
2026-06-08 06:09:27[DEBUG]com.abubakar.connectify.util.ReportAccessValidator-Fetching report | reportId: 2
2026-06-08 06:09:27[INFO]com.abubakar.connectify.service.impl.NotificationServiceImpl-Creating notification | receiverId: 2 | senderId: 1
2026-06-08 06:09:27[DEBUG]com.abubakar.connectify.util.UserAccessValidator-Validating user access | userId: 2
2026-06-08 06:09:27[DEBUG]com.abubakar.connectify.util.UserAccessValidator-User validation successful | userId: 2
2026-06-08 06:09:27[DEBUG]com.abubakar.connectify.util.UserAccessValidator-Validating user access | userId: 1
2026-06-08 06:09:27[DEBUG]com.abubakar.connectify.util.UserAccessValidator-User validation successful | userId: 1
2026-06-08 06:09:27[INFO]com.abubakar.connectify.service.impl.NotificationServiceImpl-Notification created successfully
| receiverId: 2
| senderId: 1
| type: REPORT_RESOLVED

2026-06-08 06:09:27[INFO]com.abubakar.connectify.service.impl.AdminReportServiceImpl-Report resolved successfully
| reportId: 2
| adminId: 1

2026-06-08 06:09:27[INFO]com.abubakar.connectify.configuration.RequestLoggingFilter-PUT /api/v1/admin/reports/2/resolve | Status: 200
2026-06-08 06:09:30[INFO]com.abubakar.connectify.service.impl.CustomUserDetailsService-Authentication request received for email: admin@gmail.com
2026-06-08 06:09:30[DEBUG]com.abubakar.connectify.service.impl.CustomUserDetailsService-User loaded successfully with email: admin@gmail.com and role: ADMIN
2026-06-08 06:09:30[INFO]com.abubakar.connectify.security.JwtUtils-Token validation result for user admin@gmail.com : true
2026-06-08 06:09:30[INFO]com.abubakar.connectify.security.JwtFilter-User authenticated successfully: admin@gmail.com
2026-06-08 06:09:30[INFO]com.abubakar.connectify.controller.AdminReportController-API request received | resolve report | reportId: 2
2026-06-08 06:09:30[DEBUG]com.abubakar.connectify.util.UserAccessValidator-Validating user access | userId: 1
2026-06-08 06:09:30[DEBUG]com.abubakar.connectify.util.UserAccessValidator-User validation successful | userId: 1
2026-06-08 06:09:30[DEBUG]com.abubakar.connectify.util.AuthUtil-Authenticated active user fetched successfully | userId: 1
2026-06-08 06:09:30[INFO]com.abubakar.connectify.service.impl.AdminReportServiceImpl-Resolve report request | reportId: 2
2026-06-08 06:09:30[DEBUG]com.abubakar.connectify.util.ReportAccessValidator-Fetching report | reportId: 2
2026-06-08 06:09:30[WARN]com.abubakar.connectify.service.impl.AdminReportServiceImpl-Resolve/Reject report failed
| reportId: 2
| adminId: 1
| currentStatus: RESOLVED

2026-06-08 06:09:30[ERROR]com.abubakar.connectify.exception.GlobalExceptionHandler-Business exception occurred | errorCode: OPERATION_FAILED | status: 400 BAD_REQUEST | message: Report already resolved
com.abubakar.connectify.exception.OperationFailException: Report already resolved
	at com.abubakar.connectify.service.impl.AdminReportServiceImpl.validatePendingReport(AdminReportServiceImpl.java:564)
	at com.abubakar.connectify.service.impl.AdminReportServiceImpl.resolveReport(AdminReportServiceImpl.java:213)
	at java.base/jdk.internal.reflect.DirectMethodHandleAccessor.invoke(DirectMethodHandleAccessor.java:103)
	at java.base/java.lang.reflect.Method.invoke(Method.java:580)
	at org.springframework.aop.support.AopUtils.invokeJoinpointUsingReflection(AopUtils.java:359)
	at org.springframework.aop.framework.ReflectiveMethodInvocation.invokeJoinpoint(ReflectiveMethodInvocation.java:190)
	at org.springframework.aop.framework.ReflectiveMethodInvocation.proceed(ReflectiveMethodInvocation.java:158)
	at org.springframework.transaction.interceptor.TransactionInterceptor$1.proceedWithInvocation(TransactionInterceptor.java:133)
	at org.springframework.transaction.interceptor.TransactionAspectSupport.invokeWithinTransaction(TransactionAspectSupport.java:371)
	at org.springframework.transaction.interceptor.TransactionInterceptor.invoke(TransactionInterceptor.java:130)
	at org.springframework.aop.framework.ReflectiveMethodInvocation.proceed(ReflectiveMethodInvocation.java:179)
	at org.springframework.aop.framework.CglibAopProxy$DynamicAdvisedInterceptor.intercept(CglibAopProxy.java:719)
	at com.abubakar.connectify.service.impl.AdminReportServiceImpl$$SpringCGLIB$$0.resolveReport(<generated>)
	at com.abubakar.connectify.controller.AdminReportController.resolveReport(AdminReportController.java:105)
	at java.base/jdk.internal.reflect.DirectMethodHandleAccessor.invoke(DirectMethodHandleAccessor.java:103)
	at java.base/java.lang.reflect.Method.invoke(Method.java:580)
	at org.springframework.web.method.support.InvocableHandlerMethod.doInvoke(InvocableHandlerMethod.java:252)
	at org.springframework.web.method.support.InvocableHandlerMethod.invokeForRequest(InvocableHandlerMethod.java:184)
	at org.springframework.web.servlet.mvc.method.annotation.ServletInvocableHandlerMethod.invokeAndHandle(ServletInvocableHandlerMethod.java:117)
	at org.springframework.web.servlet.mvc.method.annotation.RequestMappingHandlerAdapter.invokeHandlerMethod(RequestMappingHandlerAdapter.java:934)
	at org.springframework.web.servlet.mvc.method.annotation.RequestMappingHandlerAdapter.handleInternal(RequestMappingHandlerAdapter.java:853)
	at org.springframework.web.servlet.mvc.method.AbstractHandlerMethodAdapter.handle(AbstractHandlerMethodAdapter.java:86)
	at org.springframework.web.servlet.DispatcherServlet.doDispatch(DispatcherServlet.java:963)
	at org.springframework.web.servlet.DispatcherServlet.doService(DispatcherServlet.java:866)
	at org.springframework.web.servlet.FrameworkServlet.processRequest(FrameworkServlet.java:1000)
	at org.springframework.web.servlet.FrameworkServlet.doPut(FrameworkServlet.java:914)
	at jakarta.servlet.http.HttpServlet.service(HttpServlet.java:650)
	at org.springframework.web.servlet.FrameworkServlet.service(FrameworkServlet.java:874)
	at jakarta.servlet.http.HttpServlet.service(HttpServlet.java:710)
	at org.apache.catalina.core.ApplicationFilterChain.doFilter(ApplicationFilterChain.java:128)
	at org.apache.tomcat.websocket.server.WsFilter.doFilter(WsFilter.java:53)
	at org.apache.catalina.core.ApplicationFilterChain.doFilter(ApplicationFilterChain.java:107)
	at org.springframework.web.filter.OncePerRequestFilter.doFilter(OncePerRequestFilter.java:110)
	at org.apache.catalina.core.ApplicationFilterChain.doFilter(ApplicationFilterChain.java:107)
	at org.springframework.web.filter.OncePerRequestFilter.doFilter(OncePerRequestFilter.java:110)
	at org.apache.catalina.core.ApplicationFilterChain.doFilter(ApplicationFilterChain.java:107)
	at com.abubakar.connectify.configuration.RequestLoggingFilter.doFilterInternal(RequestLoggingFilter.java:30)
	at org.springframework.web.filter.OncePerRequestFilter.doFilter(OncePerRequestFilter.java:116)
	at org.apache.catalina.core.ApplicationFilterChain.doFilter(ApplicationFilterChain.java:107)
	at org.springframework.web.filter.CompositeFilter$VirtualFilterChain.doFilter(CompositeFilter.java:108)
	at org.springframework.security.web.FilterChainProxy.lambda$doFilterInternal$3(FilterChainProxy.java:235)
	at org.springframework.security.web.FilterChainProxy$VirtualFilterChain.doFilter(FilterChainProxy.java:376)
	at org.springframework.security.web.access.intercept.AuthorizationFilter.doFilter(AuthorizationFilter.java:101)
	at org.springframework.security.web.FilterChainProxy$VirtualFilterChain.doFilter(FilterChainProxy.java:385)
	at org.springframework.security.web.access.ExceptionTranslationFilter.doFilter(ExceptionTranslationFilter.java:126)
	at org.springframework.security.web.access.ExceptionTranslationFilter.doFilter(ExceptionTranslationFilter.java:120)
	at org.springframework.security.web.FilterChainProxy$VirtualFilterChain.doFilter(FilterChainProxy.java:385)
	at org.springframework.security.web.session.SessionManagementFilter.doFilter(SessionManagementFilter.java:132)
	at org.springframework.security.web.session.SessionManagementFilter.doFilter(SessionManagementFilter.java:86)
	at org.springframework.security.web.FilterChainProxy$VirtualFilterChain.doFilter(FilterChainProxy.java:385)
	at org.springframework.security.web.authentication.AnonymousAuthenticationFilter.doFilter(AnonymousAuthenticationFilter.java:100)
	at org.springframework.security.web.FilterChainProxy$VirtualFilterChain.doFilter(FilterChainProxy.java:385)
	at org.springframework.security.web.servletapi.SecurityContextHolderAwareRequestFilter.doFilter(SecurityContextHolderAwareRequestFilter.java:181)
	at org.springframework.security.web.FilterChainProxy$VirtualFilterChain.doFilter(FilterChainProxy.java:385)
	at org.springframework.security.web.savedrequest.RequestCacheAwareFilter.doFilter(RequestCacheAwareFilter.java:63)
	at org.springframework.security.web.FilterChainProxy$VirtualFilterChain.doFilter(FilterChainProxy.java:385)
	at org.springframework.security.web.authentication.ui.DefaultLogoutPageGeneratingFilter.doFilterInternal(DefaultLogoutPageGeneratingFilter.java:60)
	at org.springframework.web.filter.OncePerRequestFilter.doFilter(OncePerRequestFilter.java:116)
	at org.springframework.security.web.FilterChainProxy$VirtualFilterChain.doFilter(FilterChainProxy.java:385)
	at org.springframework.security.web.authentication.ui.DefaultLoginPageGeneratingFilter.doFilter(DefaultLoginPageGeneratingFilter.java:246)
	at org.springframework.security.web.authentication.ui.DefaultLoginPageGeneratingFilter.doFilter(DefaultLoginPageGeneratingFilter.java:232)
	at org.springframework.security.web.FilterChainProxy$VirtualFilterChain.doFilter(FilterChainProxy.java:385)
	at org.springframework.security.web.authentication.ui.DefaultResourcesFilter.doFilter(DefaultResourcesFilter.java:73)
	at org.springframework.security.web.FilterChainProxy$VirtualFilterChain.doFilter(FilterChainProxy.java:385)
	at com.abubakar.connectify.security.JwtFilter.doFilterInternal(JwtFilter.java:141)
	at org.springframework.web.filter.OncePerRequestFilter.doFilter(OncePerRequestFilter.java:116)
	at org.springframework.security.web.FilterChainProxy$VirtualFilterChain.doFilter(FilterChainProxy.java:385)
	at org.springframework.security.web.authentication.AbstractAuthenticationProcessingFilter.doFilter(AbstractAuthenticationProcessingFilter.java:245)
	at org.springframework.security.web.authentication.AbstractAuthenticationProcessingFilter.doFilter(AbstractAuthenticationProcessingFilter.java:239)
	at org.springframework.security.web.FilterChainProxy$VirtualFilterChain.doFilter(FilterChainProxy.java:385)
	at org.springframework.security.oauth2.client.web.OAuth2AuthorizationRequestRedirectFilter.doFilterInternal(OAuth2AuthorizationRequestRedirectFilter.java:195)
	at org.springframework.web.filter.OncePerRequestFilter.doFilter(OncePerRequestFilter.java:116)
	at org.springframework.security.web.FilterChainProxy$VirtualFilterChain.doFilter(FilterChainProxy.java:385)
	at org.springframework.security.web.authentication.logout.LogoutFilter.doFilter(LogoutFilter.java:110)
	at org.springframework.security.web.authentication.logout.LogoutFilter.doFilter(LogoutFilter.java:96)
	at org.springframework.security.web.FilterChainProxy$VirtualFilterChain.doFilter(FilterChainProxy.java:385)
	at org.springframework.web.filter.CorsFilter.doFilterInternal(CorsFilter.java:91)
	at org.springframework.web.filter.OncePerRequestFilter.doFilter(OncePerRequestFilter.java:116)
	at org.springframework.security.web.FilterChainProxy$VirtualFilterChain.doFilter(FilterChainProxy.java:385)
	at org.springframework.security.web.header.HeaderWriterFilter.doHeadersAfter(HeaderWriterFilter.java:90)
	at org.springframework.security.web.header.HeaderWriterFilter.doFilterInternal(HeaderWriterFilter.java:75)
	at org.springframework.web.filter.OncePerRequestFilter.doFilter(OncePerRequestFilter.java:116)
	at org.springframework.security.web.FilterChainProxy$VirtualFilterChain.doFilter(FilterChainProxy.java:385)
	at org.springframework.security.web.context.SecurityContextHolderFilter.doFilter(SecurityContextHolderFilter.java:82)
	at org.springframework.security.web.context.SecurityContextHolderFilter.doFilter(SecurityContextHolderFilter.java:69)
	at org.springframework.security.web.FilterChainProxy$VirtualFilterChain.doFilter(FilterChainProxy.java:385)
	at org.springframework.security.web.context.request.async.WebAsyncManagerIntegrationFilter.doFilterInternal(WebAsyncManagerIntegrationFilter.java:62)
	at org.springframework.web.filter.OncePerRequestFilter.doFilter(OncePerRequestFilter.java:116)
	at org.springframework.security.web.FilterChainProxy$VirtualFilterChain.doFilter(FilterChainProxy.java:385)
	at org.springframework.security.web.session.DisableEncodeUrlFilter.doFilterInternal(DisableEncodeUrlFilter.java:42)
	at org.springframework.web.filter.OncePerRequestFilter.doFilter(OncePerRequestFilter.java:116)
	at org.springframework.security.web.FilterChainProxy$VirtualFilterChain.doFilter(FilterChainProxy.java:385)
	at org.springframework.security.web.FilterChainProxy.doFilterInternal(FilterChainProxy.java:237)
	at org.springframework.security.web.FilterChainProxy.doFilter(FilterChainProxy.java:195)
	at org.springframework.web.filter.CompositeFilter$VirtualFilterChain.doFilter(CompositeFilter.java:113)
	at org.springframework.web.filter.ServletRequestPathFilter.doFilter(ServletRequestPathFilter.java:52)
	at org.springframework.web.filter.CompositeFilter$VirtualFilterChain.doFilter(CompositeFilter.java:113)
	at org.springframework.web.filter.CompositeFilter.doFilter(CompositeFilter.java:74)
	at org.springframework.security.config.annotation.web.configuration.WebSecurityConfiguration$CompositeFilterChainProxy.doFilter(WebSecurityConfiguration.java:317)
	at org.springframework.web.filter.DelegatingFilterProxy.invokeDelegate(DelegatingFilterProxy.java:355)
	at org.springframework.web.filter.DelegatingFilterProxy.doFilter(DelegatingFilterProxy.java:272)
	at org.apache.catalina.core.ApplicationFilterChain.doFilter(ApplicationFilterChain.java:107)
	at org.springframework.web.filter.RequestContextFilter.doFilterInternal(RequestContextFilter.java:100)
	at org.springframework.web.filter.OncePerRequestFilter.doFilter(OncePerRequestFilter.java:116)
	at org.apache.catalina.core.ApplicationFilterChain.doFilter(ApplicationFilterChain.java:107)
	at org.springframework.web.filter.FormContentFilter.doFilterInternal(FormContentFilter.java:93)
	at org.springframework.web.filter.OncePerRequestFilter.doFilter(OncePerRequestFilter.java:116)
	at org.apache.catalina.core.ApplicationFilterChain.doFilter(ApplicationFilterChain.java:107)
	at org.springframework.web.filter.CharacterEncodingFilter.doFilterInternal(CharacterEncodingFilter.java:199)
	at org.springframework.web.filter.OncePerRequestFilter.doFilter(OncePerRequestFilter.java:116)
	at org.apache.catalina.core.ApplicationFilterChain.doFilter(ApplicationFilterChain.java:107)
	at org.apache.catalina.core.StandardWrapperValve.invoke(StandardWrapperValve.java:165)
	at org.apache.catalina.core.StandardContextValve.invoke(StandardContextValve.java:77)
	at org.apache.catalina.authenticator.AuthenticatorBase.invoke(AuthenticatorBase.java:492)
	at org.apache.catalina.core.StandardHostValve.invoke(StandardHostValve.java:113)
	at org.apache.catalina.valves.ErrorReportValve.invoke(ErrorReportValve.java:83)
	at org.apache.catalina.core.StandardEngineValve.invoke(StandardEngineValve.java:72)
	at org.apache.catalina.connector.CoyoteAdapter.service(CoyoteAdapter.java:341)
	at org.apache.coyote.http11.Http11Processor.service(Http11Processor.java:397)
	at org.apache.coyote.AbstractProcessorLight.process(AbstractProcessorLight.java:63)
	at org.apache.coyote.AbstractProtocol$ConnectionHandler.process(AbstractProtocol.java:903)
	at org.apache.tomcat.util.net.NioEndpoint$SocketProcessor.doRun(NioEndpoint.java:1801)
	at org.apache.tomcat.util.net.SocketProcessorBase.run(SocketProcessorBase.java:52)
	at org.apache.tomcat.util.threads.ThreadPoolExecutor.runWorker(ThreadPoolExecutor.java:946)
	at org.apache.tomcat.util.threads.ThreadPoolExecutor$Worker.run(ThreadPoolExecutor.java:480)
	at org.apache.tomcat.util.threads.TaskThread$WrappingRunnable.run(TaskThread.java:57)
	at java.base/java.lang.Thread.run(Thread.java:1583)
2026-06-08 06:09:30[INFO]com.abubakar.connectify.configuration.RequestLoggingFilter-PUT /api/v1/admin/reports/2/resolve | Status: 400
2026-06-08 06:09:49[INFO]com.abubakar.connectify.controller.AuthController-Login Api initiated for: ahmad@gmail.com
2026-06-08 06:09:49[DEBUG]com.abubakar.connectify.service.impl.AuthServiceImpl-Starting login | email: ahmad@gmail.com
2026-06-08 06:09:49[INFO]com.abubakar.connectify.service.impl.CustomUserDetailsService-Authentication request received for email: ahmad@gmail.com
2026-06-08 06:09:49[DEBUG]com.abubakar.connectify.service.impl.CustomUserDetailsService-User loaded successfully with email: ahmad@gmail.com and role: USER
2026-06-08 06:09:49[ERROR]com.abubakar.connectify.exception.GlobalExceptionHandler-Unexpected exception occurred | type: LockedException | message: User account is locked
org.springframework.security.authentication.LockedException: User account is locked
	at org.springframework.security.authentication.dao.AbstractUserDetailsAuthenticationProvider$DefaultPreAuthenticationChecks.check(AbstractUserDetailsAuthenticationProvider.java:374)
	at org.springframework.security.authentication.dao.AbstractUserDetailsAuthenticationProvider.performPreCheck(AbstractUserDetailsAuthenticationProvider.java:184)
	at org.springframework.security.authentication.dao.AbstractUserDetailsAuthenticationProvider.authenticate(AbstractUserDetailsAuthenticationProvider.java:159)
	at org.springframework.security.authentication.ProviderManager.authenticate(ProviderManager.java:183)
	at com.abubakar.connectify.service.impl.AuthServiceImpl.login(AuthServiceImpl.java:180)
	at java.base/jdk.internal.reflect.DirectMethodHandleAccessor.invoke(DirectMethodHandleAccessor.java:103)
	at java.base/java.lang.reflect.Method.invoke(Method.java:580)
	at org.springframework.aop.support.AopUtils.invokeJoinpointUsingReflection(AopUtils.java:359)
	at org.springframework.aop.framework.ReflectiveMethodInvocation.invokeJoinpoint(ReflectiveMethodInvocation.java:190)
	at org.springframework.aop.framework.ReflectiveMethodInvocation.proceed(ReflectiveMethodInvocation.java:158)
	at org.springframework.transaction.interceptor.TransactionInterceptor$1.proceedWithInvocation(TransactionInterceptor.java:133)
	at org.springframework.transaction.interceptor.TransactionAspectSupport.invokeWithinTransaction(TransactionAspectSupport.java:371)
	at org.springframework.transaction.interceptor.TransactionInterceptor.invoke(TransactionInterceptor.java:130)
	at org.springframework.aop.framework.ReflectiveMethodInvocation.proceed(ReflectiveMethodInvocation.java:179)
	at org.springframework.aop.framework.CglibAopProxy$DynamicAdvisedInterceptor.intercept(CglibAopProxy.java:719)
	at com.abubakar.connectify.service.impl.AuthServiceImpl$$SpringCGLIB$$0.login(<generated>)
	at com.abubakar.connectify.controller.AuthController.login(AuthController.java:70)
	at java.base/jdk.internal.reflect.DirectMethodHandleAccessor.invoke(DirectMethodHandleAccessor.java:103)
	at java.base/java.lang.reflect.Method.invoke(Method.java:580)
	at org.springframework.web.method.support.InvocableHandlerMethod.doInvoke(InvocableHandlerMethod.java:252)
	at org.springframework.web.method.support.InvocableHandlerMethod.invokeForRequest(InvocableHandlerMethod.java:184)
	at org.springframework.web.servlet.mvc.method.annotation.ServletInvocableHandlerMethod.invokeAndHandle(ServletInvocableHandlerMethod.java:117)
	at org.springframework.web.servlet.mvc.method.annotation.RequestMappingHandlerAdapter.invokeHandlerMethod(RequestMappingHandlerAdapter.java:934)
	at org.springframework.web.servlet.mvc.method.annotation.RequestMappingHandlerAdapter.handleInternal(RequestMappingHandlerAdapter.java:853)
	at org.springframework.web.servlet.mvc.method.AbstractHandlerMethodAdapter.handle(AbstractHandlerMethodAdapter.java:86)
	at org.springframework.web.servlet.DispatcherServlet.doDispatch(DispatcherServlet.java:963)
	at org.springframework.web.servlet.DispatcherServlet.doService(DispatcherServlet.java:866)
	at org.springframework.web.servlet.FrameworkServlet.processRequest(FrameworkServlet.java:1000)
	at org.springframework.web.servlet.FrameworkServlet.doPost(FrameworkServlet.java:903)
	at jakarta.servlet.http.HttpServlet.service(HttpServlet.java:649)
	at org.springframework.web.servlet.FrameworkServlet.service(FrameworkServlet.java:874)
	at jakarta.servlet.http.HttpServlet.service(HttpServlet.java:710)
	at org.apache.catalina.core.ApplicationFilterChain.doFilter(ApplicationFilterChain.java:128)
	at org.apache.tomcat.websocket.server.WsFilter.doFilter(WsFilter.java:53)
	at org.apache.catalina.core.ApplicationFilterChain.doFilter(ApplicationFilterChain.java:107)
	at org.springframework.web.filter.OncePerRequestFilter.doFilter(OncePerRequestFilter.java:110)
	at org.apache.catalina.core.ApplicationFilterChain.doFilter(ApplicationFilterChain.java:107)
	at org.springframework.web.filter.OncePerRequestFilter.doFilter(OncePerRequestFilter.java:110)
	at org.apache.catalina.core.ApplicationFilterChain.doFilter(ApplicationFilterChain.java:107)
	at com.abubakar.connectify.configuration.RequestLoggingFilter.doFilterInternal(RequestLoggingFilter.java:30)
	at org.springframework.web.filter.OncePerRequestFilter.doFilter(OncePerRequestFilter.java:116)
	at org.apache.catalina.core.ApplicationFilterChain.doFilter(ApplicationFilterChain.java:107)
	at org.springframework.web.filter.CompositeFilter$VirtualFilterChain.doFilter(CompositeFilter.java:108)
	at org.springframework.security.web.FilterChainProxy.lambda$doFilterInternal$3(FilterChainProxy.java:235)
	at org.springframework.security.web.FilterChainProxy$VirtualFilterChain.doFilter(FilterChainProxy.java:376)
	at org.springframework.security.web.access.intercept.AuthorizationFilter.doFilter(AuthorizationFilter.java:101)
	at org.springframework.security.web.FilterChainProxy$VirtualFilterChain.doFilter(FilterChainProxy.java:385)
	at org.springframework.security.web.access.ExceptionTranslationFilter.doFilter(ExceptionTranslationFilter.java:126)
	at org.springframework.security.web.access.ExceptionTranslationFilter.doFilter(ExceptionTranslationFilter.java:120)
	at org.springframework.security.web.FilterChainProxy$VirtualFilterChain.doFilter(FilterChainProxy.java:385)
	at org.springframework.security.web.session.SessionManagementFilter.doFilter(SessionManagementFilter.java:132)
	at org.springframework.security.web.session.SessionManagementFilter.doFilter(SessionManagementFilter.java:86)
	at org.springframework.security.web.FilterChainProxy$VirtualFilterChain.doFilter(FilterChainProxy.java:385)
	at org.springframework.security.web.authentication.AnonymousAuthenticationFilter.doFilter(AnonymousAuthenticationFilter.java:100)
	at org.springframework.security.web.FilterChainProxy$VirtualFilterChain.doFilter(FilterChainProxy.java:385)
	at org.springframework.security.web.servletapi.SecurityContextHolderAwareRequestFilter.doFilter(SecurityContextHolderAwareRequestFilter.java:181)
	at org.springframework.security.web.FilterChainProxy$VirtualFilterChain.doFilter(FilterChainProxy.java:385)
	at org.springframework.security.web.savedrequest.RequestCacheAwareFilter.doFilter(RequestCacheAwareFilter.java:63)
	at org.springframework.security.web.FilterChainProxy$VirtualFilterChain.doFilter(FilterChainProxy.java:385)
	at org.springframework.security.web.authentication.ui.DefaultLogoutPageGeneratingFilter.doFilterInternal(DefaultLogoutPageGeneratingFilter.java:60)
	at org.springframework.web.filter.OncePerRequestFilter.doFilter(OncePerRequestFilter.java:116)
	at org.springframework.security.web.FilterChainProxy$VirtualFilterChain.doFilter(FilterChainProxy.java:385)
	at org.springframework.security.web.authentication.ui.DefaultLoginPageGeneratingFilter.doFilter(DefaultLoginPageGeneratingFilter.java:246)
	at org.springframework.security.web.authentication.ui.DefaultLoginPageGeneratingFilter.doFilter(DefaultLoginPageGeneratingFilter.java:232)
	at org.springframework.security.web.FilterChainProxy$VirtualFilterChain.doFilter(FilterChainProxy.java:385)
	at org.springframework.security.web.authentication.ui.DefaultResourcesFilter.doFilter(DefaultResourcesFilter.java:73)
	at org.springframework.security.web.FilterChainProxy$VirtualFilterChain.doFilter(FilterChainProxy.java:385)
	at com.abubakar.connectify.security.JwtFilter.doFilterInternal(JwtFilter.java:58)
	at org.springframework.web.filter.OncePerRequestFilter.doFilter(OncePerRequestFilter.java:116)
	at org.springframework.security.web.FilterChainProxy$VirtualFilterChain.doFilter(FilterChainProxy.java:385)
	at org.springframework.security.web.authentication.AbstractAuthenticationProcessingFilter.doFilter(AbstractAuthenticationProcessingFilter.java:245)
	at org.springframework.security.web.authentication.AbstractAuthenticationProcessingFilter.doFilter(AbstractAuthenticationProcessingFilter.java:239)
	at org.springframework.security.web.FilterChainProxy$VirtualFilterChain.doFilter(FilterChainProxy.java:385)
	at org.springframework.security.oauth2.client.web.OAuth2AuthorizationRequestRedirectFilter.doFilterInternal(OAuth2AuthorizationRequestRedirectFilter.java:195)
	at org.springframework.web.filter.OncePerRequestFilter.doFilter(OncePerRequestFilter.java:116)
	at org.springframework.security.web.FilterChainProxy$VirtualFilterChain.doFilter(FilterChainProxy.java:385)
	at org.springframework.security.web.authentication.logout.LogoutFilter.doFilter(LogoutFilter.java:110)
	at org.springframework.security.web.authentication.logout.LogoutFilter.doFilter(LogoutFilter.java:96)
	at org.springframework.security.web.FilterChainProxy$VirtualFilterChain.doFilter(FilterChainProxy.java:385)
	at org.springframework.web.filter.CorsFilter.doFilterInternal(CorsFilter.java:91)
	at org.springframework.web.filter.OncePerRequestFilter.doFilter(OncePerRequestFilter.java:116)
	at org.springframework.security.web.FilterChainProxy$VirtualFilterChain.doFilter(FilterChainProxy.java:385)
	at org.springframework.security.web.header.HeaderWriterFilter.doHeadersAfter(HeaderWriterFilter.java:90)
	at org.springframework.security.web.header.HeaderWriterFilter.doFilterInternal(HeaderWriterFilter.java:75)
	at org.springframework.web.filter.OncePerRequestFilter.doFilter(OncePerRequestFilter.java:116)
	at org.springframework.security.web.FilterChainProxy$VirtualFilterChain.doFilter(FilterChainProxy.java:385)
	at org.springframework.security.web.context.SecurityContextHolderFilter.doFilter(SecurityContextHolderFilter.java:82)
	at org.springframework.security.web.context.SecurityContextHolderFilter.doFilter(SecurityContextHolderFilter.java:69)
	at org.springframework.security.web.FilterChainProxy$VirtualFilterChain.doFilter(FilterChainProxy.java:385)
	at org.springframework.security.web.context.request.async.WebAsyncManagerIntegrationFilter.doFilterInternal(WebAsyncManagerIntegrationFilter.java:62)
	at org.springframework.web.filter.OncePerRequestFilter.doFilter(OncePerRequestFilter.java:116)
	at org.springframework.security.web.FilterChainProxy$VirtualFilterChain.doFilter(FilterChainProxy.java:385)
	at org.springframework.security.web.session.DisableEncodeUrlFilter.doFilterInternal(DisableEncodeUrlFilter.java:42)
	at org.springframework.web.filter.OncePerRequestFilter.doFilter(OncePerRequestFilter.java:116)
	at org.springframework.security.web.FilterChainProxy$VirtualFilterChain.doFilter(FilterChainProxy.java:385)
	at org.springframework.security.web.FilterChainProxy.doFilterInternal(FilterChainProxy.java:237)
	at org.springframework.security.web.FilterChainProxy.doFilter(FilterChainProxy.java:195)
	at org.springframework.web.filter.CompositeFilter$VirtualFilterChain.doFilter(CompositeFilter.java:113)
	at org.springframework.web.filter.ServletRequestPathFilter.doFilter(ServletRequestPathFilter.java:52)
	at org.springframework.web.filter.CompositeFilter$VirtualFilterChain.doFilter(CompositeFilter.java:113)
	at org.springframework.web.filter.CompositeFilter.doFilter(CompositeFilter.java:74)
	at org.springframework.security.config.annotation.web.configuration.WebSecurityConfiguration$CompositeFilterChainProxy.doFilter(WebSecurityConfiguration.java:317)
	at org.springframework.web.filter.DelegatingFilterProxy.invokeDelegate(DelegatingFilterProxy.java:355)
	at org.springframework.web.filter.DelegatingFilterProxy.doFilter(DelegatingFilterProxy.java:272)
	at org.apache.catalina.core.ApplicationFilterChain.doFilter(ApplicationFilterChain.java:107)
	at org.springframework.web.filter.RequestContextFilter.doFilterInternal(RequestContextFilter.java:100)
	at org.springframework.web.filter.OncePerRequestFilter.doFilter(OncePerRequestFilter.java:116)
	at org.apache.catalina.core.ApplicationFilterChain.doFilter(ApplicationFilterChain.java:107)
	at org.springframework.web.filter.FormContentFilter.doFilterInternal(FormContentFilter.java:93)
	at org.springframework.web.filter.OncePerRequestFilter.doFilter(OncePerRequestFilter.java:116)
	at org.apache.catalina.core.ApplicationFilterChain.doFilter(ApplicationFilterChain.java:107)
	at org.springframework.web.filter.CharacterEncodingFilter.doFilterInternal(CharacterEncodingFilter.java:199)
	at org.springframework.web.filter.OncePerRequestFilter.doFilter(OncePerRequestFilter.java:116)
	at org.apache.catalina.core.ApplicationFilterChain.doFilter(ApplicationFilterChain.java:107)
	at org.apache.catalina.core.StandardWrapperValve.invoke(StandardWrapperValve.java:165)
	at org.apache.catalina.core.StandardContextValve.invoke(StandardContextValve.java:77)
	at org.apache.catalina.authenticator.AuthenticatorBase.invoke(AuthenticatorBase.java:492)
	at org.apache.catalina.core.StandardHostValve.invoke(StandardHostValve.java:113)
	at org.apache.catalina.valves.ErrorReportValve.invoke(ErrorReportValve.java:83)
	at org.apache.catalina.core.StandardEngineValve.invoke(StandardEngineValve.java:72)
	at org.apache.catalina.connector.CoyoteAdapter.service(CoyoteAdapter.java:341)
	at org.apache.coyote.http11.Http11Processor.service(Http11Processor.java:397)
	at org.apache.coyote.AbstractProcessorLight.process(AbstractProcessorLight.java:63)
	at org.apache.coyote.AbstractProtocol$ConnectionHandler.process(AbstractProtocol.java:903)
	at org.apache.tomcat.util.net.NioEndpoint$SocketProcessor.doRun(NioEndpoint.java:1801)
	at org.apache.tomcat.util.net.SocketProcessorBase.run(SocketProcessorBase.java:52)
	at org.apache.tomcat.util.threads.ThreadPoolExecutor.runWorker(ThreadPoolExecutor.java:946)
	at org.apache.tomcat.util.threads.ThreadPoolExecutor$Worker.run(ThreadPoolExecutor.java:480)
	at org.apache.tomcat.util.threads.TaskThread$WrappingRunnable.run(TaskThread.java:57)
	at java.base/java.lang.Thread.run(Thread.java:1583)
2026-06-08 06:09:49[INFO]com.abubakar.connectify.configuration.RequestLoggingFilter-POST /api/v1/auth/login | Status: 500
2026-06-08 06:10:05[INFO]com.abubakar.connectify.scheduler.StoryCleanupScheduler-Running story cleanup job
2026-06-08 06:10:05[INFO]com.abubakar.connectify.scheduler.StoryCleanupScheduler-Expired stories found: 0
2026-06-08 06:10:05[INFO]com.abubakar.connectify.scheduler.StoryCleanupScheduler-Story cleanup completed
2026-06-08 06:10:06[INFO]com.abubakar.connectify.controller.AuthController-Unban appeal api initiated | userId: 6
2026-06-08 06:10:06[DEBUG]com.abubakar.connectify.util.UserAccessValidator-Validating user access | userId: 6
2026-06-08 06:10:06[DEBUG]com.abubakar.connectify.util.UserAccessValidator-User validation successful | userId: 6
2026-06-08 06:10:06[DEBUG]com.abubakar.connectify.service.impl.AuthServiceImpl-Starting unban appeal request | userId: 6
2026-06-08 06:10:06[INFO]com.abubakar.connectify.service.impl.AuthServiceImpl-Unban appeal submitted successfully | userId: 6
2026-06-08 06:10:06[INFO]com.abubakar.connectify.configuration.RequestLoggingFilter-POST /api/v1/auth/unban-request/6 | Status: 200
2026-06-08 06:10:27[INFO]com.abubakar.connectify.controller.AuthController-Login Api initiated for: admin@gmail.com
2026-06-08 06:10:27[DEBUG]com.abubakar.connectify.service.impl.AuthServiceImpl-Starting login | email: admin@gmail.com
2026-06-08 06:10:27[INFO]com.abubakar.connectify.service.impl.CustomUserDetailsService-Authentication request received for email: admin@gmail.com
2026-06-08 06:10:27[DEBUG]com.abubakar.connectify.service.impl.CustomUserDetailsService-User loaded successfully with email: admin@gmail.com and role: ADMIN
2026-06-08 06:10:27[INFO]com.abubakar.connectify.security.JwtUtils-Generating token for user: admin@gmail.com
2026-06-08 06:10:27[INFO]com.abubakar.connectify.service.impl.RefreshTokenServiceImpl-Refresh token created/updated | userId: 1
2026-06-08 06:10:27[INFO]com.abubakar.connectify.service.impl.AuthServiceImpl-Login successful | userId: 1 | email: admin@gmail.com
2026-06-08 06:10:27[INFO]com.abubakar.connectify.configuration.RequestLoggingFilter-POST /api/v1/auth/login | Status: 200
2026-06-08 06:10:47[INFO]com.abubakar.connectify.service.impl.CustomUserDetailsService-Authentication request received for email: admin@gmail.com
2026-06-08 06:10:47[DEBUG]com.abubakar.connectify.service.impl.CustomUserDetailsService-User loaded successfully with email: admin@gmail.com and role: ADMIN
2026-06-08 06:10:47[INFO]com.abubakar.connectify.security.JwtUtils-Token validation result for user admin@gmail.com : true
2026-06-08 06:10:47[INFO]com.abubakar.connectify.security.JwtFilter-User authenticated successfully: admin@gmail.com
2026-06-08 06:10:47[INFO]com.abubakar.connectify.controller.AdminUserController-Admin approve user unban API called | userId: 6
2026-06-08 06:10:47[DEBUG]com.abubakar.connectify.util.UserAccessValidator-Validating user access | userId: 1
2026-06-08 06:10:47[DEBUG]com.abubakar.connectify.util.UserAccessValidator-User validation successful | userId: 1
2026-06-08 06:10:47[DEBUG]com.abubakar.connectify.util.AuthUtil-Authenticated active user fetched successfully | userId: 1
2026-06-08 06:10:47[DEBUG]com.abubakar.connectify.service.impl.AdminUserServiceImpl-Approve unban request initiated | adminId: 1 | targetUserId: 6
2026-06-08 06:10:47[DEBUG]com.abubakar.connectify.util.UserAccessValidator-Validating user access | userId: 6
2026-06-08 06:10:47[DEBUG]com.abubakar.connectify.util.UserAccessValidator-User validation successful | userId: 6
2026-06-08 06:10:47[INFO]com.abubakar.connectify.service.impl.NotificationServiceImpl-Creating system notification | receiverId: 6 | senderId: 1
2026-06-08 06:10:47[DEBUG]com.abubakar.connectify.util.UserAccessValidator-Validating user access | userId: 6
2026-06-08 06:10:47[DEBUG]com.abubakar.connectify.util.UserAccessValidator-User validation successful | userId: 6
2026-06-08 06:10:47[DEBUG]com.abubakar.connectify.util.UserAccessValidator-Validating user access | userId: 1
2026-06-08 06:10:47[DEBUG]com.abubakar.connectify.util.UserAccessValidator-User validation successful | userId: 1
2026-06-08 06:10:47[INFO]com.abubakar.connectify.service.impl.NotificationServiceImpl-System notification created successfully | receiverId: 6
2026-06-08 06:10:47[INFO]com.abubakar.connectify.service.impl.AdminUserServiceImpl-Unban request approved successfully | adminId: 1 | targetUserId: 6
2026-06-08 06:10:47[INFO]com.abubakar.connectify.configuration.RequestLoggingFilter-PATCH /api/v1/admin/users/6/unban/approve | Status: 200
2026-06-08 06:11:12[INFO]com.abubakar.connectify.controller.AuthController-Login Api initiated for: ahmad@gmail.com
2026-06-08 06:11:12[DEBUG]com.abubakar.connectify.service.impl.AuthServiceImpl-Starting login | email: ahmad@gmail.com
2026-06-08 06:11:12[INFO]com.abubakar.connectify.service.impl.CustomUserDetailsService-Authentication request received for email: ahmad@gmail.com
2026-06-08 06:11:12[DEBUG]com.abubakar.connectify.service.impl.CustomUserDetailsService-User loaded successfully with email: ahmad@gmail.com and role: USER
2026-06-08 06:11:12[INFO]com.abubakar.connectify.security.JwtUtils-Generating token for user: ahmad@gmail.com
2026-06-08 06:11:12[INFO]com.abubakar.connectify.service.impl.RefreshTokenServiceImpl-Refresh token created/updated | userId: 6
2026-06-08 06:11:12[INFO]com.abubakar.connectify.service.impl.AuthServiceImpl-Login successful | userId: 6 | email: ahmad@gmail.com
2026-06-08 06:11:12[INFO]com.abubakar.connectify.configuration.RequestLoggingFilter-POST /api/v1/auth/login | Status: 200
2026-06-08 06:12:19[INFO]com.abubakar.connectify.service.impl.CustomUserDetailsService-Authentication request received for email: ahmad@gmail.com
2026-06-08 06:12:19[DEBUG]com.abubakar.connectify.service.impl.CustomUserDetailsService-User loaded successfully with email: ahmad@gmail.com and role: USER
2026-06-08 06:12:19[INFO]com.abubakar.connectify.security.JwtUtils-Token validation result for user ahmad@gmail.com : true
2026-06-08 06:12:19[INFO]com.abubakar.connectify.security.JwtFilter-User authenticated successfully: ahmad@gmail.com
2026-06-08 06:12:19[INFO]com.abubakar.connectify.controller.PostController-Get feed API called | cursor: null | size: 10
2026-06-08 06:12:19[INFO]com.abubakar.connectify.service.impl.PostServiceImpl-Fetching personalized feed
2026-06-08 06:12:19[DEBUG]com.abubakar.connectify.util.UserAccessValidator-Validating user access | userId: 6
2026-06-08 06:12:19[DEBUG]com.abubakar.connectify.util.UserAccessValidator-User validation successful | userId: 6
2026-06-08 06:12:19[DEBUG]com.abubakar.connectify.util.AuthUtil-Authenticated active user fetched successfully | userId: 6
2026-06-08 06:12:19[INFO]com.abubakar.connectify.service.impl.PostServiceImpl-Fetching personalized feed | userId: 6 | cursor: null | size: 10
2026-06-08 06:12:19[DEBUG]com.abubakar.connectify.service.impl.PostServiceImpl-Collected following users | userId: 6 | followingCount: 0
2026-06-08 06:12:19[DEBUG]com.abubakar.connectify.service.impl.PostServiceImpl-Fetching first page of feed
2026-06-08 06:12:19[INFO]com.abubakar.connectify.service.impl.PostServiceImpl-Feed fetched successfully | resultCount: 0
2026-06-08 06:12:19[INFO]com.abubakar.connectify.controller.PostController-Feed fetched successfully
2026-06-08 06:12:19[INFO]com.abubakar.connectify.configuration.RequestLoggingFilter-GET /api/v1/posts | Status: 200
2026-06-08 06:12:46[INFO]com.abubakar.connectify.service.impl.CustomUserDetailsService-Authentication request received for email: ahmad@gmail.com
2026-06-08 06:12:46[DEBUG]com.abubakar.connectify.service.impl.CustomUserDetailsService-User loaded successfully with email: ahmad@gmail.com and role: USER
2026-06-08 06:12:46[INFO]com.abubakar.connectify.security.JwtUtils-Token validation result for user ahmad@gmail.com : true
2026-06-08 06:12:46[INFO]com.abubakar.connectify.security.JwtFilter-User authenticated successfully: ahmad@gmail.com
2026-06-08 06:12:46[INFO]com.abubakar.connectify.controller.PostController-Get single post API called | postId: 1
2026-06-08 06:12:46[DEBUG]com.abubakar.connectify.util.UserAccessValidator-Validating user access | userId: 6
2026-06-08 06:12:46[DEBUG]com.abubakar.connectify.util.UserAccessValidator-User validation successful | userId: 6
2026-06-08 06:12:46[DEBUG]com.abubakar.connectify.util.AuthUtil-Authenticated active user fetched successfully | userId: 6
2026-06-08 06:12:46[INFO]com.abubakar.connectify.service.impl.PostServiceImpl-Fetching single post | postId: 1
2026-06-08 06:12:46[DEBUG]com.abubakar.connectify.util.PostAccessValidator-Validating active post access | postId: 1
2026-06-08 06:12:46[DEBUG]com.abubakar.connectify.util.PostAccessValidator-Fetching post | postId: 1
2026-06-08 06:12:46[DEBUG]com.abubakar.connectify.util.PostAccessValidator-Active post validation successful | postId: 1
2026-06-08 06:12:46[DEBUG]com.abubakar.connectify.service.impl.PostServiceImpl-Post fetched successfully | postId: 1
2026-06-08 06:12:46[INFO]com.abubakar.connectify.configuration.RequestLoggingFilter-GET /api/v1/posts/1 | Status: 200
2026-06-08 06:14:13[INFO]com.abubakar.connectify.service.impl.CustomUserDetailsService-Authentication request received for email: ahmad@gmail.com
2026-06-08 06:14:13[DEBUG]com.abubakar.connectify.service.impl.CustomUserDetailsService-User loaded successfully with email: ahmad@gmail.com and role: USER
2026-06-08 06:14:13[INFO]com.abubakar.connectify.security.JwtUtils-Token validation result for user ahmad@gmail.com : true
2026-06-08 06:14:13[INFO]com.abubakar.connectify.security.JwtFilter-User authenticated successfully: ahmad@gmail.com
2026-06-08 06:14:13[INFO]com.abubakar.connectify.controller.ReportController-Report post API called | postId: 1
2026-06-08 06:14:13[INFO]com.abubakar.connectify.service.impl.ReportServiceImpl-Reporting post | postId: 1
2026-06-08 06:14:13[DEBUG]com.abubakar.connectify.util.UserAccessValidator-Validating user access | userId: 6
2026-06-08 06:14:13[DEBUG]com.abubakar.connectify.util.UserAccessValidator-User validation successful | userId: 6
2026-06-08 06:14:13[DEBUG]com.abubakar.connectify.util.AuthUtil-Authenticated active user fetched successfully | userId: 6
2026-06-08 06:14:13[INFO]com.abubakar.connectify.service.impl.ReportServiceImpl-Reporting post | postId: 1 | reporterId: 6
2026-06-08 06:14:13[DEBUG]com.abubakar.connectify.util.PostAccessValidator-Validating active post access | postId: 1
2026-06-08 06:14:13[DEBUG]com.abubakar.connectify.util.PostAccessValidator-Fetching post | postId: 1
2026-06-08 06:14:13[DEBUG]com.abubakar.connectify.util.PostAccessValidator-Active post validation successful | postId: 1
2026-06-08 06:14:13[INFO]com.abubakar.connectify.service.impl.NotificationServiceImpl-Creating notification | receiverId: 3 | senderId: 6
2026-06-08 06:14:13[DEBUG]com.abubakar.connectify.util.UserAccessValidator-Validating user access | userId: 3
2026-06-08 06:14:13[DEBUG]com.abubakar.connectify.util.UserAccessValidator-User validation successful | userId: 3
2026-06-08 06:14:13[DEBUG]com.abubakar.connectify.util.UserAccessValidator-Validating user access | userId: 6
2026-06-08 06:14:13[DEBUG]com.abubakar.connectify.util.UserAccessValidator-User validation successful | userId: 6
2026-06-08 06:14:13[DEBUG]com.abubakar.connectify.util.PostAccessValidator-Validating active post access | postId: 1
2026-06-08 06:14:13[DEBUG]com.abubakar.connectify.util.PostAccessValidator-Fetching post | postId: 1
2026-06-08 06:14:13[DEBUG]com.abubakar.connectify.util.PostAccessValidator-Active post validation successful | postId: 1
2026-06-08 06:14:13[INFO]com.abubakar.connectify.service.impl.NotificationServiceImpl-Notification created successfully
| receiverId: 3
| senderId: 6
| type: POST_REPORTED

2026-06-08 06:14:13[INFO]com.abubakar.connectify.service.impl.NotificationServiceImpl-Creating notification | receiverId: 1 | senderId: 6
2026-06-08 06:14:13[DEBUG]com.abubakar.connectify.util.UserAccessValidator-Validating user access | userId: 1
2026-06-08 06:14:13[DEBUG]com.abubakar.connectify.util.UserAccessValidator-User validation successful | userId: 1
2026-06-08 06:14:13[DEBUG]com.abubakar.connectify.util.UserAccessValidator-Validating user access | userId: 6
2026-06-08 06:14:13[DEBUG]com.abubakar.connectify.util.UserAccessValidator-User validation successful | userId: 6
2026-06-08 06:14:13[DEBUG]com.abubakar.connectify.util.PostAccessValidator-Validating active post access | postId: 1
2026-06-08 06:14:13[DEBUG]com.abubakar.connectify.util.PostAccessValidator-Fetching post | postId: 1
2026-06-08 06:14:13[DEBUG]com.abubakar.connectify.util.PostAccessValidator-Active post validation successful | postId: 1
2026-06-08 06:14:13[INFO]com.abubakar.connectify.service.impl.NotificationServiceImpl-Notification created successfully
| receiverId: 1
| senderId: 6
| type: POST_REPORTED

2026-06-08 06:14:13[INFO]com.abubakar.connectify.service.impl.ReportServiceImpl-Post reported successfully | postId: 1 | reporterId: 6
2026-06-08 06:14:13[INFO]com.abubakar.connectify.configuration.RequestLoggingFilter-POST /api/v1/reports/post/1 | Status: 201
2026-06-08 06:14:51[INFO]com.abubakar.connectify.controller.AuthController-Login Api initiated for: admin@gmail.com
2026-06-08 06:14:51[DEBUG]com.abubakar.connectify.service.impl.AuthServiceImpl-Starting login | email: admin@gmail.com
2026-06-08 06:14:51[INFO]com.abubakar.connectify.service.impl.CustomUserDetailsService-Authentication request received for email: admin@gmail.com
2026-06-08 06:14:51[DEBUG]com.abubakar.connectify.service.impl.CustomUserDetailsService-User loaded successfully with email: admin@gmail.com and role: ADMIN
2026-06-08 06:14:51[INFO]com.abubakar.connectify.security.JwtUtils-Generating token for user: admin@gmail.com
2026-06-08 06:14:51[INFO]com.abubakar.connectify.service.impl.RefreshTokenServiceImpl-Refresh token created/updated | userId: 1
2026-06-08 06:14:51[INFO]com.abubakar.connectify.service.impl.AuthServiceImpl-Login successful | userId: 1 | email: admin@gmail.com
2026-06-08 06:14:51[INFO]com.abubakar.connectify.configuration.RequestLoggingFilter-POST /api/v1/auth/login | Status: 200
2026-06-08 06:16:05[INFO]com.abubakar.connectify.service.impl.CustomUserDetailsService-Authentication request received for email: admin@gmail.com
2026-06-08 06:16:05[DEBUG]com.abubakar.connectify.service.impl.CustomUserDetailsService-User loaded successfully with email: admin@gmail.com and role: ADMIN
2026-06-08 06:16:05[INFO]com.abubakar.connectify.security.JwtUtils-Token validation result for user admin@gmail.com : true
2026-06-08 06:16:05[INFO]com.abubakar.connectify.security.JwtFilter-User authenticated successfully: admin@gmail.com
2026-06-08 06:16:05[INFO]com.abubakar.connectify.controller.AdminReportController-API request received | resolve report | reportId: 3
2026-06-08 06:16:05[DEBUG]com.abubakar.connectify.util.UserAccessValidator-Validating user access | userId: 1
2026-06-08 06:16:05[DEBUG]com.abubakar.connectify.util.UserAccessValidator-User validation successful | userId: 1
2026-06-08 06:16:05[DEBUG]com.abubakar.connectify.util.AuthUtil-Authenticated active user fetched successfully | userId: 1
2026-06-08 06:16:05[INFO]com.abubakar.connectify.service.impl.AdminReportServiceImpl-Resolve report request | reportId: 3
2026-06-08 06:16:05[DEBUG]com.abubakar.connectify.util.ReportAccessValidator-Fetching report | reportId: 3
2026-06-08 06:16:05[INFO]com.abubakar.connectify.service.impl.NotificationServiceImpl-Creating notification | receiverId: 6 | senderId: 1
2026-06-08 06:16:05[DEBUG]com.abubakar.connectify.util.UserAccessValidator-Validating user access | userId: 6
2026-06-08 06:16:05[DEBUG]com.abubakar.connectify.util.UserAccessValidator-User validation successful | userId: 6
2026-06-08 06:16:05[DEBUG]com.abubakar.connectify.util.UserAccessValidator-Validating user access | userId: 1
2026-06-08 06:16:05[DEBUG]com.abubakar.connectify.util.UserAccessValidator-User validation successful | userId: 1
2026-06-08 06:16:05[INFO]com.abubakar.connectify.service.impl.NotificationServiceImpl-Notification created successfully
| receiverId: 6
| senderId: 1
| type: REPORT_RESOLVED

2026-06-08 06:16:05[INFO]com.abubakar.connectify.service.impl.AdminReportServiceImpl-Report resolved successfully
| reportId: 3
| adminId: 1

2026-06-08 06:16:05[INFO]com.abubakar.connectify.configuration.RequestLoggingFilter-PUT /api/v1/admin/reports/3/resolve | Status: 200
2026-06-08 06:16:12[INFO]com.abubakar.connectify.service.impl.CustomUserDetailsService-Authentication request received for email: admin@gmail.com
2026-06-08 06:16:12[DEBUG]com.abubakar.connectify.service.impl.CustomUserDetailsService-User loaded successfully with email: admin@gmail.com and role: ADMIN
2026-06-08 06:16:12[INFO]com.abubakar.connectify.security.JwtUtils-Token validation result for user admin@gmail.com : true
2026-06-08 06:16:12[INFO]com.abubakar.connectify.security.JwtFilter-User authenticated successfully: admin@gmail.com
2026-06-08 06:16:12[INFO]com.abubakar.connectify.controller.PostController-Get single post API called | postId: 1
2026-06-08 06:16:12[DEBUG]com.abubakar.connectify.util.UserAccessValidator-Validating user access | userId: 1
2026-06-08 06:16:12[DEBUG]com.abubakar.connectify.util.UserAccessValidator-User validation successful | userId: 1
2026-06-08 06:16:12[DEBUG]com.abubakar.connectify.util.AuthUtil-Authenticated active user fetched successfully | userId: 1
2026-06-08 06:16:12[INFO]com.abubakar.connectify.service.impl.PostServiceImpl-Fetching single post | postId: 1
2026-06-08 06:16:12[DEBUG]com.abubakar.connectify.util.PostAccessValidator-Validating active post access | postId: 1
2026-06-08 06:16:12[DEBUG]com.abubakar.connectify.util.PostAccessValidator-Fetching post | postId: 1
2026-06-08 06:16:12[WARN]com.abubakar.connectify.util.PostAccessValidator-Post access denied | deleted post | postId: 1
2026-06-08 06:16:12[ERROR]com.abubakar.connectify.exception.GlobalExceptionHandler-Business exception occurred | errorCode: OPERATION_FAILED | status: 400 BAD_REQUEST | message: Post is deleted
com.abubakar.connectify.exception.OperationFailException: Post is deleted
	at com.abubakar.connectify.util.PostAccessValidator.getActivePost(PostAccessValidator.java:41)
	at com.abubakar.connectify.service.impl.PostServiceImpl.getSinglePost(PostServiceImpl.java:322)
	at java.base/jdk.internal.reflect.DirectMethodHandleAccessor.invoke(DirectMethodHandleAccessor.java:103)
	at java.base/java.lang.reflect.Method.invoke(Method.java:580)
	at org.springframework.aop.support.AopUtils.invokeJoinpointUsingReflection(AopUtils.java:359)
	at org.springframework.aop.framework.ReflectiveMethodInvocation.invokeJoinpoint(ReflectiveMethodInvocation.java:190)
	at org.springframework.aop.framework.ReflectiveMethodInvocation.proceed(ReflectiveMethodInvocation.java:158)
	at org.springframework.transaction.interceptor.TransactionInterceptor$1.proceedWithInvocation(TransactionInterceptor.java:133)
	at org.springframework.transaction.interceptor.TransactionAspectSupport.invokeWithinTransaction(TransactionAspectSupport.java:371)
	at org.springframework.transaction.interceptor.TransactionInterceptor.invoke(TransactionInterceptor.java:130)
	at org.springframework.aop.framework.ReflectiveMethodInvocation.proceed(ReflectiveMethodInvocation.java:179)
	at org.springframework.aop.framework.CglibAopProxy$DynamicAdvisedInterceptor.intercept(CglibAopProxy.java:719)
	at com.abubakar.connectify.service.impl.PostServiceImpl$$SpringCGLIB$$0.getSinglePost(<generated>)
	at com.abubakar.connectify.controller.PostController.getSinglePost(PostController.java:137)
	at java.base/jdk.internal.reflect.DirectMethodHandleAccessor.invoke(DirectMethodHandleAccessor.java:103)
	at java.base/java.lang.reflect.Method.invoke(Method.java:580)
	at org.springframework.web.method.support.InvocableHandlerMethod.doInvoke(InvocableHandlerMethod.java:252)
	at org.springframework.web.method.support.InvocableHandlerMethod.invokeForRequest(InvocableHandlerMethod.java:184)
	at org.springframework.web.servlet.mvc.method.annotation.ServletInvocableHandlerMethod.invokeAndHandle(ServletInvocableHandlerMethod.java:117)
	at org.springframework.web.servlet.mvc.method.annotation.RequestMappingHandlerAdapter.invokeHandlerMethod(RequestMappingHandlerAdapter.java:934)
	at org.springframework.web.servlet.mvc.method.annotation.RequestMappingHandlerAdapter.handleInternal(RequestMappingHandlerAdapter.java:853)
	at org.springframework.web.servlet.mvc.method.AbstractHandlerMethodAdapter.handle(AbstractHandlerMethodAdapter.java:86)
	at org.springframework.web.servlet.DispatcherServlet.doDispatch(DispatcherServlet.java:963)
	at org.springframework.web.servlet.DispatcherServlet.doService(DispatcherServlet.java:866)
	at org.springframework.web.servlet.FrameworkServlet.processRequest(FrameworkServlet.java:1000)
	at org.springframework.web.servlet.FrameworkServlet.doGet(FrameworkServlet.java:892)
	at jakarta.servlet.http.HttpServlet.service(HttpServlet.java:622)
	at org.springframework.web.servlet.FrameworkServlet.service(FrameworkServlet.java:874)
	at jakarta.servlet.http.HttpServlet.service(HttpServlet.java:710)
	at org.apache.catalina.core.ApplicationFilterChain.doFilter(ApplicationFilterChain.java:128)
	at org.apache.tomcat.websocket.server.WsFilter.doFilter(WsFilter.java:53)
	at org.apache.catalina.core.ApplicationFilterChain.doFilter(ApplicationFilterChain.java:107)
	at org.springframework.web.filter.OncePerRequestFilter.doFilter(OncePerRequestFilter.java:110)
	at org.apache.catalina.core.ApplicationFilterChain.doFilter(ApplicationFilterChain.java:107)
	at org.springframework.web.filter.OncePerRequestFilter.doFilter(OncePerRequestFilter.java:110)
	at org.apache.catalina.core.ApplicationFilterChain.doFilter(ApplicationFilterChain.java:107)
	at com.abubakar.connectify.configuration.RequestLoggingFilter.doFilterInternal(RequestLoggingFilter.java:30)
	at org.springframework.web.filter.OncePerRequestFilter.doFilter(OncePerRequestFilter.java:116)
	at org.apache.catalina.core.ApplicationFilterChain.doFilter(ApplicationFilterChain.java:107)
	at org.springframework.web.filter.CompositeFilter$VirtualFilterChain.doFilter(CompositeFilter.java:108)
	at org.springframework.security.web.FilterChainProxy.lambda$doFilterInternal$3(FilterChainProxy.java:235)
	at org.springframework.security.web.FilterChainProxy$VirtualFilterChain.doFilter(FilterChainProxy.java:376)
	at org.springframework.security.web.access.intercept.AuthorizationFilter.doFilter(AuthorizationFilter.java:101)
	at org.springframework.security.web.FilterChainProxy$VirtualFilterChain.doFilter(FilterChainProxy.java:385)
	at org.springframework.security.web.access.ExceptionTranslationFilter.doFilter(ExceptionTranslationFilter.java:126)
	at org.springframework.security.web.access.ExceptionTranslationFilter.doFilter(ExceptionTranslationFilter.java:120)
	at org.springframework.security.web.FilterChainProxy$VirtualFilterChain.doFilter(FilterChainProxy.java:385)
	at org.springframework.security.web.session.SessionManagementFilter.doFilter(SessionManagementFilter.java:132)
	at org.springframework.security.web.session.SessionManagementFilter.doFilter(SessionManagementFilter.java:86)
	at org.springframework.security.web.FilterChainProxy$VirtualFilterChain.doFilter(FilterChainProxy.java:385)
	at org.springframework.security.web.authentication.AnonymousAuthenticationFilter.doFilter(AnonymousAuthenticationFilter.java:100)
	at org.springframework.security.web.FilterChainProxy$VirtualFilterChain.doFilter(FilterChainProxy.java:385)
	at org.springframework.security.web.servletapi.SecurityContextHolderAwareRequestFilter.doFilter(SecurityContextHolderAwareRequestFilter.java:181)
	at org.springframework.security.web.FilterChainProxy$VirtualFilterChain.doFilter(FilterChainProxy.java:385)
	at org.springframework.security.web.savedrequest.RequestCacheAwareFilter.doFilter(RequestCacheAwareFilter.java:63)
	at org.springframework.security.web.FilterChainProxy$VirtualFilterChain.doFilter(FilterChainProxy.java:385)
	at org.springframework.security.web.authentication.ui.DefaultLogoutPageGeneratingFilter.doFilterInternal(DefaultLogoutPageGeneratingFilter.java:60)
	at org.springframework.web.filter.OncePerRequestFilter.doFilter(OncePerRequestFilter.java:116)
	at org.springframework.security.web.FilterChainProxy$VirtualFilterChain.doFilter(FilterChainProxy.java:385)
	at org.springframework.security.web.authentication.ui.DefaultLoginPageGeneratingFilter.doFilter(DefaultLoginPageGeneratingFilter.java:246)
	at org.springframework.security.web.authentication.ui.DefaultLoginPageGeneratingFilter.doFilter(DefaultLoginPageGeneratingFilter.java:232)
	at org.springframework.security.web.FilterChainProxy$VirtualFilterChain.doFilter(FilterChainProxy.java:385)
	at org.springframework.security.web.authentication.ui.DefaultResourcesFilter.doFilter(DefaultResourcesFilter.java:73)
	at org.springframework.security.web.FilterChainProxy$VirtualFilterChain.doFilter(FilterChainProxy.java:385)
	at com.abubakar.connectify.security.JwtFilter.doFilterInternal(JwtFilter.java:141)
	at org.springframework.web.filter.OncePerRequestFilter.doFilter(OncePerRequestFilter.java:116)
	at org.springframework.security.web.FilterChainProxy$VirtualFilterChain.doFilter(FilterChainProxy.java:385)
	at org.springframework.security.web.authentication.AbstractAuthenticationProcessingFilter.doFilter(AbstractAuthenticationProcessingFilter.java:245)
	at org.springframework.security.web.authentication.AbstractAuthenticationProcessingFilter.doFilter(AbstractAuthenticationProcessingFilter.java:239)
	at org.springframework.security.web.FilterChainProxy$VirtualFilterChain.doFilter(FilterChainProxy.java:385)
	at org.springframework.security.oauth2.client.web.OAuth2AuthorizationRequestRedirectFilter.doFilterInternal(OAuth2AuthorizationRequestRedirectFilter.java:195)
	at org.springframework.web.filter.OncePerRequestFilter.doFilter(OncePerRequestFilter.java:116)
	at org.springframework.security.web.FilterChainProxy$VirtualFilterChain.doFilter(FilterChainProxy.java:385)
	at org.springframework.security.web.authentication.logout.LogoutFilter.doFilter(LogoutFilter.java:110)
	at org.springframework.security.web.authentication.logout.LogoutFilter.doFilter(LogoutFilter.java:96)
	at org.springframework.security.web.FilterChainProxy$VirtualFilterChain.doFilter(FilterChainProxy.java:385)
	at org.springframework.web.filter.CorsFilter.doFilterInternal(CorsFilter.java:91)
	at org.springframework.web.filter.OncePerRequestFilter.doFilter(OncePerRequestFilter.java:116)
	at org.springframework.security.web.FilterChainProxy$VirtualFilterChain.doFilter(FilterChainProxy.java:385)
	at org.springframework.security.web.header.HeaderWriterFilter.doHeadersAfter(HeaderWriterFilter.java:90)
	at org.springframework.security.web.header.HeaderWriterFilter.doFilterInternal(HeaderWriterFilter.java:75)
	at org.springframework.web.filter.OncePerRequestFilter.doFilter(OncePerRequestFilter.java:116)
	at org.springframework.security.web.FilterChainProxy$VirtualFilterChain.doFilter(FilterChainProxy.java:385)
	at org.springframework.security.web.context.SecurityContextHolderFilter.doFilter(SecurityContextHolderFilter.java:82)
	at org.springframework.security.web.context.SecurityContextHolderFilter.doFilter(SecurityContextHolderFilter.java:69)
	at org.springframework.security.web.FilterChainProxy$VirtualFilterChain.doFilter(FilterChainProxy.java:385)
	at org.springframework.security.web.context.request.async.WebAsyncManagerIntegrationFilter.doFilterInternal(WebAsyncManagerIntegrationFilter.java:62)
	at org.springframework.web.filter.OncePerRequestFilter.doFilter(OncePerRequestFilter.java:116)
	at org.springframework.security.web.FilterChainProxy$VirtualFilterChain.doFilter(FilterChainProxy.java:385)
	at org.springframework.security.web.session.DisableEncodeUrlFilter.doFilterInternal(DisableEncodeUrlFilter.java:42)
	at org.springframework.web.filter.OncePerRequestFilter.doFilter(OncePerRequestFilter.java:116)
	at org.springframework.security.web.FilterChainProxy$VirtualFilterChain.doFilter(FilterChainProxy.java:385)
	at org.springframework.security.web.FilterChainProxy.doFilterInternal(FilterChainProxy.java:237)
	at org.springframework.security.web.FilterChainProxy.doFilter(FilterChainProxy.java:195)
	at org.springframework.web.filter.CompositeFilter$VirtualFilterChain.doFilter(CompositeFilter.java:113)
	at org.springframework.web.filter.ServletRequestPathFilter.doFilter(ServletRequestPathFilter.java:52)
	at org.springframework.web.filter.CompositeFilter$VirtualFilterChain.doFilter(CompositeFilter.java:113)
	at org.springframework.web.filter.CompositeFilter.doFilter(CompositeFilter.java:74)
	at org.springframework.security.config.annotation.web.configuration.WebSecurityConfiguration$CompositeFilterChainProxy.doFilter(WebSecurityConfiguration.java:317)
	at org.springframework.web.filter.DelegatingFilterProxy.invokeDelegate(DelegatingFilterProxy.java:355)
	at org.springframework.web.filter.DelegatingFilterProxy.doFilter(DelegatingFilterProxy.java:272)
	at org.apache.catalina.core.ApplicationFilterChain.doFilter(ApplicationFilterChain.java:107)
	at org.springframework.web.filter.RequestContextFilter.doFilterInternal(RequestContextFilter.java:100)
	at org.springframework.web.filter.OncePerRequestFilter.doFilter(OncePerRequestFilter.java:116)
	at org.apache.catalina.core.ApplicationFilterChain.doFilter(ApplicationFilterChain.java:107)
	at org.springframework.web.filter.FormContentFilter.doFilterInternal(FormContentFilter.java:93)
	at org.springframework.web.filter.OncePerRequestFilter.doFilter(OncePerRequestFilter.java:116)
	at org.apache.catalina.core.ApplicationFilterChain.doFilter(ApplicationFilterChain.java:107)
	at org.springframework.web.filter.CharacterEncodingFilter.doFilterInternal(CharacterEncodingFilter.java:199)
	at org.springframework.web.filter.OncePerRequestFilter.doFilter(OncePerRequestFilter.java:116)
	at org.apache.catalina.core.ApplicationFilterChain.doFilter(ApplicationFilterChain.java:107)
	at org.apache.catalina.core.StandardWrapperValve.invoke(StandardWrapperValve.java:165)
	at org.apache.catalina.core.StandardContextValve.invoke(StandardContextValve.java:77)
	at org.apache.catalina.authenticator.AuthenticatorBase.invoke(AuthenticatorBase.java:492)
	at org.apache.catalina.core.StandardHostValve.invoke(StandardHostValve.java:113)
	at org.apache.catalina.valves.ErrorReportValve.invoke(ErrorReportValve.java:83)
	at org.apache.catalina.core.StandardEngineValve.invoke(StandardEngineValve.java:72)
	at org.apache.catalina.connector.CoyoteAdapter.service(CoyoteAdapter.java:341)
	at org.apache.coyote.http11.Http11Processor.service(Http11Processor.java:397)
	at org.apache.coyote.AbstractProcessorLight.process(AbstractProcessorLight.java:63)
	at org.apache.coyote.AbstractProtocol$ConnectionHandler.process(AbstractProtocol.java:903)
	at org.apache.tomcat.util.net.NioEndpoint$SocketProcessor.doRun(NioEndpoint.java:1801)
	at org.apache.tomcat.util.net.SocketProcessorBase.run(SocketProcessorBase.java:52)
	at org.apache.tomcat.util.threads.ThreadPoolExecutor.runWorker(ThreadPoolExecutor.java:946)
	at org.apache.tomcat.util.threads.ThreadPoolExecutor$Worker.run(ThreadPoolExecutor.java:480)
	at org.apache.tomcat.util.threads.TaskThread$WrappingRunnable.run(TaskThread.java:57)
	at java.base/java.lang.Thread.run(Thread.java:1583)
2026-06-08 06:16:12[INFO]com.abubakar.connectify.configuration.RequestLoggingFilter-GET /api/v1/posts/1 | Status: 400
2026-06-08 06:16:27[INFO]com.abubakar.connectify.controller.AuthController-Login Api initiated for: abu@gmail.com
2026-06-08 06:16:27[DEBUG]com.abubakar.connectify.service.impl.AuthServiceImpl-Starting login | email: abu@gmail.com
2026-06-08 06:16:27[INFO]com.abubakar.connectify.service.impl.CustomUserDetailsService-Authentication request received for email: abu@gmail.com
2026-06-08 06:16:27[DEBUG]com.abubakar.connectify.service.impl.CustomUserDetailsService-User loaded successfully with email: abu@gmail.com and role: USER
2026-06-08 06:16:27[INFO]com.abubakar.connectify.security.JwtUtils-Generating token for user: abu@gmail.com
2026-06-08 06:16:27[INFO]com.abubakar.connectify.service.impl.RefreshTokenServiceImpl-Refresh token created/updated | userId: 3
2026-06-08 06:16:27[INFO]com.abubakar.connectify.service.impl.AuthServiceImpl-Login successful | userId: 3 | email: abu@gmail.com
2026-06-08 06:16:27[INFO]com.abubakar.connectify.configuration.RequestLoggingFilter-POST /api/v1/auth/login | Status: 200
2026-06-08 06:16:42[INFO]com.abubakar.connectify.service.impl.CustomUserDetailsService-Authentication request received for email: abu@gmail.com
2026-06-08 06:16:42[DEBUG]com.abubakar.connectify.service.impl.CustomUserDetailsService-User loaded successfully with email: abu@gmail.com and role: USER
2026-06-08 06:16:42[INFO]com.abubakar.connectify.security.JwtUtils-Token validation result for user abu@gmail.com : true
2026-06-08 06:16:42[INFO]com.abubakar.connectify.security.JwtFilter-User authenticated successfully: abu@gmail.com
2026-06-08 06:16:42[INFO]com.abubakar.connectify.controller.PostController-Restore post request API called | postId: 1
2026-06-08 06:16:42[INFO]com.abubakar.connectify.service.impl.PostServiceImpl-Restore request for postId: 1
2026-06-08 06:16:42[DEBUG]com.abubakar.connectify.util.UserAccessValidator-Validating user access | userId: 3
2026-06-08 06:16:42[DEBUG]com.abubakar.connectify.util.UserAccessValidator-User validation successful | userId: 3
2026-06-08 06:16:42[DEBUG]com.abubakar.connectify.util.AuthUtil-Authenticated active user fetched successfully | userId: 3
2026-06-08 06:16:42[DEBUG]com.abubakar.connectify.util.PostAccessValidator-Fetching post | postId: 1
2026-06-08 06:16:42[DEBUG]com.abubakar.connectify.service.impl.PostServiceImpl-Ownership validation passed for restore request | userId: 3 | postId: 1
2026-06-08 06:16:42[INFO]com.abubakar.connectify.service.impl.PostServiceImpl-Restore request created successfully | postId: 1
2026-06-08 06:16:42[INFO]com.abubakar.connectify.configuration.RequestLoggingFilter-PUT /api/v1/posts/1/restore-request | Status: 200
2026-06-08 06:17:03[INFO]com.abubakar.connectify.service.impl.CustomUserDetailsService-Authentication request received for email: abu@gmail.com
2026-06-08 06:17:03[DEBUG]com.abubakar.connectify.service.impl.CustomUserDetailsService-User loaded successfully with email: abu@gmail.com and role: USER
2026-06-08 06:17:03[INFO]com.abubakar.connectify.security.JwtUtils-Token validation result for user abu@gmail.com : true
2026-06-08 06:17:03[INFO]com.abubakar.connectify.security.JwtFilter-User authenticated successfully: abu@gmail.com
2026-06-08 06:17:03[INFO]com.abubakar.connectify.controller.PostController-Get user posts API called | userId: 3 | cursor: null | size: 10
2026-06-08 06:17:03[INFO]com.abubakar.connectify.service.impl.PostServiceImpl-Fetching user posts | targetUserId: 3 | cursor: null | size: 10
2026-06-08 06:17:03[DEBUG]com.abubakar.connectify.util.UserAccessValidator-Validating user access | userId: 3
2026-06-08 06:17:03[DEBUG]com.abubakar.connectify.util.UserAccessValidator-User validation successful | userId: 3
2026-06-08 06:17:03[DEBUG]com.abubakar.connectify.util.UserAccessValidator-Validating user access | userId: 3
2026-06-08 06:17:03[DEBUG]com.abubakar.connectify.util.UserAccessValidator-User validation successful | userId: 3
2026-06-08 06:17:03[DEBUG]com.abubakar.connectify.util.AuthUtil-Authenticated active user fetched successfully | userId: 3
2026-06-08 06:17:03[DEBUG]com.abubakar.connectify.service.impl.PostServiceImpl-Fetching first page of user posts
2026-06-08 06:17:03[INFO]com.abubakar.connectify.service.impl.PostServiceImpl-User posts fetched successfully | targetUserId: 3 | resultCount: 0
2026-06-08 06:17:03[INFO]com.abubakar.connectify.configuration.RequestLoggingFilter-GET /api/v1/posts/user/3 | Status: 200
2026-06-08 06:17:21[INFO]com.abubakar.connectify.controller.AuthController-Login Api initiated for: admin@gmail.com
2026-06-08 06:17:21[DEBUG]com.abubakar.connectify.service.impl.AuthServiceImpl-Starting login | email: admin@gmail.com
2026-06-08 06:17:21[INFO]com.abubakar.connectify.service.impl.CustomUserDetailsService-Authentication request received for email: admin@gmail.com
2026-06-08 06:17:21[DEBUG]com.abubakar.connectify.service.impl.CustomUserDetailsService-User loaded successfully with email: admin@gmail.com and role: ADMIN
2026-06-08 06:17:21[INFO]com.abubakar.connectify.security.JwtUtils-Generating token for user: admin@gmail.com
2026-06-08 06:17:21[INFO]com.abubakar.connectify.service.impl.RefreshTokenServiceImpl-Refresh token created/updated | userId: 1
2026-06-08 06:17:21[INFO]com.abubakar.connectify.service.impl.AuthServiceImpl-Login successful | userId: 1 | email: admin@gmail.com
2026-06-08 06:17:21[INFO]com.abubakar.connectify.configuration.RequestLoggingFilter-POST /api/v1/auth/login | Status: 200
2026-06-08 06:17:44[INFO]com.abubakar.connectify.service.impl.CustomUserDetailsService-Authentication request received for email: admin@gmail.com
2026-06-08 06:17:44[DEBUG]com.abubakar.connectify.service.impl.CustomUserDetailsService-User loaded successfully with email: admin@gmail.com and role: ADMIN
2026-06-08 06:17:44[INFO]com.abubakar.connectify.security.JwtUtils-Token validation result for user admin@gmail.com : true
2026-06-08 06:17:44[INFO]com.abubakar.connectify.security.JwtFilter-User authenticated successfully: admin@gmail.com
2026-06-08 06:17:44[INFO]com.abubakar.connectify.controller.AdminPostController-Admin approve post restore API called | postId: 1
2026-06-08 06:17:44[DEBUG]com.abubakar.connectify.util.UserAccessValidator-Validating user access | userId: 1
2026-06-08 06:17:44[DEBUG]com.abubakar.connectify.util.UserAccessValidator-User validation successful | userId: 1
2026-06-08 06:17:44[DEBUG]com.abubakar.connectify.util.AuthUtil-Authenticated active user fetched successfully | userId: 1
2026-06-08 06:17:44[INFO]com.abubakar.connectify.service.impl.AdminPostServiceImpl-Post restore requested by admin | adminId: 1 | postId: 1
2026-06-08 06:17:44[DEBUG]com.abubakar.connectify.util.PostAccessValidator-Fetching post | postId: 1
2026-06-08 06:17:44[INFO]com.abubakar.connectify.service.impl.NotificationServiceImpl-Creating system notification | receiverId: 3 | senderId: 1
2026-06-08 06:17:44[DEBUG]com.abubakar.connectify.util.UserAccessValidator-Validating user access | userId: 3
2026-06-08 06:17:44[DEBUG]com.abubakar.connectify.util.UserAccessValidator-User validation successful | userId: 3
2026-06-08 06:17:44[DEBUG]com.abubakar.connectify.util.UserAccessValidator-Validating user access | userId: 1
2026-06-08 06:17:44[DEBUG]com.abubakar.connectify.util.UserAccessValidator-User validation successful | userId: 1
2026-06-08 06:17:44[INFO]com.abubakar.connectify.service.impl.NotificationServiceImpl-System notification created successfully | receiverId: 3
2026-06-08 06:17:44[INFO]com.abubakar.connectify.service.impl.AdminPostServiceImpl-Post restored successfully | postId: 1
2026-06-08 06:17:44[INFO]com.abubakar.connectify.configuration.RequestLoggingFilter-PATCH /api/v1/admin/posts/1/restore/approve | Status: 200
2026-06-08 06:17:57[INFO]com.abubakar.connectify.controller.AuthController-Login Api initiated for: abu@gmail.com
2026-06-08 06:17:57[DEBUG]com.abubakar.connectify.service.impl.AuthServiceImpl-Starting login | email: abu@gmail.com
2026-06-08 06:17:57[INFO]com.abubakar.connectify.service.impl.CustomUserDetailsService-Authentication request received for email: abu@gmail.com
2026-06-08 06:17:57[DEBUG]com.abubakar.connectify.service.impl.CustomUserDetailsService-User loaded successfully with email: abu@gmail.com and role: USER
2026-06-08 06:17:58[INFO]com.abubakar.connectify.security.JwtUtils-Generating token for user: abu@gmail.com
2026-06-08 06:17:58[INFO]com.abubakar.connectify.service.impl.RefreshTokenServiceImpl-Refresh token created/updated | userId: 3
2026-06-08 06:17:58[INFO]com.abubakar.connectify.service.impl.AuthServiceImpl-Login successful | userId: 3 | email: abu@gmail.com
2026-06-08 06:17:58[INFO]com.abubakar.connectify.configuration.RequestLoggingFilter-POST /api/v1/auth/login | Status: 200
2026-06-08 06:18:03[INFO]com.abubakar.connectify.service.impl.CustomUserDetailsService-Authentication request received for email: abu@gmail.com
2026-06-08 06:18:03[DEBUG]com.abubakar.connectify.service.impl.CustomUserDetailsService-User loaded successfully with email: abu@gmail.com and role: USER
2026-06-08 06:18:03[INFO]com.abubakar.connectify.security.JwtUtils-Token validation result for user abu@gmail.com : true
2026-06-08 06:18:03[INFO]com.abubakar.connectify.security.JwtFilter-User authenticated successfully: abu@gmail.com
2026-06-08 06:18:03[INFO]com.abubakar.connectify.controller.PostController-Get user posts API called | userId: 3 | cursor: null | size: 10
2026-06-08 06:18:03[INFO]com.abubakar.connectify.service.impl.PostServiceImpl-Fetching user posts | targetUserId: 3 | cursor: null | size: 10
2026-06-08 06:18:03[DEBUG]com.abubakar.connectify.util.UserAccessValidator-Validating user access | userId: 3
2026-06-08 06:18:03[DEBUG]com.abubakar.connectify.util.UserAccessValidator-User validation successful | userId: 3
2026-06-08 06:18:03[DEBUG]com.abubakar.connectify.util.UserAccessValidator-Validating user access | userId: 3
2026-06-08 06:18:03[DEBUG]com.abubakar.connectify.util.UserAccessValidator-User validation successful | userId: 3
2026-06-08 06:18:03[DEBUG]com.abubakar.connectify.util.AuthUtil-Authenticated active user fetched successfully | userId: 3
2026-06-08 06:18:03[DEBUG]com.abubakar.connectify.service.impl.PostServiceImpl-Fetching first page of user posts
2026-06-08 06:18:03[INFO]com.abubakar.connectify.service.impl.PostServiceImpl-User posts fetched successfully | targetUserId: 3 | resultCount: 1
2026-06-08 06:18:03[INFO]com.abubakar.connectify.configuration.RequestLoggingFilter-GET /api/v1/posts/user/3 | Status: 200
2026-06-08 06:18:47[INFO]com.abubakar.connectify.service.impl.CustomUserDetailsService-Authentication request received for email: abu@gmail.com
2026-06-08 06:18:47[DEBUG]com.abubakar.connectify.service.impl.CustomUserDetailsService-User loaded successfully with email: abu@gmail.com and role: USER
2026-06-08 06:18:47[INFO]com.abubakar.connectify.security.JwtUtils-Token validation result for user abu@gmail.com : true
2026-06-08 06:18:47[INFO]com.abubakar.connectify.security.JwtFilter-User authenticated successfully: abu@gmail.com
2026-06-08 06:18:47[INFO]com.abubakar.connectify.controller.CommentController-API request received | getPostComments | postId: 1 | cursor: null | size: 10
2026-06-08 06:18:47[INFO]com.abubakar.connectify.service.impl.CommentServiceImpl-Fetching comments | postId: 1 | cursor: null | size: 10
2026-06-08 06:18:47[DEBUG]com.abubakar.connectify.util.PostAccessValidator-Validating active post access | postId: 1
2026-06-08 06:18:47[DEBUG]com.abubakar.connectify.util.PostAccessValidator-Fetching post | postId: 1
2026-06-08 06:18:47[DEBUG]com.abubakar.connectify.util.PostAccessValidator-Active post validation successful | postId: 1
2026-06-08 06:18:47[INFO]com.abubakar.connectify.service.impl.CommentServiceImpl-Top-level comments fetched | count: 1
2026-06-08 06:18:47[DEBUG]com.abubakar.connectify.util.UserAccessValidator-Validating user access | userId: 3
2026-06-08 06:18:47[DEBUG]com.abubakar.connectify.util.UserAccessValidator-User validation successful | userId: 3
2026-06-08 06:18:47[DEBUG]com.abubakar.connectify.util.AuthUtil-Authenticated active user fetched successfully | userId: 3
2026-06-08 06:18:47[INFO]com.abubakar.connectify.configuration.RequestLoggingFilter-GET /api/v1/comments/post/1 | Status: 200
2026-06-08 06:19:22[INFO]com.abubakar.connectify.service.impl.CustomUserDetailsService-Authentication request received for email: abu@gmail.com
2026-06-08 06:19:22[DEBUG]com.abubakar.connectify.service.impl.CustomUserDetailsService-User loaded successfully with email: abu@gmail.com and role: USER
2026-06-08 06:19:22[INFO]com.abubakar.connectify.security.JwtUtils-Token validation result for user abu@gmail.com : true
2026-06-08 06:19:22[INFO]com.abubakar.connectify.security.JwtFilter-User authenticated successfully: abu@gmail.com
2026-06-08 06:19:22[INFO]com.abubakar.connectify.controller.ReportController-Report comment API called | commentId: 1
2026-06-08 06:19:22[INFO]com.abubakar.connectify.service.impl.ReportServiceImpl-Reporting comment | commentId: 1
2026-06-08 06:19:22[DEBUG]com.abubakar.connectify.util.UserAccessValidator-Validating user access | userId: 3
2026-06-08 06:19:22[DEBUG]com.abubakar.connectify.util.UserAccessValidator-User validation successful | userId: 3
2026-06-08 06:19:22[DEBUG]com.abubakar.connectify.util.AuthUtil-Authenticated active user fetched successfully | userId: 3
2026-06-08 06:19:22[INFO]com.abubakar.connectify.service.impl.ReportServiceImpl-Reporting comment | commentId: 1 | reporterId: 3
2026-06-08 06:19:22[DEBUG]com.abubakar.connectify.util.CommentAccessValidator-Validating active comment access | commentId: 1
2026-06-08 06:19:22[DEBUG]com.abubakar.connectify.util.CommentAccessValidator-Fetching comment | commentId: 1
2026-06-08 06:19:22[DEBUG]com.abubakar.connectify.util.CommentAccessValidator-Active comment validation successful | commentId: 1
2026-06-08 06:19:22[WARN]com.abubakar.connectify.service.impl.ReportServiceImpl-Self comment report blocked | reporterId: 3 | commentId: 1
2026-06-08 06:19:22[ERROR]com.abubakar.connectify.exception.GlobalExceptionHandler-Business exception occurred | errorCode: OPERATION_FAILED | status: 400 BAD_REQUEST | message: You cannot report your own comment
com.abubakar.connectify.exception.OperationFailException: You cannot report your own comment
	at com.abubakar.connectify.service.impl.ReportServiceImpl.reportComment(ReportServiceImpl.java:284)
	at java.base/jdk.internal.reflect.DirectMethodHandleAccessor.invoke(DirectMethodHandleAccessor.java:103)
	at java.base/java.lang.reflect.Method.invoke(Method.java:580)
	at org.springframework.aop.support.AopUtils.invokeJoinpointUsingReflection(AopUtils.java:359)
	at org.springframework.aop.framework.ReflectiveMethodInvocation.invokeJoinpoint(ReflectiveMethodInvocation.java:190)
	at org.springframework.aop.framework.ReflectiveMethodInvocation.proceed(ReflectiveMethodInvocation.java:158)
	at org.springframework.transaction.interceptor.TransactionInterceptor$1.proceedWithInvocation(TransactionInterceptor.java:133)
	at org.springframework.transaction.interceptor.TransactionAspectSupport.invokeWithinTransaction(TransactionAspectSupport.java:371)
	at org.springframework.transaction.interceptor.TransactionInterceptor.invoke(TransactionInterceptor.java:130)
	at org.springframework.aop.framework.ReflectiveMethodInvocation.proceed(ReflectiveMethodInvocation.java:179)
	at org.springframework.aop.framework.CglibAopProxy$DynamicAdvisedInterceptor.intercept(CglibAopProxy.java:719)
	at com.abubakar.connectify.service.impl.ReportServiceImpl$$SpringCGLIB$$0.reportComment(<generated>)
	at com.abubakar.connectify.controller.ReportController.reportComment(ReportController.java:102)
	at java.base/jdk.internal.reflect.DirectMethodHandleAccessor.invoke(DirectMethodHandleAccessor.java:103)
	at java.base/java.lang.reflect.Method.invoke(Method.java:580)
	at org.springframework.web.method.support.InvocableHandlerMethod.doInvoke(InvocableHandlerMethod.java:252)
	at org.springframework.web.method.support.InvocableHandlerMethod.invokeForRequest(InvocableHandlerMethod.java:184)
	at org.springframework.web.servlet.mvc.method.annotation.ServletInvocableHandlerMethod.invokeAndHandle(ServletInvocableHandlerMethod.java:117)
	at org.springframework.web.servlet.mvc.method.annotation.RequestMappingHandlerAdapter.invokeHandlerMethod(RequestMappingHandlerAdapter.java:934)
	at org.springframework.web.servlet.mvc.method.annotation.RequestMappingHandlerAdapter.handleInternal(RequestMappingHandlerAdapter.java:853)
	at org.springframework.web.servlet.mvc.method.AbstractHandlerMethodAdapter.handle(AbstractHandlerMethodAdapter.java:86)
	at org.springframework.web.servlet.DispatcherServlet.doDispatch(DispatcherServlet.java:963)
	at org.springframework.web.servlet.DispatcherServlet.doService(DispatcherServlet.java:866)
	at org.springframework.web.servlet.FrameworkServlet.processRequest(FrameworkServlet.java:1000)
	at org.springframework.web.servlet.FrameworkServlet.doPost(FrameworkServlet.java:903)
	at jakarta.servlet.http.HttpServlet.service(HttpServlet.java:649)
	at org.springframework.web.servlet.FrameworkServlet.service(FrameworkServlet.java:874)
	at jakarta.servlet.http.HttpServlet.service(HttpServlet.java:710)
	at org.apache.catalina.core.ApplicationFilterChain.doFilter(ApplicationFilterChain.java:128)
	at org.apache.tomcat.websocket.server.WsFilter.doFilter(WsFilter.java:53)
	at org.apache.catalina.core.ApplicationFilterChain.doFilter(ApplicationFilterChain.java:107)
	at org.springframework.web.filter.OncePerRequestFilter.doFilter(OncePerRequestFilter.java:110)
	at org.apache.catalina.core.ApplicationFilterChain.doFilter(ApplicationFilterChain.java:107)
	at org.springframework.web.filter.OncePerRequestFilter.doFilter(OncePerRequestFilter.java:110)
	at org.apache.catalina.core.ApplicationFilterChain.doFilter(ApplicationFilterChain.java:107)
	at com.abubakar.connectify.configuration.RequestLoggingFilter.doFilterInternal(RequestLoggingFilter.java:30)
	at org.springframework.web.filter.OncePerRequestFilter.doFilter(OncePerRequestFilter.java:116)
	at org.apache.catalina.core.ApplicationFilterChain.doFilter(ApplicationFilterChain.java:107)
	at org.springframework.web.filter.CompositeFilter$VirtualFilterChain.doFilter(CompositeFilter.java:108)
	at org.springframework.security.web.FilterChainProxy.lambda$doFilterInternal$3(FilterChainProxy.java:235)
	at org.springframework.security.web.FilterChainProxy$VirtualFilterChain.doFilter(FilterChainProxy.java:376)
	at org.springframework.security.web.access.intercept.AuthorizationFilter.doFilter(AuthorizationFilter.java:101)
	at org.springframework.security.web.FilterChainProxy$VirtualFilterChain.doFilter(FilterChainProxy.java:385)
	at org.springframework.security.web.access.ExceptionTranslationFilter.doFilter(ExceptionTranslationFilter.java:126)
	at org.springframework.security.web.access.ExceptionTranslationFilter.doFilter(ExceptionTranslationFilter.java:120)
	at org.springframework.security.web.FilterChainProxy$VirtualFilterChain.doFilter(FilterChainProxy.java:385)
	at org.springframework.security.web.session.SessionManagementFilter.doFilter(SessionManagementFilter.java:132)
	at org.springframework.security.web.session.SessionManagementFilter.doFilter(SessionManagementFilter.java:86)
	at org.springframework.security.web.FilterChainProxy$VirtualFilterChain.doFilter(FilterChainProxy.java:385)
	at org.springframework.security.web.authentication.AnonymousAuthenticationFilter.doFilter(AnonymousAuthenticationFilter.java:100)
	at org.springframework.security.web.FilterChainProxy$VirtualFilterChain.doFilter(FilterChainProxy.java:385)
	at org.springframework.security.web.servletapi.SecurityContextHolderAwareRequestFilter.doFilter(SecurityContextHolderAwareRequestFilter.java:181)
	at org.springframework.security.web.FilterChainProxy$VirtualFilterChain.doFilter(FilterChainProxy.java:385)
	at org.springframework.security.web.savedrequest.RequestCacheAwareFilter.doFilter(RequestCacheAwareFilter.java:63)
	at org.springframework.security.web.FilterChainProxy$VirtualFilterChain.doFilter(FilterChainProxy.java:385)
	at org.springframework.security.web.authentication.ui.DefaultLogoutPageGeneratingFilter.doFilterInternal(DefaultLogoutPageGeneratingFilter.java:60)
	at org.springframework.web.filter.OncePerRequestFilter.doFilter(OncePerRequestFilter.java:116)
	at org.springframework.security.web.FilterChainProxy$VirtualFilterChain.doFilter(FilterChainProxy.java:385)
	at org.springframework.security.web.authentication.ui.DefaultLoginPageGeneratingFilter.doFilter(DefaultLoginPageGeneratingFilter.java:246)
	at org.springframework.security.web.authentication.ui.DefaultLoginPageGeneratingFilter.doFilter(DefaultLoginPageGeneratingFilter.java:232)
	at org.springframework.security.web.FilterChainProxy$VirtualFilterChain.doFilter(FilterChainProxy.java:385)
	at org.springframework.security.web.authentication.ui.DefaultResourcesFilter.doFilter(DefaultResourcesFilter.java:73)
	at org.springframework.security.web.FilterChainProxy$VirtualFilterChain.doFilter(FilterChainProxy.java:385)
	at com.abubakar.connectify.security.JwtFilter.doFilterInternal(JwtFilter.java:141)
	at org.springframework.web.filter.OncePerRequestFilter.doFilter(OncePerRequestFilter.java:116)
	at org.springframework.security.web.FilterChainProxy$VirtualFilterChain.doFilter(FilterChainProxy.java:385)
	at org.springframework.security.web.authentication.AbstractAuthenticationProcessingFilter.doFilter(AbstractAuthenticationProcessingFilter.java:245)
	at org.springframework.security.web.authentication.AbstractAuthenticationProcessingFilter.doFilter(AbstractAuthenticationProcessingFilter.java:239)
	at org.springframework.security.web.FilterChainProxy$VirtualFilterChain.doFilter(FilterChainProxy.java:385)
	at org.springframework.security.oauth2.client.web.OAuth2AuthorizationRequestRedirectFilter.doFilterInternal(OAuth2AuthorizationRequestRedirectFilter.java:195)
	at org.springframework.web.filter.OncePerRequestFilter.doFilter(OncePerRequestFilter.java:116)
	at org.springframework.security.web.FilterChainProxy$VirtualFilterChain.doFilter(FilterChainProxy.java:385)
	at org.springframework.security.web.authentication.logout.LogoutFilter.doFilter(LogoutFilter.java:110)
	at org.springframework.security.web.authentication.logout.LogoutFilter.doFilter(LogoutFilter.java:96)
	at org.springframework.security.web.FilterChainProxy$VirtualFilterChain.doFilter(FilterChainProxy.java:385)
	at org.springframework.web.filter.CorsFilter.doFilterInternal(CorsFilter.java:91)
	at org.springframework.web.filter.OncePerRequestFilter.doFilter(OncePerRequestFilter.java:116)
	at org.springframework.security.web.FilterChainProxy$VirtualFilterChain.doFilter(FilterChainProxy.java:385)
	at org.springframework.security.web.header.HeaderWriterFilter.doHeadersAfter(HeaderWriterFilter.java:90)
	at org.springframework.security.web.header.HeaderWriterFilter.doFilterInternal(HeaderWriterFilter.java:75)
	at org.springframework.web.filter.OncePerRequestFilter.doFilter(OncePerRequestFilter.java:116)
	at org.springframework.security.web.FilterChainProxy$VirtualFilterChain.doFilter(FilterChainProxy.java:385)
	at org.springframework.security.web.context.SecurityContextHolderFilter.doFilter(SecurityContextHolderFilter.java:82)
	at org.springframework.security.web.context.SecurityContextHolderFilter.doFilter(SecurityContextHolderFilter.java:69)
	at org.springframework.security.web.FilterChainProxy$VirtualFilterChain.doFilter(FilterChainProxy.java:385)
	at org.springframework.security.web.context.request.async.WebAsyncManagerIntegrationFilter.doFilterInternal(WebAsyncManagerIntegrationFilter.java:62)
	at org.springframework.web.filter.OncePerRequestFilter.doFilter(OncePerRequestFilter.java:116)
	at org.springframework.security.web.FilterChainProxy$VirtualFilterChain.doFilter(FilterChainProxy.java:385)
	at org.springframework.security.web.session.DisableEncodeUrlFilter.doFilterInternal(DisableEncodeUrlFilter.java:42)
	at org.springframework.web.filter.OncePerRequestFilter.doFilter(OncePerRequestFilter.java:116)
	at org.springframework.security.web.FilterChainProxy$VirtualFilterChain.doFilter(FilterChainProxy.java:385)
	at org.springframework.security.web.FilterChainProxy.doFilterInternal(FilterChainProxy.java:237)
	at org.springframework.security.web.FilterChainProxy.doFilter(FilterChainProxy.java:195)
	at org.springframework.web.filter.CompositeFilter$VirtualFilterChain.doFilter(CompositeFilter.java:113)
	at org.springframework.web.filter.ServletRequestPathFilter.doFilter(ServletRequestPathFilter.java:52)
	at org.springframework.web.filter.CompositeFilter$VirtualFilterChain.doFilter(CompositeFilter.java:113)
	at org.springframework.web.filter.CompositeFilter.doFilter(CompositeFilter.java:74)
	at org.springframework.security.config.annotation.web.configuration.WebSecurityConfiguration$CompositeFilterChainProxy.doFilter(WebSecurityConfiguration.java:317)
	at org.springframework.web.filter.DelegatingFilterProxy.invokeDelegate(DelegatingFilterProxy.java:355)
	at org.springframework.web.filter.DelegatingFilterProxy.doFilter(DelegatingFilterProxy.java:272)
	at org.apache.catalina.core.ApplicationFilterChain.doFilter(ApplicationFilterChain.java:107)
	at org.springframework.web.filter.RequestContextFilter.doFilterInternal(RequestContextFilter.java:100)
	at org.springframework.web.filter.OncePerRequestFilter.doFilter(OncePerRequestFilter.java:116)
	at org.apache.catalina.core.ApplicationFilterChain.doFilter(ApplicationFilterChain.java:107)
	at org.springframework.web.filter.FormContentFilter.doFilterInternal(FormContentFilter.java:93)
	at org.springframework.web.filter.OncePerRequestFilter.doFilter(OncePerRequestFilter.java:116)
	at org.apache.catalina.core.ApplicationFilterChain.doFilter(ApplicationFilterChain.java:107)
	at org.springframework.web.filter.CharacterEncodingFilter.doFilterInternal(CharacterEncodingFilter.java:199)
	at org.springframework.web.filter.OncePerRequestFilter.doFilter(OncePerRequestFilter.java:116)
	at org.apache.catalina.core.ApplicationFilterChain.doFilter(ApplicationFilterChain.java:107)
	at org.apache.catalina.core.StandardWrapperValve.invoke(StandardWrapperValve.java:165)
	at org.apache.catalina.core.StandardContextValve.invoke(StandardContextValve.java:77)
	at org.apache.catalina.authenticator.AuthenticatorBase.invoke(AuthenticatorBase.java:492)
	at org.apache.catalina.core.StandardHostValve.invoke(StandardHostValve.java:113)
	at org.apache.catalina.valves.ErrorReportValve.invoke(ErrorReportValve.java:83)
	at org.apache.catalina.core.StandardEngineValve.invoke(StandardEngineValve.java:72)
	at org.apache.catalina.connector.CoyoteAdapter.service(CoyoteAdapter.java:341)
	at org.apache.coyote.http11.Http11Processor.service(Http11Processor.java:397)
	at org.apache.coyote.AbstractProcessorLight.process(AbstractProcessorLight.java:63)
	at org.apache.coyote.AbstractProtocol$ConnectionHandler.process(AbstractProtocol.java:903)
	at org.apache.tomcat.util.net.NioEndpoint$SocketProcessor.doRun(NioEndpoint.java:1801)
	at org.apache.tomcat.util.net.SocketProcessorBase.run(SocketProcessorBase.java:52)
	at org.apache.tomcat.util.threads.ThreadPoolExecutor.runWorker(ThreadPoolExecutor.java:946)
	at org.apache.tomcat.util.threads.ThreadPoolExecutor$Worker.run(ThreadPoolExecutor.java:480)
	at org.apache.tomcat.util.threads.TaskThread$WrappingRunnable.run(TaskThread.java:57)
	at java.base/java.lang.Thread.run(Thread.java:1583)
2026-06-08 06:19:22[INFO]com.abubakar.connectify.configuration.RequestLoggingFilter-POST /api/v1/reports/comment/1 | Status: 400
2026-06-08 06:19:46[INFO]com.abubakar.connectify.controller.AuthController-Login Api initiated for: asif@gmail.com
2026-06-08 06:19:46[DEBUG]com.abubakar.connectify.service.impl.AuthServiceImpl-Starting login | email: asif@gmail.com
2026-06-08 06:19:46[INFO]com.abubakar.connectify.service.impl.CustomUserDetailsService-Authentication request received for email: asif@gmail.com
2026-06-08 06:19:46[DEBUG]com.abubakar.connectify.service.impl.CustomUserDetailsService-User loaded successfully with email: asif@gmail.com and role: USER
2026-06-08 06:19:46[INFO]com.abubakar.connectify.security.JwtUtils-Generating token for user: asif@gmail.com
2026-06-08 06:19:46[INFO]com.abubakar.connectify.service.impl.RefreshTokenServiceImpl-Refresh token created/updated | userId: 2
2026-06-08 06:19:46[INFO]com.abubakar.connectify.service.impl.AuthServiceImpl-Login successful | userId: 2 | email: asif@gmail.com
2026-06-08 06:19:46[INFO]com.abubakar.connectify.configuration.RequestLoggingFilter-POST /api/v1/auth/login | Status: 200
2026-06-08 06:19:54[INFO]com.abubakar.connectify.service.impl.CustomUserDetailsService-Authentication request received for email: asif@gmail.com
2026-06-08 06:19:54[DEBUG]com.abubakar.connectify.service.impl.CustomUserDetailsService-User loaded successfully with email: asif@gmail.com and role: USER
2026-06-08 06:19:54[INFO]com.abubakar.connectify.security.JwtUtils-Token validation result for user asif@gmail.com : true
2026-06-08 06:19:54[INFO]com.abubakar.connectify.security.JwtFilter-User authenticated successfully: asif@gmail.com
2026-06-08 06:19:54[INFO]com.abubakar.connectify.controller.CommentController-API request received | getPostComments | postId: 2 | cursor: null | size: 10
2026-06-08 06:19:54[INFO]com.abubakar.connectify.service.impl.CommentServiceImpl-Fetching comments | postId: 2 | cursor: null | size: 10
2026-06-08 06:19:54[DEBUG]com.abubakar.connectify.util.PostAccessValidator-Validating active post access | postId: 2
2026-06-08 06:19:54[DEBUG]com.abubakar.connectify.util.PostAccessValidator-Fetching post | postId: 2
2026-06-08 06:19:54[DEBUG]com.abubakar.connectify.util.PostAccessValidator-Active post validation successful | postId: 2
2026-06-08 06:19:54[INFO]com.abubakar.connectify.service.impl.CommentServiceImpl-Top-level comments fetched | count: 0
2026-06-08 06:19:54[DEBUG]com.abubakar.connectify.util.UserAccessValidator-Validating user access | userId: 2
2026-06-08 06:19:54[DEBUG]com.abubakar.connectify.util.UserAccessValidator-User validation successful | userId: 2
2026-06-08 06:19:54[DEBUG]com.abubakar.connectify.util.AuthUtil-Authenticated active user fetched successfully | userId: 2
2026-06-08 06:19:54[INFO]com.abubakar.connectify.configuration.RequestLoggingFilter-GET /api/v1/comments/post/2 | Status: 200
2026-06-08 06:19:57[INFO]com.abubakar.connectify.service.impl.CustomUserDetailsService-Authentication request received for email: asif@gmail.com
2026-06-08 06:19:57[DEBUG]com.abubakar.connectify.service.impl.CustomUserDetailsService-User loaded successfully with email: asif@gmail.com and role: USER
2026-06-08 06:19:57[INFO]com.abubakar.connectify.security.JwtUtils-Token validation result for user asif@gmail.com : true
2026-06-08 06:19:57[INFO]com.abubakar.connectify.security.JwtFilter-User authenticated successfully: asif@gmail.com
2026-06-08 06:19:57[INFO]com.abubakar.connectify.controller.CommentController-API request received | getPostComments | postId: 3 | cursor: null | size: 10
2026-06-08 06:19:57[INFO]com.abubakar.connectify.service.impl.CommentServiceImpl-Fetching comments | postId: 3 | cursor: null | size: 10
2026-06-08 06:19:57[DEBUG]com.abubakar.connectify.util.PostAccessValidator-Validating active post access | postId: 3
2026-06-08 06:19:57[DEBUG]com.abubakar.connectify.util.PostAccessValidator-Fetching post | postId: 3
2026-06-08 06:19:57[WARN]com.abubakar.connectify.util.PostAccessValidator-Post not found | postId: 3
2026-06-08 06:19:57[ERROR]com.abubakar.connectify.exception.GlobalExceptionHandler-Business exception occurred | errorCode: RESOURCE_NOT_FOUND | status: 404 NOT_FOUND | message: Post not found with id: 3
com.abubakar.connectify.exception.ResourceNotFound: Post not found with id: 3
	at com.abubakar.connectify.util.PostAccessValidator.lambda$getPost$0(PostAccessValidator.java:73)
	at java.base/java.util.Optional.orElseThrow(Optional.java:403)
	at com.abubakar.connectify.util.PostAccessValidator.getPost(PostAccessValidator.java:66)
	at com.abubakar.connectify.util.PostAccessValidator.getActivePost(PostAccessValidator.java:32)
	at com.abubakar.connectify.service.impl.CommentServiceImpl.getPostComments(CommentServiceImpl.java:363)
	at java.base/jdk.internal.reflect.DirectMethodHandleAccessor.invoke(DirectMethodHandleAccessor.java:103)
	at java.base/java.lang.reflect.Method.invoke(Method.java:580)
	at org.springframework.aop.support.AopUtils.invokeJoinpointUsingReflection(AopUtils.java:359)
	at org.springframework.aop.framework.ReflectiveMethodInvocation.invokeJoinpoint(ReflectiveMethodInvocation.java:190)
	at org.springframework.aop.framework.ReflectiveMethodInvocation.proceed(ReflectiveMethodInvocation.java:158)
	at org.springframework.transaction.interceptor.TransactionInterceptor$1.proceedWithInvocation(TransactionInterceptor.java:133)
	at org.springframework.transaction.interceptor.TransactionAspectSupport.invokeWithinTransaction(TransactionAspectSupport.java:371)
	at org.springframework.transaction.interceptor.TransactionInterceptor.invoke(TransactionInterceptor.java:130)
	at org.springframework.aop.framework.ReflectiveMethodInvocation.proceed(ReflectiveMethodInvocation.java:179)
	at org.springframework.aop.framework.CglibAopProxy$DynamicAdvisedInterceptor.intercept(CglibAopProxy.java:719)
	at com.abubakar.connectify.service.impl.CommentServiceImpl$$SpringCGLIB$$0.getPostComments(<generated>)
	at com.abubakar.connectify.controller.CommentController.getPostComments(CommentController.java:131)
	at java.base/jdk.internal.reflect.DirectMethodHandleAccessor.invoke(DirectMethodHandleAccessor.java:103)
	at java.base/java.lang.reflect.Method.invoke(Method.java:580)
	at org.springframework.web.method.support.InvocableHandlerMethod.doInvoke(InvocableHandlerMethod.java:252)
	at org.springframework.web.method.support.InvocableHandlerMethod.invokeForRequest(InvocableHandlerMethod.java:184)
	at org.springframework.web.servlet.mvc.method.annotation.ServletInvocableHandlerMethod.invokeAndHandle(ServletInvocableHandlerMethod.java:117)
	at org.springframework.web.servlet.mvc.method.annotation.RequestMappingHandlerAdapter.invokeHandlerMethod(RequestMappingHandlerAdapter.java:934)
	at org.springframework.web.servlet.mvc.method.annotation.RequestMappingHandlerAdapter.handleInternal(RequestMappingHandlerAdapter.java:853)
	at org.springframework.web.servlet.mvc.method.AbstractHandlerMethodAdapter.handle(AbstractHandlerMethodAdapter.java:86)
	at org.springframework.web.servlet.DispatcherServlet.doDispatch(DispatcherServlet.java:963)
	at org.springframework.web.servlet.DispatcherServlet.doService(DispatcherServlet.java:866)
	at org.springframework.web.servlet.FrameworkServlet.processRequest(FrameworkServlet.java:1000)
	at org.springframework.web.servlet.FrameworkServlet.doGet(FrameworkServlet.java:892)
	at jakarta.servlet.http.HttpServlet.service(HttpServlet.java:622)
	at org.springframework.web.servlet.FrameworkServlet.service(FrameworkServlet.java:874)
	at jakarta.servlet.http.HttpServlet.service(HttpServlet.java:710)
	at org.apache.catalina.core.ApplicationFilterChain.doFilter(ApplicationFilterChain.java:128)
	at org.apache.tomcat.websocket.server.WsFilter.doFilter(WsFilter.java:53)
	at org.apache.catalina.core.ApplicationFilterChain.doFilter(ApplicationFilterChain.java:107)
	at org.springframework.web.filter.OncePerRequestFilter.doFilter(OncePerRequestFilter.java:110)
	at org.apache.catalina.core.ApplicationFilterChain.doFilter(ApplicationFilterChain.java:107)
	at org.springframework.web.filter.OncePerRequestFilter.doFilter(OncePerRequestFilter.java:110)
	at org.apache.catalina.core.ApplicationFilterChain.doFilter(ApplicationFilterChain.java:107)
	at com.abubakar.connectify.configuration.RequestLoggingFilter.doFilterInternal(RequestLoggingFilter.java:30)
	at org.springframework.web.filter.OncePerRequestFilter.doFilter(OncePerRequestFilter.java:116)
	at org.apache.catalina.core.ApplicationFilterChain.doFilter(ApplicationFilterChain.java:107)
	at org.springframework.web.filter.CompositeFilter$VirtualFilterChain.doFilter(CompositeFilter.java:108)
	at org.springframework.security.web.FilterChainProxy.lambda$doFilterInternal$3(FilterChainProxy.java:235)
	at org.springframework.security.web.FilterChainProxy$VirtualFilterChain.doFilter(FilterChainProxy.java:376)
	at org.springframework.security.web.access.intercept.AuthorizationFilter.doFilter(AuthorizationFilter.java:101)
	at org.springframework.security.web.FilterChainProxy$VirtualFilterChain.doFilter(FilterChainProxy.java:385)
	at org.springframework.security.web.access.ExceptionTranslationFilter.doFilter(ExceptionTranslationFilter.java:126)
	at org.springframework.security.web.access.ExceptionTranslationFilter.doFilter(ExceptionTranslationFilter.java:120)
	at org.springframework.security.web.FilterChainProxy$VirtualFilterChain.doFilter(FilterChainProxy.java:385)
	at org.springframework.security.web.session.SessionManagementFilter.doFilter(SessionManagementFilter.java:132)
	at org.springframework.security.web.session.SessionManagementFilter.doFilter(SessionManagementFilter.java:86)
	at org.springframework.security.web.FilterChainProxy$VirtualFilterChain.doFilter(FilterChainProxy.java:385)
	at org.springframework.security.web.authentication.AnonymousAuthenticationFilter.doFilter(AnonymousAuthenticationFilter.java:100)
	at org.springframework.security.web.FilterChainProxy$VirtualFilterChain.doFilter(FilterChainProxy.java:385)
	at org.springframework.security.web.servletapi.SecurityContextHolderAwareRequestFilter.doFilter(SecurityContextHolderAwareRequestFilter.java:181)
	at org.springframework.security.web.FilterChainProxy$VirtualFilterChain.doFilter(FilterChainProxy.java:385)
	at org.springframework.security.web.savedrequest.RequestCacheAwareFilter.doFilter(RequestCacheAwareFilter.java:63)
	at org.springframework.security.web.FilterChainProxy$VirtualFilterChain.doFilter(FilterChainProxy.java:385)
	at org.springframework.security.web.authentication.ui.DefaultLogoutPageGeneratingFilter.doFilterInternal(DefaultLogoutPageGeneratingFilter.java:60)
	at org.springframework.web.filter.OncePerRequestFilter.doFilter(OncePerRequestFilter.java:116)
	at org.springframework.security.web.FilterChainProxy$VirtualFilterChain.doFilter(FilterChainProxy.java:385)
	at org.springframework.security.web.authentication.ui.DefaultLoginPageGeneratingFilter.doFilter(DefaultLoginPageGeneratingFilter.java:246)
	at org.springframework.security.web.authentication.ui.DefaultLoginPageGeneratingFilter.doFilter(DefaultLoginPageGeneratingFilter.java:232)
	at org.springframework.security.web.FilterChainProxy$VirtualFilterChain.doFilter(FilterChainProxy.java:385)
	at org.springframework.security.web.authentication.ui.DefaultResourcesFilter.doFilter(DefaultResourcesFilter.java:73)
	at org.springframework.security.web.FilterChainProxy$VirtualFilterChain.doFilter(FilterChainProxy.java:385)
	at com.abubakar.connectify.security.JwtFilter.doFilterInternal(JwtFilter.java:141)
	at org.springframework.web.filter.OncePerRequestFilter.doFilter(OncePerRequestFilter.java:116)
	at org.springframework.security.web.FilterChainProxy$VirtualFilterChain.doFilter(FilterChainProxy.java:385)
	at org.springframework.security.web.authentication.AbstractAuthenticationProcessingFilter.doFilter(AbstractAuthenticationProcessingFilter.java:245)
	at org.springframework.security.web.authentication.AbstractAuthenticationProcessingFilter.doFilter(AbstractAuthenticationProcessingFilter.java:239)
	at org.springframework.security.web.FilterChainProxy$VirtualFilterChain.doFilter(FilterChainProxy.java:385)
	at org.springframework.security.oauth2.client.web.OAuth2AuthorizationRequestRedirectFilter.doFilterInternal(OAuth2AuthorizationRequestRedirectFilter.java:195)
	at org.springframework.web.filter.OncePerRequestFilter.doFilter(OncePerRequestFilter.java:116)
	at org.springframework.security.web.FilterChainProxy$VirtualFilterChain.doFilter(FilterChainProxy.java:385)
	at org.springframework.security.web.authentication.logout.LogoutFilter.doFilter(LogoutFilter.java:110)
	at org.springframework.security.web.authentication.logout.LogoutFilter.doFilter(LogoutFilter.java:96)
	at org.springframework.security.web.FilterChainProxy$VirtualFilterChain.doFilter(FilterChainProxy.java:385)
	at org.springframework.web.filter.CorsFilter.doFilterInternal(CorsFilter.java:91)
	at org.springframework.web.filter.OncePerRequestFilter.doFilter(OncePerRequestFilter.java:116)
	at org.springframework.security.web.FilterChainProxy$VirtualFilterChain.doFilter(FilterChainProxy.java:385)
	at org.springframework.security.web.header.HeaderWriterFilter.doHeadersAfter(HeaderWriterFilter.java:90)
	at org.springframework.security.web.header.HeaderWriterFilter.doFilterInternal(HeaderWriterFilter.java:75)
	at org.springframework.web.filter.OncePerRequestFilter.doFilter(OncePerRequestFilter.java:116)
	at org.springframework.security.web.FilterChainProxy$VirtualFilterChain.doFilter(FilterChainProxy.java:385)
	at org.springframework.security.web.context.SecurityContextHolderFilter.doFilter(SecurityContextHolderFilter.java:82)
	at org.springframework.security.web.context.SecurityContextHolderFilter.doFilter(SecurityContextHolderFilter.java:69)
	at org.springframework.security.web.FilterChainProxy$VirtualFilterChain.doFilter(FilterChainProxy.java:385)
	at org.springframework.security.web.context.request.async.WebAsyncManagerIntegrationFilter.doFilterInternal(WebAsyncManagerIntegrationFilter.java:62)
	at org.springframework.web.filter.OncePerRequestFilter.doFilter(OncePerRequestFilter.java:116)
	at org.springframework.security.web.FilterChainProxy$VirtualFilterChain.doFilter(FilterChainProxy.java:385)
	at org.springframework.security.web.session.DisableEncodeUrlFilter.doFilterInternal(DisableEncodeUrlFilter.java:42)
	at org.springframework.web.filter.OncePerRequestFilter.doFilter(OncePerRequestFilter.java:116)
	at org.springframework.security.web.FilterChainProxy$VirtualFilterChain.doFilter(FilterChainProxy.java:385)
	at org.springframework.security.web.FilterChainProxy.doFilterInternal(FilterChainProxy.java:237)
	at org.springframework.security.web.FilterChainProxy.doFilter(FilterChainProxy.java:195)
	at org.springframework.web.filter.CompositeFilter$VirtualFilterChain.doFilter(CompositeFilter.java:113)
	at org.springframework.web.filter.ServletRequestPathFilter.doFilter(ServletRequestPathFilter.java:52)
	at org.springframework.web.filter.CompositeFilter$VirtualFilterChain.doFilter(CompositeFilter.java:113)
	at org.springframework.web.filter.CompositeFilter.doFilter(CompositeFilter.java:74)
	at org.springframework.security.config.annotation.web.configuration.WebSecurityConfiguration$CompositeFilterChainProxy.doFilter(WebSecurityConfiguration.java:317)
	at org.springframework.web.filter.DelegatingFilterProxy.invokeDelegate(DelegatingFilterProxy.java:355)
	at org.springframework.web.filter.DelegatingFilterProxy.doFilter(DelegatingFilterProxy.java:272)
	at org.apache.catalina.core.ApplicationFilterChain.doFilter(ApplicationFilterChain.java:107)
	at org.springframework.web.filter.RequestContextFilter.doFilterInternal(RequestContextFilter.java:100)
	at org.springframework.web.filter.OncePerRequestFilter.doFilter(OncePerRequestFilter.java:116)
	at org.apache.catalina.core.ApplicationFilterChain.doFilter(ApplicationFilterChain.java:107)
	at org.springframework.web.filter.FormContentFilter.doFilterInternal(FormContentFilter.java:93)
	at org.springframework.web.filter.OncePerRequestFilter.doFilter(OncePerRequestFilter.java:116)
	at org.apache.catalina.core.ApplicationFilterChain.doFilter(ApplicationFilterChain.java:107)
	at org.springframework.web.filter.CharacterEncodingFilter.doFilterInternal(CharacterEncodingFilter.java:199)
	at org.springframework.web.filter.OncePerRequestFilter.doFilter(OncePerRequestFilter.java:116)
	at org.apache.catalina.core.ApplicationFilterChain.doFilter(ApplicationFilterChain.java:107)
	at org.apache.catalina.core.StandardWrapperValve.invoke(StandardWrapperValve.java:165)
	at org.apache.catalina.core.StandardContextValve.invoke(StandardContextValve.java:77)
	at org.apache.catalina.authenticator.AuthenticatorBase.invoke(AuthenticatorBase.java:492)
	at org.apache.catalina.core.StandardHostValve.invoke(StandardHostValve.java:113)
	at org.apache.catalina.valves.ErrorReportValve.invoke(ErrorReportValve.java:83)
	at org.apache.catalina.core.StandardEngineValve.invoke(StandardEngineValve.java:72)
	at org.apache.catalina.connector.CoyoteAdapter.service(CoyoteAdapter.java:341)
	at org.apache.coyote.http11.Http11Processor.service(Http11Processor.java:397)
	at org.apache.coyote.AbstractProcessorLight.process(AbstractProcessorLight.java:63)
	at org.apache.coyote.AbstractProtocol$ConnectionHandler.process(AbstractProtocol.java:903)
	at org.apache.tomcat.util.net.NioEndpoint$SocketProcessor.doRun(NioEndpoint.java:1801)
	at org.apache.tomcat.util.net.SocketProcessorBase.run(SocketProcessorBase.java:52)
	at org.apache.tomcat.util.threads.ThreadPoolExecutor.runWorker(ThreadPoolExecutor.java:946)
	at org.apache.tomcat.util.threads.ThreadPoolExecutor$Worker.run(ThreadPoolExecutor.java:480)
	at org.apache.tomcat.util.threads.TaskThread$WrappingRunnable.run(TaskThread.java:57)
	at java.base/java.lang.Thread.run(Thread.java:1583)
2026-06-08 06:19:57[INFO]com.abubakar.connectify.configuration.RequestLoggingFilter-GET /api/v1/comments/post/3 | Status: 404
2026-06-08 06:20:03[INFO]com.abubakar.connectify.service.impl.CustomUserDetailsService-Authentication request received for email: asif@gmail.com
2026-06-08 06:20:03[DEBUG]com.abubakar.connectify.service.impl.CustomUserDetailsService-User loaded successfully with email: asif@gmail.com and role: USER
2026-06-08 06:20:03[INFO]com.abubakar.connectify.security.JwtUtils-Token validation result for user asif@gmail.com : true
2026-06-08 06:20:03[INFO]com.abubakar.connectify.security.JwtFilter-User authenticated successfully: asif@gmail.com
2026-06-08 06:20:03[INFO]com.abubakar.connectify.controller.CommentController-API request received | getPostComments | postId: 2 | cursor: null | size: 10
2026-06-08 06:20:03[INFO]com.abubakar.connectify.service.impl.CommentServiceImpl-Fetching comments | postId: 2 | cursor: null | size: 10
2026-06-08 06:20:03[DEBUG]com.abubakar.connectify.util.PostAccessValidator-Validating active post access | postId: 2
2026-06-08 06:20:03[DEBUG]com.abubakar.connectify.util.PostAccessValidator-Fetching post | postId: 2
2026-06-08 06:20:03[DEBUG]com.abubakar.connectify.util.PostAccessValidator-Active post validation successful | postId: 2
2026-06-08 06:20:03[INFO]com.abubakar.connectify.service.impl.CommentServiceImpl-Top-level comments fetched | count: 0
2026-06-08 06:20:03[DEBUG]com.abubakar.connectify.util.UserAccessValidator-Validating user access | userId: 2
2026-06-08 06:20:03[DEBUG]com.abubakar.connectify.util.UserAccessValidator-User validation successful | userId: 2
2026-06-08 06:20:03[DEBUG]com.abubakar.connectify.util.AuthUtil-Authenticated active user fetched successfully | userId: 2
2026-06-08 06:20:03[INFO]com.abubakar.connectify.configuration.RequestLoggingFilter-GET /api/v1/comments/post/2 | Status: 200
2026-06-08 06:20:05[INFO]com.abubakar.connectify.scheduler.StoryCleanupScheduler-Running story cleanup job
2026-06-08 06:20:05[INFO]com.abubakar.connectify.scheduler.StoryCleanupScheduler-Expired stories found: 0
2026-06-08 06:20:05[INFO]com.abubakar.connectify.scheduler.StoryCleanupScheduler-Story cleanup completed
2026-06-08 06:20:31[INFO]com.abubakar.connectify.service.impl.CustomUserDetailsService-Authentication request received for email: asif@gmail.com
2026-06-08 06:20:31[DEBUG]com.abubakar.connectify.service.impl.CustomUserDetailsService-User loaded successfully with email: asif@gmail.com and role: USER
2026-06-08 06:20:31[INFO]com.abubakar.connectify.security.JwtUtils-Token validation result for user asif@gmail.com : true
2026-06-08 06:20:31[INFO]com.abubakar.connectify.security.JwtFilter-User authenticated successfully: asif@gmail.com
2026-06-08 06:20:31[INFO]com.abubakar.connectify.controller.CommentController-API request received | getPostComments | postId: 1 | cursor: null | size: 10
2026-06-08 06:20:31[INFO]com.abubakar.connectify.service.impl.CommentServiceImpl-Fetching comments | postId: 1 | cursor: null | size: 10
2026-06-08 06:20:31[DEBUG]com.abubakar.connectify.util.PostAccessValidator-Validating active post access | postId: 1
2026-06-08 06:20:31[DEBUG]com.abubakar.connectify.util.PostAccessValidator-Fetching post | postId: 1
2026-06-08 06:20:31[DEBUG]com.abubakar.connectify.util.PostAccessValidator-Active post validation successful | postId: 1
2026-06-08 06:20:31[INFO]com.abubakar.connectify.service.impl.CommentServiceImpl-Top-level comments fetched | count: 1
2026-06-08 06:20:31[DEBUG]com.abubakar.connectify.util.UserAccessValidator-Validating user access | userId: 2
2026-06-08 06:20:31[DEBUG]com.abubakar.connectify.util.UserAccessValidator-User validation successful | userId: 2
2026-06-08 06:20:31[DEBUG]com.abubakar.connectify.util.AuthUtil-Authenticated active user fetched successfully | userId: 2
2026-06-08 06:20:31[INFO]com.abubakar.connectify.configuration.RequestLoggingFilter-GET /api/v1/comments/post/1 | Status: 200
2026-06-08 06:21:03[INFO]com.abubakar.connectify.service.impl.CustomUserDetailsService-Authentication request received for email: asif@gmail.com
2026-06-08 06:21:03[DEBUG]com.abubakar.connectify.service.impl.CustomUserDetailsService-User loaded successfully with email: asif@gmail.com and role: USER
2026-06-08 06:21:03[INFO]com.abubakar.connectify.security.JwtUtils-Token validation result for user asif@gmail.com : true
2026-06-08 06:21:03[INFO]com.abubakar.connectify.security.JwtFilter-User authenticated successfully: asif@gmail.com
2026-06-08 06:21:03[INFO]com.abubakar.connectify.controller.CommentController-API request received | addComment | postId: 1
2026-06-08 06:21:03[INFO]com.abubakar.connectify.service.impl.CommentServiceImpl-Adding comment to post with id: 1
2026-06-08 06:21:03[DEBUG]com.abubakar.connectify.util.UserAccessValidator-Validating user access | userId: 2
2026-06-08 06:21:03[DEBUG]com.abubakar.connectify.util.UserAccessValidator-User validation successful | userId: 2
2026-06-08 06:21:03[DEBUG]com.abubakar.connectify.util.AuthUtil-Authenticated active user fetched successfully | userId: 2
2026-06-08 06:21:03[DEBUG]com.abubakar.connectify.util.PostAccessValidator-Validating active post access | postId: 1
2026-06-08 06:21:03[DEBUG]com.abubakar.connectify.util.PostAccessValidator-Fetching post | postId: 1
2026-06-08 06:21:03[DEBUG]com.abubakar.connectify.util.PostAccessValidator-Active post validation successful | postId: 1
2026-06-08 06:21:03[DEBUG]com.abubakar.connectify.service.impl.CommentServiceImpl-Reply comment detected | parentCommentId: 1
2026-06-08 06:21:03[DEBUG]com.abubakar.connectify.util.CommentAccessValidator-Fetching comment | commentId: 1
2026-06-08 06:21:03[DEBUG]com.abubakar.connectify.service.impl.CommentServiceImpl-Creating reply notification | receiverUserId: 3 | commentId: 3
2026-06-08 06:21:03[INFO]com.abubakar.connectify.service.impl.NotificationServiceImpl-Creating notification | receiverId: 3 | senderId: 2
2026-06-08 06:21:03[DEBUG]com.abubakar.connectify.util.UserAccessValidator-Validating user access | userId: 3
2026-06-08 06:21:03[DEBUG]com.abubakar.connectify.util.UserAccessValidator-User validation successful | userId: 3
2026-06-08 06:21:03[DEBUG]com.abubakar.connectify.util.UserAccessValidator-Validating user access | userId: 2
2026-06-08 06:21:03[DEBUG]com.abubakar.connectify.util.UserAccessValidator-User validation successful | userId: 2
2026-06-08 06:21:03[DEBUG]com.abubakar.connectify.util.PostAccessValidator-Validating active post access | postId: 1
2026-06-08 06:21:03[DEBUG]com.abubakar.connectify.util.PostAccessValidator-Fetching post | postId: 1
2026-06-08 06:21:03[DEBUG]com.abubakar.connectify.util.PostAccessValidator-Active post validation successful | postId: 1
2026-06-08 06:21:03[DEBUG]com.abubakar.connectify.util.CommentAccessValidator-Validating active comment access | commentId: 3
2026-06-08 06:21:03[DEBUG]com.abubakar.connectify.util.CommentAccessValidator-Fetching comment | commentId: 3
2026-06-08 06:21:03[DEBUG]com.abubakar.connectify.util.CommentAccessValidator-Active comment validation successful | commentId: 3
2026-06-08 06:21:03[INFO]com.abubakar.connectify.service.impl.NotificationServiceImpl-Notification created successfully
| receiverId: 3
| senderId: 2
| type: REPLY

2026-06-08 06:21:03[INFO]com.abubakar.connectify.service.impl.CommentServiceImpl-Comment created successfully | commentId: 3 | postId: 1 | userId: 2
2026-06-08 06:21:03[DEBUG]com.abubakar.connectify.util.UserAccessValidator-Validating user access | userId: 2
2026-06-08 06:21:03[DEBUG]com.abubakar.connectify.util.UserAccessValidator-User validation successful | userId: 2
2026-06-08 06:21:03[DEBUG]com.abubakar.connectify.util.AuthUtil-Authenticated active user fetched successfully | userId: 2
2026-06-08 06:21:03[INFO]com.abubakar.connectify.configuration.RequestLoggingFilter-POST /api/v1/comments/post/1 | Status: 201
2026-06-08 06:21:12[INFO]com.abubakar.connectify.service.impl.CustomUserDetailsService-Authentication request received for email: asif@gmail.com
2026-06-08 06:21:12[DEBUG]com.abubakar.connectify.service.impl.CustomUserDetailsService-User loaded successfully with email: asif@gmail.com and role: USER
2026-06-08 06:21:12[INFO]com.abubakar.connectify.security.JwtUtils-Token validation result for user asif@gmail.com : true
2026-06-08 06:21:12[INFO]com.abubakar.connectify.security.JwtFilter-User authenticated successfully: asif@gmail.com
2026-06-08 06:21:12[INFO]com.abubakar.connectify.controller.CommentController-API request received | getPostComments | postId: 1 | cursor: null | size: 10
2026-06-08 06:21:12[INFO]com.abubakar.connectify.service.impl.CommentServiceImpl-Fetching comments | postId: 1 | cursor: null | size: 10
2026-06-08 06:21:12[DEBUG]com.abubakar.connectify.util.PostAccessValidator-Validating active post access | postId: 1
2026-06-08 06:21:12[DEBUG]com.abubakar.connectify.util.PostAccessValidator-Fetching post | postId: 1
2026-06-08 06:21:12[DEBUG]com.abubakar.connectify.util.PostAccessValidator-Active post validation successful | postId: 1
2026-06-08 06:21:12[INFO]com.abubakar.connectify.service.impl.CommentServiceImpl-Top-level comments fetched | count: 1
2026-06-08 06:21:12[DEBUG]com.abubakar.connectify.util.UserAccessValidator-Validating user access | userId: 2
2026-06-08 06:21:12[DEBUG]com.abubakar.connectify.util.UserAccessValidator-User validation successful | userId: 2
2026-06-08 06:21:12[DEBUG]com.abubakar.connectify.util.AuthUtil-Authenticated active user fetched successfully | userId: 2
2026-06-08 06:21:12[INFO]com.abubakar.connectify.configuration.RequestLoggingFilter-GET /api/v1/comments/post/1 | Status: 200
2026-06-08 06:21:41[INFO]com.abubakar.connectify.controller.AuthController-Login Api initiated for: abu@gmail.com
2026-06-08 06:21:41[DEBUG]com.abubakar.connectify.service.impl.AuthServiceImpl-Starting login | email: abu@gmail.com
2026-06-08 06:21:41[INFO]com.abubakar.connectify.service.impl.CustomUserDetailsService-Authentication request received for email: abu@gmail.com
2026-06-08 06:21:41[DEBUG]com.abubakar.connectify.service.impl.CustomUserDetailsService-User loaded successfully with email: abu@gmail.com and role: USER
2026-06-08 06:21:41[INFO]com.abubakar.connectify.security.JwtUtils-Generating token for user: abu@gmail.com
2026-06-08 06:21:41[INFO]com.abubakar.connectify.service.impl.RefreshTokenServiceImpl-Refresh token created/updated | userId: 3
2026-06-08 06:21:41[INFO]com.abubakar.connectify.service.impl.AuthServiceImpl-Login successful | userId: 3 | email: abu@gmail.com
2026-06-08 06:21:41[INFO]com.abubakar.connectify.configuration.RequestLoggingFilter-POST /api/v1/auth/login | Status: 200
2026-06-08 06:22:08[INFO]com.abubakar.connectify.service.impl.CustomUserDetailsService-Authentication request received for email: abu@gmail.com
2026-06-08 06:22:08[DEBUG]com.abubakar.connectify.service.impl.CustomUserDetailsService-User loaded successfully with email: abu@gmail.com and role: USER
2026-06-08 06:22:08[INFO]com.abubakar.connectify.security.JwtUtils-Token validation result for user abu@gmail.com : true
2026-06-08 06:22:08[INFO]com.abubakar.connectify.security.JwtFilter-User authenticated successfully: abu@gmail.com
2026-06-08 06:22:08[INFO]com.abubakar.connectify.controller.ReportController-Report comment API called | commentId: 3
2026-06-08 06:22:08[INFO]com.abubakar.connectify.service.impl.ReportServiceImpl-Reporting comment | commentId: 3
2026-06-08 06:22:08[DEBUG]com.abubakar.connectify.util.UserAccessValidator-Validating user access | userId: 3
2026-06-08 06:22:08[DEBUG]com.abubakar.connectify.util.UserAccessValidator-User validation successful | userId: 3
2026-06-08 06:22:08[DEBUG]com.abubakar.connectify.util.AuthUtil-Authenticated active user fetched successfully | userId: 3
2026-06-08 06:22:08[INFO]com.abubakar.connectify.service.impl.ReportServiceImpl-Reporting comment | commentId: 3 | reporterId: 3
2026-06-08 06:22:08[DEBUG]com.abubakar.connectify.util.CommentAccessValidator-Validating active comment access | commentId: 3
2026-06-08 06:22:08[DEBUG]com.abubakar.connectify.util.CommentAccessValidator-Fetching comment | commentId: 3
2026-06-08 06:22:08[DEBUG]com.abubakar.connectify.util.CommentAccessValidator-Active comment validation successful | commentId: 3
2026-06-08 06:22:08[INFO]com.abubakar.connectify.service.impl.NotificationServiceImpl-Creating notification | receiverId: 2 | senderId: 3
2026-06-08 06:22:08[DEBUG]com.abubakar.connectify.util.UserAccessValidator-Validating user access | userId: 2
2026-06-08 06:22:08[DEBUG]com.abubakar.connectify.util.UserAccessValidator-User validation successful | userId: 2
2026-06-08 06:22:08[DEBUG]com.abubakar.connectify.util.UserAccessValidator-Validating user access | userId: 3
2026-06-08 06:22:08[DEBUG]com.abubakar.connectify.util.UserAccessValidator-User validation successful | userId: 3
2026-06-08 06:22:08[DEBUG]com.abubakar.connectify.util.PostAccessValidator-Validating active post access | postId: 1
2026-06-08 06:22:08[DEBUG]com.abubakar.connectify.util.PostAccessValidator-Fetching post | postId: 1
2026-06-08 06:22:08[DEBUG]com.abubakar.connectify.util.PostAccessValidator-Active post validation successful | postId: 1
2026-06-08 06:22:08[DEBUG]com.abubakar.connectify.util.CommentAccessValidator-Validating active comment access | commentId: 3
2026-06-08 06:22:08[DEBUG]com.abubakar.connectify.util.CommentAccessValidator-Fetching comment | commentId: 3
2026-06-08 06:22:08[DEBUG]com.abubakar.connectify.util.CommentAccessValidator-Active comment validation successful | commentId: 3
2026-06-08 06:22:08[INFO]com.abubakar.connectify.service.impl.NotificationServiceImpl-Notification created successfully
| receiverId: 2
| senderId: 3
| type: COMMENT_REPORTED

2026-06-08 06:22:08[INFO]com.abubakar.connectify.service.impl.NotificationServiceImpl-Creating notification | receiverId: 1 | senderId: 3
2026-06-08 06:22:08[DEBUG]com.abubakar.connectify.util.UserAccessValidator-Validating user access | userId: 1
2026-06-08 06:22:08[DEBUG]com.abubakar.connectify.util.UserAccessValidator-User validation successful | userId: 1
2026-06-08 06:22:08[DEBUG]com.abubakar.connectify.util.UserAccessValidator-Validating user access | userId: 3
2026-06-08 06:22:08[DEBUG]com.abubakar.connectify.util.UserAccessValidator-User validation successful | userId: 3
2026-06-08 06:22:08[DEBUG]com.abubakar.connectify.util.PostAccessValidator-Validating active post access | postId: 1
2026-06-08 06:22:08[DEBUG]com.abubakar.connectify.util.PostAccessValidator-Fetching post | postId: 1
2026-06-08 06:22:08[DEBUG]com.abubakar.connectify.util.PostAccessValidator-Active post validation successful | postId: 1
2026-06-08 06:22:08[DEBUG]com.abubakar.connectify.util.CommentAccessValidator-Validating active comment access | commentId: 3
2026-06-08 06:22:08[DEBUG]com.abubakar.connectify.util.CommentAccessValidator-Fetching comment | commentId: 3
2026-06-08 06:22:08[DEBUG]com.abubakar.connectify.util.CommentAccessValidator-Active comment validation successful | commentId: 3
2026-06-08 06:22:08[INFO]com.abubakar.connectify.service.impl.NotificationServiceImpl-Notification created successfully
| receiverId: 1
| senderId: 3
| type: COMMENT_REPORTED

2026-06-08 06:22:08[INFO]com.abubakar.connectify.service.impl.ReportServiceImpl-Comment reported successfully | commentId: 3 | reporterId: 3
2026-06-08 06:22:08[INFO]com.abubakar.connectify.configuration.RequestLoggingFilter-POST /api/v1/reports/comment/3 | Status: 201
2026-06-08 06:22:29[INFO]com.abubakar.connectify.controller.AuthController-Login Api initiated for: admin@gmail.com
2026-06-08 06:22:29[DEBUG]com.abubakar.connectify.service.impl.AuthServiceImpl-Starting login | email: admin@gmail.com
2026-06-08 06:22:29[INFO]com.abubakar.connectify.service.impl.CustomUserDetailsService-Authentication request received for email: admin@gmail.com
2026-06-08 06:22:29[DEBUG]com.abubakar.connectify.service.impl.CustomUserDetailsService-User loaded successfully with email: admin@gmail.com and role: ADMIN
2026-06-08 06:22:29[INFO]com.abubakar.connectify.security.JwtUtils-Generating token for user: admin@gmail.com
2026-06-08 06:22:29[INFO]com.abubakar.connectify.service.impl.RefreshTokenServiceImpl-Refresh token created/updated | userId: 1
2026-06-08 06:22:29[INFO]com.abubakar.connectify.service.impl.AuthServiceImpl-Login successful | userId: 1 | email: admin@gmail.com
2026-06-08 06:22:29[INFO]com.abubakar.connectify.configuration.RequestLoggingFilter-POST /api/v1/auth/login | Status: 200
2026-06-08 06:22:52[INFO]com.abubakar.connectify.service.impl.CustomUserDetailsService-Authentication request received for email: admin@gmail.com
2026-06-08 06:22:52[DEBUG]com.abubakar.connectify.service.impl.CustomUserDetailsService-User loaded successfully with email: admin@gmail.com and role: ADMIN
2026-06-08 06:22:52[INFO]com.abubakar.connectify.security.JwtUtils-Token validation result for user admin@gmail.com : true
2026-06-08 06:22:52[INFO]com.abubakar.connectify.security.JwtFilter-User authenticated successfully: admin@gmail.com
2026-06-08 06:22:52[INFO]com.abubakar.connectify.controller.AdminReportController-API request received | resolve report | reportId: 4
2026-06-08 06:22:52[DEBUG]com.abubakar.connectify.util.UserAccessValidator-Validating user access | userId: 1
2026-06-08 06:22:52[DEBUG]com.abubakar.connectify.util.UserAccessValidator-User validation successful | userId: 1
2026-06-08 06:22:52[DEBUG]com.abubakar.connectify.util.AuthUtil-Authenticated active user fetched successfully | userId: 1
2026-06-08 06:22:52[INFO]com.abubakar.connectify.service.impl.AdminReportServiceImpl-Resolve report request | reportId: 4
2026-06-08 06:22:52[DEBUG]com.abubakar.connectify.util.ReportAccessValidator-Fetching report | reportId: 4
2026-06-08 06:22:52[INFO]com.abubakar.connectify.service.impl.NotificationServiceImpl-Creating notification | receiverId: 3 | senderId: 1
2026-06-08 06:22:52[DEBUG]com.abubakar.connectify.util.UserAccessValidator-Validating user access | userId: 3
2026-06-08 06:22:52[DEBUG]com.abubakar.connectify.util.UserAccessValidator-User validation successful | userId: 3
2026-06-08 06:22:52[DEBUG]com.abubakar.connectify.util.UserAccessValidator-Validating user access | userId: 1
2026-06-08 06:22:52[DEBUG]com.abubakar.connectify.util.UserAccessValidator-User validation successful | userId: 1
2026-06-08 06:22:52[INFO]com.abubakar.connectify.service.impl.NotificationServiceImpl-Notification created successfully
| receiverId: 3
| senderId: 1
| type: REPORT_RESOLVED

2026-06-08 06:22:52[INFO]com.abubakar.connectify.service.impl.AdminReportServiceImpl-Report resolved successfully
| reportId: 4
| adminId: 1

2026-06-08 06:22:52[INFO]com.abubakar.connectify.configuration.RequestLoggingFilter-PUT /api/v1/admin/reports/4/resolve | Status: 200
2026-06-08 06:23:29[INFO]com.abubakar.connectify.controller.AuthController-Login Api initiated for: abu@gmail.com
2026-06-08 06:23:29[DEBUG]com.abubakar.connectify.service.impl.AuthServiceImpl-Starting login | email: abu@gmail.com
2026-06-08 06:23:29[INFO]com.abubakar.connectify.service.impl.CustomUserDetailsService-Authentication request received for email: abu@gmail.com
2026-06-08 06:23:29[DEBUG]com.abubakar.connectify.service.impl.CustomUserDetailsService-User loaded successfully with email: abu@gmail.com and role: USER
2026-06-08 06:23:29[INFO]com.abubakar.connectify.security.JwtUtils-Generating token for user: abu@gmail.com
2026-06-08 06:23:29[INFO]com.abubakar.connectify.service.impl.RefreshTokenServiceImpl-Refresh token created/updated | userId: 3
2026-06-08 06:23:29[INFO]com.abubakar.connectify.service.impl.AuthServiceImpl-Login successful | userId: 3 | email: abu@gmail.com
2026-06-08 06:23:29[INFO]com.abubakar.connectify.configuration.RequestLoggingFilter-POST /api/v1/auth/login | Status: 200
2026-06-08 06:23:32[INFO]com.abubakar.connectify.service.impl.CustomUserDetailsService-Authentication request received for email: abu@gmail.com
2026-06-08 06:23:32[DEBUG]com.abubakar.connectify.service.impl.CustomUserDetailsService-User loaded successfully with email: abu@gmail.com and role: USER
2026-06-08 06:23:32[INFO]com.abubakar.connectify.security.JwtUtils-Token validation result for user abu@gmail.com : true
2026-06-08 06:23:32[INFO]com.abubakar.connectify.security.JwtFilter-User authenticated successfully: abu@gmail.com
2026-06-08 06:23:32[INFO]com.abubakar.connectify.controller.CommentController-API request received | getPostComments | postId: 1 | cursor: null | size: 10
2026-06-08 06:23:32[INFO]com.abubakar.connectify.service.impl.CommentServiceImpl-Fetching comments | postId: 1 | cursor: null | size: 10
2026-06-08 06:23:32[DEBUG]com.abubakar.connectify.util.PostAccessValidator-Validating active post access | postId: 1
2026-06-08 06:23:32[DEBUG]com.abubakar.connectify.util.PostAccessValidator-Fetching post | postId: 1
2026-06-08 06:23:32[DEBUG]com.abubakar.connectify.util.PostAccessValidator-Active post validation successful | postId: 1
2026-06-08 06:23:32[INFO]com.abubakar.connectify.service.impl.CommentServiceImpl-Top-level comments fetched | count: 1
2026-06-08 06:23:32[DEBUG]com.abubakar.connectify.util.UserAccessValidator-Validating user access | userId: 3
2026-06-08 06:23:32[DEBUG]com.abubakar.connectify.util.UserAccessValidator-User validation successful | userId: 3
2026-06-08 06:23:32[DEBUG]com.abubakar.connectify.util.AuthUtil-Authenticated active user fetched successfully | userId: 3
2026-06-08 06:23:32[INFO]com.abubakar.connectify.configuration.RequestLoggingFilter-GET /api/v1/comments/post/1 | Status: 200
2026-06-08 06:24:09[INFO]com.abubakar.connectify.service.impl.CustomUserDetailsService-Authentication request received for email: abu@gmail.com
2026-06-08 06:24:09[DEBUG]com.abubakar.connectify.service.impl.CustomUserDetailsService-User loaded successfully with email: abu@gmail.com and role: USER
2026-06-08 06:24:09[INFO]com.abubakar.connectify.security.JwtUtils-Token validation result for user abu@gmail.com : true
2026-06-08 06:24:09[INFO]com.abubakar.connectify.security.JwtFilter-User authenticated successfully: abu@gmail.com
2026-06-08 06:24:09[INFO]com.abubakar.connectify.controller.CommentController-API request received | requestRestoreComment | commentId: 3
2026-06-08 06:24:09[INFO]com.abubakar.connectify.service.impl.CommentServiceImpl-Restore request for commentId: 3
2026-06-08 06:24:09[DEBUG]com.abubakar.connectify.util.CommentAccessValidator-Fetching comment | commentId: 3
2026-06-08 06:24:09[DEBUG]com.abubakar.connectify.util.UserAccessValidator-Validating user access | userId: 3
2026-06-08 06:24:09[DEBUG]com.abubakar.connectify.util.UserAccessValidator-User validation successful | userId: 3
2026-06-08 06:24:09[DEBUG]com.abubakar.connectify.util.AuthUtil-Authenticated active user fetched successfully | userId: 3
2026-06-08 06:24:09[ERROR]com.abubakar.connectify.exception.GlobalExceptionHandler-Business exception occurred | errorCode: EMAIL_NOT_FOUND | status: 404 NOT_FOUND | message: You are not authorized to access this comment
com.abubakar.connectify.exception.UnauthorizedException: You are not authorized to access this comment
	at com.abubakar.connectify.util.OwnershipValidator.validate(OwnershipValidator.java:19)
	at com.abubakar.connectify.service.impl.CommentServiceImpl.requestRestoreComment(CommentServiceImpl.java:315)
	at java.base/jdk.internal.reflect.DirectMethodHandleAccessor.invoke(DirectMethodHandleAccessor.java:103)
	at java.base/java.lang.reflect.Method.invoke(Method.java:580)
	at org.springframework.aop.support.AopUtils.invokeJoinpointUsingReflection(AopUtils.java:359)
	at org.springframework.aop.framework.ReflectiveMethodInvocation.invokeJoinpoint(ReflectiveMethodInvocation.java:190)
	at org.springframework.aop.framework.ReflectiveMethodInvocation.proceed(ReflectiveMethodInvocation.java:158)
	at org.springframework.transaction.interceptor.TransactionInterceptor$1.proceedWithInvocation(TransactionInterceptor.java:133)
	at org.springframework.transaction.interceptor.TransactionAspectSupport.invokeWithinTransaction(TransactionAspectSupport.java:371)
	at org.springframework.transaction.interceptor.TransactionInterceptor.invoke(TransactionInterceptor.java:130)
	at org.springframework.aop.framework.ReflectiveMethodInvocation.proceed(ReflectiveMethodInvocation.java:179)
	at org.springframework.aop.framework.CglibAopProxy$DynamicAdvisedInterceptor.intercept(CglibAopProxy.java:719)
	at com.abubakar.connectify.service.impl.CommentServiceImpl$$SpringCGLIB$$0.requestRestoreComment(<generated>)
	at com.abubakar.connectify.controller.CommentController.requestRestoreComment(CommentController.java:98)
	at java.base/jdk.internal.reflect.DirectMethodHandleAccessor.invoke(DirectMethodHandleAccessor.java:103)
	at java.base/java.lang.reflect.Method.invoke(Method.java:580)
	at org.springframework.web.method.support.InvocableHandlerMethod.doInvoke(InvocableHandlerMethod.java:252)
	at org.springframework.web.method.support.InvocableHandlerMethod.invokeForRequest(InvocableHandlerMethod.java:184)
	at org.springframework.web.servlet.mvc.method.annotation.ServletInvocableHandlerMethod.invokeAndHandle(ServletInvocableHandlerMethod.java:117)
	at org.springframework.web.servlet.mvc.method.annotation.RequestMappingHandlerAdapter.invokeHandlerMethod(RequestMappingHandlerAdapter.java:934)
	at org.springframework.web.servlet.mvc.method.annotation.RequestMappingHandlerAdapter.handleInternal(RequestMappingHandlerAdapter.java:853)
	at org.springframework.web.servlet.mvc.method.AbstractHandlerMethodAdapter.handle(AbstractHandlerMethodAdapter.java:86)
	at org.springframework.web.servlet.DispatcherServlet.doDispatch(DispatcherServlet.java:963)
	at org.springframework.web.servlet.DispatcherServlet.doService(DispatcherServlet.java:866)
	at org.springframework.web.servlet.FrameworkServlet.processRequest(FrameworkServlet.java:1000)
	at org.springframework.web.servlet.FrameworkServlet.doPost(FrameworkServlet.java:903)
	at jakarta.servlet.http.HttpServlet.service(HttpServlet.java:649)
	at org.springframework.web.servlet.FrameworkServlet.service(FrameworkServlet.java:874)
	at jakarta.servlet.http.HttpServlet.service(HttpServlet.java:710)
	at org.apache.catalina.core.ApplicationFilterChain.doFilter(ApplicationFilterChain.java:128)
	at org.apache.tomcat.websocket.server.WsFilter.doFilter(WsFilter.java:53)
	at org.apache.catalina.core.ApplicationFilterChain.doFilter(ApplicationFilterChain.java:107)
	at org.springframework.web.filter.OncePerRequestFilter.doFilter(OncePerRequestFilter.java:110)
	at org.apache.catalina.core.ApplicationFilterChain.doFilter(ApplicationFilterChain.java:107)
	at org.springframework.web.filter.OncePerRequestFilter.doFilter(OncePerRequestFilter.java:110)
	at org.apache.catalina.core.ApplicationFilterChain.doFilter(ApplicationFilterChain.java:107)
	at com.abubakar.connectify.configuration.RequestLoggingFilter.doFilterInternal(RequestLoggingFilter.java:30)
	at org.springframework.web.filter.OncePerRequestFilter.doFilter(OncePerRequestFilter.java:116)
	at org.apache.catalina.core.ApplicationFilterChain.doFilter(ApplicationFilterChain.java:107)
	at org.springframework.web.filter.CompositeFilter$VirtualFilterChain.doFilter(CompositeFilter.java:108)
	at org.springframework.security.web.FilterChainProxy.lambda$doFilterInternal$3(FilterChainProxy.java:235)
	at org.springframework.security.web.FilterChainProxy$VirtualFilterChain.doFilter(FilterChainProxy.java:376)
	at org.springframework.security.web.access.intercept.AuthorizationFilter.doFilter(AuthorizationFilter.java:101)
	at org.springframework.security.web.FilterChainProxy$VirtualFilterChain.doFilter(FilterChainProxy.java:385)
	at org.springframework.security.web.access.ExceptionTranslationFilter.doFilter(ExceptionTranslationFilter.java:126)
	at org.springframework.security.web.access.ExceptionTranslationFilter.doFilter(ExceptionTranslationFilter.java:120)
	at org.springframework.security.web.FilterChainProxy$VirtualFilterChain.doFilter(FilterChainProxy.java:385)
	at org.springframework.security.web.session.SessionManagementFilter.doFilter(SessionManagementFilter.java:132)
	at org.springframework.security.web.session.SessionManagementFilter.doFilter(SessionManagementFilter.java:86)
	at org.springframework.security.web.FilterChainProxy$VirtualFilterChain.doFilter(FilterChainProxy.java:385)
	at org.springframework.security.web.authentication.AnonymousAuthenticationFilter.doFilter(AnonymousAuthenticationFilter.java:100)
	at org.springframework.security.web.FilterChainProxy$VirtualFilterChain.doFilter(FilterChainProxy.java:385)
	at org.springframework.security.web.servletapi.SecurityContextHolderAwareRequestFilter.doFilter(SecurityContextHolderAwareRequestFilter.java:181)
	at org.springframework.security.web.FilterChainProxy$VirtualFilterChain.doFilter(FilterChainProxy.java:385)
	at org.springframework.security.web.savedrequest.RequestCacheAwareFilter.doFilter(RequestCacheAwareFilter.java:63)
	at org.springframework.security.web.FilterChainProxy$VirtualFilterChain.doFilter(FilterChainProxy.java:385)
	at org.springframework.security.web.authentication.ui.DefaultLogoutPageGeneratingFilter.doFilterInternal(DefaultLogoutPageGeneratingFilter.java:60)
	at org.springframework.web.filter.OncePerRequestFilter.doFilter(OncePerRequestFilter.java:116)
	at org.springframework.security.web.FilterChainProxy$VirtualFilterChain.doFilter(FilterChainProxy.java:385)
	at org.springframework.security.web.authentication.ui.DefaultLoginPageGeneratingFilter.doFilter(DefaultLoginPageGeneratingFilter.java:246)
	at org.springframework.security.web.authentication.ui.DefaultLoginPageGeneratingFilter.doFilter(DefaultLoginPageGeneratingFilter.java:232)
	at org.springframework.security.web.FilterChainProxy$VirtualFilterChain.doFilter(FilterChainProxy.java:385)
	at org.springframework.security.web.authentication.ui.DefaultResourcesFilter.doFilter(DefaultResourcesFilter.java:73)
	at org.springframework.security.web.FilterChainProxy$VirtualFilterChain.doFilter(FilterChainProxy.java:385)
	at com.abubakar.connectify.security.JwtFilter.doFilterInternal(JwtFilter.java:141)
	at org.springframework.web.filter.OncePerRequestFilter.doFilter(OncePerRequestFilter.java:116)
	at org.springframework.security.web.FilterChainProxy$VirtualFilterChain.doFilter(FilterChainProxy.java:385)
	at org.springframework.security.web.authentication.AbstractAuthenticationProcessingFilter.doFilter(AbstractAuthenticationProcessingFilter.java:245)
	at org.springframework.security.web.authentication.AbstractAuthenticationProcessingFilter.doFilter(AbstractAuthenticationProcessingFilter.java:239)
	at org.springframework.security.web.FilterChainProxy$VirtualFilterChain.doFilter(FilterChainProxy.java:385)
	at org.springframework.security.oauth2.client.web.OAuth2AuthorizationRequestRedirectFilter.doFilterInternal(OAuth2AuthorizationRequestRedirectFilter.java:195)
	at org.springframework.web.filter.OncePerRequestFilter.doFilter(OncePerRequestFilter.java:116)
	at org.springframework.security.web.FilterChainProxy$VirtualFilterChain.doFilter(FilterChainProxy.java:385)
	at org.springframework.security.web.authentication.logout.LogoutFilter.doFilter(LogoutFilter.java:110)
	at org.springframework.security.web.authentication.logout.LogoutFilter.doFilter(LogoutFilter.java:96)
	at org.springframework.security.web.FilterChainProxy$VirtualFilterChain.doFilter(FilterChainProxy.java:385)
	at org.springframework.web.filter.CorsFilter.doFilterInternal(CorsFilter.java:91)
	at org.springframework.web.filter.OncePerRequestFilter.doFilter(OncePerRequestFilter.java:116)
	at org.springframework.security.web.FilterChainProxy$VirtualFilterChain.doFilter(FilterChainProxy.java:385)
	at org.springframework.security.web.header.HeaderWriterFilter.doHeadersAfter(HeaderWriterFilter.java:90)
	at org.springframework.security.web.header.HeaderWriterFilter.doFilterInternal(HeaderWriterFilter.java:75)
	at org.springframework.web.filter.OncePerRequestFilter.doFilter(OncePerRequestFilter.java:116)
	at org.springframework.security.web.FilterChainProxy$VirtualFilterChain.doFilter(FilterChainProxy.java:385)
	at org.springframework.security.web.context.SecurityContextHolderFilter.doFilter(SecurityContextHolderFilter.java:82)
	at org.springframework.security.web.context.SecurityContextHolderFilter.doFilter(SecurityContextHolderFilter.java:69)
	at org.springframework.security.web.FilterChainProxy$VirtualFilterChain.doFilter(FilterChainProxy.java:385)
	at org.springframework.security.web.context.request.async.WebAsyncManagerIntegrationFilter.doFilterInternal(WebAsyncManagerIntegrationFilter.java:62)
	at org.springframework.web.filter.OncePerRequestFilter.doFilter(OncePerRequestFilter.java:116)
	at org.springframework.security.web.FilterChainProxy$VirtualFilterChain.doFilter(FilterChainProxy.java:385)
	at org.springframework.security.web.session.DisableEncodeUrlFilter.doFilterInternal(DisableEncodeUrlFilter.java:42)
	at org.springframework.web.filter.OncePerRequestFilter.doFilter(OncePerRequestFilter.java:116)
	at org.springframework.security.web.FilterChainProxy$VirtualFilterChain.doFilter(FilterChainProxy.java:385)
	at org.springframework.security.web.FilterChainProxy.doFilterInternal(FilterChainProxy.java:237)
	at org.springframework.security.web.FilterChainProxy.doFilter(FilterChainProxy.java:195)
	at org.springframework.web.filter.CompositeFilter$VirtualFilterChain.doFilter(CompositeFilter.java:113)
	at org.springframework.web.filter.ServletRequestPathFilter.doFilter(ServletRequestPathFilter.java:52)
	at org.springframework.web.filter.CompositeFilter$VirtualFilterChain.doFilter(CompositeFilter.java:113)
	at org.springframework.web.filter.CompositeFilter.doFilter(CompositeFilter.java:74)
	at org.springframework.security.config.annotation.web.configuration.WebSecurityConfiguration$CompositeFilterChainProxy.doFilter(WebSecurityConfiguration.java:317)
	at org.springframework.web.filter.DelegatingFilterProxy.invokeDelegate(DelegatingFilterProxy.java:355)
	at org.springframework.web.filter.DelegatingFilterProxy.doFilter(DelegatingFilterProxy.java:272)
	at org.apache.catalina.core.ApplicationFilterChain.doFilter(ApplicationFilterChain.java:107)
	at org.springframework.web.filter.RequestContextFilter.doFilterInternal(RequestContextFilter.java:100)
	at org.springframework.web.filter.OncePerRequestFilter.doFilter(OncePerRequestFilter.java:116)
	at org.apache.catalina.core.ApplicationFilterChain.doFilter(ApplicationFilterChain.java:107)
	at org.springframework.web.filter.FormContentFilter.doFilterInternal(FormContentFilter.java:93)
	at org.springframework.web.filter.OncePerRequestFilter.doFilter(OncePerRequestFilter.java:116)
	at org.apache.catalina.core.ApplicationFilterChain.doFilter(ApplicationFilterChain.java:107)
	at org.springframework.web.filter.CharacterEncodingFilter.doFilterInternal(CharacterEncodingFilter.java:199)
	at org.springframework.web.filter.OncePerRequestFilter.doFilter(OncePerRequestFilter.java:116)
	at org.apache.catalina.core.ApplicationFilterChain.doFilter(ApplicationFilterChain.java:107)
	at org.apache.catalina.core.StandardWrapperValve.invoke(StandardWrapperValve.java:165)
	at org.apache.catalina.core.StandardContextValve.invoke(StandardContextValve.java:77)
	at org.apache.catalina.authenticator.AuthenticatorBase.invoke(AuthenticatorBase.java:492)
	at org.apache.catalina.core.StandardHostValve.invoke(StandardHostValve.java:113)
	at org.apache.catalina.valves.ErrorReportValve.invoke(ErrorReportValve.java:83)
	at org.apache.catalina.core.StandardEngineValve.invoke(StandardEngineValve.java:72)
	at org.apache.catalina.connector.CoyoteAdapter.service(CoyoteAdapter.java:341)
	at org.apache.coyote.http11.Http11Processor.service(Http11Processor.java:397)
	at org.apache.coyote.AbstractProcessorLight.process(AbstractProcessorLight.java:63)
	at org.apache.coyote.AbstractProtocol$ConnectionHandler.process(AbstractProtocol.java:903)
	at org.apache.tomcat.util.net.NioEndpoint$SocketProcessor.doRun(NioEndpoint.java:1801)
	at org.apache.tomcat.util.net.SocketProcessorBase.run(SocketProcessorBase.java:52)
	at org.apache.tomcat.util.threads.ThreadPoolExecutor.runWorker(ThreadPoolExecutor.java:946)
	at org.apache.tomcat.util.threads.ThreadPoolExecutor$Worker.run(ThreadPoolExecutor.java:480)
	at org.apache.tomcat.util.threads.TaskThread$WrappingRunnable.run(TaskThread.java:57)
	at java.base/java.lang.Thread.run(Thread.java:1583)
2026-06-08 06:24:09[INFO]com.abubakar.connectify.configuration.RequestLoggingFilter-POST /api/v1/comments/3/restore-request | Status: 404
2026-06-08 06:24:20[INFO]com.abubakar.connectify.controller.AuthController-Login Api initiated for: asif@gmail.com
2026-06-08 06:24:20[DEBUG]com.abubakar.connectify.service.impl.AuthServiceImpl-Starting login | email: asif@gmail.com
2026-06-08 06:24:20[INFO]com.abubakar.connectify.service.impl.CustomUserDetailsService-Authentication request received for email: asif@gmail.com
2026-06-08 06:24:20[DEBUG]com.abubakar.connectify.service.impl.CustomUserDetailsService-User loaded successfully with email: asif@gmail.com and role: USER
2026-06-08 06:24:20[INFO]com.abubakar.connectify.security.JwtUtils-Generating token for user: asif@gmail.com
2026-06-08 06:24:20[INFO]com.abubakar.connectify.service.impl.RefreshTokenServiceImpl-Refresh token created/updated | userId: 2
2026-06-08 06:24:20[INFO]com.abubakar.connectify.service.impl.AuthServiceImpl-Login successful | userId: 2 | email: asif@gmail.com
2026-06-08 06:24:20[INFO]com.abubakar.connectify.configuration.RequestLoggingFilter-POST /api/v1/auth/login | Status: 200
2026-06-08 06:24:24[INFO]com.abubakar.connectify.service.impl.CustomUserDetailsService-Authentication request received for email: asif@gmail.com
2026-06-08 06:24:24[DEBUG]com.abubakar.connectify.service.impl.CustomUserDetailsService-User loaded successfully with email: asif@gmail.com and role: USER
2026-06-08 06:24:24[INFO]com.abubakar.connectify.security.JwtUtils-Token validation result for user asif@gmail.com : true
2026-06-08 06:24:24[INFO]com.abubakar.connectify.security.JwtFilter-User authenticated successfully: asif@gmail.com
2026-06-08 06:24:24[INFO]com.abubakar.connectify.controller.CommentController-API request received | requestRestoreComment | commentId: 3
2026-06-08 06:24:24[INFO]com.abubakar.connectify.service.impl.CommentServiceImpl-Restore request for commentId: 3
2026-06-08 06:24:24[DEBUG]com.abubakar.connectify.util.CommentAccessValidator-Fetching comment | commentId: 3
2026-06-08 06:24:24[DEBUG]com.abubakar.connectify.util.UserAccessValidator-Validating user access | userId: 2
2026-06-08 06:24:24[DEBUG]com.abubakar.connectify.util.UserAccessValidator-User validation successful | userId: 2
2026-06-08 06:24:24[DEBUG]com.abubakar.connectify.util.AuthUtil-Authenticated active user fetched successfully | userId: 2
2026-06-08 06:24:24[DEBUG]com.abubakar.connectify.util.UserAccessValidator-Validating user access | userId: 2
2026-06-08 06:24:24[DEBUG]com.abubakar.connectify.util.UserAccessValidator-User validation successful | userId: 2
2026-06-08 06:24:24[DEBUG]com.abubakar.connectify.util.AuthUtil-Authenticated active user fetched successfully | userId: 2
2026-06-08 06:24:24[DEBUG]com.abubakar.connectify.service.impl.CommentServiceImpl-Ownership validation passed for restore request | commentId: 3 | userId: 2
2026-06-08 06:24:24[INFO]com.abubakar.connectify.service.impl.CommentServiceImpl-Comment restore request submitted successfully | commentId: 3
2026-06-08 06:24:24[INFO]com.abubakar.connectify.configuration.RequestLoggingFilter-POST /api/v1/comments/3/restore-request | Status: 200
2026-06-08 06:24:37[INFO]com.abubakar.connectify.controller.AuthController-Login Api initiated for: admin@gmail.com
2026-06-08 06:24:37[DEBUG]com.abubakar.connectify.service.impl.AuthServiceImpl-Starting login | email: admin@gmail.com
2026-06-08 06:24:37[INFO]com.abubakar.connectify.service.impl.CustomUserDetailsService-Authentication request received for email: admin@gmail.com
2026-06-08 06:24:37[DEBUG]com.abubakar.connectify.service.impl.CustomUserDetailsService-User loaded successfully with email: admin@gmail.com and role: ADMIN
2026-06-08 06:24:37[ERROR]com.abubakar.connectify.service.impl.AuthServiceImpl-Login failed unexpectedly | email: admin@gmail.com
org.springframework.security.authentication.BadCredentialsException: Bad credentials
	at org.springframework.security.authentication.dao.DaoAuthenticationProvider.additionalAuthenticationChecks(DaoAuthenticationProvider.java:92)
	at org.springframework.security.authentication.dao.AbstractUserDetailsAuthenticationProvider.performPreCheck(AbstractUserDetailsAuthenticationProvider.java:198)
	at org.springframework.security.authentication.dao.AbstractUserDetailsAuthenticationProvider.authenticate(AbstractUserDetailsAuthenticationProvider.java:159)
	at org.springframework.security.authentication.ProviderManager.authenticate(ProviderManager.java:183)
	at com.abubakar.connectify.service.impl.AuthServiceImpl.login(AuthServiceImpl.java:180)
	at java.base/jdk.internal.reflect.DirectMethodHandleAccessor.invoke(DirectMethodHandleAccessor.java:103)
	at java.base/java.lang.reflect.Method.invoke(Method.java:580)
	at org.springframework.aop.support.AopUtils.invokeJoinpointUsingReflection(AopUtils.java:359)
	at org.springframework.aop.framework.ReflectiveMethodInvocation.invokeJoinpoint(ReflectiveMethodInvocation.java:190)
	at org.springframework.aop.framework.ReflectiveMethodInvocation.proceed(ReflectiveMethodInvocation.java:158)
	at org.springframework.transaction.interceptor.TransactionInterceptor$1.proceedWithInvocation(TransactionInterceptor.java:133)
	at org.springframework.transaction.interceptor.TransactionAspectSupport.invokeWithinTransaction(TransactionAspectSupport.java:371)
	at org.springframework.transaction.interceptor.TransactionInterceptor.invoke(TransactionInterceptor.java:130)
	at org.springframework.aop.framework.ReflectiveMethodInvocation.proceed(ReflectiveMethodInvocation.java:179)
	at org.springframework.aop.framework.CglibAopProxy$DynamicAdvisedInterceptor.intercept(CglibAopProxy.java:719)
	at com.abubakar.connectify.service.impl.AuthServiceImpl$$SpringCGLIB$$0.login(<generated>)
	at com.abubakar.connectify.controller.AuthController.login(AuthController.java:70)
	at java.base/jdk.internal.reflect.DirectMethodHandleAccessor.invoke(DirectMethodHandleAccessor.java:103)
	at java.base/java.lang.reflect.Method.invoke(Method.java:580)
	at org.springframework.web.method.support.InvocableHandlerMethod.doInvoke(InvocableHandlerMethod.java:252)
	at org.springframework.web.method.support.InvocableHandlerMethod.invokeForRequest(InvocableHandlerMethod.java:184)
	at org.springframework.web.servlet.mvc.method.annotation.ServletInvocableHandlerMethod.invokeAndHandle(ServletInvocableHandlerMethod.java:117)
	at org.springframework.web.servlet.mvc.method.annotation.RequestMappingHandlerAdapter.invokeHandlerMethod(RequestMappingHandlerAdapter.java:934)
	at org.springframework.web.servlet.mvc.method.annotation.RequestMappingHandlerAdapter.handleInternal(RequestMappingHandlerAdapter.java:853)
	at org.springframework.web.servlet.mvc.method.AbstractHandlerMethodAdapter.handle(AbstractHandlerMethodAdapter.java:86)
	at org.springframework.web.servlet.DispatcherServlet.doDispatch(DispatcherServlet.java:963)
	at org.springframework.web.servlet.DispatcherServlet.doService(DispatcherServlet.java:866)
	at org.springframework.web.servlet.FrameworkServlet.processRequest(FrameworkServlet.java:1000)
	at org.springframework.web.servlet.FrameworkServlet.doPost(FrameworkServlet.java:903)
	at jakarta.servlet.http.HttpServlet.service(HttpServlet.java:649)
	at org.springframework.web.servlet.FrameworkServlet.service(FrameworkServlet.java:874)
	at jakarta.servlet.http.HttpServlet.service(HttpServlet.java:710)
	at org.apache.catalina.core.ApplicationFilterChain.doFilter(ApplicationFilterChain.java:128)
	at org.apache.tomcat.websocket.server.WsFilter.doFilter(WsFilter.java:53)
	at org.apache.catalina.core.ApplicationFilterChain.doFilter(ApplicationFilterChain.java:107)
	at org.springframework.web.filter.OncePerRequestFilter.doFilter(OncePerRequestFilter.java:110)
	at org.apache.catalina.core.ApplicationFilterChain.doFilter(ApplicationFilterChain.java:107)
	at org.springframework.web.filter.OncePerRequestFilter.doFilter(OncePerRequestFilter.java:110)
	at org.apache.catalina.core.ApplicationFilterChain.doFilter(ApplicationFilterChain.java:107)
	at com.abubakar.connectify.configuration.RequestLoggingFilter.doFilterInternal(RequestLoggingFilter.java:30)
	at org.springframework.web.filter.OncePerRequestFilter.doFilter(OncePerRequestFilter.java:116)
	at org.apache.catalina.core.ApplicationFilterChain.doFilter(ApplicationFilterChain.java:107)
	at org.springframework.web.filter.CompositeFilter$VirtualFilterChain.doFilter(CompositeFilter.java:108)
	at org.springframework.security.web.FilterChainProxy.lambda$doFilterInternal$3(FilterChainProxy.java:235)
	at org.springframework.security.web.FilterChainProxy$VirtualFilterChain.doFilter(FilterChainProxy.java:376)
	at org.springframework.security.web.access.intercept.AuthorizationFilter.doFilter(AuthorizationFilter.java:101)
	at org.springframework.security.web.FilterChainProxy$VirtualFilterChain.doFilter(FilterChainProxy.java:385)
	at org.springframework.security.web.access.ExceptionTranslationFilter.doFilter(ExceptionTranslationFilter.java:126)
	at org.springframework.security.web.access.ExceptionTranslationFilter.doFilter(ExceptionTranslationFilter.java:120)
	at org.springframework.security.web.FilterChainProxy$VirtualFilterChain.doFilter(FilterChainProxy.java:385)
	at org.springframework.security.web.session.SessionManagementFilter.doFilter(SessionManagementFilter.java:132)
	at org.springframework.security.web.session.SessionManagementFilter.doFilter(SessionManagementFilter.java:86)
	at org.springframework.security.web.FilterChainProxy$VirtualFilterChain.doFilter(FilterChainProxy.java:385)
	at org.springframework.security.web.authentication.AnonymousAuthenticationFilter.doFilter(AnonymousAuthenticationFilter.java:100)
	at org.springframework.security.web.FilterChainProxy$VirtualFilterChain.doFilter(FilterChainProxy.java:385)
	at org.springframework.security.web.servletapi.SecurityContextHolderAwareRequestFilter.doFilter(SecurityContextHolderAwareRequestFilter.java:181)
	at org.springframework.security.web.FilterChainProxy$VirtualFilterChain.doFilter(FilterChainProxy.java:385)
	at org.springframework.security.web.savedrequest.RequestCacheAwareFilter.doFilter(RequestCacheAwareFilter.java:63)
	at org.springframework.security.web.FilterChainProxy$VirtualFilterChain.doFilter(FilterChainProxy.java:385)
	at org.springframework.security.web.authentication.ui.DefaultLogoutPageGeneratingFilter.doFilterInternal(DefaultLogoutPageGeneratingFilter.java:60)
	at org.springframework.web.filter.OncePerRequestFilter.doFilter(OncePerRequestFilter.java:116)
	at org.springframework.security.web.FilterChainProxy$VirtualFilterChain.doFilter(FilterChainProxy.java:385)
	at org.springframework.security.web.authentication.ui.DefaultLoginPageGeneratingFilter.doFilter(DefaultLoginPageGeneratingFilter.java:246)
	at org.springframework.security.web.authentication.ui.DefaultLoginPageGeneratingFilter.doFilter(DefaultLoginPageGeneratingFilter.java:232)
	at org.springframework.security.web.FilterChainProxy$VirtualFilterChain.doFilter(FilterChainProxy.java:385)
	at org.springframework.security.web.authentication.ui.DefaultResourcesFilter.doFilter(DefaultResourcesFilter.java:73)
	at org.springframework.security.web.FilterChainProxy$VirtualFilterChain.doFilter(FilterChainProxy.java:385)
	at com.abubakar.connectify.security.JwtFilter.doFilterInternal(JwtFilter.java:58)
	at org.springframework.web.filter.OncePerRequestFilter.doFilter(OncePerRequestFilter.java:116)
	at org.springframework.security.web.FilterChainProxy$VirtualFilterChain.doFilter(FilterChainProxy.java:385)
	at org.springframework.security.web.authentication.AbstractAuthenticationProcessingFilter.doFilter(AbstractAuthenticationProcessingFilter.java:245)
	at org.springframework.security.web.authentication.AbstractAuthenticationProcessingFilter.doFilter(AbstractAuthenticationProcessingFilter.java:239)
	at org.springframework.security.web.FilterChainProxy$VirtualFilterChain.doFilter(FilterChainProxy.java:385)
	at org.springframework.security.oauth2.client.web.OAuth2AuthorizationRequestRedirectFilter.doFilterInternal(OAuth2AuthorizationRequestRedirectFilter.java:195)
	at org.springframework.web.filter.OncePerRequestFilter.doFilter(OncePerRequestFilter.java:116)
	at org.springframework.security.web.FilterChainProxy$VirtualFilterChain.doFilter(FilterChainProxy.java:385)
	at org.springframework.security.web.authentication.logout.LogoutFilter.doFilter(LogoutFilter.java:110)
	at org.springframework.security.web.authentication.logout.LogoutFilter.doFilter(LogoutFilter.java:96)
	at org.springframework.security.web.FilterChainProxy$VirtualFilterChain.doFilter(FilterChainProxy.java:385)
	at org.springframework.web.filter.CorsFilter.doFilterInternal(CorsFilter.java:91)
	at org.springframework.web.filter.OncePerRequestFilter.doFilter(OncePerRequestFilter.java:116)
	at org.springframework.security.web.FilterChainProxy$VirtualFilterChain.doFilter(FilterChainProxy.java:385)
	at org.springframework.security.web.header.HeaderWriterFilter.doHeadersAfter(HeaderWriterFilter.java:90)
	at org.springframework.security.web.header.HeaderWriterFilter.doFilterInternal(HeaderWriterFilter.java:75)
	at org.springframework.web.filter.OncePerRequestFilter.doFilter(OncePerRequestFilter.java:116)
	at org.springframework.security.web.FilterChainProxy$VirtualFilterChain.doFilter(FilterChainProxy.java:385)
	at org.springframework.security.web.context.SecurityContextHolderFilter.doFilter(SecurityContextHolderFilter.java:82)
	at org.springframework.security.web.context.SecurityContextHolderFilter.doFilter(SecurityContextHolderFilter.java:69)
	at org.springframework.security.web.FilterChainProxy$VirtualFilterChain.doFilter(FilterChainProxy.java:385)
	at org.springframework.security.web.context.request.async.WebAsyncManagerIntegrationFilter.doFilterInternal(WebAsyncManagerIntegrationFilter.java:62)
	at org.springframework.web.filter.OncePerRequestFilter.doFilter(OncePerRequestFilter.java:116)
	at org.springframework.security.web.FilterChainProxy$VirtualFilterChain.doFilter(FilterChainProxy.java:385)
	at org.springframework.security.web.session.DisableEncodeUrlFilter.doFilterInternal(DisableEncodeUrlFilter.java:42)
	at org.springframework.web.filter.OncePerRequestFilter.doFilter(OncePerRequestFilter.java:116)
	at org.springframework.security.web.FilterChainProxy$VirtualFilterChain.doFilter(FilterChainProxy.java:385)
	at org.springframework.security.web.FilterChainProxy.doFilterInternal(FilterChainProxy.java:237)
	at org.springframework.security.web.FilterChainProxy.doFilter(FilterChainProxy.java:195)
	at org.springframework.web.filter.CompositeFilter$VirtualFilterChain.doFilter(CompositeFilter.java:113)
	at org.springframework.web.filter.ServletRequestPathFilter.doFilter(ServletRequestPathFilter.java:52)
	at org.springframework.web.filter.CompositeFilter$VirtualFilterChain.doFilter(CompositeFilter.java:113)
	at org.springframework.web.filter.CompositeFilter.doFilter(CompositeFilter.java:74)
	at org.springframework.security.config.annotation.web.configuration.WebSecurityConfiguration$CompositeFilterChainProxy.doFilter(WebSecurityConfiguration.java:317)
	at org.springframework.web.filter.DelegatingFilterProxy.invokeDelegate(DelegatingFilterProxy.java:355)
	at org.springframework.web.filter.DelegatingFilterProxy.doFilter(DelegatingFilterProxy.java:272)
	at org.apache.catalina.core.ApplicationFilterChain.doFilter(ApplicationFilterChain.java:107)
	at org.springframework.web.filter.RequestContextFilter.doFilterInternal(RequestContextFilter.java:100)
	at org.springframework.web.filter.OncePerRequestFilter.doFilter(OncePerRequestFilter.java:116)
	at org.apache.catalina.core.ApplicationFilterChain.doFilter(ApplicationFilterChain.java:107)
	at org.springframework.web.filter.FormContentFilter.doFilterInternal(FormContentFilter.java:93)
	at org.springframework.web.filter.OncePerRequestFilter.doFilter(OncePerRequestFilter.java:116)
	at org.apache.catalina.core.ApplicationFilterChain.doFilter(ApplicationFilterChain.java:107)
	at org.springframework.web.filter.CharacterEncodingFilter.doFilterInternal(CharacterEncodingFilter.java:199)
	at org.springframework.web.filter.OncePerRequestFilter.doFilter(OncePerRequestFilter.java:116)
	at org.apache.catalina.core.ApplicationFilterChain.doFilter(ApplicationFilterChain.java:107)
	at org.apache.catalina.core.StandardWrapperValve.invoke(StandardWrapperValve.java:165)
	at org.apache.catalina.core.StandardContextValve.invoke(StandardContextValve.java:77)
	at org.apache.catalina.authenticator.AuthenticatorBase.invoke(AuthenticatorBase.java:492)
	at org.apache.catalina.core.StandardHostValve.invoke(StandardHostValve.java:113)
	at org.apache.catalina.valves.ErrorReportValve.invoke(ErrorReportValve.java:83)
	at org.apache.catalina.core.StandardEngineValve.invoke(StandardEngineValve.java:72)
	at org.apache.catalina.connector.CoyoteAdapter.service(CoyoteAdapter.java:341)
	at org.apache.coyote.http11.Http11Processor.service(Http11Processor.java:397)
	at org.apache.coyote.AbstractProcessorLight.process(AbstractProcessorLight.java:63)
	at org.apache.coyote.AbstractProtocol$ConnectionHandler.process(AbstractProtocol.java:903)
	at org.apache.tomcat.util.net.NioEndpoint$SocketProcessor.doRun(NioEndpoint.java:1801)
	at org.apache.tomcat.util.net.SocketProcessorBase.run(SocketProcessorBase.java:52)
	at org.apache.tomcat.util.threads.ThreadPoolExecutor.runWorker(ThreadPoolExecutor.java:946)
	at org.apache.tomcat.util.threads.ThreadPoolExecutor$Worker.run(ThreadPoolExecutor.java:480)
	at org.apache.tomcat.util.threads.TaskThread$WrappingRunnable.run(TaskThread.java:57)
	at java.base/java.lang.Thread.run(Thread.java:1583)
2026-06-08 06:24:37[ERROR]com.abubakar.connectify.exception.GlobalExceptionHandler-Business exception occurred | errorCode: OPERATION_FAILED | status: 400 BAD_REQUEST | message: Invalid email or password
com.abubakar.connectify.exception.OperationFailException: Invalid email or password
	at com.abubakar.connectify.service.impl.AuthServiceImpl.login(AuthServiceImpl.java:224)
	at java.base/jdk.internal.reflect.DirectMethodHandleAccessor.invoke(DirectMethodHandleAccessor.java:103)
	at java.base/java.lang.reflect.Method.invoke(Method.java:580)
	at org.springframework.aop.support.AopUtils.invokeJoinpointUsingReflection(AopUtils.java:359)
	at org.springframework.aop.framework.ReflectiveMethodInvocation.invokeJoinpoint(ReflectiveMethodInvocation.java:190)
	at org.springframework.aop.framework.ReflectiveMethodInvocation.proceed(ReflectiveMethodInvocation.java:158)
	at org.springframework.transaction.interceptor.TransactionInterceptor$1.proceedWithInvocation(TransactionInterceptor.java:133)
	at org.springframework.transaction.interceptor.TransactionAspectSupport.invokeWithinTransaction(TransactionAspectSupport.java:371)
	at org.springframework.transaction.interceptor.TransactionInterceptor.invoke(TransactionInterceptor.java:130)
	at org.springframework.aop.framework.ReflectiveMethodInvocation.proceed(ReflectiveMethodInvocation.java:179)
	at org.springframework.aop.framework.CglibAopProxy$DynamicAdvisedInterceptor.intercept(CglibAopProxy.java:719)
	at com.abubakar.connectify.service.impl.AuthServiceImpl$$SpringCGLIB$$0.login(<generated>)
	at com.abubakar.connectify.controller.AuthController.login(AuthController.java:70)
	at java.base/jdk.internal.reflect.DirectMethodHandleAccessor.invoke(DirectMethodHandleAccessor.java:103)
	at java.base/java.lang.reflect.Method.invoke(Method.java:580)
	at org.springframework.web.method.support.InvocableHandlerMethod.doInvoke(InvocableHandlerMethod.java:252)
	at org.springframework.web.method.support.InvocableHandlerMethod.invokeForRequest(InvocableHandlerMethod.java:184)
	at org.springframework.web.servlet.mvc.method.annotation.ServletInvocableHandlerMethod.invokeAndHandle(ServletInvocableHandlerMethod.java:117)
	at org.springframework.web.servlet.mvc.method.annotation.RequestMappingHandlerAdapter.invokeHandlerMethod(RequestMappingHandlerAdapter.java:934)
	at org.springframework.web.servlet.mvc.method.annotation.RequestMappingHandlerAdapter.handleInternal(RequestMappingHandlerAdapter.java:853)
	at org.springframework.web.servlet.mvc.method.AbstractHandlerMethodAdapter.handle(AbstractHandlerMethodAdapter.java:86)
	at org.springframework.web.servlet.DispatcherServlet.doDispatch(DispatcherServlet.java:963)
	at org.springframework.web.servlet.DispatcherServlet.doService(DispatcherServlet.java:866)
	at org.springframework.web.servlet.FrameworkServlet.processRequest(FrameworkServlet.java:1000)
	at org.springframework.web.servlet.FrameworkServlet.doPost(FrameworkServlet.java:903)
	at jakarta.servlet.http.HttpServlet.service(HttpServlet.java:649)
	at org.springframework.web.servlet.FrameworkServlet.service(FrameworkServlet.java:874)
	at jakarta.servlet.http.HttpServlet.service(HttpServlet.java:710)
	at org.apache.catalina.core.ApplicationFilterChain.doFilter(ApplicationFilterChain.java:128)
	at org.apache.tomcat.websocket.server.WsFilter.doFilter(WsFilter.java:53)
	at org.apache.catalina.core.ApplicationFilterChain.doFilter(ApplicationFilterChain.java:107)
	at org.springframework.web.filter.OncePerRequestFilter.doFilter(OncePerRequestFilter.java:110)
	at org.apache.catalina.core.ApplicationFilterChain.doFilter(ApplicationFilterChain.java:107)
	at org.springframework.web.filter.OncePerRequestFilter.doFilter(OncePerRequestFilter.java:110)
	at org.apache.catalina.core.ApplicationFilterChain.doFilter(ApplicationFilterChain.java:107)
	at com.abubakar.connectify.configuration.RequestLoggingFilter.doFilterInternal(RequestLoggingFilter.java:30)
	at org.springframework.web.filter.OncePerRequestFilter.doFilter(OncePerRequestFilter.java:116)
	at org.apache.catalina.core.ApplicationFilterChain.doFilter(ApplicationFilterChain.java:107)
	at org.springframework.web.filter.CompositeFilter$VirtualFilterChain.doFilter(CompositeFilter.java:108)
	at org.springframework.security.web.FilterChainProxy.lambda$doFilterInternal$3(FilterChainProxy.java:235)
	at org.springframework.security.web.FilterChainProxy$VirtualFilterChain.doFilter(FilterChainProxy.java:376)
	at org.springframework.security.web.access.intercept.AuthorizationFilter.doFilter(AuthorizationFilter.java:101)
	at org.springframework.security.web.FilterChainProxy$VirtualFilterChain.doFilter(FilterChainProxy.java:385)
	at org.springframework.security.web.access.ExceptionTranslationFilter.doFilter(ExceptionTranslationFilter.java:126)
	at org.springframework.security.web.access.ExceptionTranslationFilter.doFilter(ExceptionTranslationFilter.java:120)
	at org.springframework.security.web.FilterChainProxy$VirtualFilterChain.doFilter(FilterChainProxy.java:385)
	at org.springframework.security.web.session.SessionManagementFilter.doFilter(SessionManagementFilter.java:132)
	at org.springframework.security.web.session.SessionManagementFilter.doFilter(SessionManagementFilter.java:86)
	at org.springframework.security.web.FilterChainProxy$VirtualFilterChain.doFilter(FilterChainProxy.java:385)
	at org.springframework.security.web.authentication.AnonymousAuthenticationFilter.doFilter(AnonymousAuthenticationFilter.java:100)
	at org.springframework.security.web.FilterChainProxy$VirtualFilterChain.doFilter(FilterChainProxy.java:385)
	at org.springframework.security.web.servletapi.SecurityContextHolderAwareRequestFilter.doFilter(SecurityContextHolderAwareRequestFilter.java:181)
	at org.springframework.security.web.FilterChainProxy$VirtualFilterChain.doFilter(FilterChainProxy.java:385)
	at org.springframework.security.web.savedrequest.RequestCacheAwareFilter.doFilter(RequestCacheAwareFilter.java:63)
	at org.springframework.security.web.FilterChainProxy$VirtualFilterChain.doFilter(FilterChainProxy.java:385)
	at org.springframework.security.web.authentication.ui.DefaultLogoutPageGeneratingFilter.doFilterInternal(DefaultLogoutPageGeneratingFilter.java:60)
	at org.springframework.web.filter.OncePerRequestFilter.doFilter(OncePerRequestFilter.java:116)
	at org.springframework.security.web.FilterChainProxy$VirtualFilterChain.doFilter(FilterChainProxy.java:385)
	at org.springframework.security.web.authentication.ui.DefaultLoginPageGeneratingFilter.doFilter(DefaultLoginPageGeneratingFilter.java:246)
	at org.springframework.security.web.authentication.ui.DefaultLoginPageGeneratingFilter.doFilter(DefaultLoginPageGeneratingFilter.java:232)
	at org.springframework.security.web.FilterChainProxy$VirtualFilterChain.doFilter(FilterChainProxy.java:385)
	at org.springframework.security.web.authentication.ui.DefaultResourcesFilter.doFilter(DefaultResourcesFilter.java:73)
	at org.springframework.security.web.FilterChainProxy$VirtualFilterChain.doFilter(FilterChainProxy.java:385)
	at com.abubakar.connectify.security.JwtFilter.doFilterInternal(JwtFilter.java:58)
	at org.springframework.web.filter.OncePerRequestFilter.doFilter(OncePerRequestFilter.java:116)
	at org.springframework.security.web.FilterChainProxy$VirtualFilterChain.doFilter(FilterChainProxy.java:385)
	at org.springframework.security.web.authentication.AbstractAuthenticationProcessingFilter.doFilter(AbstractAuthenticationProcessingFilter.java:245)
	at org.springframework.security.web.authentication.AbstractAuthenticationProcessingFilter.doFilter(AbstractAuthenticationProcessingFilter.java:239)
	at org.springframework.security.web.FilterChainProxy$VirtualFilterChain.doFilter(FilterChainProxy.java:385)
	at org.springframework.security.oauth2.client.web.OAuth2AuthorizationRequestRedirectFilter.doFilterInternal(OAuth2AuthorizationRequestRedirectFilter.java:195)
	at org.springframework.web.filter.OncePerRequestFilter.doFilter(OncePerRequestFilter.java:116)
	at org.springframework.security.web.FilterChainProxy$VirtualFilterChain.doFilter(FilterChainProxy.java:385)
	at org.springframework.security.web.authentication.logout.LogoutFilter.doFilter(LogoutFilter.java:110)
	at org.springframework.security.web.authentication.logout.LogoutFilter.doFilter(LogoutFilter.java:96)
	at org.springframework.security.web.FilterChainProxy$VirtualFilterChain.doFilter(FilterChainProxy.java:385)
	at org.springframework.web.filter.CorsFilter.doFilterInternal(CorsFilter.java:91)
	at org.springframework.web.filter.OncePerRequestFilter.doFilter(OncePerRequestFilter.java:116)
	at org.springframework.security.web.FilterChainProxy$VirtualFilterChain.doFilter(FilterChainProxy.java:385)
	at org.springframework.security.web.header.HeaderWriterFilter.doHeadersAfter(HeaderWriterFilter.java:90)
	at org.springframework.security.web.header.HeaderWriterFilter.doFilterInternal(HeaderWriterFilter.java:75)
	at org.springframework.web.filter.OncePerRequestFilter.doFilter(OncePerRequestFilter.java:116)
	at org.springframework.security.web.FilterChainProxy$VirtualFilterChain.doFilter(FilterChainProxy.java:385)
	at org.springframework.security.web.context.SecurityContextHolderFilter.doFilter(SecurityContextHolderFilter.java:82)
	at org.springframework.security.web.context.SecurityContextHolderFilter.doFilter(SecurityContextHolderFilter.java:69)
	at org.springframework.security.web.FilterChainProxy$VirtualFilterChain.doFilter(FilterChainProxy.java:385)
	at org.springframework.security.web.context.request.async.WebAsyncManagerIntegrationFilter.doFilterInternal(WebAsyncManagerIntegrationFilter.java:62)
	at org.springframework.web.filter.OncePerRequestFilter.doFilter(OncePerRequestFilter.java:116)
	at org.springframework.security.web.FilterChainProxy$VirtualFilterChain.doFilter(FilterChainProxy.java:385)
	at org.springframework.security.web.session.DisableEncodeUrlFilter.doFilterInternal(DisableEncodeUrlFilter.java:42)
	at org.springframework.web.filter.OncePerRequestFilter.doFilter(OncePerRequestFilter.java:116)
	at org.springframework.security.web.FilterChainProxy$VirtualFilterChain.doFilter(FilterChainProxy.java:385)
	at org.springframework.security.web.FilterChainProxy.doFilterInternal(FilterChainProxy.java:237)
	at org.springframework.security.web.FilterChainProxy.doFilter(FilterChainProxy.java:195)
	at org.springframework.web.filter.CompositeFilter$VirtualFilterChain.doFilter(CompositeFilter.java:113)
	at org.springframework.web.filter.ServletRequestPathFilter.doFilter(ServletRequestPathFilter.java:52)
	at org.springframework.web.filter.CompositeFilter$VirtualFilterChain.doFilter(CompositeFilter.java:113)
	at org.springframework.web.filter.CompositeFilter.doFilter(CompositeFilter.java:74)
	at org.springframework.security.config.annotation.web.configuration.WebSecurityConfiguration$CompositeFilterChainProxy.doFilter(WebSecurityConfiguration.java:317)
	at org.springframework.web.filter.DelegatingFilterProxy.invokeDelegate(DelegatingFilterProxy.java:355)
	at org.springframework.web.filter.DelegatingFilterProxy.doFilter(DelegatingFilterProxy.java:272)
	at org.apache.catalina.core.ApplicationFilterChain.doFilter(ApplicationFilterChain.java:107)
	at org.springframework.web.filter.RequestContextFilter.doFilterInternal(RequestContextFilter.java:100)
	at org.springframework.web.filter.OncePerRequestFilter.doFilter(OncePerRequestFilter.java:116)
	at org.apache.catalina.core.ApplicationFilterChain.doFilter(ApplicationFilterChain.java:107)
	at org.springframework.web.filter.FormContentFilter.doFilterInternal(FormContentFilter.java:93)
	at org.springframework.web.filter.OncePerRequestFilter.doFilter(OncePerRequestFilter.java:116)
	at org.apache.catalina.core.ApplicationFilterChain.doFilter(ApplicationFilterChain.java:107)
	at org.springframework.web.filter.CharacterEncodingFilter.doFilterInternal(CharacterEncodingFilter.java:199)
	at org.springframework.web.filter.OncePerRequestFilter.doFilter(OncePerRequestFilter.java:116)
	at org.apache.catalina.core.ApplicationFilterChain.doFilter(ApplicationFilterChain.java:107)
	at org.apache.catalina.core.StandardWrapperValve.invoke(StandardWrapperValve.java:165)
	at org.apache.catalina.core.StandardContextValve.invoke(StandardContextValve.java:77)
	at org.apache.catalina.authenticator.AuthenticatorBase.invoke(AuthenticatorBase.java:492)
	at org.apache.catalina.core.StandardHostValve.invoke(StandardHostValve.java:113)
	at org.apache.catalina.valves.ErrorReportValve.invoke(ErrorReportValve.java:83)
	at org.apache.catalina.core.StandardEngineValve.invoke(StandardEngineValve.java:72)
	at org.apache.catalina.connector.CoyoteAdapter.service(CoyoteAdapter.java:341)
	at org.apache.coyote.http11.Http11Processor.service(Http11Processor.java:397)
	at org.apache.coyote.AbstractProcessorLight.process(AbstractProcessorLight.java:63)
	at org.apache.coyote.AbstractProtocol$ConnectionHandler.process(AbstractProtocol.java:903)
	at org.apache.tomcat.util.net.NioEndpoint$SocketProcessor.doRun(NioEndpoint.java:1801)
	at org.apache.tomcat.util.net.SocketProcessorBase.run(SocketProcessorBase.java:52)
	at org.apache.tomcat.util.threads.ThreadPoolExecutor.runWorker(ThreadPoolExecutor.java:946)
	at org.apache.tomcat.util.threads.ThreadPoolExecutor$Worker.run(ThreadPoolExecutor.java:480)
	at org.apache.tomcat.util.threads.TaskThread$WrappingRunnable.run(TaskThread.java:57)
	at java.base/java.lang.Thread.run(Thread.java:1583)
2026-06-08 06:24:37[INFO]com.abubakar.connectify.configuration.RequestLoggingFilter-POST /api/v1/auth/login | Status: 400
2026-06-08 06:24:44[INFO]com.abubakar.connectify.controller.AuthController-Login Api initiated for: admin@gmail.com
2026-06-08 06:24:44[DEBUG]com.abubakar.connectify.service.impl.AuthServiceImpl-Starting login | email: admin@gmail.com
2026-06-08 06:24:44[INFO]com.abubakar.connectify.service.impl.CustomUserDetailsService-Authentication request received for email: admin@gmail.com
2026-06-08 06:24:44[DEBUG]com.abubakar.connectify.service.impl.CustomUserDetailsService-User loaded successfully with email: admin@gmail.com and role: ADMIN
2026-06-08 06:24:44[INFO]com.abubakar.connectify.security.JwtUtils-Generating token for user: admin@gmail.com
2026-06-08 06:24:44[INFO]com.abubakar.connectify.service.impl.RefreshTokenServiceImpl-Refresh token created/updated | userId: 1
2026-06-08 06:24:44[INFO]com.abubakar.connectify.service.impl.AuthServiceImpl-Login successful | userId: 1 | email: admin@gmail.com
2026-06-08 06:24:44[INFO]com.abubakar.connectify.configuration.RequestLoggingFilter-POST /api/v1/auth/login | Status: 200
2026-06-08 06:24:59[INFO]com.abubakar.connectify.service.impl.CustomUserDetailsService-Authentication request received for email: admin@gmail.com
2026-06-08 06:24:59[DEBUG]com.abubakar.connectify.service.impl.CustomUserDetailsService-User loaded successfully with email: admin@gmail.com and role: ADMIN
2026-06-08 06:24:59[INFO]com.abubakar.connectify.security.JwtUtils-Token validation result for user admin@gmail.com : true
2026-06-08 06:24:59[INFO]com.abubakar.connectify.security.JwtFilter-User authenticated successfully: admin@gmail.com
2026-06-08 06:24:59[INFO]com.abubakar.connectify.controller.AdminCommentController-API request received | acceptRestoreComment | commentId: 3
2026-06-08 06:24:59[INFO]com.abubakar.connectify.service.impl.AdminCommentServiceImpl-Restoring comment | commentId: 3
2026-06-08 06:24:59[DEBUG]com.abubakar.connectify.util.UserAccessValidator-Validating user access | userId: 1
2026-06-08 06:24:59[DEBUG]com.abubakar.connectify.util.UserAccessValidator-User validation successful | userId: 1
2026-06-08 06:24:59[DEBUG]com.abubakar.connectify.util.AuthUtil-Authenticated active user fetched successfully | userId: 1
2026-06-08 06:24:59[INFO]com.abubakar.connectify.service.impl.AdminCommentServiceImpl-Restore comment request received | adminId: 1 | commentId: 3
2026-06-08 06:24:59[DEBUG]com.abubakar.connectify.util.CommentAccessValidator-Fetching comment | commentId: 3
2026-06-08 06:24:59[INFO]com.abubakar.connectify.service.impl.NotificationServiceImpl-Creating system notification | receiverId: 2 | senderId: 1
2026-06-08 06:24:59[DEBUG]com.abubakar.connectify.util.UserAccessValidator-Validating user access | userId: 2
2026-06-08 06:24:59[DEBUG]com.abubakar.connectify.util.UserAccessValidator-User validation successful | userId: 2
2026-06-08 06:24:59[DEBUG]com.abubakar.connectify.util.UserAccessValidator-Validating user access | userId: 1
2026-06-08 06:24:59[DEBUG]com.abubakar.connectify.util.UserAccessValidator-User validation successful | userId: 1
2026-06-08 06:24:59[INFO]com.abubakar.connectify.service.impl.NotificationServiceImpl-System notification created successfully | receiverId: 2
2026-06-08 06:24:59[INFO]com.abubakar.connectify.service.impl.AdminCommentServiceImpl-Comment restored successfully | commentId: 3 | restoredByAdminId: 1
2026-06-08 06:24:59[INFO]com.abubakar.connectify.configuration.RequestLoggingFilter-PATCH /api/v1/admin/comments/3/restore/approve | Status: 200
2026-06-08 06:25:20[INFO]com.abubakar.connectify.controller.AuthController-Login Api initiated for: asif@gmail.com
2026-06-08 06:25:20[DEBUG]com.abubakar.connectify.service.impl.AuthServiceImpl-Starting login | email: asif@gmail.com
2026-06-08 06:25:20[INFO]com.abubakar.connectify.service.impl.CustomUserDetailsService-Authentication request received for email: asif@gmail.com
2026-06-08 06:25:20[DEBUG]com.abubakar.connectify.service.impl.CustomUserDetailsService-User loaded successfully with email: asif@gmail.com and role: USER
2026-06-08 06:25:20[INFO]com.abubakar.connectify.security.JwtUtils-Generating token for user: asif@gmail.com
2026-06-08 06:25:20[INFO]com.abubakar.connectify.service.impl.RefreshTokenServiceImpl-Refresh token created/updated | userId: 2
2026-06-08 06:25:20[INFO]com.abubakar.connectify.service.impl.AuthServiceImpl-Login successful | userId: 2 | email: asif@gmail.com
2026-06-08 06:25:20[INFO]com.abubakar.connectify.configuration.RequestLoggingFilter-POST /api/v1/auth/login | Status: 200
2026-06-08 06:25:23[INFO]com.abubakar.connectify.service.impl.CustomUserDetailsService-Authentication request received for email: asif@gmail.com
2026-06-08 06:25:23[DEBUG]com.abubakar.connectify.service.impl.CustomUserDetailsService-User loaded successfully with email: asif@gmail.com and role: USER
2026-06-08 06:25:23[INFO]com.abubakar.connectify.security.JwtUtils-Token validation result for user asif@gmail.com : true
2026-06-08 06:25:23[INFO]com.abubakar.connectify.security.JwtFilter-User authenticated successfully: asif@gmail.com
2026-06-08 06:25:23[INFO]com.abubakar.connectify.controller.CommentController-API request received | getPostComments | postId: 1 | cursor: null | size: 10
2026-06-08 06:25:23[INFO]com.abubakar.connectify.service.impl.CommentServiceImpl-Fetching comments | postId: 1 | cursor: null | size: 10
2026-06-08 06:25:23[DEBUG]com.abubakar.connectify.util.PostAccessValidator-Validating active post access | postId: 1
2026-06-08 06:25:23[DEBUG]com.abubakar.connectify.util.PostAccessValidator-Fetching post | postId: 1
2026-06-08 06:25:23[DEBUG]com.abubakar.connectify.util.PostAccessValidator-Active post validation successful | postId: 1
2026-06-08 06:25:23[INFO]com.abubakar.connectify.service.impl.CommentServiceImpl-Top-level comments fetched | count: 1
2026-06-08 06:25:23[DEBUG]com.abubakar.connectify.util.UserAccessValidator-Validating user access | userId: 2
2026-06-08 06:25:23[DEBUG]com.abubakar.connectify.util.UserAccessValidator-User validation successful | userId: 2
2026-06-08 06:25:23[DEBUG]com.abubakar.connectify.util.AuthUtil-Authenticated active user fetched successfully | userId: 2
2026-06-08 06:25:23[INFO]com.abubakar.connectify.configuration.RequestLoggingFilter-GET /api/v1/comments/post/1 | Status: 200
2026-06-08 06:26:37[INFO]com.abubakar.connectify.service.impl.CustomUserDetailsService-Authentication request received for email: asif@gmail.com
2026-06-08 06:26:37[DEBUG]com.abubakar.connectify.service.impl.CustomUserDetailsService-User loaded successfully with email: asif@gmail.com and role: USER
2026-06-08 06:26:37[INFO]com.abubakar.connectify.security.JwtUtils-Token validation result for user asif@gmail.com : true
2026-06-08 06:26:37[INFO]com.abubakar.connectify.security.JwtFilter-User authenticated successfully: asif@gmail.com
2026-06-08 06:26:37[INFO]com.abubakar.connectify.controller.ChatController-Get chats API request received | cursor: null | size: 20
2026-06-08 06:26:37[INFO]com.abubakar.connectify.service.impl.ChatServiceImpl-Fetching user chats
2026-06-08 06:26:37[DEBUG]com.abubakar.connectify.util.UserAccessValidator-Validating user access | userId: 2
2026-06-08 06:26:37[DEBUG]com.abubakar.connectify.util.UserAccessValidator-User validation successful | userId: 2
2026-06-08 06:26:37[DEBUG]com.abubakar.connectify.util.AuthUtil-Authenticated active user fetched successfully | userId: 2
2026-06-08 06:26:37[INFO]com.abubakar.connectify.service.impl.ChatServiceImpl-Fetching chats for user | userId: 2 | cursor: null | size: 20
2026-06-08 06:26:37[DEBUG]com.abubakar.connectify.service.impl.ChatServiceImpl-Chats fetched successfully | userId: 2 | totalChats: 2
2026-06-08 06:26:37[INFO]com.abubakar.connectify.service.impl.ChatServiceImpl-Participants loaded: 2
2026-06-08 06:26:37[INFO]com.abubakar.connectify.service.impl.ChatServiceImpl-Participants loaded: 2
2026-06-08 06:26:37[INFO]com.abubakar.connectify.configuration.RequestLoggingFilter-GET /api/v1/chats | Status: 200
2026-06-08 06:26:50[INFO]com.abubakar.connectify.service.impl.CustomUserDetailsService-Authentication request received for email: asif@gmail.com
2026-06-08 06:26:50[DEBUG]com.abubakar.connectify.service.impl.CustomUserDetailsService-User loaded successfully with email: asif@gmail.com and role: USER
2026-06-08 06:26:50[INFO]com.abubakar.connectify.security.JwtUtils-Token validation result for user asif@gmail.com : true
2026-06-08 06:26:50[INFO]com.abubakar.connectify.security.JwtFilter-User authenticated successfully: asif@gmail.com
2026-06-08 06:26:50[INFO]com.abubakar.connectify.controller.ChatController-Get messages API request received | chatId: 3 | cursor: null | size: 20
2026-06-08 06:26:50[INFO]com.abubakar.connectify.service.impl.ChatServiceImpl-Fetching messages | chatId: 3
2026-06-08 06:26:50[DEBUG]com.abubakar.connectify.util.UserAccessValidator-Validating user access | userId: 2
2026-06-08 06:26:50[DEBUG]com.abubakar.connectify.util.UserAccessValidator-User validation successful | userId: 2
2026-06-08 06:26:50[DEBUG]com.abubakar.connectify.util.AuthUtil-Authenticated active user fetched successfully | userId: 2
2026-06-08 06:26:50[INFO]com.abubakar.connectify.service.impl.ChatServiceImpl-Fetching chat messages | chatId: 3 | userId: 2 | cursor: null | size: 20
2026-06-08 06:26:50[DEBUG]com.abubakar.connectify.util.ChatAccessValidator-Validating active chat access | chatId: 3
2026-06-08 06:26:50[DEBUG]com.abubakar.connectify.util.ChatAccessValidator-Fetching chat | chatId: 3
2026-06-08 06:26:50[DEBUG]com.abubakar.connectify.util.ChatAccessValidator-Active chat validation successful | chatId: 3
2026-06-08 06:26:50[DEBUG]com.abubakar.connectify.service.impl.ChatServiceImpl-Messages fetched successfully | chatId: 3 | fetchedCount: 2
2026-06-08 06:26:50[INFO]com.abubakar.connectify.configuration.RequestLoggingFilter-GET /api/v1/chats/3/messages | Status: 200
2026-06-08 06:28:15[INFO]com.abubakar.connectify.controller.AuthController-Login Api initiated for: ahmad@gmail.com
2026-06-08 06:28:15[DEBUG]com.abubakar.connectify.service.impl.AuthServiceImpl-Starting login | email: ahmad@gmail.com
2026-06-08 06:28:15[INFO]com.abubakar.connectify.service.impl.CustomUserDetailsService-Authentication request received for email: ahmad@gmail.com
2026-06-08 06:28:15[DEBUG]com.abubakar.connectify.service.impl.CustomUserDetailsService-User loaded successfully with email: ahmad@gmail.com and role: USER
2026-06-08 06:28:15[INFO]com.abubakar.connectify.security.JwtUtils-Generating token for user: ahmad@gmail.com
2026-06-08 06:28:15[INFO]com.abubakar.connectify.service.impl.RefreshTokenServiceImpl-Refresh token created/updated | userId: 6
2026-06-08 06:28:15[INFO]com.abubakar.connectify.service.impl.AuthServiceImpl-Login successful | userId: 6 | email: ahmad@gmail.com
2026-06-08 06:28:15[INFO]com.abubakar.connectify.configuration.RequestLoggingFilter-POST /api/v1/auth/login | Status: 200
2026-06-08 06:28:36[INFO]com.abubakar.connectify.service.impl.CustomUserDetailsService-Authentication request received for email: ahmad@gmail.com
2026-06-08 06:28:36[DEBUG]com.abubakar.connectify.service.impl.CustomUserDetailsService-User loaded successfully with email: ahmad@gmail.com and role: USER
2026-06-08 06:28:36[INFO]com.abubakar.connectify.security.JwtUtils-Token validation result for user ahmad@gmail.com : true
2026-06-08 06:28:36[INFO]com.abubakar.connectify.security.JwtFilter-User authenticated successfully: ahmad@gmail.com
2026-06-08 06:28:36[INFO]com.abubakar.connectify.controller.ReportController-Report message API called | messageId: 5
2026-06-08 06:28:36[INFO]com.abubakar.connectify.service.impl.ReportServiceImpl-Reporting message | messageId: 5
2026-06-08 06:28:36[DEBUG]com.abubakar.connectify.util.UserAccessValidator-Validating user access | userId: 6
2026-06-08 06:28:36[DEBUG]com.abubakar.connectify.util.UserAccessValidator-User validation successful | userId: 6
2026-06-08 06:28:36[DEBUG]com.abubakar.connectify.util.AuthUtil-Authenticated active user fetched successfully | userId: 6
2026-06-08 06:28:36[DEBUG]com.abubakar.connectify.util.MessageAccessValidator-Validating active message access | messageId: 5
2026-06-08 06:28:36[DEBUG]com.abubakar.connectify.util.MessageAccessValidator-Fetching message | messageId: 5
2026-06-08 06:28:36[DEBUG]com.abubakar.connectify.util.ChatAccessValidator-Validating active chat access | chatId: 3
2026-06-08 06:28:36[DEBUG]com.abubakar.connectify.util.ChatAccessValidator-Fetching chat | chatId: 3
2026-06-08 06:28:36[DEBUG]com.abubakar.connectify.util.ChatAccessValidator-Active chat validation successful | chatId: 3
2026-06-08 06:28:36[DEBUG]com.abubakar.connectify.util.MessageAccessValidator-Active message validation successful | messageId: 5
2026-06-08 06:28:36[INFO]com.abubakar.connectify.service.impl.NotificationServiceImpl-Creating notification | receiverId: 2 | senderId: 6
2026-06-08 06:28:36[DEBUG]com.abubakar.connectify.util.UserAccessValidator-Validating user access | userId: 2
2026-06-08 06:28:36[DEBUG]com.abubakar.connectify.util.UserAccessValidator-User validation successful | userId: 2
2026-06-08 06:28:36[DEBUG]com.abubakar.connectify.util.UserAccessValidator-Validating user access | userId: 6
2026-06-08 06:28:36[DEBUG]com.abubakar.connectify.util.UserAccessValidator-User validation successful | userId: 6
2026-06-08 06:28:36[INFO]com.abubakar.connectify.service.impl.NotificationServiceImpl-Notification created successfully
| receiverId: 2
| senderId: 6
| type: MESSAGE_REPORTED

2026-06-08 06:28:36[INFO]com.abubakar.connectify.service.impl.NotificationServiceImpl-Creating notification | receiverId: 1 | senderId: 6
2026-06-08 06:28:36[DEBUG]com.abubakar.connectify.util.UserAccessValidator-Validating user access | userId: 1
2026-06-08 06:28:36[DEBUG]com.abubakar.connectify.util.UserAccessValidator-User validation successful | userId: 1
2026-06-08 06:28:36[DEBUG]com.abubakar.connectify.util.UserAccessValidator-Validating user access | userId: 6
2026-06-08 06:28:36[DEBUG]com.abubakar.connectify.util.UserAccessValidator-User validation successful | userId: 6
2026-06-08 06:28:36[INFO]com.abubakar.connectify.service.impl.NotificationServiceImpl-Notification created successfully
| receiverId: 1
| senderId: 6
| type: MESSAGE_REPORTED

2026-06-08 06:28:36[INFO]com.abubakar.connectify.service.impl.ReportServiceImpl-Message reported successfully | messageId: 5 | reporterId: 6
2026-06-08 06:28:36[INFO]com.abubakar.connectify.configuration.RequestLoggingFilter-POST /api/v1/reports/message/5 | Status: 201
2026-06-08 06:29:06[INFO]com.abubakar.connectify.controller.AuthController-Login Api initiated for: admin@gmail.com
2026-06-08 06:29:06[DEBUG]com.abubakar.connectify.service.impl.AuthServiceImpl-Starting login | email: admin@gmail.com
2026-06-08 06:29:06[INFO]com.abubakar.connectify.service.impl.CustomUserDetailsService-Authentication request received for email: admin@gmail.com
2026-06-08 06:29:06[DEBUG]com.abubakar.connectify.service.impl.CustomUserDetailsService-User loaded successfully with email: admin@gmail.com and role: ADMIN
2026-06-08 06:29:06[INFO]com.abubakar.connectify.security.JwtUtils-Generating token for user: admin@gmail.com
2026-06-08 06:29:06[INFO]com.abubakar.connectify.service.impl.RefreshTokenServiceImpl-Refresh token created/updated | userId: 1
2026-06-08 06:29:06[INFO]com.abubakar.connectify.service.impl.AuthServiceImpl-Login successful | userId: 1 | email: admin@gmail.com
2026-06-08 06:29:06[INFO]com.abubakar.connectify.configuration.RequestLoggingFilter-POST /api/v1/auth/login | Status: 200
2026-06-08 06:29:25[INFO]com.abubakar.connectify.service.impl.CustomUserDetailsService-Authentication request received for email: admin@gmail.com
2026-06-08 06:29:25[DEBUG]com.abubakar.connectify.service.impl.CustomUserDetailsService-User loaded successfully with email: admin@gmail.com and role: ADMIN
2026-06-08 06:29:25[INFO]com.abubakar.connectify.security.JwtUtils-Token validation result for user admin@gmail.com : true
2026-06-08 06:29:25[INFO]com.abubakar.connectify.security.JwtFilter-User authenticated successfully: admin@gmail.com
2026-06-08 06:29:25[INFO]com.abubakar.connectify.controller.AdminReportController-API request received | resolve report | reportId: 5
2026-06-08 06:29:25[DEBUG]com.abubakar.connectify.util.UserAccessValidator-Validating user access | userId: 1
2026-06-08 06:29:25[DEBUG]com.abubakar.connectify.util.UserAccessValidator-User validation successful | userId: 1
2026-06-08 06:29:25[DEBUG]com.abubakar.connectify.util.AuthUtil-Authenticated active user fetched successfully | userId: 1
2026-06-08 06:29:25[INFO]com.abubakar.connectify.service.impl.AdminReportServiceImpl-Resolve report request | reportId: 5
2026-06-08 06:29:25[DEBUG]com.abubakar.connectify.util.ReportAccessValidator-Fetching report | reportId: 5
2026-06-08 06:29:25[INFO]com.abubakar.connectify.service.impl.NotificationServiceImpl-Creating notification | receiverId: 6 | senderId: 1
2026-06-08 06:29:25[DEBUG]com.abubakar.connectify.util.UserAccessValidator-Validating user access | userId: 6
2026-06-08 06:29:25[DEBUG]com.abubakar.connectify.util.UserAccessValidator-User validation successful | userId: 6
2026-06-08 06:29:25[DEBUG]com.abubakar.connectify.util.UserAccessValidator-Validating user access | userId: 1
2026-06-08 06:29:25[DEBUG]com.abubakar.connectify.util.UserAccessValidator-User validation successful | userId: 1
2026-06-08 06:29:25[INFO]com.abubakar.connectify.service.impl.NotificationServiceImpl-Notification created successfully
| receiverId: 6
| senderId: 1
| type: REPORT_RESOLVED

2026-06-08 06:29:25[INFO]com.abubakar.connectify.service.impl.AdminReportServiceImpl-Report resolved successfully
| reportId: 5
| adminId: 1

2026-06-08 06:29:25[INFO]com.abubakar.connectify.configuration.RequestLoggingFilter-PUT /api/v1/admin/reports/5/resolve | Status: 200
2026-06-08 06:29:37[INFO]com.abubakar.connectify.controller.AuthController-Login Api initiated for: ahmad@gmail.com
2026-06-08 06:29:37[DEBUG]com.abubakar.connectify.service.impl.AuthServiceImpl-Starting login | email: ahmad@gmail.com
2026-06-08 06:29:37[INFO]com.abubakar.connectify.service.impl.CustomUserDetailsService-Authentication request received for email: ahmad@gmail.com
2026-06-08 06:29:37[DEBUG]com.abubakar.connectify.service.impl.CustomUserDetailsService-User loaded successfully with email: ahmad@gmail.com and role: USER
2026-06-08 06:29:38[INFO]com.abubakar.connectify.security.JwtUtils-Generating token for user: ahmad@gmail.com
2026-06-08 06:29:38[INFO]com.abubakar.connectify.service.impl.RefreshTokenServiceImpl-Refresh token created/updated | userId: 6
2026-06-08 06:29:38[INFO]com.abubakar.connectify.service.impl.AuthServiceImpl-Login successful | userId: 6 | email: ahmad@gmail.com
2026-06-08 06:29:38[INFO]com.abubakar.connectify.configuration.RequestLoggingFilter-POST /api/v1/auth/login | Status: 200
2026-06-08 06:29:44[INFO]com.abubakar.connectify.service.impl.CustomUserDetailsService-Authentication request received for email: ahmad@gmail.com
2026-06-08 06:29:44[DEBUG]com.abubakar.connectify.service.impl.CustomUserDetailsService-User loaded successfully with email: ahmad@gmail.com and role: USER
2026-06-08 06:29:44[INFO]com.abubakar.connectify.security.JwtUtils-Token validation result for user ahmad@gmail.com : true
2026-06-08 06:29:44[INFO]com.abubakar.connectify.security.JwtFilter-User authenticated successfully: ahmad@gmail.com
2026-06-08 06:29:44[INFO]com.abubakar.connectify.controller.ChatController-Get messages API request received | chatId: 3 | cursor: null | size: 20
2026-06-08 06:29:44[INFO]com.abubakar.connectify.service.impl.ChatServiceImpl-Fetching messages | chatId: 3
2026-06-08 06:29:44[DEBUG]com.abubakar.connectify.util.UserAccessValidator-Validating user access | userId: 6
2026-06-08 06:29:44[DEBUG]com.abubakar.connectify.util.UserAccessValidator-User validation successful | userId: 6
2026-06-08 06:29:44[DEBUG]com.abubakar.connectify.util.AuthUtil-Authenticated active user fetched successfully | userId: 6
2026-06-08 06:29:44[INFO]com.abubakar.connectify.service.impl.ChatServiceImpl-Fetching chat messages | chatId: 3 | userId: 6 | cursor: null | size: 20
2026-06-08 06:29:44[DEBUG]com.abubakar.connectify.util.ChatAccessValidator-Validating active chat access | chatId: 3
2026-06-08 06:29:44[DEBUG]com.abubakar.connectify.util.ChatAccessValidator-Fetching chat | chatId: 3
2026-06-08 06:29:44[DEBUG]com.abubakar.connectify.util.ChatAccessValidator-Active chat validation successful | chatId: 3
2026-06-08 06:29:44[DEBUG]com.abubakar.connectify.service.impl.ChatServiceImpl-Messages fetched successfully | chatId: 3 | fetchedCount: 1
2026-06-08 06:29:44[INFO]com.abubakar.connectify.configuration.RequestLoggingFilter-GET /api/v1/chats/3/messages | Status: 200
2026-06-08 06:30:05[INFO]com.abubakar.connectify.scheduler.StoryCleanupScheduler-Running story cleanup job
2026-06-08 06:30:05[INFO]com.abubakar.connectify.scheduler.StoryCleanupScheduler-Expired stories found: 0
2026-06-08 06:30:05[INFO]com.abubakar.connectify.scheduler.StoryCleanupScheduler-Story cleanup completed
2026-06-08 06:31:21[INFO]com.abubakar.connectify.service.impl.CustomUserDetailsService-Authentication request received for email: ahmad@gmail.com
2026-06-08 06:31:21[DEBUG]com.abubakar.connectify.service.impl.CustomUserDetailsService-User loaded successfully with email: ahmad@gmail.com and role: USER
2026-06-08 06:31:21[INFO]com.abubakar.connectify.security.JwtUtils-Token validation result for user ahmad@gmail.com : true
2026-06-08 06:31:21[INFO]com.abubakar.connectify.security.JwtFilter-User authenticated successfully: ahmad@gmail.com
2026-06-08 06:31:21[INFO]com.abubakar.connectify.controller.ChatController-Restore message request API received | messageId: 5
2026-06-08 06:31:21[INFO]com.abubakar.connectify.service.impl.ChatServiceImpl-Requesting message restore | messageId: 5
2026-06-08 06:31:21[DEBUG]com.abubakar.connectify.util.UserAccessValidator-Validating user access | userId: 6
2026-06-08 06:31:21[DEBUG]com.abubakar.connectify.util.UserAccessValidator-User validation successful | userId: 6
2026-06-08 06:31:21[DEBUG]com.abubakar.connectify.util.AuthUtil-Authenticated active user fetched successfully | userId: 6
2026-06-08 06:31:21[INFO]com.abubakar.connectify.service.impl.ChatServiceImpl-Message restore request received | messageId: 5 | userId: 6
2026-06-08 06:31:21[DEBUG]com.abubakar.connectify.util.MessageAccessValidator-Fetching message | messageId: 5
2026-06-08 06:31:21[WARN]com.abubakar.connectify.service.impl.ChatServiceImpl-request restore only for your own message request detected | messageId: 5 | userId: 6
2026-06-08 06:31:21[ERROR]com.abubakar.connectify.exception.GlobalExceptionHandler-Business exception occurred | errorCode: OPERATION_FAILED | status: 400 BAD_REQUEST | message: You can request restore only for your own message
com.abubakar.connectify.exception.OperationFailException: You can request restore only for your own message
	at com.abubakar.connectify.service.impl.ChatServiceImpl.requestRestoreMessage(ChatServiceImpl.java:965)
	at java.base/jdk.internal.reflect.DirectMethodHandleAccessor.invoke(DirectMethodHandleAccessor.java:103)
	at java.base/java.lang.reflect.Method.invoke(Method.java:580)
	at org.springframework.aop.support.AopUtils.invokeJoinpointUsingReflection(AopUtils.java:359)
	at org.springframework.aop.framework.ReflectiveMethodInvocation.invokeJoinpoint(ReflectiveMethodInvocation.java:190)
	at org.springframework.aop.framework.ReflectiveMethodInvocation.proceed(ReflectiveMethodInvocation.java:158)
	at org.springframework.transaction.interceptor.TransactionInterceptor$1.proceedWithInvocation(TransactionInterceptor.java:133)
	at org.springframework.transaction.interceptor.TransactionAspectSupport.invokeWithinTransaction(TransactionAspectSupport.java:371)
	at org.springframework.transaction.interceptor.TransactionInterceptor.invoke(TransactionInterceptor.java:130)
	at org.springframework.aop.framework.ReflectiveMethodInvocation.proceed(ReflectiveMethodInvocation.java:179)
	at org.springframework.aop.framework.CglibAopProxy$DynamicAdvisedInterceptor.intercept(CglibAopProxy.java:719)
	at com.abubakar.connectify.service.impl.ChatServiceImpl$$SpringCGLIB$$0.requestRestoreMessage(<generated>)
	at com.abubakar.connectify.controller.ChatController.requestRestoreMessage(ChatController.java:296)
	at java.base/jdk.internal.reflect.DirectMethodHandleAccessor.invoke(DirectMethodHandleAccessor.java:103)
	at java.base/java.lang.reflect.Method.invoke(Method.java:580)
	at org.springframework.web.method.support.InvocableHandlerMethod.doInvoke(InvocableHandlerMethod.java:252)
	at org.springframework.web.method.support.InvocableHandlerMethod.invokeForRequest(InvocableHandlerMethod.java:184)
	at org.springframework.web.servlet.mvc.method.annotation.ServletInvocableHandlerMethod.invokeAndHandle(ServletInvocableHandlerMethod.java:117)
	at org.springframework.web.servlet.mvc.method.annotation.RequestMappingHandlerAdapter.invokeHandlerMethod(RequestMappingHandlerAdapter.java:934)
	at org.springframework.web.servlet.mvc.method.annotation.RequestMappingHandlerAdapter.handleInternal(RequestMappingHandlerAdapter.java:853)
	at org.springframework.web.servlet.mvc.method.AbstractHandlerMethodAdapter.handle(AbstractHandlerMethodAdapter.java:86)
	at org.springframework.web.servlet.DispatcherServlet.doDispatch(DispatcherServlet.java:963)
	at org.springframework.web.servlet.DispatcherServlet.doService(DispatcherServlet.java:866)
	at org.springframework.web.servlet.FrameworkServlet.processRequest(FrameworkServlet.java:1000)
	at org.springframework.web.servlet.FrameworkServlet.doPost(FrameworkServlet.java:903)
	at jakarta.servlet.http.HttpServlet.service(HttpServlet.java:649)
	at org.springframework.web.servlet.FrameworkServlet.service(FrameworkServlet.java:874)
	at jakarta.servlet.http.HttpServlet.service(HttpServlet.java:710)
	at org.apache.catalina.core.ApplicationFilterChain.doFilter(ApplicationFilterChain.java:128)
	at org.apache.tomcat.websocket.server.WsFilter.doFilter(WsFilter.java:53)
	at org.apache.catalina.core.ApplicationFilterChain.doFilter(ApplicationFilterChain.java:107)
	at org.springframework.web.filter.OncePerRequestFilter.doFilter(OncePerRequestFilter.java:110)
	at org.apache.catalina.core.ApplicationFilterChain.doFilter(ApplicationFilterChain.java:107)
	at org.springframework.web.filter.OncePerRequestFilter.doFilter(OncePerRequestFilter.java:110)
	at org.apache.catalina.core.ApplicationFilterChain.doFilter(ApplicationFilterChain.java:107)
	at com.abubakar.connectify.configuration.RequestLoggingFilter.doFilterInternal(RequestLoggingFilter.java:30)
	at org.springframework.web.filter.OncePerRequestFilter.doFilter(OncePerRequestFilter.java:116)
	at org.apache.catalina.core.ApplicationFilterChain.doFilter(ApplicationFilterChain.java:107)
	at org.springframework.web.filter.CompositeFilter$VirtualFilterChain.doFilter(CompositeFilter.java:108)
	at org.springframework.security.web.FilterChainProxy.lambda$doFilterInternal$3(FilterChainProxy.java:235)
	at org.springframework.security.web.FilterChainProxy$VirtualFilterChain.doFilter(FilterChainProxy.java:376)
	at org.springframework.security.web.access.intercept.AuthorizationFilter.doFilter(AuthorizationFilter.java:101)
	at org.springframework.security.web.FilterChainProxy$VirtualFilterChain.doFilter(FilterChainProxy.java:385)
	at org.springframework.security.web.access.ExceptionTranslationFilter.doFilter(ExceptionTranslationFilter.java:126)
	at org.springframework.security.web.access.ExceptionTranslationFilter.doFilter(ExceptionTranslationFilter.java:120)
	at org.springframework.security.web.FilterChainProxy$VirtualFilterChain.doFilter(FilterChainProxy.java:385)
	at org.springframework.security.web.session.SessionManagementFilter.doFilter(SessionManagementFilter.java:132)
	at org.springframework.security.web.session.SessionManagementFilter.doFilter(SessionManagementFilter.java:86)
	at org.springframework.security.web.FilterChainProxy$VirtualFilterChain.doFilter(FilterChainProxy.java:385)
	at org.springframework.security.web.authentication.AnonymousAuthenticationFilter.doFilter(AnonymousAuthenticationFilter.java:100)
	at org.springframework.security.web.FilterChainProxy$VirtualFilterChain.doFilter(FilterChainProxy.java:385)
	at org.springframework.security.web.servletapi.SecurityContextHolderAwareRequestFilter.doFilter(SecurityContextHolderAwareRequestFilter.java:181)
	at org.springframework.security.web.FilterChainProxy$VirtualFilterChain.doFilter(FilterChainProxy.java:385)
	at org.springframework.security.web.savedrequest.RequestCacheAwareFilter.doFilter(RequestCacheAwareFilter.java:63)
	at org.springframework.security.web.FilterChainProxy$VirtualFilterChain.doFilter(FilterChainProxy.java:385)
	at org.springframework.security.web.authentication.ui.DefaultLogoutPageGeneratingFilter.doFilterInternal(DefaultLogoutPageGeneratingFilter.java:60)
	at org.springframework.web.filter.OncePerRequestFilter.doFilter(OncePerRequestFilter.java:116)
	at org.springframework.security.web.FilterChainProxy$VirtualFilterChain.doFilter(FilterChainProxy.java:385)
	at org.springframework.security.web.authentication.ui.DefaultLoginPageGeneratingFilter.doFilter(DefaultLoginPageGeneratingFilter.java:246)
	at org.springframework.security.web.authentication.ui.DefaultLoginPageGeneratingFilter.doFilter(DefaultLoginPageGeneratingFilter.java:232)
	at org.springframework.security.web.FilterChainProxy$VirtualFilterChain.doFilter(FilterChainProxy.java:385)
	at org.springframework.security.web.authentication.ui.DefaultResourcesFilter.doFilter(DefaultResourcesFilter.java:73)
	at org.springframework.security.web.FilterChainProxy$VirtualFilterChain.doFilter(FilterChainProxy.java:385)
	at com.abubakar.connectify.security.JwtFilter.doFilterInternal(JwtFilter.java:141)
	at org.springframework.web.filter.OncePerRequestFilter.doFilter(OncePerRequestFilter.java:116)
	at org.springframework.security.web.FilterChainProxy$VirtualFilterChain.doFilter(FilterChainProxy.java:385)
	at org.springframework.security.web.authentication.AbstractAuthenticationProcessingFilter.doFilter(AbstractAuthenticationProcessingFilter.java:245)
	at org.springframework.security.web.authentication.AbstractAuthenticationProcessingFilter.doFilter(AbstractAuthenticationProcessingFilter.java:239)
	at org.springframework.security.web.FilterChainProxy$VirtualFilterChain.doFilter(FilterChainProxy.java:385)
	at org.springframework.security.oauth2.client.web.OAuth2AuthorizationRequestRedirectFilter.doFilterInternal(OAuth2AuthorizationRequestRedirectFilter.java:195)
	at org.springframework.web.filter.OncePerRequestFilter.doFilter(OncePerRequestFilter.java:116)
	at org.springframework.security.web.FilterChainProxy$VirtualFilterChain.doFilter(FilterChainProxy.java:385)
	at org.springframework.security.web.authentication.logout.LogoutFilter.doFilter(LogoutFilter.java:110)
	at org.springframework.security.web.authentication.logout.LogoutFilter.doFilter(LogoutFilter.java:96)
	at org.springframework.security.web.FilterChainProxy$VirtualFilterChain.doFilter(FilterChainProxy.java:385)
	at org.springframework.web.filter.CorsFilter.doFilterInternal(CorsFilter.java:91)
	at org.springframework.web.filter.OncePerRequestFilter.doFilter(OncePerRequestFilter.java:116)
	at org.springframework.security.web.FilterChainProxy$VirtualFilterChain.doFilter(FilterChainProxy.java:385)
	at org.springframework.security.web.header.HeaderWriterFilter.doHeadersAfter(HeaderWriterFilter.java:90)
	at org.springframework.security.web.header.HeaderWriterFilter.doFilterInternal(HeaderWriterFilter.java:75)
	at org.springframework.web.filter.OncePerRequestFilter.doFilter(OncePerRequestFilter.java:116)
	at org.springframework.security.web.FilterChainProxy$VirtualFilterChain.doFilter(FilterChainProxy.java:385)
	at org.springframework.security.web.context.SecurityContextHolderFilter.doFilter(SecurityContextHolderFilter.java:82)
	at org.springframework.security.web.context.SecurityContextHolderFilter.doFilter(SecurityContextHolderFilter.java:69)
	at org.springframework.security.web.FilterChainProxy$VirtualFilterChain.doFilter(FilterChainProxy.java:385)
	at org.springframework.security.web.context.request.async.WebAsyncManagerIntegrationFilter.doFilterInternal(WebAsyncManagerIntegrationFilter.java:62)
	at org.springframework.web.filter.OncePerRequestFilter.doFilter(OncePerRequestFilter.java:116)
	at org.springframework.security.web.FilterChainProxy$VirtualFilterChain.doFilter(FilterChainProxy.java:385)
	at org.springframework.security.web.session.DisableEncodeUrlFilter.doFilterInternal(DisableEncodeUrlFilter.java:42)
	at org.springframework.web.filter.OncePerRequestFilter.doFilter(OncePerRequestFilter.java:116)
	at org.springframework.security.web.FilterChainProxy$VirtualFilterChain.doFilter(FilterChainProxy.java:385)
	at org.springframework.security.web.FilterChainProxy.doFilterInternal(FilterChainProxy.java:237)
	at org.springframework.security.web.FilterChainProxy.doFilter(FilterChainProxy.java:195)
	at org.springframework.web.filter.CompositeFilter$VirtualFilterChain.doFilter(CompositeFilter.java:113)
	at org.springframework.web.filter.ServletRequestPathFilter.doFilter(ServletRequestPathFilter.java:52)
	at org.springframework.web.filter.CompositeFilter$VirtualFilterChain.doFilter(CompositeFilter.java:113)
	at org.springframework.web.filter.CompositeFilter.doFilter(CompositeFilter.java:74)
	at org.springframework.security.config.annotation.web.configuration.WebSecurityConfiguration$CompositeFilterChainProxy.doFilter(WebSecurityConfiguration.java:317)
	at org.springframework.web.filter.DelegatingFilterProxy.invokeDelegate(DelegatingFilterProxy.java:355)
	at org.springframework.web.filter.DelegatingFilterProxy.doFilter(DelegatingFilterProxy.java:272)
	at org.apache.catalina.core.ApplicationFilterChain.doFilter(ApplicationFilterChain.java:107)
	at org.springframework.web.filter.RequestContextFilter.doFilterInternal(RequestContextFilter.java:100)
	at org.springframework.web.filter.OncePerRequestFilter.doFilter(OncePerRequestFilter.java:116)
	at org.apache.catalina.core.ApplicationFilterChain.doFilter(ApplicationFilterChain.java:107)
	at org.springframework.web.filter.FormContentFilter.doFilterInternal(FormContentFilter.java:93)
	at org.springframework.web.filter.OncePerRequestFilter.doFilter(OncePerRequestFilter.java:116)
	at org.apache.catalina.core.ApplicationFilterChain.doFilter(ApplicationFilterChain.java:107)
	at org.springframework.web.filter.CharacterEncodingFilter.doFilterInternal(CharacterEncodingFilter.java:199)
	at org.springframework.web.filter.OncePerRequestFilter.doFilter(OncePerRequestFilter.java:116)
	at org.apache.catalina.core.ApplicationFilterChain.doFilter(ApplicationFilterChain.java:107)
	at org.apache.catalina.core.StandardWrapperValve.invoke(StandardWrapperValve.java:165)
	at org.apache.catalina.core.StandardContextValve.invoke(StandardContextValve.java:77)
	at org.apache.catalina.authenticator.AuthenticatorBase.invoke(AuthenticatorBase.java:492)
	at org.apache.catalina.core.StandardHostValve.invoke(StandardHostValve.java:113)
	at org.apache.catalina.valves.ErrorReportValve.invoke(ErrorReportValve.java:83)
	at org.apache.catalina.core.StandardEngineValve.invoke(StandardEngineValve.java:72)
	at org.apache.catalina.connector.CoyoteAdapter.service(CoyoteAdapter.java:341)
	at org.apache.coyote.http11.Http11Processor.service(Http11Processor.java:397)
	at org.apache.coyote.AbstractProcessorLight.process(AbstractProcessorLight.java:63)
	at org.apache.coyote.AbstractProtocol$ConnectionHandler.process(AbstractProtocol.java:903)
	at org.apache.tomcat.util.net.NioEndpoint$SocketProcessor.doRun(NioEndpoint.java:1801)
	at org.apache.tomcat.util.net.SocketProcessorBase.run(SocketProcessorBase.java:52)
	at org.apache.tomcat.util.threads.ThreadPoolExecutor.runWorker(ThreadPoolExecutor.java:946)
	at org.apache.tomcat.util.threads.ThreadPoolExecutor$Worker.run(ThreadPoolExecutor.java:480)
	at org.apache.tomcat.util.threads.TaskThread$WrappingRunnable.run(TaskThread.java:57)
	at java.base/java.lang.Thread.run(Thread.java:1583)
2026-06-08 06:31:21[INFO]com.abubakar.connectify.configuration.RequestLoggingFilter-POST /api/v1/chats/messages/5/restore-request | Status: 400
2026-06-08 06:31:38[INFO]com.abubakar.connectify.controller.AuthController-Login Api initiated for: asif@gmail.com
2026-06-08 06:31:38[DEBUG]com.abubakar.connectify.service.impl.AuthServiceImpl-Starting login | email: asif@gmail.com
2026-06-08 06:31:38[INFO]com.abubakar.connectify.service.impl.CustomUserDetailsService-Authentication request received for email: asif@gmail.com
2026-06-08 06:31:38[DEBUG]com.abubakar.connectify.service.impl.CustomUserDetailsService-User loaded successfully with email: asif@gmail.com and role: USER
2026-06-08 06:31:38[INFO]com.abubakar.connectify.security.JwtUtils-Generating token for user: asif@gmail.com
2026-06-08 06:31:38[INFO]com.abubakar.connectify.service.impl.RefreshTokenServiceImpl-Refresh token created/updated | userId: 2
2026-06-08 06:31:38[INFO]com.abubakar.connectify.service.impl.AuthServiceImpl-Login successful | userId: 2 | email: asif@gmail.com
2026-06-08 06:31:38[INFO]com.abubakar.connectify.configuration.RequestLoggingFilter-POST /api/v1/auth/login | Status: 200
2026-06-08 06:31:46[INFO]com.abubakar.connectify.service.impl.CustomUserDetailsService-Authentication request received for email: asif@gmail.com
2026-06-08 06:31:46[DEBUG]com.abubakar.connectify.service.impl.CustomUserDetailsService-User loaded successfully with email: asif@gmail.com and role: USER
2026-06-08 06:31:46[INFO]com.abubakar.connectify.security.JwtUtils-Token validation result for user asif@gmail.com : true
2026-06-08 06:31:46[INFO]com.abubakar.connectify.security.JwtFilter-User authenticated successfully: asif@gmail.com
2026-06-08 06:31:46[INFO]com.abubakar.connectify.controller.ChatController-Restore message request API received | messageId: 5
2026-06-08 06:31:46[INFO]com.abubakar.connectify.service.impl.ChatServiceImpl-Requesting message restore | messageId: 5
2026-06-08 06:31:46[DEBUG]com.abubakar.connectify.util.UserAccessValidator-Validating user access | userId: 2
2026-06-08 06:31:46[DEBUG]com.abubakar.connectify.util.UserAccessValidator-User validation successful | userId: 2
2026-06-08 06:31:46[DEBUG]com.abubakar.connectify.util.AuthUtil-Authenticated active user fetched successfully | userId: 2
2026-06-08 06:31:46[INFO]com.abubakar.connectify.service.impl.ChatServiceImpl-Message restore request received | messageId: 5 | userId: 2
2026-06-08 06:31:46[DEBUG]com.abubakar.connectify.util.MessageAccessValidator-Fetching message | messageId: 5
2026-06-08 06:31:46[INFO]com.abubakar.connectify.service.impl.NotificationServiceImpl-Creating notification | receiverId: 1 | senderId: 2
2026-06-08 06:31:46[DEBUG]com.abubakar.connectify.util.UserAccessValidator-Validating user access | userId: 1
2026-06-08 06:31:46[DEBUG]com.abubakar.connectify.util.UserAccessValidator-User validation successful | userId: 1
2026-06-08 06:31:46[DEBUG]com.abubakar.connectify.util.UserAccessValidator-Validating user access | userId: 2
2026-06-08 06:31:46[DEBUG]com.abubakar.connectify.util.UserAccessValidator-User validation successful | userId: 2
2026-06-08 06:31:46[INFO]com.abubakar.connectify.service.impl.NotificationServiceImpl-Notification created successfully
| receiverId: 1
| senderId: 2
| type: RESTORE_REQUEST

2026-06-08 06:31:46[INFO]com.abubakar.connectify.service.impl.ChatServiceImpl-Message restore request submitted successfully | messageId: 5 | userId: 2
2026-06-08 06:31:46[INFO]com.abubakar.connectify.configuration.RequestLoggingFilter-POST /api/v1/chats/messages/5/restore-request | Status: 200
2026-06-08 06:31:59[INFO]com.abubakar.connectify.controller.AuthController-Login Api initiated for: admin@gmail.com
2026-06-08 06:31:59[DEBUG]com.abubakar.connectify.service.impl.AuthServiceImpl-Starting login | email: admin@gmail.com
2026-06-08 06:31:59[INFO]com.abubakar.connectify.service.impl.CustomUserDetailsService-Authentication request received for email: admin@gmail.com
2026-06-08 06:31:59[DEBUG]com.abubakar.connectify.service.impl.CustomUserDetailsService-User loaded successfully with email: admin@gmail.com and role: ADMIN
2026-06-08 06:32:00[INFO]com.abubakar.connectify.security.JwtUtils-Generating token for user: admin@gmail.com
2026-06-08 06:32:00[INFO]com.abubakar.connectify.service.impl.RefreshTokenServiceImpl-Refresh token created/updated | userId: 1
2026-06-08 06:32:00[INFO]com.abubakar.connectify.service.impl.AuthServiceImpl-Login successful | userId: 1 | email: admin@gmail.com
2026-06-08 06:32:00[INFO]com.abubakar.connectify.configuration.RequestLoggingFilter-POST /api/v1/auth/login | Status: 200
2026-06-08 06:32:19[INFO]com.abubakar.connectify.service.impl.CustomUserDetailsService-Authentication request received for email: admin@gmail.com
2026-06-08 06:32:19[DEBUG]com.abubakar.connectify.service.impl.CustomUserDetailsService-User loaded successfully with email: admin@gmail.com and role: ADMIN
2026-06-08 06:32:19[INFO]com.abubakar.connectify.security.JwtUtils-Token validation result for user admin@gmail.com : true
2026-06-08 06:32:19[INFO]com.abubakar.connectify.security.JwtFilter-User authenticated successfully: admin@gmail.com
2026-06-08 06:32:19[INFO]com.abubakar.connectify.controller.AdminChatController-Admin approve message restore API called | messageId: 5
2026-06-08 06:32:19[DEBUG]com.abubakar.connectify.util.UserAccessValidator-Validating user access | userId: 1
2026-06-08 06:32:19[DEBUG]com.abubakar.connectify.util.UserAccessValidator-User validation successful | userId: 1
2026-06-08 06:32:19[DEBUG]com.abubakar.connectify.util.AuthUtil-Authenticated active user fetched successfully | userId: 1
2026-06-08 06:32:19[DEBUG]com.abubakar.connectify.util.MessageAccessValidator-Fetching message | messageId: 5
2026-06-08 06:32:19[INFO]com.abubakar.connectify.service.impl.NotificationServiceImpl-Creating system notification | receiverId: 2 | senderId: 1
2026-06-08 06:32:19[DEBUG]com.abubakar.connectify.util.UserAccessValidator-Validating user access | userId: 2
2026-06-08 06:32:19[DEBUG]com.abubakar.connectify.util.UserAccessValidator-User validation successful | userId: 2
2026-06-08 06:32:19[DEBUG]com.abubakar.connectify.util.UserAccessValidator-Validating user access | userId: 1
2026-06-08 06:32:19[DEBUG]com.abubakar.connectify.util.UserAccessValidator-User validation successful | userId: 1
2026-06-08 06:32:19[INFO]com.abubakar.connectify.service.impl.NotificationServiceImpl-System notification created successfully | receiverId: 2
2026-06-08 06:32:19[INFO]com.abubakar.connectify.service.impl.AdminChatServiceImpl-Your Restore message is approved by admin with MessageId: 5
2026-06-08 06:32:19[INFO]com.abubakar.connectify.configuration.RequestLoggingFilter-PATCH /api/v1/admin/chats/messages/5/restore/approve | Status: 200
2026-06-08 06:32:34[INFO]com.abubakar.connectify.controller.AuthController-Login Api initiated for: abu@gmail.com
2026-06-08 06:32:34[DEBUG]com.abubakar.connectify.service.impl.AuthServiceImpl-Starting login | email: abu@gmail.com
2026-06-08 06:32:34[INFO]com.abubakar.connectify.service.impl.CustomUserDetailsService-Authentication request received for email: abu@gmail.com
2026-06-08 06:32:34[DEBUG]com.abubakar.connectify.service.impl.CustomUserDetailsService-User loaded successfully with email: abu@gmail.com and role: USER
2026-06-08 06:32:34[INFO]com.abubakar.connectify.security.JwtUtils-Generating token for user: abu@gmail.com
2026-06-08 06:32:35[INFO]com.abubakar.connectify.service.impl.RefreshTokenServiceImpl-Refresh token created/updated | userId: 3
2026-06-08 06:32:35[INFO]com.abubakar.connectify.service.impl.AuthServiceImpl-Login successful | userId: 3 | email: abu@gmail.com
2026-06-08 06:32:35[INFO]com.abubakar.connectify.configuration.RequestLoggingFilter-POST /api/v1/auth/login | Status: 200
2026-06-08 06:32:55[INFO]com.abubakar.connectify.service.impl.CustomUserDetailsService-Authentication request received for email: abu@gmail.com
2026-06-08 06:32:55[DEBUG]com.abubakar.connectify.service.impl.CustomUserDetailsService-User loaded successfully with email: abu@gmail.com and role: USER
2026-06-08 06:32:55[INFO]com.abubakar.connectify.security.JwtUtils-Token validation result for user abu@gmail.com : true
2026-06-08 06:32:55[INFO]com.abubakar.connectify.security.JwtFilter-User authenticated successfully: abu@gmail.com
2026-06-08 06:32:55[INFO]com.abubakar.connectify.controller.ChatController-Get messages API request received | chatId: 3 | cursor: null | size: 20
2026-06-08 06:32:55[INFO]com.abubakar.connectify.service.impl.ChatServiceImpl-Fetching messages | chatId: 3
2026-06-08 06:32:55[DEBUG]com.abubakar.connectify.util.UserAccessValidator-Validating user access | userId: 3
2026-06-08 06:32:55[DEBUG]com.abubakar.connectify.util.UserAccessValidator-User validation successful | userId: 3
2026-06-08 06:32:55[DEBUG]com.abubakar.connectify.util.AuthUtil-Authenticated active user fetched successfully | userId: 3
2026-06-08 06:32:55[INFO]com.abubakar.connectify.service.impl.ChatServiceImpl-Fetching chat messages | chatId: 3 | userId: 3 | cursor: null | size: 20
2026-06-08 06:32:55[DEBUG]com.abubakar.connectify.util.ChatAccessValidator-Validating active chat access | chatId: 3
2026-06-08 06:32:55[DEBUG]com.abubakar.connectify.util.ChatAccessValidator-Fetching chat | chatId: 3
2026-06-08 06:32:55[DEBUG]com.abubakar.connectify.util.ChatAccessValidator-Active chat validation successful | chatId: 3
2026-06-08 06:32:55[ERROR]com.abubakar.connectify.exception.GlobalExceptionHandler-Business exception occurred | errorCode: OPERATION_FAILED | status: 400 BAD_REQUEST | message: You are not part of this chat
com.abubakar.connectify.exception.OperationFailException: You are not part of this chat
	at com.abubakar.connectify.service.impl.ChatServiceImpl.validateChatParticipant(ChatServiceImpl.java:1460)
	at com.abubakar.connectify.service.impl.ChatServiceImpl.getMessages(ChatServiceImpl.java:481)
	at java.base/jdk.internal.reflect.DirectMethodHandleAccessor.invoke(DirectMethodHandleAccessor.java:103)
	at java.base/java.lang.reflect.Method.invoke(Method.java:580)
	at org.springframework.aop.support.AopUtils.invokeJoinpointUsingReflection(AopUtils.java:359)
	at org.springframework.aop.framework.ReflectiveMethodInvocation.invokeJoinpoint(ReflectiveMethodInvocation.java:190)
	at org.springframework.aop.framework.ReflectiveMethodInvocation.proceed(ReflectiveMethodInvocation.java:158)
	at org.springframework.transaction.interceptor.TransactionInterceptor$1.proceedWithInvocation(TransactionInterceptor.java:133)
	at org.springframework.transaction.interceptor.TransactionAspectSupport.invokeWithinTransaction(TransactionAspectSupport.java:371)
	at org.springframework.transaction.interceptor.TransactionInterceptor.invoke(TransactionInterceptor.java:130)
	at org.springframework.aop.framework.ReflectiveMethodInvocation.proceed(ReflectiveMethodInvocation.java:179)
	at org.springframework.aop.framework.CglibAopProxy$DynamicAdvisedInterceptor.intercept(CglibAopProxy.java:719)
	at com.abubakar.connectify.service.impl.ChatServiceImpl$$SpringCGLIB$$0.getMessages(<generated>)
	at com.abubakar.connectify.controller.ChatController.getMessages(ChatController.java:159)
	at java.base/jdk.internal.reflect.DirectMethodHandleAccessor.invoke(DirectMethodHandleAccessor.java:103)
	at java.base/java.lang.reflect.Method.invoke(Method.java:580)
	at org.springframework.web.method.support.InvocableHandlerMethod.doInvoke(InvocableHandlerMethod.java:252)
	at org.springframework.web.method.support.InvocableHandlerMethod.invokeForRequest(InvocableHandlerMethod.java:184)
	at org.springframework.web.servlet.mvc.method.annotation.ServletInvocableHandlerMethod.invokeAndHandle(ServletInvocableHandlerMethod.java:117)
	at org.springframework.web.servlet.mvc.method.annotation.RequestMappingHandlerAdapter.invokeHandlerMethod(RequestMappingHandlerAdapter.java:934)
	at org.springframework.web.servlet.mvc.method.annotation.RequestMappingHandlerAdapter.handleInternal(RequestMappingHandlerAdapter.java:853)
	at org.springframework.web.servlet.mvc.method.AbstractHandlerMethodAdapter.handle(AbstractHandlerMethodAdapter.java:86)
	at org.springframework.web.servlet.DispatcherServlet.doDispatch(DispatcherServlet.java:963)
	at org.springframework.web.servlet.DispatcherServlet.doService(DispatcherServlet.java:866)
	at org.springframework.web.servlet.FrameworkServlet.processRequest(FrameworkServlet.java:1000)
	at org.springframework.web.servlet.FrameworkServlet.doGet(FrameworkServlet.java:892)
	at jakarta.servlet.http.HttpServlet.service(HttpServlet.java:622)
	at org.springframework.web.servlet.FrameworkServlet.service(FrameworkServlet.java:874)
	at jakarta.servlet.http.HttpServlet.service(HttpServlet.java:710)
	at org.apache.catalina.core.ApplicationFilterChain.doFilter(ApplicationFilterChain.java:128)
	at org.apache.tomcat.websocket.server.WsFilter.doFilter(WsFilter.java:53)
	at org.apache.catalina.core.ApplicationFilterChain.doFilter(ApplicationFilterChain.java:107)
	at org.springframework.web.filter.OncePerRequestFilter.doFilter(OncePerRequestFilter.java:110)
	at org.apache.catalina.core.ApplicationFilterChain.doFilter(ApplicationFilterChain.java:107)
	at org.springframework.web.filter.OncePerRequestFilter.doFilter(OncePerRequestFilter.java:110)
	at org.apache.catalina.core.ApplicationFilterChain.doFilter(ApplicationFilterChain.java:107)
	at com.abubakar.connectify.configuration.RequestLoggingFilter.doFilterInternal(RequestLoggingFilter.java:30)
	at org.springframework.web.filter.OncePerRequestFilter.doFilter(OncePerRequestFilter.java:116)
	at org.apache.catalina.core.ApplicationFilterChain.doFilter(ApplicationFilterChain.java:107)
	at org.springframework.web.filter.CompositeFilter$VirtualFilterChain.doFilter(CompositeFilter.java:108)
	at org.springframework.security.web.FilterChainProxy.lambda$doFilterInternal$3(FilterChainProxy.java:235)
	at org.springframework.security.web.FilterChainProxy$VirtualFilterChain.doFilter(FilterChainProxy.java:376)
	at org.springframework.security.web.access.intercept.AuthorizationFilter.doFilter(AuthorizationFilter.java:101)
	at org.springframework.security.web.FilterChainProxy$VirtualFilterChain.doFilter(FilterChainProxy.java:385)
	at org.springframework.security.web.access.ExceptionTranslationFilter.doFilter(ExceptionTranslationFilter.java:126)
	at org.springframework.security.web.access.ExceptionTranslationFilter.doFilter(ExceptionTranslationFilter.java:120)
	at org.springframework.security.web.FilterChainProxy$VirtualFilterChain.doFilter(FilterChainProxy.java:385)
	at org.springframework.security.web.session.SessionManagementFilter.doFilter(SessionManagementFilter.java:132)
	at org.springframework.security.web.session.SessionManagementFilter.doFilter(SessionManagementFilter.java:86)
	at org.springframework.security.web.FilterChainProxy$VirtualFilterChain.doFilter(FilterChainProxy.java:385)
	at org.springframework.security.web.authentication.AnonymousAuthenticationFilter.doFilter(AnonymousAuthenticationFilter.java:100)
	at org.springframework.security.web.FilterChainProxy$VirtualFilterChain.doFilter(FilterChainProxy.java:385)
	at org.springframework.security.web.servletapi.SecurityContextHolderAwareRequestFilter.doFilter(SecurityContextHolderAwareRequestFilter.java:181)
	at org.springframework.security.web.FilterChainProxy$VirtualFilterChain.doFilter(FilterChainProxy.java:385)
	at org.springframework.security.web.savedrequest.RequestCacheAwareFilter.doFilter(RequestCacheAwareFilter.java:63)
	at org.springframework.security.web.FilterChainProxy$VirtualFilterChain.doFilter(FilterChainProxy.java:385)
	at org.springframework.security.web.authentication.ui.DefaultLogoutPageGeneratingFilter.doFilterInternal(DefaultLogoutPageGeneratingFilter.java:60)
	at org.springframework.web.filter.OncePerRequestFilter.doFilter(OncePerRequestFilter.java:116)
	at org.springframework.security.web.FilterChainProxy$VirtualFilterChain.doFilter(FilterChainProxy.java:385)
	at org.springframework.security.web.authentication.ui.DefaultLoginPageGeneratingFilter.doFilter(DefaultLoginPageGeneratingFilter.java:246)
	at org.springframework.security.web.authentication.ui.DefaultLoginPageGeneratingFilter.doFilter(DefaultLoginPageGeneratingFilter.java:232)
	at org.springframework.security.web.FilterChainProxy$VirtualFilterChain.doFilter(FilterChainProxy.java:385)
	at org.springframework.security.web.authentication.ui.DefaultResourcesFilter.doFilter(DefaultResourcesFilter.java:73)
	at org.springframework.security.web.FilterChainProxy$VirtualFilterChain.doFilter(FilterChainProxy.java:385)
	at com.abubakar.connectify.security.JwtFilter.doFilterInternal(JwtFilter.java:141)
	at org.springframework.web.filter.OncePerRequestFilter.doFilter(OncePerRequestFilter.java:116)
	at org.springframework.security.web.FilterChainProxy$VirtualFilterChain.doFilter(FilterChainProxy.java:385)
	at org.springframework.security.web.authentication.AbstractAuthenticationProcessingFilter.doFilter(AbstractAuthenticationProcessingFilter.java:245)
	at org.springframework.security.web.authentication.AbstractAuthenticationProcessingFilter.doFilter(AbstractAuthenticationProcessingFilter.java:239)
	at org.springframework.security.web.FilterChainProxy$VirtualFilterChain.doFilter(FilterChainProxy.java:385)
	at org.springframework.security.oauth2.client.web.OAuth2AuthorizationRequestRedirectFilter.doFilterInternal(OAuth2AuthorizationRequestRedirectFilter.java:195)
	at org.springframework.web.filter.OncePerRequestFilter.doFilter(OncePerRequestFilter.java:116)
	at org.springframework.security.web.FilterChainProxy$VirtualFilterChain.doFilter(FilterChainProxy.java:385)
	at org.springframework.security.web.authentication.logout.LogoutFilter.doFilter(LogoutFilter.java:110)
	at org.springframework.security.web.authentication.logout.LogoutFilter.doFilter(LogoutFilter.java:96)
	at org.springframework.security.web.FilterChainProxy$VirtualFilterChain.doFilter(FilterChainProxy.java:385)
	at org.springframework.web.filter.CorsFilter.doFilterInternal(CorsFilter.java:91)
	at org.springframework.web.filter.OncePerRequestFilter.doFilter(OncePerRequestFilter.java:116)
	at org.springframework.security.web.FilterChainProxy$VirtualFilterChain.doFilter(FilterChainProxy.java:385)
	at org.springframework.security.web.header.HeaderWriterFilter.doHeadersAfter(HeaderWriterFilter.java:90)
	at org.springframework.security.web.header.HeaderWriterFilter.doFilterInternal(HeaderWriterFilter.java:75)
	at org.springframework.web.filter.OncePerRequestFilter.doFilter(OncePerRequestFilter.java:116)
	at org.springframework.security.web.FilterChainProxy$VirtualFilterChain.doFilter(FilterChainProxy.java:385)
	at org.springframework.security.web.context.SecurityContextHolderFilter.doFilter(SecurityContextHolderFilter.java:82)
	at org.springframework.security.web.context.SecurityContextHolderFilter.doFilter(SecurityContextHolderFilter.java:69)
	at org.springframework.security.web.FilterChainProxy$VirtualFilterChain.doFilter(FilterChainProxy.java:385)
	at org.springframework.security.web.context.request.async.WebAsyncManagerIntegrationFilter.doFilterInternal(WebAsyncManagerIntegrationFilter.java:62)
	at org.springframework.web.filter.OncePerRequestFilter.doFilter(OncePerRequestFilter.java:116)
	at org.springframework.security.web.FilterChainProxy$VirtualFilterChain.doFilter(FilterChainProxy.java:385)
	at org.springframework.security.web.session.DisableEncodeUrlFilter.doFilterInternal(DisableEncodeUrlFilter.java:42)
	at org.springframework.web.filter.OncePerRequestFilter.doFilter(OncePerRequestFilter.java:116)
	at org.springframework.security.web.FilterChainProxy$VirtualFilterChain.doFilter(FilterChainProxy.java:385)
	at org.springframework.security.web.FilterChainProxy.doFilterInternal(FilterChainProxy.java:237)
	at org.springframework.security.web.FilterChainProxy.doFilter(FilterChainProxy.java:195)
	at org.springframework.web.filter.CompositeFilter$VirtualFilterChain.doFilter(CompositeFilter.java:113)
	at org.springframework.web.filter.ServletRequestPathFilter.doFilter(ServletRequestPathFilter.java:52)
	at org.springframework.web.filter.CompositeFilter$VirtualFilterChain.doFilter(CompositeFilter.java:113)
	at org.springframework.web.filter.CompositeFilter.doFilter(CompositeFilter.java:74)
	at org.springframework.security.config.annotation.web.configuration.WebSecurityConfiguration$CompositeFilterChainProxy.doFilter(WebSecurityConfiguration.java:317)
	at org.springframework.web.filter.DelegatingFilterProxy.invokeDelegate(DelegatingFilterProxy.java:355)
	at org.springframework.web.filter.DelegatingFilterProxy.doFilter(DelegatingFilterProxy.java:272)
	at org.apache.catalina.core.ApplicationFilterChain.doFilter(ApplicationFilterChain.java:107)
	at org.springframework.web.filter.RequestContextFilter.doFilterInternal(RequestContextFilter.java:100)
	at org.springframework.web.filter.OncePerRequestFilter.doFilter(OncePerRequestFilter.java:116)
	at org.apache.catalina.core.ApplicationFilterChain.doFilter(ApplicationFilterChain.java:107)
	at org.springframework.web.filter.FormContentFilter.doFilterInternal(FormContentFilter.java:93)
	at org.springframework.web.filter.OncePerRequestFilter.doFilter(OncePerRequestFilter.java:116)
	at org.apache.catalina.core.ApplicationFilterChain.doFilter(ApplicationFilterChain.java:107)
	at org.springframework.web.filter.CharacterEncodingFilter.doFilterInternal(CharacterEncodingFilter.java:199)
	at org.springframework.web.filter.OncePerRequestFilter.doFilter(OncePerRequestFilter.java:116)
	at org.apache.catalina.core.ApplicationFilterChain.doFilter(ApplicationFilterChain.java:107)
	at org.apache.catalina.core.StandardWrapperValve.invoke(StandardWrapperValve.java:165)
	at org.apache.catalina.core.StandardContextValve.invoke(StandardContextValve.java:77)
	at org.apache.catalina.authenticator.AuthenticatorBase.invoke(AuthenticatorBase.java:492)
	at org.apache.catalina.core.StandardHostValve.invoke(StandardHostValve.java:113)
	at org.apache.catalina.valves.ErrorReportValve.invoke(ErrorReportValve.java:83)
	at org.apache.catalina.core.StandardEngineValve.invoke(StandardEngineValve.java:72)
	at org.apache.catalina.connector.CoyoteAdapter.service(CoyoteAdapter.java:341)
	at org.apache.coyote.http11.Http11Processor.service(Http11Processor.java:397)
	at org.apache.coyote.AbstractProcessorLight.process(AbstractProcessorLight.java:63)
	at org.apache.coyote.AbstractProtocol$ConnectionHandler.process(AbstractProtocol.java:903)
	at org.apache.tomcat.util.net.NioEndpoint$SocketProcessor.doRun(NioEndpoint.java:1801)
	at org.apache.tomcat.util.net.SocketProcessorBase.run(SocketProcessorBase.java:52)
	at org.apache.tomcat.util.threads.ThreadPoolExecutor.runWorker(ThreadPoolExecutor.java:946)
	at org.apache.tomcat.util.threads.ThreadPoolExecutor$Worker.run(ThreadPoolExecutor.java:480)
	at org.apache.tomcat.util.threads.TaskThread$WrappingRunnable.run(TaskThread.java:57)
	at java.base/java.lang.Thread.run(Thread.java:1583)
2026-06-08 06:32:55[INFO]com.abubakar.connectify.configuration.RequestLoggingFilter-GET /api/v1/chats/3/messages | Status: 400
2026-06-08 06:33:10[INFO]com.abubakar.connectify.controller.AuthController-Login Api initiated for: asif@gmail.com
2026-06-08 06:33:10[DEBUG]com.abubakar.connectify.service.impl.AuthServiceImpl-Starting login | email: asif@gmail.com
2026-06-08 06:33:10[INFO]com.abubakar.connectify.service.impl.CustomUserDetailsService-Authentication request received for email: asif@gmail.com
2026-06-08 06:33:10[DEBUG]com.abubakar.connectify.service.impl.CustomUserDetailsService-User loaded successfully with email: asif@gmail.com and role: USER
2026-06-08 06:33:11[INFO]com.abubakar.connectify.security.JwtUtils-Generating token for user: asif@gmail.com
2026-06-08 06:33:11[INFO]com.abubakar.connectify.service.impl.RefreshTokenServiceImpl-Refresh token created/updated | userId: 2
2026-06-08 06:33:11[INFO]com.abubakar.connectify.service.impl.AuthServiceImpl-Login successful | userId: 2 | email: asif@gmail.com
2026-06-08 06:33:11[INFO]com.abubakar.connectify.configuration.RequestLoggingFilter-POST /api/v1/auth/login | Status: 200
2026-06-08 06:33:15[INFO]com.abubakar.connectify.service.impl.CustomUserDetailsService-Authentication request received for email: asif@gmail.com
2026-06-08 06:33:15[DEBUG]com.abubakar.connectify.service.impl.CustomUserDetailsService-User loaded successfully with email: asif@gmail.com and role: USER
2026-06-08 06:33:15[INFO]com.abubakar.connectify.security.JwtUtils-Token validation result for user asif@gmail.com : true
2026-06-08 06:33:15[INFO]com.abubakar.connectify.security.JwtFilter-User authenticated successfully: asif@gmail.com
2026-06-08 06:33:15[INFO]com.abubakar.connectify.controller.ChatController-Get messages API request received | chatId: 3 | cursor: null | size: 20
2026-06-08 06:33:15[INFO]com.abubakar.connectify.service.impl.ChatServiceImpl-Fetching messages | chatId: 3
2026-06-08 06:33:15[DEBUG]com.abubakar.connectify.util.UserAccessValidator-Validating user access | userId: 2
2026-06-08 06:33:15[DEBUG]com.abubakar.connectify.util.UserAccessValidator-User validation successful | userId: 2
2026-06-08 06:33:15[DEBUG]com.abubakar.connectify.util.AuthUtil-Authenticated active user fetched successfully | userId: 2
2026-06-08 06:33:15[INFO]com.abubakar.connectify.service.impl.ChatServiceImpl-Fetching chat messages | chatId: 3 | userId: 2 | cursor: null | size: 20
2026-06-08 06:33:15[DEBUG]com.abubakar.connectify.util.ChatAccessValidator-Validating active chat access | chatId: 3
2026-06-08 06:33:15[DEBUG]com.abubakar.connectify.util.ChatAccessValidator-Fetching chat | chatId: 3
2026-06-08 06:33:15[DEBUG]com.abubakar.connectify.util.ChatAccessValidator-Active chat validation successful | chatId: 3
2026-06-08 06:33:15[DEBUG]com.abubakar.connectify.service.impl.ChatServiceImpl-Messages fetched successfully | chatId: 3 | fetchedCount: 2
2026-06-08 06:33:15[INFO]com.abubakar.connectify.configuration.RequestLoggingFilter-GET /api/v1/chats/3/messages | Status: 200
2026-06-08 06:40:05[INFO]com.abubakar.connectify.scheduler.StoryCleanupScheduler-Running story cleanup job
2026-06-08 06:40:05[INFO]com.abubakar.connectify.scheduler.StoryCleanupScheduler-Expired stories found: 0
2026-06-08 06:40:05[INFO]com.abubakar.connectify.scheduler.StoryCleanupScheduler-Story cleanup completed
2026-06-08 06:45:23[INFO]com.abubakar.connectify.service.impl.CustomUserDetailsService-Authentication request received for email: asif@gmail.com
2026-06-08 06:45:23[DEBUG]com.abubakar.connectify.service.impl.CustomUserDetailsService-User loaded successfully with email: asif@gmail.com and role: USER
2026-06-08 06:45:23[INFO]com.abubakar.connectify.security.JwtUtils-Token validation result for user asif@gmail.com : true
2026-06-08 06:45:23[INFO]com.abubakar.connectify.security.JwtFilter-User authenticated successfully: asif@gmail.com
2026-06-08 06:45:23[INFO]com.abubakar.connectify.controller.ReportController-Report message API called | messageId: 5
2026-06-08 06:45:23[INFO]com.abubakar.connectify.service.impl.ReportServiceImpl-Reporting message | messageId: 5
2026-06-08 06:45:23[DEBUG]com.abubakar.connectify.util.UserAccessValidator-Validating user access | userId: 2
2026-06-08 06:45:23[DEBUG]com.abubakar.connectify.util.UserAccessValidator-User validation successful | userId: 2
2026-06-08 06:45:23[DEBUG]com.abubakar.connectify.util.AuthUtil-Authenticated active user fetched successfully | userId: 2
2026-06-08 06:45:23[DEBUG]com.abubakar.connectify.util.MessageAccessValidator-Validating active message access | messageId: 5
2026-06-08 06:45:23[DEBUG]com.abubakar.connectify.util.MessageAccessValidator-Fetching message | messageId: 5
2026-06-08 06:45:23[DEBUG]com.abubakar.connectify.util.ChatAccessValidator-Validating active chat access | chatId: 3
2026-06-08 06:45:23[DEBUG]com.abubakar.connectify.util.ChatAccessValidator-Fetching chat | chatId: 3
2026-06-08 06:45:23[DEBUG]com.abubakar.connectify.util.ChatAccessValidator-Active chat validation successful | chatId: 3
2026-06-08 06:45:23[DEBUG]com.abubakar.connectify.util.MessageAccessValidator-Active message validation successful | messageId: 5
2026-06-08 06:45:23[WARN]com.abubakar.connectify.service.impl.ReportServiceImpl-Self message report blocked | reporterId: 2 | messageId: 5
2026-06-08 06:45:23[ERROR]com.abubakar.connectify.exception.GlobalExceptionHandler-Business exception occurred | errorCode: OPERATION_FAILED | status: 400 BAD_REQUEST | message: You cannot report your own message
com.abubakar.connectify.exception.OperationFailException: You cannot report your own message
	at com.abubakar.connectify.service.impl.ReportServiceImpl.reportMessage(ReportServiceImpl.java:663)
	at java.base/jdk.internal.reflect.DirectMethodHandleAccessor.invoke(DirectMethodHandleAccessor.java:103)
	at java.base/java.lang.reflect.Method.invoke(Method.java:580)
	at org.springframework.aop.support.AopUtils.invokeJoinpointUsingReflection(AopUtils.java:359)
	at org.springframework.aop.framework.ReflectiveMethodInvocation.invokeJoinpoint(ReflectiveMethodInvocation.java:190)
	at org.springframework.aop.framework.ReflectiveMethodInvocation.proceed(ReflectiveMethodInvocation.java:158)
	at org.springframework.transaction.interceptor.TransactionInterceptor$1.proceedWithInvocation(TransactionInterceptor.java:133)
	at org.springframework.transaction.interceptor.TransactionAspectSupport.invokeWithinTransaction(TransactionAspectSupport.java:371)
	at org.springframework.transaction.interceptor.TransactionInterceptor.invoke(TransactionInterceptor.java:130)
	at org.springframework.aop.framework.ReflectiveMethodInvocation.proceed(ReflectiveMethodInvocation.java:179)
	at org.springframework.aop.framework.CglibAopProxy$DynamicAdvisedInterceptor.intercept(CglibAopProxy.java:719)
	at com.abubakar.connectify.service.impl.ReportServiceImpl$$SpringCGLIB$$0.reportMessage(<generated>)
	at com.abubakar.connectify.controller.ReportController.reportMessage(ReportController.java:168)
	at java.base/jdk.internal.reflect.DirectMethodHandleAccessor.invoke(DirectMethodHandleAccessor.java:103)
	at java.base/java.lang.reflect.Method.invoke(Method.java:580)
	at org.springframework.web.method.support.InvocableHandlerMethod.doInvoke(InvocableHandlerMethod.java:252)
	at org.springframework.web.method.support.InvocableHandlerMethod.invokeForRequest(InvocableHandlerMethod.java:184)
	at org.springframework.web.servlet.mvc.method.annotation.ServletInvocableHandlerMethod.invokeAndHandle(ServletInvocableHandlerMethod.java:117)
	at org.springframework.web.servlet.mvc.method.annotation.RequestMappingHandlerAdapter.invokeHandlerMethod(RequestMappingHandlerAdapter.java:934)
	at org.springframework.web.servlet.mvc.method.annotation.RequestMappingHandlerAdapter.handleInternal(RequestMappingHandlerAdapter.java:853)
	at org.springframework.web.servlet.mvc.method.AbstractHandlerMethodAdapter.handle(AbstractHandlerMethodAdapter.java:86)
	at org.springframework.web.servlet.DispatcherServlet.doDispatch(DispatcherServlet.java:963)
	at org.springframework.web.servlet.DispatcherServlet.doService(DispatcherServlet.java:866)
	at org.springframework.web.servlet.FrameworkServlet.processRequest(FrameworkServlet.java:1000)
	at org.springframework.web.servlet.FrameworkServlet.doPost(FrameworkServlet.java:903)
	at jakarta.servlet.http.HttpServlet.service(HttpServlet.java:649)
	at org.springframework.web.servlet.FrameworkServlet.service(FrameworkServlet.java:874)
	at jakarta.servlet.http.HttpServlet.service(HttpServlet.java:710)
	at org.apache.catalina.core.ApplicationFilterChain.doFilter(ApplicationFilterChain.java:128)
	at org.apache.tomcat.websocket.server.WsFilter.doFilter(WsFilter.java:53)
	at org.apache.catalina.core.ApplicationFilterChain.doFilter(ApplicationFilterChain.java:107)
	at org.springframework.web.filter.OncePerRequestFilter.doFilter(OncePerRequestFilter.java:110)
	at org.apache.catalina.core.ApplicationFilterChain.doFilter(ApplicationFilterChain.java:107)
	at org.springframework.web.filter.OncePerRequestFilter.doFilter(OncePerRequestFilter.java:110)
	at org.apache.catalina.core.ApplicationFilterChain.doFilter(ApplicationFilterChain.java:107)
	at com.abubakar.connectify.configuration.RequestLoggingFilter.doFilterInternal(RequestLoggingFilter.java:30)
	at org.springframework.web.filter.OncePerRequestFilter.doFilter(OncePerRequestFilter.java:116)
	at org.apache.catalina.core.ApplicationFilterChain.doFilter(ApplicationFilterChain.java:107)
	at org.springframework.web.filter.CompositeFilter$VirtualFilterChain.doFilter(CompositeFilter.java:108)
	at org.springframework.security.web.FilterChainProxy.lambda$doFilterInternal$3(FilterChainProxy.java:235)
	at org.springframework.security.web.FilterChainProxy$VirtualFilterChain.doFilter(FilterChainProxy.java:376)
	at org.springframework.security.web.access.intercept.AuthorizationFilter.doFilter(AuthorizationFilter.java:101)
	at org.springframework.security.web.FilterChainProxy$VirtualFilterChain.doFilter(FilterChainProxy.java:385)
	at org.springframework.security.web.access.ExceptionTranslationFilter.doFilter(ExceptionTranslationFilter.java:126)
	at org.springframework.security.web.access.ExceptionTranslationFilter.doFilter(ExceptionTranslationFilter.java:120)
	at org.springframework.security.web.FilterChainProxy$VirtualFilterChain.doFilter(FilterChainProxy.java:385)
	at org.springframework.security.web.session.SessionManagementFilter.doFilter(SessionManagementFilter.java:132)
	at org.springframework.security.web.session.SessionManagementFilter.doFilter(SessionManagementFilter.java:86)
	at org.springframework.security.web.FilterChainProxy$VirtualFilterChain.doFilter(FilterChainProxy.java:385)
	at org.springframework.security.web.authentication.AnonymousAuthenticationFilter.doFilter(AnonymousAuthenticationFilter.java:100)
	at org.springframework.security.web.FilterChainProxy$VirtualFilterChain.doFilter(FilterChainProxy.java:385)
	at org.springframework.security.web.servletapi.SecurityContextHolderAwareRequestFilter.doFilter(SecurityContextHolderAwareRequestFilter.java:181)
	at org.springframework.security.web.FilterChainProxy$VirtualFilterChain.doFilter(FilterChainProxy.java:385)
	at org.springframework.security.web.savedrequest.RequestCacheAwareFilter.doFilter(RequestCacheAwareFilter.java:63)
	at org.springframework.security.web.FilterChainProxy$VirtualFilterChain.doFilter(FilterChainProxy.java:385)
	at org.springframework.security.web.authentication.ui.DefaultLogoutPageGeneratingFilter.doFilterInternal(DefaultLogoutPageGeneratingFilter.java:60)
	at org.springframework.web.filter.OncePerRequestFilter.doFilter(OncePerRequestFilter.java:116)
	at org.springframework.security.web.FilterChainProxy$VirtualFilterChain.doFilter(FilterChainProxy.java:385)
	at org.springframework.security.web.authentication.ui.DefaultLoginPageGeneratingFilter.doFilter(DefaultLoginPageGeneratingFilter.java:246)
	at org.springframework.security.web.authentication.ui.DefaultLoginPageGeneratingFilter.doFilter(DefaultLoginPageGeneratingFilter.java:232)
	at org.springframework.security.web.FilterChainProxy$VirtualFilterChain.doFilter(FilterChainProxy.java:385)
	at org.springframework.security.web.authentication.ui.DefaultResourcesFilter.doFilter(DefaultResourcesFilter.java:73)
	at org.springframework.security.web.FilterChainProxy$VirtualFilterChain.doFilter(FilterChainProxy.java:385)
	at com.abubakar.connectify.security.JwtFilter.doFilterInternal(JwtFilter.java:141)
	at org.springframework.web.filter.OncePerRequestFilter.doFilter(OncePerRequestFilter.java:116)
	at org.springframework.security.web.FilterChainProxy$VirtualFilterChain.doFilter(FilterChainProxy.java:385)
	at org.springframework.security.web.authentication.AbstractAuthenticationProcessingFilter.doFilter(AbstractAuthenticationProcessingFilter.java:245)
	at org.springframework.security.web.authentication.AbstractAuthenticationProcessingFilter.doFilter(AbstractAuthenticationProcessingFilter.java:239)
	at org.springframework.security.web.FilterChainProxy$VirtualFilterChain.doFilter(FilterChainProxy.java:385)
	at org.springframework.security.oauth2.client.web.OAuth2AuthorizationRequestRedirectFilter.doFilterInternal(OAuth2AuthorizationRequestRedirectFilter.java:195)
	at org.springframework.web.filter.OncePerRequestFilter.doFilter(OncePerRequestFilter.java:116)
	at org.springframework.security.web.FilterChainProxy$VirtualFilterChain.doFilter(FilterChainProxy.java:385)
	at org.springframework.security.web.authentication.logout.LogoutFilter.doFilter(LogoutFilter.java:110)
	at org.springframework.security.web.authentication.logout.LogoutFilter.doFilter(LogoutFilter.java:96)
	at org.springframework.security.web.FilterChainProxy$VirtualFilterChain.doFilter(FilterChainProxy.java:385)
	at org.springframework.web.filter.CorsFilter.doFilterInternal(CorsFilter.java:91)
	at org.springframework.web.filter.OncePerRequestFilter.doFilter(OncePerRequestFilter.java:116)
	at org.springframework.security.web.FilterChainProxy$VirtualFilterChain.doFilter(FilterChainProxy.java:385)
	at org.springframework.security.web.header.HeaderWriterFilter.doHeadersAfter(HeaderWriterFilter.java:90)
	at org.springframework.security.web.header.HeaderWriterFilter.doFilterInternal(HeaderWriterFilter.java:75)
	at org.springframework.web.filter.OncePerRequestFilter.doFilter(OncePerRequestFilter.java:116)
	at org.springframework.security.web.FilterChainProxy$VirtualFilterChain.doFilter(FilterChainProxy.java:385)
	at org.springframework.security.web.context.SecurityContextHolderFilter.doFilter(SecurityContextHolderFilter.java:82)
	at org.springframework.security.web.context.SecurityContextHolderFilter.doFilter(SecurityContextHolderFilter.java:69)
	at org.springframework.security.web.FilterChainProxy$VirtualFilterChain.doFilter(FilterChainProxy.java:385)
	at org.springframework.security.web.context.request.async.WebAsyncManagerIntegrationFilter.doFilterInternal(WebAsyncManagerIntegrationFilter.java:62)
	at org.springframework.web.filter.OncePerRequestFilter.doFilter(OncePerRequestFilter.java:116)
	at org.springframework.security.web.FilterChainProxy$VirtualFilterChain.doFilter(FilterChainProxy.java:385)
	at org.springframework.security.web.session.DisableEncodeUrlFilter.doFilterInternal(DisableEncodeUrlFilter.java:42)
	at org.springframework.web.filter.OncePerRequestFilter.doFilter(OncePerRequestFilter.java:116)
	at org.springframework.security.web.FilterChainProxy$VirtualFilterChain.doFilter(FilterChainProxy.java:385)
	at org.springframework.security.web.FilterChainProxy.doFilterInternal(FilterChainProxy.java:237)
	at org.springframework.security.web.FilterChainProxy.doFilter(FilterChainProxy.java:195)
	at org.springframework.web.filter.CompositeFilter$VirtualFilterChain.doFilter(CompositeFilter.java:113)
	at org.springframework.web.filter.ServletRequestPathFilter.doFilter(ServletRequestPathFilter.java:52)
	at org.springframework.web.filter.CompositeFilter$VirtualFilterChain.doFilter(CompositeFilter.java:113)
	at org.springframework.web.filter.CompositeFilter.doFilter(CompositeFilter.java:74)
	at org.springframework.security.config.annotation.web.configuration.WebSecurityConfiguration$CompositeFilterChainProxy.doFilter(WebSecurityConfiguration.java:317)
	at org.springframework.web.filter.DelegatingFilterProxy.invokeDelegate(DelegatingFilterProxy.java:355)
	at org.springframework.web.filter.DelegatingFilterProxy.doFilter(DelegatingFilterProxy.java:272)
	at org.apache.catalina.core.ApplicationFilterChain.doFilter(ApplicationFilterChain.java:107)
	at org.springframework.web.filter.RequestContextFilter.doFilterInternal(RequestContextFilter.java:100)
	at org.springframework.web.filter.OncePerRequestFilter.doFilter(OncePerRequestFilter.java:116)
	at org.apache.catalina.core.ApplicationFilterChain.doFilter(ApplicationFilterChain.java:107)
	at org.springframework.web.filter.FormContentFilter.doFilterInternal(FormContentFilter.java:93)
	at org.springframework.web.filter.OncePerRequestFilter.doFilter(OncePerRequestFilter.java:116)
	at org.apache.catalina.core.ApplicationFilterChain.doFilter(ApplicationFilterChain.java:107)
	at org.springframework.web.filter.CharacterEncodingFilter.doFilterInternal(CharacterEncodingFilter.java:199)
	at org.springframework.web.filter.OncePerRequestFilter.doFilter(OncePerRequestFilter.java:116)
	at org.apache.catalina.core.ApplicationFilterChain.doFilter(ApplicationFilterChain.java:107)
	at org.apache.catalina.core.StandardWrapperValve.invoke(StandardWrapperValve.java:165)
	at org.apache.catalina.core.StandardContextValve.invoke(StandardContextValve.java:77)
	at org.apache.catalina.authenticator.AuthenticatorBase.invoke(AuthenticatorBase.java:492)
	at org.apache.catalina.core.StandardHostValve.invoke(StandardHostValve.java:113)
	at org.apache.catalina.valves.ErrorReportValve.invoke(ErrorReportValve.java:83)
	at org.apache.catalina.core.StandardEngineValve.invoke(StandardEngineValve.java:72)
	at org.apache.catalina.connector.CoyoteAdapter.service(CoyoteAdapter.java:341)
	at org.apache.coyote.http11.Http11Processor.service(Http11Processor.java:397)
	at org.apache.coyote.AbstractProcessorLight.process(AbstractProcessorLight.java:63)
	at org.apache.coyote.AbstractProtocol$ConnectionHandler.process(AbstractProtocol.java:903)
	at org.apache.tomcat.util.net.NioEndpoint$SocketProcessor.doRun(NioEndpoint.java:1801)
	at org.apache.tomcat.util.net.SocketProcessorBase.run(SocketProcessorBase.java:52)
	at org.apache.tomcat.util.threads.ThreadPoolExecutor.runWorker(ThreadPoolExecutor.java:946)
	at org.apache.tomcat.util.threads.ThreadPoolExecutor$Worker.run(ThreadPoolExecutor.java:480)
	at org.apache.tomcat.util.threads.TaskThread$WrappingRunnable.run(TaskThread.java:57)
	at java.base/java.lang.Thread.run(Thread.java:1583)
2026-06-08 06:45:23[INFO]com.abubakar.connectify.configuration.RequestLoggingFilter-POST /api/v1/reports/message/5 | Status: 400
2026-06-08 06:45:38[INFO]com.abubakar.connectify.service.impl.CustomUserDetailsService-Authentication request received for email: asif@gmail.com
2026-06-08 06:45:38[DEBUG]com.abubakar.connectify.service.impl.CustomUserDetailsService-User loaded successfully with email: asif@gmail.com and role: USER
2026-06-08 06:45:38[INFO]com.abubakar.connectify.security.JwtUtils-Token validation result for user asif@gmail.com : true
2026-06-08 06:45:38[INFO]com.abubakar.connectify.security.JwtFilter-User authenticated successfully: asif@gmail.com
2026-06-08 06:45:38[INFO]com.abubakar.connectify.controller.ChatController-Get messages API request received | chatId: 3 | cursor: null | size: 20
2026-06-08 06:45:38[INFO]com.abubakar.connectify.service.impl.ChatServiceImpl-Fetching messages | chatId: 3
2026-06-08 06:45:38[DEBUG]com.abubakar.connectify.util.UserAccessValidator-Validating user access | userId: 2
2026-06-08 06:45:38[DEBUG]com.abubakar.connectify.util.UserAccessValidator-User validation successful | userId: 2
2026-06-08 06:45:38[DEBUG]com.abubakar.connectify.util.AuthUtil-Authenticated active user fetched successfully | userId: 2
2026-06-08 06:45:38[INFO]com.abubakar.connectify.service.impl.ChatServiceImpl-Fetching chat messages | chatId: 3 | userId: 2 | cursor: null | size: 20
2026-06-08 06:45:38[DEBUG]com.abubakar.connectify.util.ChatAccessValidator-Validating active chat access | chatId: 3
2026-06-08 06:45:38[DEBUG]com.abubakar.connectify.util.ChatAccessValidator-Fetching chat | chatId: 3
2026-06-08 06:45:38[DEBUG]com.abubakar.connectify.util.ChatAccessValidator-Active chat validation successful | chatId: 3
2026-06-08 06:45:38[DEBUG]com.abubakar.connectify.service.impl.ChatServiceImpl-Messages fetched successfully | chatId: 3 | fetchedCount: 2
2026-06-08 06:45:38[INFO]com.abubakar.connectify.configuration.RequestLoggingFilter-GET /api/v1/chats/3/messages | Status: 200
2026-06-08 06:45:55[INFO]com.abubakar.connectify.controller.AuthController-Login Api initiated for: asif@gmail.com
2026-06-08 06:45:55[DEBUG]com.abubakar.connectify.service.impl.AuthServiceImpl-Starting login | email: asif@gmail.com
2026-06-08 06:45:55[INFO]com.abubakar.connectify.service.impl.CustomUserDetailsService-Authentication request received for email: asif@gmail.com
2026-06-08 06:45:55[DEBUG]com.abubakar.connectify.service.impl.CustomUserDetailsService-User loaded successfully with email: asif@gmail.com and role: USER
2026-06-08 06:45:55[INFO]com.abubakar.connectify.security.JwtUtils-Generating token for user: asif@gmail.com
2026-06-08 06:45:55[INFO]com.abubakar.connectify.service.impl.RefreshTokenServiceImpl-Refresh token created/updated | userId: 2
2026-06-08 06:45:55[INFO]com.abubakar.connectify.service.impl.AuthServiceImpl-Login successful | userId: 2 | email: asif@gmail.com
2026-06-08 06:45:55[INFO]com.abubakar.connectify.configuration.RequestLoggingFilter-POST /api/v1/auth/login | Status: 200
2026-06-08 06:45:59[INFO]com.abubakar.connectify.service.impl.CustomUserDetailsService-Authentication request received for email: asif@gmail.com
2026-06-08 06:45:59[DEBUG]com.abubakar.connectify.service.impl.CustomUserDetailsService-User loaded successfully with email: asif@gmail.com and role: USER
2026-06-08 06:45:59[INFO]com.abubakar.connectify.security.JwtUtils-Token validation result for user asif@gmail.com : true
2026-06-08 06:45:59[INFO]com.abubakar.connectify.security.JwtFilter-User authenticated successfully: asif@gmail.com
2026-06-08 06:45:59[INFO]com.abubakar.connectify.controller.ReportController-Report message API called | messageId: 5
2026-06-08 06:45:59[INFO]com.abubakar.connectify.service.impl.ReportServiceImpl-Reporting message | messageId: 5
2026-06-08 06:45:59[DEBUG]com.abubakar.connectify.util.UserAccessValidator-Validating user access | userId: 2
2026-06-08 06:45:59[DEBUG]com.abubakar.connectify.util.UserAccessValidator-User validation successful | userId: 2
2026-06-08 06:45:59[DEBUG]com.abubakar.connectify.util.AuthUtil-Authenticated active user fetched successfully | userId: 2
2026-06-08 06:45:59[DEBUG]com.abubakar.connectify.util.MessageAccessValidator-Validating active message access | messageId: 5
2026-06-08 06:45:59[DEBUG]com.abubakar.connectify.util.MessageAccessValidator-Fetching message | messageId: 5
2026-06-08 06:45:59[DEBUG]com.abubakar.connectify.util.ChatAccessValidator-Validating active chat access | chatId: 3
2026-06-08 06:45:59[DEBUG]com.abubakar.connectify.util.ChatAccessValidator-Fetching chat | chatId: 3
2026-06-08 06:45:59[DEBUG]com.abubakar.connectify.util.ChatAccessValidator-Active chat validation successful | chatId: 3
2026-06-08 06:45:59[DEBUG]com.abubakar.connectify.util.MessageAccessValidator-Active message validation successful | messageId: 5
2026-06-08 06:45:59[WARN]com.abubakar.connectify.service.impl.ReportServiceImpl-Self message report blocked | reporterId: 2 | messageId: 5
2026-06-08 06:45:59[ERROR]com.abubakar.connectify.exception.GlobalExceptionHandler-Business exception occurred | errorCode: OPERATION_FAILED | status: 400 BAD_REQUEST | message: You cannot report your own message
com.abubakar.connectify.exception.OperationFailException: You cannot report your own message
	at com.abubakar.connectify.service.impl.ReportServiceImpl.reportMessage(ReportServiceImpl.java:663)
	at java.base/jdk.internal.reflect.DirectMethodHandleAccessor.invoke(DirectMethodHandleAccessor.java:103)
	at java.base/java.lang.reflect.Method.invoke(Method.java:580)
	at org.springframework.aop.support.AopUtils.invokeJoinpointUsingReflection(AopUtils.java:359)
	at org.springframework.aop.framework.ReflectiveMethodInvocation.invokeJoinpoint(ReflectiveMethodInvocation.java:190)
	at org.springframework.aop.framework.ReflectiveMethodInvocation.proceed(ReflectiveMethodInvocation.java:158)
	at org.springframework.transaction.interceptor.TransactionInterceptor$1.proceedWithInvocation(TransactionInterceptor.java:133)
	at org.springframework.transaction.interceptor.TransactionAspectSupport.invokeWithinTransaction(TransactionAspectSupport.java:371)
	at org.springframework.transaction.interceptor.TransactionInterceptor.invoke(TransactionInterceptor.java:130)
	at org.springframework.aop.framework.ReflectiveMethodInvocation.proceed(ReflectiveMethodInvocation.java:179)
	at org.springframework.aop.framework.CglibAopProxy$DynamicAdvisedInterceptor.intercept(CglibAopProxy.java:719)
	at com.abubakar.connectify.service.impl.ReportServiceImpl$$SpringCGLIB$$0.reportMessage(<generated>)
	at com.abubakar.connectify.controller.ReportController.reportMessage(ReportController.java:168)
	at java.base/jdk.internal.reflect.DirectMethodHandleAccessor.invoke(DirectMethodHandleAccessor.java:103)
	at java.base/java.lang.reflect.Method.invoke(Method.java:580)
	at org.springframework.web.method.support.InvocableHandlerMethod.doInvoke(InvocableHandlerMethod.java:252)
	at org.springframework.web.method.support.InvocableHandlerMethod.invokeForRequest(InvocableHandlerMethod.java:184)
	at org.springframework.web.servlet.mvc.method.annotation.ServletInvocableHandlerMethod.invokeAndHandle(ServletInvocableHandlerMethod.java:117)
	at org.springframework.web.servlet.mvc.method.annotation.RequestMappingHandlerAdapter.invokeHandlerMethod(RequestMappingHandlerAdapter.java:934)
	at org.springframework.web.servlet.mvc.method.annotation.RequestMappingHandlerAdapter.handleInternal(RequestMappingHandlerAdapter.java:853)
	at org.springframework.web.servlet.mvc.method.AbstractHandlerMethodAdapter.handle(AbstractHandlerMethodAdapter.java:86)
	at org.springframework.web.servlet.DispatcherServlet.doDispatch(DispatcherServlet.java:963)
	at org.springframework.web.servlet.DispatcherServlet.doService(DispatcherServlet.java:866)
	at org.springframework.web.servlet.FrameworkServlet.processRequest(FrameworkServlet.java:1000)
	at org.springframework.web.servlet.FrameworkServlet.doPost(FrameworkServlet.java:903)
	at jakarta.servlet.http.HttpServlet.service(HttpServlet.java:649)
	at org.springframework.web.servlet.FrameworkServlet.service(FrameworkServlet.java:874)
	at jakarta.servlet.http.HttpServlet.service(HttpServlet.java:710)
	at org.apache.catalina.core.ApplicationFilterChain.doFilter(ApplicationFilterChain.java:128)
	at org.apache.tomcat.websocket.server.WsFilter.doFilter(WsFilter.java:53)
	at org.apache.catalina.core.ApplicationFilterChain.doFilter(ApplicationFilterChain.java:107)
	at org.springframework.web.filter.OncePerRequestFilter.doFilter(OncePerRequestFilter.java:110)
	at org.apache.catalina.core.ApplicationFilterChain.doFilter(ApplicationFilterChain.java:107)
	at org.springframework.web.filter.OncePerRequestFilter.doFilter(OncePerRequestFilter.java:110)
	at org.apache.catalina.core.ApplicationFilterChain.doFilter(ApplicationFilterChain.java:107)
	at com.abubakar.connectify.configuration.RequestLoggingFilter.doFilterInternal(RequestLoggingFilter.java:30)
	at org.springframework.web.filter.OncePerRequestFilter.doFilter(OncePerRequestFilter.java:116)
	at org.apache.catalina.core.ApplicationFilterChain.doFilter(ApplicationFilterChain.java:107)
	at org.springframework.web.filter.CompositeFilter$VirtualFilterChain.doFilter(CompositeFilter.java:108)
	at org.springframework.security.web.FilterChainProxy.lambda$doFilterInternal$3(FilterChainProxy.java:235)
	at org.springframework.security.web.FilterChainProxy$VirtualFilterChain.doFilter(FilterChainProxy.java:376)
	at org.springframework.security.web.access.intercept.AuthorizationFilter.doFilter(AuthorizationFilter.java:101)
	at org.springframework.security.web.FilterChainProxy$VirtualFilterChain.doFilter(FilterChainProxy.java:385)
	at org.springframework.security.web.access.ExceptionTranslationFilter.doFilter(ExceptionTranslationFilter.java:126)
	at org.springframework.security.web.access.ExceptionTranslationFilter.doFilter(ExceptionTranslationFilter.java:120)
	at org.springframework.security.web.FilterChainProxy$VirtualFilterChain.doFilter(FilterChainProxy.java:385)
	at org.springframework.security.web.session.SessionManagementFilter.doFilter(SessionManagementFilter.java:132)
	at org.springframework.security.web.session.SessionManagementFilter.doFilter(SessionManagementFilter.java:86)
	at org.springframework.security.web.FilterChainProxy$VirtualFilterChain.doFilter(FilterChainProxy.java:385)
	at org.springframework.security.web.authentication.AnonymousAuthenticationFilter.doFilter(AnonymousAuthenticationFilter.java:100)
	at org.springframework.security.web.FilterChainProxy$VirtualFilterChain.doFilter(FilterChainProxy.java:385)
	at org.springframework.security.web.servletapi.SecurityContextHolderAwareRequestFilter.doFilter(SecurityContextHolderAwareRequestFilter.java:181)
	at org.springframework.security.web.FilterChainProxy$VirtualFilterChain.doFilter(FilterChainProxy.java:385)
	at org.springframework.security.web.savedrequest.RequestCacheAwareFilter.doFilter(RequestCacheAwareFilter.java:63)
	at org.springframework.security.web.FilterChainProxy$VirtualFilterChain.doFilter(FilterChainProxy.java:385)
	at org.springframework.security.web.authentication.ui.DefaultLogoutPageGeneratingFilter.doFilterInternal(DefaultLogoutPageGeneratingFilter.java:60)
	at org.springframework.web.filter.OncePerRequestFilter.doFilter(OncePerRequestFilter.java:116)
	at org.springframework.security.web.FilterChainProxy$VirtualFilterChain.doFilter(FilterChainProxy.java:385)
	at org.springframework.security.web.authentication.ui.DefaultLoginPageGeneratingFilter.doFilter(DefaultLoginPageGeneratingFilter.java:246)
	at org.springframework.security.web.authentication.ui.DefaultLoginPageGeneratingFilter.doFilter(DefaultLoginPageGeneratingFilter.java:232)
	at org.springframework.security.web.FilterChainProxy$VirtualFilterChain.doFilter(FilterChainProxy.java:385)
	at org.springframework.security.web.authentication.ui.DefaultResourcesFilter.doFilter(DefaultResourcesFilter.java:73)
	at org.springframework.security.web.FilterChainProxy$VirtualFilterChain.doFilter(FilterChainProxy.java:385)
	at com.abubakar.connectify.security.JwtFilter.doFilterInternal(JwtFilter.java:141)
	at org.springframework.web.filter.OncePerRequestFilter.doFilter(OncePerRequestFilter.java:116)
	at org.springframework.security.web.FilterChainProxy$VirtualFilterChain.doFilter(FilterChainProxy.java:385)
	at org.springframework.security.web.authentication.AbstractAuthenticationProcessingFilter.doFilter(AbstractAuthenticationProcessingFilter.java:245)
	at org.springframework.security.web.authentication.AbstractAuthenticationProcessingFilter.doFilter(AbstractAuthenticationProcessingFilter.java:239)
	at org.springframework.security.web.FilterChainProxy$VirtualFilterChain.doFilter(FilterChainProxy.java:385)
	at org.springframework.security.oauth2.client.web.OAuth2AuthorizationRequestRedirectFilter.doFilterInternal(OAuth2AuthorizationRequestRedirectFilter.java:195)
	at org.springframework.web.filter.OncePerRequestFilter.doFilter(OncePerRequestFilter.java:116)
	at org.springframework.security.web.FilterChainProxy$VirtualFilterChain.doFilter(FilterChainProxy.java:385)
	at org.springframework.security.web.authentication.logout.LogoutFilter.doFilter(LogoutFilter.java:110)
	at org.springframework.security.web.authentication.logout.LogoutFilter.doFilter(LogoutFilter.java:96)
	at org.springframework.security.web.FilterChainProxy$VirtualFilterChain.doFilter(FilterChainProxy.java:385)
	at org.springframework.web.filter.CorsFilter.doFilterInternal(CorsFilter.java:91)
	at org.springframework.web.filter.OncePerRequestFilter.doFilter(OncePerRequestFilter.java:116)
	at org.springframework.security.web.FilterChainProxy$VirtualFilterChain.doFilter(FilterChainProxy.java:385)
	at org.springframework.security.web.header.HeaderWriterFilter.doHeadersAfter(HeaderWriterFilter.java:90)
	at org.springframework.security.web.header.HeaderWriterFilter.doFilterInternal(HeaderWriterFilter.java:75)
	at org.springframework.web.filter.OncePerRequestFilter.doFilter(OncePerRequestFilter.java:116)
	at org.springframework.security.web.FilterChainProxy$VirtualFilterChain.doFilter(FilterChainProxy.java:385)
	at org.springframework.security.web.context.SecurityContextHolderFilter.doFilter(SecurityContextHolderFilter.java:82)
	at org.springframework.security.web.context.SecurityContextHolderFilter.doFilter(SecurityContextHolderFilter.java:69)
	at org.springframework.security.web.FilterChainProxy$VirtualFilterChain.doFilter(FilterChainProxy.java:385)
	at org.springframework.security.web.context.request.async.WebAsyncManagerIntegrationFilter.doFilterInternal(WebAsyncManagerIntegrationFilter.java:62)
	at org.springframework.web.filter.OncePerRequestFilter.doFilter(OncePerRequestFilter.java:116)
	at org.springframework.security.web.FilterChainProxy$VirtualFilterChain.doFilter(FilterChainProxy.java:385)
	at org.springframework.security.web.session.DisableEncodeUrlFilter.doFilterInternal(DisableEncodeUrlFilter.java:42)
	at org.springframework.web.filter.OncePerRequestFilter.doFilter(OncePerRequestFilter.java:116)
	at org.springframework.security.web.FilterChainProxy$VirtualFilterChain.doFilter(FilterChainProxy.java:385)
	at org.springframework.security.web.FilterChainProxy.doFilterInternal(FilterChainProxy.java:237)
	at org.springframework.security.web.FilterChainProxy.doFilter(FilterChainProxy.java:195)
	at org.springframework.web.filter.CompositeFilter$VirtualFilterChain.doFilter(CompositeFilter.java:113)
	at org.springframework.web.filter.ServletRequestPathFilter.doFilter(ServletRequestPathFilter.java:52)
	at org.springframework.web.filter.CompositeFilter$VirtualFilterChain.doFilter(CompositeFilter.java:113)
	at org.springframework.web.filter.CompositeFilter.doFilter(CompositeFilter.java:74)
	at org.springframework.security.config.annotation.web.configuration.WebSecurityConfiguration$CompositeFilterChainProxy.doFilter(WebSecurityConfiguration.java:317)
	at org.springframework.web.filter.DelegatingFilterProxy.invokeDelegate(DelegatingFilterProxy.java:355)
	at org.springframework.web.filter.DelegatingFilterProxy.doFilter(DelegatingFilterProxy.java:272)
	at org.apache.catalina.core.ApplicationFilterChain.doFilter(ApplicationFilterChain.java:107)
	at org.springframework.web.filter.RequestContextFilter.doFilterInternal(RequestContextFilter.java:100)
	at org.springframework.web.filter.OncePerRequestFilter.doFilter(OncePerRequestFilter.java:116)
	at org.apache.catalina.core.ApplicationFilterChain.doFilter(ApplicationFilterChain.java:107)
	at org.springframework.web.filter.FormContentFilter.doFilterInternal(FormContentFilter.java:93)
	at org.springframework.web.filter.OncePerRequestFilter.doFilter(OncePerRequestFilter.java:116)
	at org.apache.catalina.core.ApplicationFilterChain.doFilter(ApplicationFilterChain.java:107)
	at org.springframework.web.filter.CharacterEncodingFilter.doFilterInternal(CharacterEncodingFilter.java:199)
	at org.springframework.web.filter.OncePerRequestFilter.doFilter(OncePerRequestFilter.java:116)
	at org.apache.catalina.core.ApplicationFilterChain.doFilter(ApplicationFilterChain.java:107)
	at org.apache.catalina.core.StandardWrapperValve.invoke(StandardWrapperValve.java:165)
	at org.apache.catalina.core.StandardContextValve.invoke(StandardContextValve.java:77)
	at org.apache.catalina.authenticator.AuthenticatorBase.invoke(AuthenticatorBase.java:492)
	at org.apache.catalina.core.StandardHostValve.invoke(StandardHostValve.java:113)
	at org.apache.catalina.valves.ErrorReportValve.invoke(ErrorReportValve.java:83)
	at org.apache.catalina.core.StandardEngineValve.invoke(StandardEngineValve.java:72)
	at org.apache.catalina.connector.CoyoteAdapter.service(CoyoteAdapter.java:341)
	at org.apache.coyote.http11.Http11Processor.service(Http11Processor.java:397)
	at org.apache.coyote.AbstractProcessorLight.process(AbstractProcessorLight.java:63)
	at org.apache.coyote.AbstractProtocol$ConnectionHandler.process(AbstractProtocol.java:903)
	at org.apache.tomcat.util.net.NioEndpoint$SocketProcessor.doRun(NioEndpoint.java:1801)
	at org.apache.tomcat.util.net.SocketProcessorBase.run(SocketProcessorBase.java:52)
	at org.apache.tomcat.util.threads.ThreadPoolExecutor.runWorker(ThreadPoolExecutor.java:946)
	at org.apache.tomcat.util.threads.ThreadPoolExecutor$Worker.run(ThreadPoolExecutor.java:480)
	at org.apache.tomcat.util.threads.TaskThread$WrappingRunnable.run(TaskThread.java:57)
	at java.base/java.lang.Thread.run(Thread.java:1583)
2026-06-08 06:45:59[INFO]com.abubakar.connectify.configuration.RequestLoggingFilter-POST /api/v1/reports/message/5 | Status: 400
2026-06-08 06:46:08[INFO]com.abubakar.connectify.service.impl.CustomUserDetailsService-Authentication request received for email: asif@gmail.com
2026-06-08 06:46:08[DEBUG]com.abubakar.connectify.service.impl.CustomUserDetailsService-User loaded successfully with email: asif@gmail.com and role: USER
2026-06-08 06:46:08[INFO]com.abubakar.connectify.security.JwtUtils-Token validation result for user asif@gmail.com : true
2026-06-08 06:46:08[INFO]com.abubakar.connectify.security.JwtFilter-User authenticated successfully: asif@gmail.com
2026-06-08 06:46:08[INFO]com.abubakar.connectify.controller.ChatController-Get messages API request received | chatId: 3 | cursor: null | size: 20
2026-06-08 06:46:08[INFO]com.abubakar.connectify.service.impl.ChatServiceImpl-Fetching messages | chatId: 3
2026-06-08 06:46:08[DEBUG]com.abubakar.connectify.util.UserAccessValidator-Validating user access | userId: 2
2026-06-08 06:46:08[DEBUG]com.abubakar.connectify.util.UserAccessValidator-User validation successful | userId: 2
2026-06-08 06:46:08[DEBUG]com.abubakar.connectify.util.AuthUtil-Authenticated active user fetched successfully | userId: 2
2026-06-08 06:46:08[INFO]com.abubakar.connectify.service.impl.ChatServiceImpl-Fetching chat messages | chatId: 3 | userId: 2 | cursor: null | size: 20
2026-06-08 06:46:08[DEBUG]com.abubakar.connectify.util.ChatAccessValidator-Validating active chat access | chatId: 3
2026-06-08 06:46:08[DEBUG]com.abubakar.connectify.util.ChatAccessValidator-Fetching chat | chatId: 3
2026-06-08 06:46:08[DEBUG]com.abubakar.connectify.util.ChatAccessValidator-Active chat validation successful | chatId: 3
2026-06-08 06:46:08[DEBUG]com.abubakar.connectify.service.impl.ChatServiceImpl-Messages fetched successfully | chatId: 3 | fetchedCount: 2
2026-06-08 06:46:08[INFO]com.abubakar.connectify.configuration.RequestLoggingFilter-GET /api/v1/chats/3/messages | Status: 200
2026-06-08 06:47:18[INFO]com.abubakar.connectify.controller.AuthController-Login Api initiated for: ahmad@gmail.com
2026-06-08 06:47:18[DEBUG]com.abubakar.connectify.service.impl.AuthServiceImpl-Starting login | email: ahmad@gmail.com
2026-06-08 06:47:18[INFO]com.abubakar.connectify.service.impl.CustomUserDetailsService-Authentication request received for email: ahmad@gmail.com
2026-06-08 06:47:18[DEBUG]com.abubakar.connectify.service.impl.CustomUserDetailsService-User loaded successfully with email: ahmad@gmail.com and role: USER
2026-06-08 06:47:18[INFO]com.abubakar.connectify.security.JwtUtils-Generating token for user: ahmad@gmail.com
2026-06-08 06:47:18[INFO]com.abubakar.connectify.service.impl.RefreshTokenServiceImpl-Refresh token created/updated | userId: 6
2026-06-08 06:47:18[INFO]com.abubakar.connectify.service.impl.AuthServiceImpl-Login successful | userId: 6 | email: ahmad@gmail.com
2026-06-08 06:47:18[INFO]com.abubakar.connectify.configuration.RequestLoggingFilter-POST /api/v1/auth/login | Status: 200
2026-06-08 06:47:23[INFO]com.abubakar.connectify.service.impl.CustomUserDetailsService-Authentication request received for email: ahmad@gmail.com
2026-06-08 06:47:23[DEBUG]com.abubakar.connectify.service.impl.CustomUserDetailsService-User loaded successfully with email: ahmad@gmail.com and role: USER
2026-06-08 06:47:23[INFO]com.abubakar.connectify.security.JwtUtils-Token validation result for user ahmad@gmail.com : true
2026-06-08 06:47:23[INFO]com.abubakar.connectify.security.JwtFilter-User authenticated successfully: ahmad@gmail.com
2026-06-08 06:47:23[INFO]com.abubakar.connectify.controller.ReportController-Report message API called | messageId: 5
2026-06-08 06:47:23[INFO]com.abubakar.connectify.service.impl.ReportServiceImpl-Reporting message | messageId: 5
2026-06-08 06:47:23[DEBUG]com.abubakar.connectify.util.UserAccessValidator-Validating user access | userId: 6
2026-06-08 06:47:23[DEBUG]com.abubakar.connectify.util.UserAccessValidator-User validation successful | userId: 6
2026-06-08 06:47:23[DEBUG]com.abubakar.connectify.util.AuthUtil-Authenticated active user fetched successfully | userId: 6
2026-06-08 06:47:23[DEBUG]com.abubakar.connectify.util.MessageAccessValidator-Validating active message access | messageId: 5
2026-06-08 06:47:23[DEBUG]com.abubakar.connectify.util.MessageAccessValidator-Fetching message | messageId: 5
2026-06-08 06:47:23[DEBUG]com.abubakar.connectify.util.ChatAccessValidator-Validating active chat access | chatId: 3
2026-06-08 06:47:23[DEBUG]com.abubakar.connectify.util.ChatAccessValidator-Fetching chat | chatId: 3
2026-06-08 06:47:23[DEBUG]com.abubakar.connectify.util.ChatAccessValidator-Active chat validation successful | chatId: 3
2026-06-08 06:47:23[DEBUG]com.abubakar.connectify.util.MessageAccessValidator-Active message validation successful | messageId: 5
2026-06-08 06:47:23[INFO]com.abubakar.connectify.service.impl.NotificationServiceImpl-Creating notification | receiverId: 2 | senderId: 6
2026-06-08 06:47:23[DEBUG]com.abubakar.connectify.util.UserAccessValidator-Validating user access | userId: 2
2026-06-08 06:47:23[DEBUG]com.abubakar.connectify.util.UserAccessValidator-User validation successful | userId: 2
2026-06-08 06:47:23[DEBUG]com.abubakar.connectify.util.UserAccessValidator-Validating user access | userId: 6
2026-06-08 06:47:23[DEBUG]com.abubakar.connectify.util.UserAccessValidator-User validation successful | userId: 6
2026-06-08 06:47:23[INFO]com.abubakar.connectify.service.impl.NotificationServiceImpl-Notification created successfully
| receiverId: 2
| senderId: 6
| type: MESSAGE_REPORTED

2026-06-08 06:47:23[INFO]com.abubakar.connectify.service.impl.NotificationServiceImpl-Creating notification | receiverId: 1 | senderId: 6
2026-06-08 06:47:23[DEBUG]com.abubakar.connectify.util.UserAccessValidator-Validating user access | userId: 1
2026-06-08 06:47:23[DEBUG]com.abubakar.connectify.util.UserAccessValidator-User validation successful | userId: 1
2026-06-08 06:47:23[DEBUG]com.abubakar.connectify.util.UserAccessValidator-Validating user access | userId: 6
2026-06-08 06:47:23[DEBUG]com.abubakar.connectify.util.UserAccessValidator-User validation successful | userId: 6
2026-06-08 06:47:23[INFO]com.abubakar.connectify.service.impl.NotificationServiceImpl-Notification created successfully
| receiverId: 1
| senderId: 6
| type: MESSAGE_REPORTED

2026-06-08 06:47:23[INFO]com.abubakar.connectify.service.impl.ReportServiceImpl-Message reported successfully | messageId: 5 | reporterId: 6
2026-06-08 06:47:23[INFO]com.abubakar.connectify.configuration.RequestLoggingFilter-POST /api/v1/reports/message/5 | Status: 201
2026-06-08 06:47:46[INFO]com.abubakar.connectify.controller.AuthController-Login Api initiated for: admin@gmail.com
2026-06-08 06:47:46[DEBUG]com.abubakar.connectify.service.impl.AuthServiceImpl-Starting login | email: admin@gmail.com
2026-06-08 06:47:46[INFO]com.abubakar.connectify.service.impl.CustomUserDetailsService-Authentication request received for email: admin@gmail.com
2026-06-08 06:47:46[DEBUG]com.abubakar.connectify.service.impl.CustomUserDetailsService-User loaded successfully with email: admin@gmail.com and role: ADMIN
2026-06-08 06:47:46[INFO]com.abubakar.connectify.security.JwtUtils-Generating token for user: admin@gmail.com
2026-06-08 06:47:47[INFO]com.abubakar.connectify.service.impl.RefreshTokenServiceImpl-Refresh token created/updated | userId: 1
2026-06-08 06:47:47[INFO]com.abubakar.connectify.service.impl.AuthServiceImpl-Login successful | userId: 1 | email: admin@gmail.com
2026-06-08 06:47:47[INFO]com.abubakar.connectify.configuration.RequestLoggingFilter-POST /api/v1/auth/login | Status: 200
2026-06-08 06:47:58[INFO]com.abubakar.connectify.service.impl.CustomUserDetailsService-Authentication request received for email: admin@gmail.com
2026-06-08 06:47:58[DEBUG]com.abubakar.connectify.service.impl.CustomUserDetailsService-User loaded successfully with email: admin@gmail.com and role: ADMIN
2026-06-08 06:47:58[INFO]com.abubakar.connectify.security.JwtUtils-Token validation result for user admin@gmail.com : true
2026-06-08 06:47:58[INFO]com.abubakar.connectify.security.JwtFilter-User authenticated successfully: admin@gmail.com
2026-06-08 06:47:58[INFO]com.abubakar.connectify.controller.AdminReportController-API request received | resolve report | reportId: 6
2026-06-08 06:47:58[DEBUG]com.abubakar.connectify.util.UserAccessValidator-Validating user access | userId: 1
2026-06-08 06:47:58[DEBUG]com.abubakar.connectify.util.UserAccessValidator-User validation successful | userId: 1
2026-06-08 06:47:58[DEBUG]com.abubakar.connectify.util.AuthUtil-Authenticated active user fetched successfully | userId: 1
2026-06-08 06:47:58[INFO]com.abubakar.connectify.service.impl.AdminReportServiceImpl-Resolve report request | reportId: 6
2026-06-08 06:47:58[DEBUG]com.abubakar.connectify.util.ReportAccessValidator-Fetching report | reportId: 6
2026-06-08 06:47:58[INFO]com.abubakar.connectify.service.impl.NotificationServiceImpl-Creating notification | receiverId: 6 | senderId: 1
2026-06-08 06:47:58[DEBUG]com.abubakar.connectify.util.UserAccessValidator-Validating user access | userId: 6
2026-06-08 06:47:58[DEBUG]com.abubakar.connectify.util.UserAccessValidator-User validation successful | userId: 6
2026-06-08 06:47:58[DEBUG]com.abubakar.connectify.util.UserAccessValidator-Validating user access | userId: 1
2026-06-08 06:47:58[DEBUG]com.abubakar.connectify.util.UserAccessValidator-User validation successful | userId: 1
2026-06-08 06:47:58[INFO]com.abubakar.connectify.service.impl.NotificationServiceImpl-Notification created successfully
| receiverId: 6
| senderId: 1
| type: REPORT_RESOLVED

2026-06-08 06:47:58[INFO]com.abubakar.connectify.service.impl.AdminReportServiceImpl-Report resolved successfully
| reportId: 6
| adminId: 1

2026-06-08 06:47:58[INFO]com.abubakar.connectify.configuration.RequestLoggingFilter-PUT /api/v1/admin/reports/6/resolve | Status: 200
2026-06-08 06:48:19[INFO]com.abubakar.connectify.controller.AuthController-Login Api initiated for: asif@gmail.com
2026-06-08 06:48:19[DEBUG]com.abubakar.connectify.service.impl.AuthServiceImpl-Starting login | email: asif@gmail.com
2026-06-08 06:48:19[INFO]com.abubakar.connectify.service.impl.CustomUserDetailsService-Authentication request received for email: asif@gmail.com
2026-06-08 06:48:19[DEBUG]com.abubakar.connectify.service.impl.CustomUserDetailsService-User loaded successfully with email: asif@gmail.com and role: USER
2026-06-08 06:48:19[INFO]com.abubakar.connectify.security.JwtUtils-Generating token for user: asif@gmail.com
2026-06-08 06:48:19[INFO]com.abubakar.connectify.service.impl.RefreshTokenServiceImpl-Refresh token created/updated | userId: 2
2026-06-08 06:48:19[INFO]com.abubakar.connectify.service.impl.AuthServiceImpl-Login successful | userId: 2 | email: asif@gmail.com
2026-06-08 06:48:19[INFO]com.abubakar.connectify.configuration.RequestLoggingFilter-POST /api/v1/auth/login | Status: 200
2026-06-08 06:48:25[INFO]com.abubakar.connectify.service.impl.CustomUserDetailsService-Authentication request received for email: asif@gmail.com
2026-06-08 06:48:25[DEBUG]com.abubakar.connectify.service.impl.CustomUserDetailsService-User loaded successfully with email: asif@gmail.com and role: USER
2026-06-08 06:48:25[INFO]com.abubakar.connectify.security.JwtUtils-Token validation result for user asif@gmail.com : true
2026-06-08 06:48:25[INFO]com.abubakar.connectify.security.JwtFilter-User authenticated successfully: asif@gmail.com
2026-06-08 06:48:25[INFO]com.abubakar.connectify.controller.ChatController-Get messages API request received | chatId: 3 | cursor: null | size: 20
2026-06-08 06:48:25[INFO]com.abubakar.connectify.service.impl.ChatServiceImpl-Fetching messages | chatId: 3
2026-06-08 06:48:25[DEBUG]com.abubakar.connectify.util.UserAccessValidator-Validating user access | userId: 2
2026-06-08 06:48:25[DEBUG]com.abubakar.connectify.util.UserAccessValidator-User validation successful | userId: 2
2026-06-08 06:48:25[DEBUG]com.abubakar.connectify.util.AuthUtil-Authenticated active user fetched successfully | userId: 2
2026-06-08 06:48:25[INFO]com.abubakar.connectify.service.impl.ChatServiceImpl-Fetching chat messages | chatId: 3 | userId: 2 | cursor: null | size: 20
2026-06-08 06:48:25[DEBUG]com.abubakar.connectify.util.ChatAccessValidator-Validating active chat access | chatId: 3
2026-06-08 06:48:25[DEBUG]com.abubakar.connectify.util.ChatAccessValidator-Fetching chat | chatId: 3
2026-06-08 06:48:25[DEBUG]com.abubakar.connectify.util.ChatAccessValidator-Active chat validation successful | chatId: 3
2026-06-08 06:48:25[DEBUG]com.abubakar.connectify.service.impl.ChatServiceImpl-Messages fetched successfully | chatId: 3 | fetchedCount: 2
2026-06-08 06:48:25[INFO]com.abubakar.connectify.configuration.RequestLoggingFilter-GET /api/v1/chats/3/messages | Status: 200
2026-06-08 06:48:36[INFO]com.abubakar.connectify.service.impl.CustomUserDetailsService-Authentication request received for email: asif@gmail.com
2026-06-08 06:48:36[DEBUG]com.abubakar.connectify.service.impl.CustomUserDetailsService-User loaded successfully with email: asif@gmail.com and role: USER
2026-06-08 06:48:36[INFO]com.abubakar.connectify.security.JwtUtils-Token validation result for user asif@gmail.com : true
2026-06-08 06:48:36[INFO]com.abubakar.connectify.security.JwtFilter-User authenticated successfully: asif@gmail.com
2026-06-08 06:48:36[INFO]com.abubakar.connectify.controller.ChatController-Restore message request API received | messageId: 5
2026-06-08 06:48:36[INFO]com.abubakar.connectify.service.impl.ChatServiceImpl-Requesting message restore | messageId: 5
2026-06-08 06:48:36[DEBUG]com.abubakar.connectify.util.UserAccessValidator-Validating user access | userId: 2
2026-06-08 06:48:36[DEBUG]com.abubakar.connectify.util.UserAccessValidator-User validation successful | userId: 2
2026-06-08 06:48:36[DEBUG]com.abubakar.connectify.util.AuthUtil-Authenticated active user fetched successfully | userId: 2
2026-06-08 06:48:36[INFO]com.abubakar.connectify.service.impl.ChatServiceImpl-Message restore request received | messageId: 5 | userId: 2
2026-06-08 06:48:36[DEBUG]com.abubakar.connectify.util.MessageAccessValidator-Fetching message | messageId: 5
2026-06-08 06:48:36[INFO]com.abubakar.connectify.service.impl.NotificationServiceImpl-Creating notification | receiverId: 1 | senderId: 2
2026-06-08 06:48:36[DEBUG]com.abubakar.connectify.util.UserAccessValidator-Validating user access | userId: 1
2026-06-08 06:48:36[DEBUG]com.abubakar.connectify.util.UserAccessValidator-User validation successful | userId: 1
2026-06-08 06:48:36[DEBUG]com.abubakar.connectify.util.UserAccessValidator-Validating user access | userId: 2
2026-06-08 06:48:36[DEBUG]com.abubakar.connectify.util.UserAccessValidator-User validation successful | userId: 2
2026-06-08 06:48:36[INFO]com.abubakar.connectify.service.impl.NotificationServiceImpl-Notification created successfully
| receiverId: 1
| senderId: 2
| type: RESTORE_REQUEST

2026-06-08 06:48:36[INFO]com.abubakar.connectify.service.impl.ChatServiceImpl-Message restore request submitted successfully | messageId: 5 | userId: 2
2026-06-08 06:48:36[INFO]com.abubakar.connectify.configuration.RequestLoggingFilter-POST /api/v1/chats/messages/5/restore-request | Status: 200
2026-06-08 06:48:47[INFO]com.abubakar.connectify.controller.AuthController-Login Api initiated for: admin@gmail.com
2026-06-08 06:48:47[DEBUG]com.abubakar.connectify.service.impl.AuthServiceImpl-Starting login | email: admin@gmail.com
2026-06-08 06:48:47[INFO]com.abubakar.connectify.service.impl.CustomUserDetailsService-Authentication request received for email: admin@gmail.com
2026-06-08 06:48:47[DEBUG]com.abubakar.connectify.service.impl.CustomUserDetailsService-User loaded successfully with email: admin@gmail.com and role: ADMIN
2026-06-08 06:48:47[INFO]com.abubakar.connectify.security.JwtUtils-Generating token for user: admin@gmail.com
2026-06-08 06:48:47[INFO]com.abubakar.connectify.service.impl.RefreshTokenServiceImpl-Refresh token created/updated | userId: 1
2026-06-08 06:48:47[INFO]com.abubakar.connectify.service.impl.AuthServiceImpl-Login successful | userId: 1 | email: admin@gmail.com
2026-06-08 06:48:47[INFO]com.abubakar.connectify.configuration.RequestLoggingFilter-POST /api/v1/auth/login | Status: 200
2026-06-08 06:49:07[INFO]com.abubakar.connectify.service.impl.CustomUserDetailsService-Authentication request received for email: admin@gmail.com
2026-06-08 06:49:07[DEBUG]com.abubakar.connectify.service.impl.CustomUserDetailsService-User loaded successfully with email: admin@gmail.com and role: ADMIN
2026-06-08 06:49:07[INFO]com.abubakar.connectify.security.JwtUtils-Token validation result for user admin@gmail.com : true
2026-06-08 06:49:07[INFO]com.abubakar.connectify.security.JwtFilter-User authenticated successfully: admin@gmail.com
2026-06-08 06:49:07[INFO]com.abubakar.connectify.controller.AdminChatController-Admin approve message restore API called | messageId: 5
2026-06-08 06:49:07[DEBUG]com.abubakar.connectify.util.UserAccessValidator-Validating user access | userId: 1
2026-06-08 06:49:07[DEBUG]com.abubakar.connectify.util.UserAccessValidator-User validation successful | userId: 1
2026-06-08 06:49:07[DEBUG]com.abubakar.connectify.util.AuthUtil-Authenticated active user fetched successfully | userId: 1
2026-06-08 06:49:07[DEBUG]com.abubakar.connectify.util.MessageAccessValidator-Fetching message | messageId: 5
2026-06-08 06:49:07[INFO]com.abubakar.connectify.service.impl.NotificationServiceImpl-Creating system notification | receiverId: 2 | senderId: 1
2026-06-08 06:49:07[DEBUG]com.abubakar.connectify.util.UserAccessValidator-Validating user access | userId: 2
2026-06-08 06:49:07[DEBUG]com.abubakar.connectify.util.UserAccessValidator-User validation successful | userId: 2
2026-06-08 06:49:07[DEBUG]com.abubakar.connectify.util.UserAccessValidator-Validating user access | userId: 1
2026-06-08 06:49:07[DEBUG]com.abubakar.connectify.util.UserAccessValidator-User validation successful | userId: 1
2026-06-08 06:49:07[INFO]com.abubakar.connectify.service.impl.NotificationServiceImpl-System notification created successfully | receiverId: 2
2026-06-08 06:49:07[INFO]com.abubakar.connectify.service.impl.AdminChatServiceImpl-Your Restore message is approved by admin with MessageId: 5
2026-06-08 06:49:07[INFO]com.abubakar.connectify.configuration.RequestLoggingFilter-PATCH /api/v1/admin/chats/messages/5/restore/approve | Status: 200
2026-06-08 06:49:19[INFO]com.abubakar.connectify.controller.AuthController-Login Api initiated for: asif@gmail.com
2026-06-08 06:49:19[DEBUG]com.abubakar.connectify.service.impl.AuthServiceImpl-Starting login | email: asif@gmail.com
2026-06-08 06:49:19[INFO]com.abubakar.connectify.service.impl.CustomUserDetailsService-Authentication request received for email: asif@gmail.com
2026-06-08 06:49:19[DEBUG]com.abubakar.connectify.service.impl.CustomUserDetailsService-User loaded successfully with email: asif@gmail.com and role: USER
2026-06-08 06:49:19[INFO]com.abubakar.connectify.security.JwtUtils-Generating token for user: asif@gmail.com
2026-06-08 06:49:19[INFO]com.abubakar.connectify.service.impl.RefreshTokenServiceImpl-Refresh token created/updated | userId: 2
2026-06-08 06:49:19[INFO]com.abubakar.connectify.service.impl.AuthServiceImpl-Login successful | userId: 2 | email: asif@gmail.com
2026-06-08 06:49:19[INFO]com.abubakar.connectify.configuration.RequestLoggingFilter-POST /api/v1/auth/login | Status: 200
2026-06-08 06:49:26[INFO]com.abubakar.connectify.service.impl.CustomUserDetailsService-Authentication request received for email: asif@gmail.com
2026-06-08 06:49:26[DEBUG]com.abubakar.connectify.service.impl.CustomUserDetailsService-User loaded successfully with email: asif@gmail.com and role: USER
2026-06-08 06:49:26[INFO]com.abubakar.connectify.security.JwtUtils-Token validation result for user asif@gmail.com : true
2026-06-08 06:49:26[INFO]com.abubakar.connectify.security.JwtFilter-User authenticated successfully: asif@gmail.com
2026-06-08 06:49:26[INFO]com.abubakar.connectify.controller.ChatController-Get messages API request received | chatId: 3 | cursor: null | size: 20
2026-06-08 06:49:26[INFO]com.abubakar.connectify.service.impl.ChatServiceImpl-Fetching messages | chatId: 3
2026-06-08 06:49:26[DEBUG]com.abubakar.connectify.util.UserAccessValidator-Validating user access | userId: 2
2026-06-08 06:49:26[DEBUG]com.abubakar.connectify.util.UserAccessValidator-User validation successful | userId: 2
2026-06-08 06:49:26[DEBUG]com.abubakar.connectify.util.AuthUtil-Authenticated active user fetched successfully | userId: 2
2026-06-08 06:49:26[INFO]com.abubakar.connectify.service.impl.ChatServiceImpl-Fetching chat messages | chatId: 3 | userId: 2 | cursor: null | size: 20
2026-06-08 06:49:26[DEBUG]com.abubakar.connectify.util.ChatAccessValidator-Validating active chat access | chatId: 3
2026-06-08 06:49:26[DEBUG]com.abubakar.connectify.util.ChatAccessValidator-Fetching chat | chatId: 3
2026-06-08 06:49:26[DEBUG]com.abubakar.connectify.util.ChatAccessValidator-Active chat validation successful | chatId: 3
2026-06-08 06:49:26[DEBUG]com.abubakar.connectify.service.impl.ChatServiceImpl-Messages fetched successfully | chatId: 3 | fetchedCount: 2
2026-06-08 06:49:26[INFO]com.abubakar.connectify.configuration.RequestLoggingFilter-GET /api/v1/chats/3/messages | Status: 200
2026-06-08 06:49:37[INFO]com.abubakar.connectify.service.impl.CustomUserDetailsService-Authentication request received for email: asif@gmail.com
2026-06-08 06:49:37[DEBUG]com.abubakar.connectify.service.impl.CustomUserDetailsService-User loaded successfully with email: asif@gmail.com and role: USER
2026-06-08 06:49:37[INFO]com.abubakar.connectify.security.JwtUtils-Token validation result for user asif@gmail.com : true
2026-06-08 06:49:37[INFO]com.abubakar.connectify.security.JwtFilter-User authenticated successfully: asif@gmail.com
2026-06-08 06:49:37[INFO]com.abubakar.connectify.controller.ChatController-Get chats API request received | cursor: null | size: 20
2026-06-08 06:49:37[INFO]com.abubakar.connectify.service.impl.ChatServiceImpl-Fetching user chats
2026-06-08 06:49:37[DEBUG]com.abubakar.connectify.util.UserAccessValidator-Validating user access | userId: 2
2026-06-08 06:49:37[DEBUG]com.abubakar.connectify.util.UserAccessValidator-User validation successful | userId: 2
2026-06-08 06:49:37[DEBUG]com.abubakar.connectify.util.AuthUtil-Authenticated active user fetched successfully | userId: 2
2026-06-08 06:49:37[INFO]com.abubakar.connectify.service.impl.ChatServiceImpl-Fetching chats for user | userId: 2 | cursor: null | size: 20
2026-06-08 06:49:37[DEBUG]com.abubakar.connectify.service.impl.ChatServiceImpl-Chats fetched successfully | userId: 2 | totalChats: 2
2026-06-08 06:49:37[INFO]com.abubakar.connectify.service.impl.ChatServiceImpl-Participants loaded: 2
2026-06-08 06:49:37[INFO]com.abubakar.connectify.service.impl.ChatServiceImpl-Participants loaded: 2
2026-06-08 06:49:37[INFO]com.abubakar.connectify.configuration.RequestLoggingFilter-GET /api/v1/chats | Status: 200
2026-06-08 06:50:05[INFO]com.abubakar.connectify.scheduler.StoryCleanupScheduler-Running story cleanup job
2026-06-08 06:50:05[INFO]com.abubakar.connectify.scheduler.StoryCleanupScheduler-Expired stories found: 0
2026-06-08 06:50:05[INFO]com.abubakar.connectify.scheduler.StoryCleanupScheduler-Story cleanup completed
2026-06-08 06:50:07[INFO]com.abubakar.connectify.service.impl.CustomUserDetailsService-Authentication request received for email: asif@gmail.com
2026-06-08 06:50:07[DEBUG]com.abubakar.connectify.service.impl.CustomUserDetailsService-User loaded successfully with email: asif@gmail.com and role: USER
2026-06-08 06:50:07[INFO]com.abubakar.connectify.security.JwtUtils-Token validation result for user asif@gmail.com : true
2026-06-08 06:50:07[INFO]com.abubakar.connectify.security.JwtFilter-User authenticated successfully: asif@gmail.com
2026-06-08 06:50:07[INFO]com.abubakar.connectify.controller.ReportController-Report chat API called | chatId: 2
2026-06-08 06:50:07[DEBUG]com.abubakar.connectify.util.UserAccessValidator-Validating user access | userId: 2
2026-06-08 06:50:07[DEBUG]com.abubakar.connectify.util.UserAccessValidator-User validation successful | userId: 2
2026-06-08 06:50:07[DEBUG]com.abubakar.connectify.util.AuthUtil-Authenticated active user fetched successfully | userId: 2
2026-06-08 06:50:07[INFO]com.abubakar.connectify.service.impl.ReportServiceImpl-Reporting chat | chatId: 2 | reporterId: 2
2026-06-08 06:50:07[DEBUG]com.abubakar.connectify.util.ChatAccessValidator-Validating active chat access | chatId: 2
2026-06-08 06:50:07[DEBUG]com.abubakar.connectify.util.ChatAccessValidator-Fetching chat | chatId: 2
2026-06-08 06:50:07[DEBUG]com.abubakar.connectify.util.ChatAccessValidator-Active chat validation successful | chatId: 2
2026-06-08 06:50:07[WARN]com.abubakar.connectify.service.impl.ReportServiceImpl-Unauthorized chat report blocked | reporterId: 2 | chatId: 2
2026-06-08 06:50:07[ERROR]com.abubakar.connectify.exception.GlobalExceptionHandler-Business exception occurred | errorCode: OPERATION_FAILED | status: 400 BAD_REQUEST | message: You are not part of this chat
com.abubakar.connectify.exception.OperationFailException: You are not part of this chat
	at com.abubakar.connectify.service.impl.ReportServiceImpl.reportChat(ReportServiceImpl.java:536)
	at java.base/jdk.internal.reflect.DirectMethodHandleAccessor.invoke(DirectMethodHandleAccessor.java:103)
	at java.base/java.lang.reflect.Method.invoke(Method.java:580)
	at org.springframework.aop.support.AopUtils.invokeJoinpointUsingReflection(AopUtils.java:359)
	at org.springframework.aop.framework.ReflectiveMethodInvocation.invokeJoinpoint(ReflectiveMethodInvocation.java:190)
	at org.springframework.aop.framework.ReflectiveMethodInvocation.proceed(ReflectiveMethodInvocation.java:158)
	at org.springframework.transaction.interceptor.TransactionInterceptor$1.proceedWithInvocation(TransactionInterceptor.java:133)
	at org.springframework.transaction.interceptor.TransactionAspectSupport.invokeWithinTransaction(TransactionAspectSupport.java:371)
	at org.springframework.transaction.interceptor.TransactionInterceptor.invoke(TransactionInterceptor.java:130)
	at org.springframework.aop.framework.ReflectiveMethodInvocation.proceed(ReflectiveMethodInvocation.java:179)
	at org.springframework.aop.framework.CglibAopProxy$DynamicAdvisedInterceptor.intercept(CglibAopProxy.java:719)
	at com.abubakar.connectify.service.impl.ReportServiceImpl$$SpringCGLIB$$0.reportChat(<generated>)
	at com.abubakar.connectify.controller.ReportController.reportChat(ReportController.java:146)
	at java.base/jdk.internal.reflect.DirectMethodHandleAccessor.invoke(DirectMethodHandleAccessor.java:103)
	at java.base/java.lang.reflect.Method.invoke(Method.java:580)
	at org.springframework.web.method.support.InvocableHandlerMethod.doInvoke(InvocableHandlerMethod.java:252)
	at org.springframework.web.method.support.InvocableHandlerMethod.invokeForRequest(InvocableHandlerMethod.java:184)
	at org.springframework.web.servlet.mvc.method.annotation.ServletInvocableHandlerMethod.invokeAndHandle(ServletInvocableHandlerMethod.java:117)
	at org.springframework.web.servlet.mvc.method.annotation.RequestMappingHandlerAdapter.invokeHandlerMethod(RequestMappingHandlerAdapter.java:934)
	at org.springframework.web.servlet.mvc.method.annotation.RequestMappingHandlerAdapter.handleInternal(RequestMappingHandlerAdapter.java:853)
	at org.springframework.web.servlet.mvc.method.AbstractHandlerMethodAdapter.handle(AbstractHandlerMethodAdapter.java:86)
	at org.springframework.web.servlet.DispatcherServlet.doDispatch(DispatcherServlet.java:963)
	at org.springframework.web.servlet.DispatcherServlet.doService(DispatcherServlet.java:866)
	at org.springframework.web.servlet.FrameworkServlet.processRequest(FrameworkServlet.java:1000)
	at org.springframework.web.servlet.FrameworkServlet.doPost(FrameworkServlet.java:903)
	at jakarta.servlet.http.HttpServlet.service(HttpServlet.java:649)
	at org.springframework.web.servlet.FrameworkServlet.service(FrameworkServlet.java:874)
	at jakarta.servlet.http.HttpServlet.service(HttpServlet.java:710)
	at org.apache.catalina.core.ApplicationFilterChain.doFilter(ApplicationFilterChain.java:128)
	at org.apache.tomcat.websocket.server.WsFilter.doFilter(WsFilter.java:53)
	at org.apache.catalina.core.ApplicationFilterChain.doFilter(ApplicationFilterChain.java:107)
	at org.springframework.web.filter.OncePerRequestFilter.doFilter(OncePerRequestFilter.java:110)
	at org.apache.catalina.core.ApplicationFilterChain.doFilter(ApplicationFilterChain.java:107)
	at org.springframework.web.filter.OncePerRequestFilter.doFilter(OncePerRequestFilter.java:110)
	at org.apache.catalina.core.ApplicationFilterChain.doFilter(ApplicationFilterChain.java:107)
	at com.abubakar.connectify.configuration.RequestLoggingFilter.doFilterInternal(RequestLoggingFilter.java:30)
	at org.springframework.web.filter.OncePerRequestFilter.doFilter(OncePerRequestFilter.java:116)
	at org.apache.catalina.core.ApplicationFilterChain.doFilter(ApplicationFilterChain.java:107)
	at org.springframework.web.filter.CompositeFilter$VirtualFilterChain.doFilter(CompositeFilter.java:108)
	at org.springframework.security.web.FilterChainProxy.lambda$doFilterInternal$3(FilterChainProxy.java:235)
	at org.springframework.security.web.FilterChainProxy$VirtualFilterChain.doFilter(FilterChainProxy.java:376)
	at org.springframework.security.web.access.intercept.AuthorizationFilter.doFilter(AuthorizationFilter.java:101)
	at org.springframework.security.web.FilterChainProxy$VirtualFilterChain.doFilter(FilterChainProxy.java:385)
	at org.springframework.security.web.access.ExceptionTranslationFilter.doFilter(ExceptionTranslationFilter.java:126)
	at org.springframework.security.web.access.ExceptionTranslationFilter.doFilter(ExceptionTranslationFilter.java:120)
	at org.springframework.security.web.FilterChainProxy$VirtualFilterChain.doFilter(FilterChainProxy.java:385)
	at org.springframework.security.web.session.SessionManagementFilter.doFilter(SessionManagementFilter.java:132)
	at org.springframework.security.web.session.SessionManagementFilter.doFilter(SessionManagementFilter.java:86)
	at org.springframework.security.web.FilterChainProxy$VirtualFilterChain.doFilter(FilterChainProxy.java:385)
	at org.springframework.security.web.authentication.AnonymousAuthenticationFilter.doFilter(AnonymousAuthenticationFilter.java:100)
	at org.springframework.security.web.FilterChainProxy$VirtualFilterChain.doFilter(FilterChainProxy.java:385)
	at org.springframework.security.web.servletapi.SecurityContextHolderAwareRequestFilter.doFilter(SecurityContextHolderAwareRequestFilter.java:181)
	at org.springframework.security.web.FilterChainProxy$VirtualFilterChain.doFilter(FilterChainProxy.java:385)
	at org.springframework.security.web.savedrequest.RequestCacheAwareFilter.doFilter(RequestCacheAwareFilter.java:63)
	at org.springframework.security.web.FilterChainProxy$VirtualFilterChain.doFilter(FilterChainProxy.java:385)
	at org.springframework.security.web.authentication.ui.DefaultLogoutPageGeneratingFilter.doFilterInternal(DefaultLogoutPageGeneratingFilter.java:60)
	at org.springframework.web.filter.OncePerRequestFilter.doFilter(OncePerRequestFilter.java:116)
	at org.springframework.security.web.FilterChainProxy$VirtualFilterChain.doFilter(FilterChainProxy.java:385)
	at org.springframework.security.web.authentication.ui.DefaultLoginPageGeneratingFilter.doFilter(DefaultLoginPageGeneratingFilter.java:246)
	at org.springframework.security.web.authentication.ui.DefaultLoginPageGeneratingFilter.doFilter(DefaultLoginPageGeneratingFilter.java:232)
	at org.springframework.security.web.FilterChainProxy$VirtualFilterChain.doFilter(FilterChainProxy.java:385)
	at org.springframework.security.web.authentication.ui.DefaultResourcesFilter.doFilter(DefaultResourcesFilter.java:73)
	at org.springframework.security.web.FilterChainProxy$VirtualFilterChain.doFilter(FilterChainProxy.java:385)
	at com.abubakar.connectify.security.JwtFilter.doFilterInternal(JwtFilter.java:141)
	at org.springframework.web.filter.OncePerRequestFilter.doFilter(OncePerRequestFilter.java:116)
	at org.springframework.security.web.FilterChainProxy$VirtualFilterChain.doFilter(FilterChainProxy.java:385)
	at org.springframework.security.web.authentication.AbstractAuthenticationProcessingFilter.doFilter(AbstractAuthenticationProcessingFilter.java:245)
	at org.springframework.security.web.authentication.AbstractAuthenticationProcessingFilter.doFilter(AbstractAuthenticationProcessingFilter.java:239)
	at org.springframework.security.web.FilterChainProxy$VirtualFilterChain.doFilter(FilterChainProxy.java:385)
	at org.springframework.security.oauth2.client.web.OAuth2AuthorizationRequestRedirectFilter.doFilterInternal(OAuth2AuthorizationRequestRedirectFilter.java:195)
	at org.springframework.web.filter.OncePerRequestFilter.doFilter(OncePerRequestFilter.java:116)
	at org.springframework.security.web.FilterChainProxy$VirtualFilterChain.doFilter(FilterChainProxy.java:385)
	at org.springframework.security.web.authentication.logout.LogoutFilter.doFilter(LogoutFilter.java:110)
	at org.springframework.security.web.authentication.logout.LogoutFilter.doFilter(LogoutFilter.java:96)
	at org.springframework.security.web.FilterChainProxy$VirtualFilterChain.doFilter(FilterChainProxy.java:385)
	at org.springframework.web.filter.CorsFilter.doFilterInternal(CorsFilter.java:91)
	at org.springframework.web.filter.OncePerRequestFilter.doFilter(OncePerRequestFilter.java:116)
	at org.springframework.security.web.FilterChainProxy$VirtualFilterChain.doFilter(FilterChainProxy.java:385)
	at org.springframework.security.web.header.HeaderWriterFilter.doHeadersAfter(HeaderWriterFilter.java:90)
	at org.springframework.security.web.header.HeaderWriterFilter.doFilterInternal(HeaderWriterFilter.java:75)
	at org.springframework.web.filter.OncePerRequestFilter.doFilter(OncePerRequestFilter.java:116)
	at org.springframework.security.web.FilterChainProxy$VirtualFilterChain.doFilter(FilterChainProxy.java:385)
	at org.springframework.security.web.context.SecurityContextHolderFilter.doFilter(SecurityContextHolderFilter.java:82)
	at org.springframework.security.web.context.SecurityContextHolderFilter.doFilter(SecurityContextHolderFilter.java:69)
	at org.springframework.security.web.FilterChainProxy$VirtualFilterChain.doFilter(FilterChainProxy.java:385)
	at org.springframework.security.web.context.request.async.WebAsyncManagerIntegrationFilter.doFilterInternal(WebAsyncManagerIntegrationFilter.java:62)
	at org.springframework.web.filter.OncePerRequestFilter.doFilter(OncePerRequestFilter.java:116)
	at org.springframework.security.web.FilterChainProxy$VirtualFilterChain.doFilter(FilterChainProxy.java:385)
	at org.springframework.security.web.session.DisableEncodeUrlFilter.doFilterInternal(DisableEncodeUrlFilter.java:42)
	at org.springframework.web.filter.OncePerRequestFilter.doFilter(OncePerRequestFilter.java:116)
	at org.springframework.security.web.FilterChainProxy$VirtualFilterChain.doFilter(FilterChainProxy.java:385)
	at org.springframework.security.web.FilterChainProxy.doFilterInternal(FilterChainProxy.java:237)
	at org.springframework.security.web.FilterChainProxy.doFilter(FilterChainProxy.java:195)
	at org.springframework.web.filter.CompositeFilter$VirtualFilterChain.doFilter(CompositeFilter.java:113)
	at org.springframework.web.filter.ServletRequestPathFilter.doFilter(ServletRequestPathFilter.java:52)
	at org.springframework.web.filter.CompositeFilter$VirtualFilterChain.doFilter(CompositeFilter.java:113)
	at org.springframework.web.filter.CompositeFilter.doFilter(CompositeFilter.java:74)
	at org.springframework.security.config.annotation.web.configuration.WebSecurityConfiguration$CompositeFilterChainProxy.doFilter(WebSecurityConfiguration.java:317)
	at org.springframework.web.filter.DelegatingFilterProxy.invokeDelegate(DelegatingFilterProxy.java:355)
	at org.springframework.web.filter.DelegatingFilterProxy.doFilter(DelegatingFilterProxy.java:272)
	at org.apache.catalina.core.ApplicationFilterChain.doFilter(ApplicationFilterChain.java:107)
	at org.springframework.web.filter.RequestContextFilter.doFilterInternal(RequestContextFilter.java:100)
	at org.springframework.web.filter.OncePerRequestFilter.doFilter(OncePerRequestFilter.java:116)
	at org.apache.catalina.core.ApplicationFilterChain.doFilter(ApplicationFilterChain.java:107)
	at org.springframework.web.filter.FormContentFilter.doFilterInternal(FormContentFilter.java:93)
	at org.springframework.web.filter.OncePerRequestFilter.doFilter(OncePerRequestFilter.java:116)
	at org.apache.catalina.core.ApplicationFilterChain.doFilter(ApplicationFilterChain.java:107)
	at org.springframework.web.filter.CharacterEncodingFilter.doFilterInternal(CharacterEncodingFilter.java:199)
	at org.springframework.web.filter.OncePerRequestFilter.doFilter(OncePerRequestFilter.java:116)
	at org.apache.catalina.core.ApplicationFilterChain.doFilter(ApplicationFilterChain.java:107)
	at org.apache.catalina.core.StandardWrapperValve.invoke(StandardWrapperValve.java:165)
	at org.apache.catalina.core.StandardContextValve.invoke(StandardContextValve.java:77)
	at org.apache.catalina.authenticator.AuthenticatorBase.invoke(AuthenticatorBase.java:492)
	at org.apache.catalina.core.StandardHostValve.invoke(StandardHostValve.java:113)
	at org.apache.catalina.valves.ErrorReportValve.invoke(ErrorReportValve.java:83)
	at org.apache.catalina.core.StandardEngineValve.invoke(StandardEngineValve.java:72)
	at org.apache.catalina.connector.CoyoteAdapter.service(CoyoteAdapter.java:341)
	at org.apache.coyote.http11.Http11Processor.service(Http11Processor.java:397)
	at org.apache.coyote.AbstractProcessorLight.process(AbstractProcessorLight.java:63)
	at org.apache.coyote.AbstractProtocol$ConnectionHandler.process(AbstractProtocol.java:903)
	at org.apache.tomcat.util.net.NioEndpoint$SocketProcessor.doRun(NioEndpoint.java:1801)
	at org.apache.tomcat.util.net.SocketProcessorBase.run(SocketProcessorBase.java:52)
	at org.apache.tomcat.util.threads.ThreadPoolExecutor.runWorker(ThreadPoolExecutor.java:946)
	at org.apache.tomcat.util.threads.ThreadPoolExecutor$Worker.run(ThreadPoolExecutor.java:480)
	at org.apache.tomcat.util.threads.TaskThread$WrappingRunnable.run(TaskThread.java:57)
	at java.base/java.lang.Thread.run(Thread.java:1583)
2026-06-08 06:50:07[INFO]com.abubakar.connectify.configuration.RequestLoggingFilter-POST /api/v1/reports/chat/2 | Status: 400
2026-06-08 06:50:36[INFO]com.abubakar.connectify.service.impl.CustomUserDetailsService-Authentication request received for email: asif@gmail.com
2026-06-08 06:50:36[DEBUG]com.abubakar.connectify.service.impl.CustomUserDetailsService-User loaded successfully with email: asif@gmail.com and role: USER
2026-06-08 06:50:36[INFO]com.abubakar.connectify.security.JwtUtils-Token validation result for user asif@gmail.com : true
2026-06-08 06:50:36[INFO]com.abubakar.connectify.security.JwtFilter-User authenticated successfully: asif@gmail.com
2026-06-08 06:50:36[INFO]com.abubakar.connectify.controller.ChatController-Get messages API request received | chatId: 3 | cursor: null | size: 20
2026-06-08 06:50:36[INFO]com.abubakar.connectify.service.impl.ChatServiceImpl-Fetching messages | chatId: 3
2026-06-08 06:50:36[DEBUG]com.abubakar.connectify.util.UserAccessValidator-Validating user access | userId: 2
2026-06-08 06:50:36[DEBUG]com.abubakar.connectify.util.UserAccessValidator-User validation successful | userId: 2
2026-06-08 06:50:36[DEBUG]com.abubakar.connectify.util.AuthUtil-Authenticated active user fetched successfully | userId: 2
2026-06-08 06:50:36[INFO]com.abubakar.connectify.service.impl.ChatServiceImpl-Fetching chat messages | chatId: 3 | userId: 2 | cursor: null | size: 20
2026-06-08 06:50:36[DEBUG]com.abubakar.connectify.util.ChatAccessValidator-Validating active chat access | chatId: 3
2026-06-08 06:50:36[DEBUG]com.abubakar.connectify.util.ChatAccessValidator-Fetching chat | chatId: 3
2026-06-08 06:50:36[DEBUG]com.abubakar.connectify.util.ChatAccessValidator-Active chat validation successful | chatId: 3
2026-06-08 06:50:36[DEBUG]com.abubakar.connectify.service.impl.ChatServiceImpl-Messages fetched successfully | chatId: 3 | fetchedCount: 2
2026-06-08 06:50:36[INFO]com.abubakar.connectify.configuration.RequestLoggingFilter-GET /api/v1/chats/3/messages | Status: 200
2026-06-08 06:50:46[INFO]com.abubakar.connectify.service.impl.CustomUserDetailsService-Authentication request received for email: asif@gmail.com
2026-06-08 06:50:46[DEBUG]com.abubakar.connectify.service.impl.CustomUserDetailsService-User loaded successfully with email: asif@gmail.com and role: USER
2026-06-08 06:50:46[INFO]com.abubakar.connectify.security.JwtUtils-Token validation result for user asif@gmail.com : true
2026-06-08 06:50:46[INFO]com.abubakar.connectify.security.JwtFilter-User authenticated successfully: asif@gmail.com
2026-06-08 06:50:46[INFO]com.abubakar.connectify.controller.ReportController-Report chat API called | chatId: 3
2026-06-08 06:50:46[DEBUG]com.abubakar.connectify.util.UserAccessValidator-Validating user access | userId: 2
2026-06-08 06:50:46[DEBUG]com.abubakar.connectify.util.UserAccessValidator-User validation successful | userId: 2
2026-06-08 06:50:46[DEBUG]com.abubakar.connectify.util.AuthUtil-Authenticated active user fetched successfully | userId: 2
2026-06-08 06:50:46[INFO]com.abubakar.connectify.service.impl.ReportServiceImpl-Reporting chat | chatId: 3 | reporterId: 2
2026-06-08 06:50:46[DEBUG]com.abubakar.connectify.util.ChatAccessValidator-Validating active chat access | chatId: 3
2026-06-08 06:50:46[DEBUG]com.abubakar.connectify.util.ChatAccessValidator-Fetching chat | chatId: 3
2026-06-08 06:50:46[DEBUG]com.abubakar.connectify.util.ChatAccessValidator-Active chat validation successful | chatId: 3
2026-06-08 06:50:46[INFO]com.abubakar.connectify.service.impl.NotificationServiceImpl-Creating notification | receiverId: 1 | senderId: 2
2026-06-08 06:50:46[DEBUG]com.abubakar.connectify.util.UserAccessValidator-Validating user access | userId: 1
2026-06-08 06:50:46[DEBUG]com.abubakar.connectify.util.UserAccessValidator-User validation successful | userId: 1
2026-06-08 06:50:46[DEBUG]com.abubakar.connectify.util.UserAccessValidator-Validating user access | userId: 2
2026-06-08 06:50:46[DEBUG]com.abubakar.connectify.util.UserAccessValidator-User validation successful | userId: 2
2026-06-08 06:50:46[INFO]com.abubakar.connectify.service.impl.NotificationServiceImpl-Notification created successfully
| receiverId: 1
| senderId: 2
| type: CHAT_REPORTED

2026-06-08 06:50:46[INFO]com.abubakar.connectify.service.impl.ReportServiceImpl-Chat reported successfully | chatId: 3 | reporterId: 2
2026-06-08 06:50:46[INFO]com.abubakar.connectify.configuration.RequestLoggingFilter-POST /api/v1/reports/chat/3 | Status: 201
2026-06-08 06:51:01[INFO]com.abubakar.connectify.controller.AuthController-Login Api initiated for: admin@gmail.com
2026-06-08 06:51:01[DEBUG]com.abubakar.connectify.service.impl.AuthServiceImpl-Starting login | email: admin@gmail.com
2026-06-08 06:51:01[INFO]com.abubakar.connectify.service.impl.CustomUserDetailsService-Authentication request received for email: admin@gmail.com
2026-06-08 06:51:01[DEBUG]com.abubakar.connectify.service.impl.CustomUserDetailsService-User loaded successfully with email: admin@gmail.com and role: ADMIN
2026-06-08 06:51:01[INFO]com.abubakar.connectify.security.JwtUtils-Generating token for user: admin@gmail.com
2026-06-08 06:51:01[INFO]com.abubakar.connectify.service.impl.RefreshTokenServiceImpl-Refresh token created/updated | userId: 1
2026-06-08 06:51:01[INFO]com.abubakar.connectify.service.impl.AuthServiceImpl-Login successful | userId: 1 | email: admin@gmail.com
2026-06-08 06:51:01[INFO]com.abubakar.connectify.configuration.RequestLoggingFilter-POST /api/v1/auth/login | Status: 200
2026-06-08 06:51:15[INFO]com.abubakar.connectify.service.impl.CustomUserDetailsService-Authentication request received for email: admin@gmail.com
2026-06-08 06:51:15[DEBUG]com.abubakar.connectify.service.impl.CustomUserDetailsService-User loaded successfully with email: admin@gmail.com and role: ADMIN
2026-06-08 06:51:15[INFO]com.abubakar.connectify.security.JwtUtils-Token validation result for user admin@gmail.com : true
2026-06-08 06:51:15[INFO]com.abubakar.connectify.security.JwtFilter-User authenticated successfully: admin@gmail.com
2026-06-08 06:51:15[INFO]com.abubakar.connectify.controller.AdminReportController-API request received | resolve report | reportId: 7
2026-06-08 06:51:15[DEBUG]com.abubakar.connectify.util.UserAccessValidator-Validating user access | userId: 1
2026-06-08 06:51:15[DEBUG]com.abubakar.connectify.util.UserAccessValidator-User validation successful | userId: 1
2026-06-08 06:51:15[DEBUG]com.abubakar.connectify.util.AuthUtil-Authenticated active user fetched successfully | userId: 1
2026-06-08 06:51:15[INFO]com.abubakar.connectify.service.impl.AdminReportServiceImpl-Resolve report request | reportId: 7
2026-06-08 06:51:15[DEBUG]com.abubakar.connectify.util.ReportAccessValidator-Fetching report | reportId: 7
2026-06-08 06:51:15[INFO]com.abubakar.connectify.service.impl.NotificationServiceImpl-Creating notification | receiverId: 2 | senderId: 1
2026-06-08 06:51:15[DEBUG]com.abubakar.connectify.util.UserAccessValidator-Validating user access | userId: 2
2026-06-08 06:51:15[DEBUG]com.abubakar.connectify.util.UserAccessValidator-User validation successful | userId: 2
2026-06-08 06:51:15[DEBUG]com.abubakar.connectify.util.UserAccessValidator-Validating user access | userId: 1
2026-06-08 06:51:15[DEBUG]com.abubakar.connectify.util.UserAccessValidator-User validation successful | userId: 1
2026-06-08 06:51:15[INFO]com.abubakar.connectify.service.impl.NotificationServiceImpl-Notification created successfully
| receiverId: 2
| senderId: 1
| type: REPORT_RESOLVED

2026-06-08 06:51:15[INFO]com.abubakar.connectify.service.impl.AdminReportServiceImpl-Report resolved successfully
| reportId: 7
| adminId: 1

2026-06-08 06:51:15[INFO]com.abubakar.connectify.configuration.RequestLoggingFilter-PUT /api/v1/admin/reports/7/resolve | Status: 200
2026-06-08 06:51:28[INFO]com.abubakar.connectify.controller.AuthController-Login Api initiated for: asif@gmail.com
2026-06-08 06:51:28[DEBUG]com.abubakar.connectify.service.impl.AuthServiceImpl-Starting login | email: asif@gmail.com
2026-06-08 06:51:28[INFO]com.abubakar.connectify.service.impl.CustomUserDetailsService-Authentication request received for email: asif@gmail.com
2026-06-08 06:51:28[DEBUG]com.abubakar.connectify.service.impl.CustomUserDetailsService-User loaded successfully with email: asif@gmail.com and role: USER
2026-06-08 06:51:28[INFO]com.abubakar.connectify.security.JwtUtils-Generating token for user: asif@gmail.com
2026-06-08 06:51:28[INFO]com.abubakar.connectify.service.impl.RefreshTokenServiceImpl-Refresh token created/updated | userId: 2
2026-06-08 06:51:28[INFO]com.abubakar.connectify.service.impl.AuthServiceImpl-Login successful | userId: 2 | email: asif@gmail.com
2026-06-08 06:51:28[INFO]com.abubakar.connectify.configuration.RequestLoggingFilter-POST /api/v1/auth/login | Status: 200
2026-06-08 06:51:33[INFO]com.abubakar.connectify.service.impl.CustomUserDetailsService-Authentication request received for email: asif@gmail.com
2026-06-08 06:51:33[DEBUG]com.abubakar.connectify.service.impl.CustomUserDetailsService-User loaded successfully with email: asif@gmail.com and role: USER
2026-06-08 06:51:33[INFO]com.abubakar.connectify.security.JwtUtils-Token validation result for user asif@gmail.com : true
2026-06-08 06:51:33[INFO]com.abubakar.connectify.security.JwtFilter-User authenticated successfully: asif@gmail.com
2026-06-08 06:51:33[INFO]com.abubakar.connectify.controller.ChatController-Get chats API request received | cursor: null | size: 20
2026-06-08 06:51:33[INFO]com.abubakar.connectify.service.impl.ChatServiceImpl-Fetching user chats
2026-06-08 06:51:33[DEBUG]com.abubakar.connectify.util.UserAccessValidator-Validating user access | userId: 2
2026-06-08 06:51:33[DEBUG]com.abubakar.connectify.util.UserAccessValidator-User validation successful | userId: 2
2026-06-08 06:51:33[DEBUG]com.abubakar.connectify.util.AuthUtil-Authenticated active user fetched successfully | userId: 2
2026-06-08 06:51:33[INFO]com.abubakar.connectify.service.impl.ChatServiceImpl-Fetching chats for user | userId: 2 | cursor: null | size: 20
2026-06-08 06:51:33[DEBUG]com.abubakar.connectify.service.impl.ChatServiceImpl-Chats fetched successfully | userId: 2 | totalChats: 2
2026-06-08 06:51:33[INFO]com.abubakar.connectify.service.impl.ChatServiceImpl-Participants loaded: 2
2026-06-08 06:51:33[INFO]com.abubakar.connectify.service.impl.ChatServiceImpl-Participants loaded: 2
2026-06-08 06:51:33[INFO]com.abubakar.connectify.configuration.RequestLoggingFilter-GET /api/v1/chats | Status: 200
2026-06-08 06:52:08[INFO]com.abubakar.connectify.service.impl.CustomUserDetailsService-Authentication request received for email: asif@gmail.com
2026-06-08 06:52:08[DEBUG]com.abubakar.connectify.service.impl.CustomUserDetailsService-User loaded successfully with email: asif@gmail.com and role: USER
2026-06-08 06:52:08[INFO]com.abubakar.connectify.security.JwtUtils-Token validation result for user asif@gmail.com : true
2026-06-08 06:52:08[INFO]com.abubakar.connectify.security.JwtFilter-User authenticated successfully: asif@gmail.com
2026-06-08 06:52:08[INFO]com.abubakar.connectify.controller.ChatController-Get messages API request received | chatId: 3 | cursor: null | size: 20
2026-06-08 06:52:08[INFO]com.abubakar.connectify.service.impl.ChatServiceImpl-Fetching messages | chatId: 3
2026-06-08 06:52:08[DEBUG]com.abubakar.connectify.util.UserAccessValidator-Validating user access | userId: 2
2026-06-08 06:52:08[DEBUG]com.abubakar.connectify.util.UserAccessValidator-User validation successful | userId: 2
2026-06-08 06:52:08[DEBUG]com.abubakar.connectify.util.AuthUtil-Authenticated active user fetched successfully | userId: 2
2026-06-08 06:52:08[INFO]com.abubakar.connectify.service.impl.ChatServiceImpl-Fetching chat messages | chatId: 3 | userId: 2 | cursor: null | size: 20
2026-06-08 06:52:08[DEBUG]com.abubakar.connectify.util.ChatAccessValidator-Validating active chat access | chatId: 3
2026-06-08 06:52:08[DEBUG]com.abubakar.connectify.util.ChatAccessValidator-Fetching chat | chatId: 3
2026-06-08 06:52:08[DEBUG]com.abubakar.connectify.util.ChatAccessValidator-Active chat validation successful | chatId: 3
2026-06-08 06:52:08[DEBUG]com.abubakar.connectify.service.impl.ChatServiceImpl-Messages fetched successfully | chatId: 3 | fetchedCount: 2
2026-06-08 06:52:08[INFO]com.abubakar.connectify.configuration.RequestLoggingFilter-GET /api/v1/chats/3/messages | Status: 200
2026-06-08 06:52:21[INFO]com.abubakar.connectify.service.impl.CustomUserDetailsService-Authentication request received for email: asif@gmail.com
2026-06-08 06:52:21[DEBUG]com.abubakar.connectify.service.impl.CustomUserDetailsService-User loaded successfully with email: asif@gmail.com and role: USER
2026-06-08 06:52:21[INFO]com.abubakar.connectify.security.JwtUtils-Token validation result for user asif@gmail.com : true
2026-06-08 06:52:21[INFO]com.abubakar.connectify.security.JwtFilter-User authenticated successfully: asif@gmail.com
2026-06-08 06:52:21[INFO]com.abubakar.connectify.controller.ChatController-Send message API request received
| chatId: 3
| mediaPresent: false

2026-06-08 06:52:21[INFO]com.abubakar.connectify.service.impl.ChatServiceImpl-Sending message | chatId: 3
2026-06-08 06:52:21[DEBUG]com.abubakar.connectify.util.UserAccessValidator-Validating user access | userId: 2
2026-06-08 06:52:21[DEBUG]com.abubakar.connectify.util.UserAccessValidator-User validation successful | userId: 2
2026-06-08 06:52:21[DEBUG]com.abubakar.connectify.util.AuthUtil-Authenticated active user fetched successfully | userId: 2
2026-06-08 06:52:21[INFO]com.abubakar.connectify.service.impl.ChatServiceImpl-Send message request received | chatId: 3 | senderId: 2 | messageType: IMAGE
2026-06-08 06:52:21[DEBUG]com.abubakar.connectify.util.ChatAccessValidator-Validating active chat access | chatId: 3
2026-06-08 06:52:21[DEBUG]com.abubakar.connectify.util.ChatAccessValidator-Fetching chat | chatId: 3
2026-06-08 06:52:21[DEBUG]com.abubakar.connectify.util.ChatAccessValidator-Active chat validation successful | chatId: 3
2026-06-08 06:52:21[WARN]com.abubakar.connectify.service.impl.ChatServiceImpl-Chat was removed by admin. You cannot send messages until it is restored.
2026-06-08 06:52:21[ERROR]com.abubakar.connectify.exception.GlobalExceptionHandler-Business exception occurred | errorCode: OPERATION_FAILED | status: 400 BAD_REQUEST | message: Chat was removed by admin. You cannot send messages until it is restored.
com.abubakar.connectify.exception.OperationFailException: Chat was removed by admin. You cannot send messages until it is restored.
	at com.abubakar.connectify.service.impl.ChatServiceImpl.sendMessage(ChatServiceImpl.java:206)
	at java.base/jdk.internal.reflect.DirectMethodHandleAccessor.invoke(DirectMethodHandleAccessor.java:103)
	at java.base/java.lang.reflect.Method.invoke(Method.java:580)
	at org.springframework.aop.support.AopUtils.invokeJoinpointUsingReflection(AopUtils.java:359)
	at org.springframework.aop.framework.ReflectiveMethodInvocation.invokeJoinpoint(ReflectiveMethodInvocation.java:190)
	at org.springframework.aop.framework.ReflectiveMethodInvocation.proceed(ReflectiveMethodInvocation.java:158)
	at org.springframework.transaction.interceptor.TransactionInterceptor$1.proceedWithInvocation(TransactionInterceptor.java:133)
	at org.springframework.transaction.interceptor.TransactionAspectSupport.invokeWithinTransaction(TransactionAspectSupport.java:371)
	at org.springframework.transaction.interceptor.TransactionInterceptor.invoke(TransactionInterceptor.java:130)
	at org.springframework.aop.framework.ReflectiveMethodInvocation.proceed(ReflectiveMethodInvocation.java:179)
	at org.springframework.aop.framework.CglibAopProxy$DynamicAdvisedInterceptor.intercept(CglibAopProxy.java:719)
	at com.abubakar.connectify.service.impl.ChatServiceImpl$$SpringCGLIB$$0.sendMessage(<generated>)
	at com.abubakar.connectify.controller.ChatController.sendMessage(ChatController.java:124)
	at java.base/jdk.internal.reflect.DirectMethodHandleAccessor.invoke(DirectMethodHandleAccessor.java:103)
	at java.base/java.lang.reflect.Method.invoke(Method.java:580)
	at org.springframework.web.method.support.InvocableHandlerMethod.doInvoke(InvocableHandlerMethod.java:252)
	at org.springframework.web.method.support.InvocableHandlerMethod.invokeForRequest(InvocableHandlerMethod.java:184)
	at org.springframework.web.servlet.mvc.method.annotation.ServletInvocableHandlerMethod.invokeAndHandle(ServletInvocableHandlerMethod.java:117)
	at org.springframework.web.servlet.mvc.method.annotation.RequestMappingHandlerAdapter.invokeHandlerMethod(RequestMappingHandlerAdapter.java:934)
	at org.springframework.web.servlet.mvc.method.annotation.RequestMappingHandlerAdapter.handleInternal(RequestMappingHandlerAdapter.java:853)
	at org.springframework.web.servlet.mvc.method.AbstractHandlerMethodAdapter.handle(AbstractHandlerMethodAdapter.java:86)
	at org.springframework.web.servlet.DispatcherServlet.doDispatch(DispatcherServlet.java:963)
	at org.springframework.web.servlet.DispatcherServlet.doService(DispatcherServlet.java:866)
	at org.springframework.web.servlet.FrameworkServlet.processRequest(FrameworkServlet.java:1000)
	at org.springframework.web.servlet.FrameworkServlet.doPost(FrameworkServlet.java:903)
	at jakarta.servlet.http.HttpServlet.service(HttpServlet.java:649)
	at org.springframework.web.servlet.FrameworkServlet.service(FrameworkServlet.java:874)
	at jakarta.servlet.http.HttpServlet.service(HttpServlet.java:710)
	at org.apache.catalina.core.ApplicationFilterChain.doFilter(ApplicationFilterChain.java:128)
	at org.apache.tomcat.websocket.server.WsFilter.doFilter(WsFilter.java:53)
	at org.apache.catalina.core.ApplicationFilterChain.doFilter(ApplicationFilterChain.java:107)
	at org.springframework.web.filter.OncePerRequestFilter.doFilter(OncePerRequestFilter.java:110)
	at org.apache.catalina.core.ApplicationFilterChain.doFilter(ApplicationFilterChain.java:107)
	at org.springframework.web.filter.OncePerRequestFilter.doFilter(OncePerRequestFilter.java:110)
	at org.apache.catalina.core.ApplicationFilterChain.doFilter(ApplicationFilterChain.java:107)
	at com.abubakar.connectify.configuration.RequestLoggingFilter.doFilterInternal(RequestLoggingFilter.java:30)
	at org.springframework.web.filter.OncePerRequestFilter.doFilter(OncePerRequestFilter.java:116)
	at org.apache.catalina.core.ApplicationFilterChain.doFilter(ApplicationFilterChain.java:107)
	at org.springframework.web.filter.CompositeFilter$VirtualFilterChain.doFilter(CompositeFilter.java:108)
	at org.springframework.security.web.FilterChainProxy.lambda$doFilterInternal$3(FilterChainProxy.java:235)
	at org.springframework.security.web.FilterChainProxy$VirtualFilterChain.doFilter(FilterChainProxy.java:376)
	at org.springframework.security.web.access.intercept.AuthorizationFilter.doFilter(AuthorizationFilter.java:101)
	at org.springframework.security.web.FilterChainProxy$VirtualFilterChain.doFilter(FilterChainProxy.java:385)
	at org.springframework.security.web.access.ExceptionTranslationFilter.doFilter(ExceptionTranslationFilter.java:126)
	at org.springframework.security.web.access.ExceptionTranslationFilter.doFilter(ExceptionTranslationFilter.java:120)
	at org.springframework.security.web.FilterChainProxy$VirtualFilterChain.doFilter(FilterChainProxy.java:385)
	at org.springframework.security.web.session.SessionManagementFilter.doFilter(SessionManagementFilter.java:132)
	at org.springframework.security.web.session.SessionManagementFilter.doFilter(SessionManagementFilter.java:86)
	at org.springframework.security.web.FilterChainProxy$VirtualFilterChain.doFilter(FilterChainProxy.java:385)
	at org.springframework.security.web.authentication.AnonymousAuthenticationFilter.doFilter(AnonymousAuthenticationFilter.java:100)
	at org.springframework.security.web.FilterChainProxy$VirtualFilterChain.doFilter(FilterChainProxy.java:385)
	at org.springframework.security.web.servletapi.SecurityContextHolderAwareRequestFilter.doFilter(SecurityContextHolderAwareRequestFilter.java:181)
	at org.springframework.security.web.FilterChainProxy$VirtualFilterChain.doFilter(FilterChainProxy.java:385)
	at org.springframework.security.web.savedrequest.RequestCacheAwareFilter.doFilter(RequestCacheAwareFilter.java:63)
	at org.springframework.security.web.FilterChainProxy$VirtualFilterChain.doFilter(FilterChainProxy.java:385)
	at org.springframework.security.web.authentication.ui.DefaultLogoutPageGeneratingFilter.doFilterInternal(DefaultLogoutPageGeneratingFilter.java:60)
	at org.springframework.web.filter.OncePerRequestFilter.doFilter(OncePerRequestFilter.java:116)
	at org.springframework.security.web.FilterChainProxy$VirtualFilterChain.doFilter(FilterChainProxy.java:385)
	at org.springframework.security.web.authentication.ui.DefaultLoginPageGeneratingFilter.doFilter(DefaultLoginPageGeneratingFilter.java:246)
	at org.springframework.security.web.authentication.ui.DefaultLoginPageGeneratingFilter.doFilter(DefaultLoginPageGeneratingFilter.java:232)
	at org.springframework.security.web.FilterChainProxy$VirtualFilterChain.doFilter(FilterChainProxy.java:385)
	at org.springframework.security.web.authentication.ui.DefaultResourcesFilter.doFilter(DefaultResourcesFilter.java:73)
	at org.springframework.security.web.FilterChainProxy$VirtualFilterChain.doFilter(FilterChainProxy.java:385)
	at com.abubakar.connectify.security.JwtFilter.doFilterInternal(JwtFilter.java:141)
	at org.springframework.web.filter.OncePerRequestFilter.doFilter(OncePerRequestFilter.java:116)
	at org.springframework.security.web.FilterChainProxy$VirtualFilterChain.doFilter(FilterChainProxy.java:385)
	at org.springframework.security.web.authentication.AbstractAuthenticationProcessingFilter.doFilter(AbstractAuthenticationProcessingFilter.java:245)
	at org.springframework.security.web.authentication.AbstractAuthenticationProcessingFilter.doFilter(AbstractAuthenticationProcessingFilter.java:239)
	at org.springframework.security.web.FilterChainProxy$VirtualFilterChain.doFilter(FilterChainProxy.java:385)
	at org.springframework.security.oauth2.client.web.OAuth2AuthorizationRequestRedirectFilter.doFilterInternal(OAuth2AuthorizationRequestRedirectFilter.java:195)
	at org.springframework.web.filter.OncePerRequestFilter.doFilter(OncePerRequestFilter.java:116)
	at org.springframework.security.web.FilterChainProxy$VirtualFilterChain.doFilter(FilterChainProxy.java:385)
	at org.springframework.security.web.authentication.logout.LogoutFilter.doFilter(LogoutFilter.java:110)
	at org.springframework.security.web.authentication.logout.LogoutFilter.doFilter(LogoutFilter.java:96)
	at org.springframework.security.web.FilterChainProxy$VirtualFilterChain.doFilter(FilterChainProxy.java:385)
	at org.springframework.web.filter.CorsFilter.doFilterInternal(CorsFilter.java:91)
	at org.springframework.web.filter.OncePerRequestFilter.doFilter(OncePerRequestFilter.java:116)
	at org.springframework.security.web.FilterChainProxy$VirtualFilterChain.doFilter(FilterChainProxy.java:385)
	at org.springframework.security.web.header.HeaderWriterFilter.doHeadersAfter(HeaderWriterFilter.java:90)
	at org.springframework.security.web.header.HeaderWriterFilter.doFilterInternal(HeaderWriterFilter.java:75)
	at org.springframework.web.filter.OncePerRequestFilter.doFilter(OncePerRequestFilter.java:116)
	at org.springframework.security.web.FilterChainProxy$VirtualFilterChain.doFilter(FilterChainProxy.java:385)
	at org.springframework.security.web.context.SecurityContextHolderFilter.doFilter(SecurityContextHolderFilter.java:82)
	at org.springframework.security.web.context.SecurityContextHolderFilter.doFilter(SecurityContextHolderFilter.java:69)
	at org.springframework.security.web.FilterChainProxy$VirtualFilterChain.doFilter(FilterChainProxy.java:385)
	at org.springframework.security.web.context.request.async.WebAsyncManagerIntegrationFilter.doFilterInternal(WebAsyncManagerIntegrationFilter.java:62)
	at org.springframework.web.filter.OncePerRequestFilter.doFilter(OncePerRequestFilter.java:116)
	at org.springframework.security.web.FilterChainProxy$VirtualFilterChain.doFilter(FilterChainProxy.java:385)
	at org.springframework.security.web.session.DisableEncodeUrlFilter.doFilterInternal(DisableEncodeUrlFilter.java:42)
	at org.springframework.web.filter.OncePerRequestFilter.doFilter(OncePerRequestFilter.java:116)
	at org.springframework.security.web.FilterChainProxy$VirtualFilterChain.doFilter(FilterChainProxy.java:385)
	at org.springframework.security.web.FilterChainProxy.doFilterInternal(FilterChainProxy.java:237)
	at org.springframework.security.web.FilterChainProxy.doFilter(FilterChainProxy.java:195)
	at org.springframework.web.filter.CompositeFilter$VirtualFilterChain.doFilter(CompositeFilter.java:113)
	at org.springframework.web.filter.ServletRequestPathFilter.doFilter(ServletRequestPathFilter.java:52)
	at org.springframework.web.filter.CompositeFilter$VirtualFilterChain.doFilter(CompositeFilter.java:113)
	at org.springframework.web.filter.CompositeFilter.doFilter(CompositeFilter.java:74)
	at org.springframework.security.config.annotation.web.configuration.WebSecurityConfiguration$CompositeFilterChainProxy.doFilter(WebSecurityConfiguration.java:317)
	at org.springframework.web.filter.DelegatingFilterProxy.invokeDelegate(DelegatingFilterProxy.java:355)
	at org.springframework.web.filter.DelegatingFilterProxy.doFilter(DelegatingFilterProxy.java:272)
	at org.apache.catalina.core.ApplicationFilterChain.doFilter(ApplicationFilterChain.java:107)
	at org.springframework.web.filter.RequestContextFilter.doFilterInternal(RequestContextFilter.java:100)
	at org.springframework.web.filter.OncePerRequestFilter.doFilter(OncePerRequestFilter.java:116)
	at org.apache.catalina.core.ApplicationFilterChain.doFilter(ApplicationFilterChain.java:107)
	at org.springframework.web.filter.FormContentFilter.doFilterInternal(FormContentFilter.java:93)
	at org.springframework.web.filter.OncePerRequestFilter.doFilter(OncePerRequestFilter.java:116)
	at org.apache.catalina.core.ApplicationFilterChain.doFilter(ApplicationFilterChain.java:107)
	at org.springframework.web.filter.CharacterEncodingFilter.doFilterInternal(CharacterEncodingFilter.java:199)
	at org.springframework.web.filter.OncePerRequestFilter.doFilter(OncePerRequestFilter.java:116)
	at org.apache.catalina.core.ApplicationFilterChain.doFilter(ApplicationFilterChain.java:107)
	at org.apache.catalina.core.StandardWrapperValve.invoke(StandardWrapperValve.java:165)
	at org.apache.catalina.core.StandardContextValve.invoke(StandardContextValve.java:77)
	at org.apache.catalina.authenticator.AuthenticatorBase.invoke(AuthenticatorBase.java:492)
	at org.apache.catalina.core.StandardHostValve.invoke(StandardHostValve.java:113)
	at org.apache.catalina.valves.ErrorReportValve.invoke(ErrorReportValve.java:83)
	at org.apache.catalina.core.StandardEngineValve.invoke(StandardEngineValve.java:72)
	at org.apache.catalina.connector.CoyoteAdapter.service(CoyoteAdapter.java:341)
	at org.apache.coyote.http11.Http11Processor.service(Http11Processor.java:397)
	at org.apache.coyote.AbstractProcessorLight.process(AbstractProcessorLight.java:63)
	at org.apache.coyote.AbstractProtocol$ConnectionHandler.process(AbstractProtocol.java:903)
	at org.apache.tomcat.util.net.NioEndpoint$SocketProcessor.doRun(NioEndpoint.java:1801)
	at org.apache.tomcat.util.net.SocketProcessorBase.run(SocketProcessorBase.java:52)
	at org.apache.tomcat.util.threads.ThreadPoolExecutor.runWorker(ThreadPoolExecutor.java:946)
	at org.apache.tomcat.util.threads.ThreadPoolExecutor$Worker.run(ThreadPoolExecutor.java:480)
	at org.apache.tomcat.util.threads.TaskThread$WrappingRunnable.run(TaskThread.java:57)
	at java.base/java.lang.Thread.run(Thread.java:1583)
2026-06-08 06:52:21[INFO]com.abubakar.connectify.configuration.RequestLoggingFilter-POST /api/v1/chats/3/messages | Status: 400
2026-06-08 06:52:37[INFO]com.abubakar.connectify.service.impl.CustomUserDetailsService-Authentication request received for email: asif@gmail.com
2026-06-08 06:52:37[DEBUG]com.abubakar.connectify.service.impl.CustomUserDetailsService-User loaded successfully with email: asif@gmail.com and role: USER
2026-06-08 06:52:37[INFO]com.abubakar.connectify.security.JwtUtils-Token validation result for user asif@gmail.com : true
2026-06-08 06:52:37[INFO]com.abubakar.connectify.security.JwtFilter-User authenticated successfully: asif@gmail.com
2026-06-08 06:52:37[INFO]com.abubakar.connectify.controller.ChatController-Restore chat request API received | chatId: 3
2026-06-08 06:52:37[INFO]com.abubakar.connectify.service.impl.ChatServiceImpl-Requesting chat restore | chatId: 3
2026-06-08 06:52:37[DEBUG]com.abubakar.connectify.util.UserAccessValidator-Validating user access | userId: 2
2026-06-08 06:52:37[DEBUG]com.abubakar.connectify.util.UserAccessValidator-User validation successful | userId: 2
2026-06-08 06:52:37[DEBUG]com.abubakar.connectify.util.AuthUtil-Authenticated active user fetched successfully | userId: 2
2026-06-08 06:52:37[INFO]com.abubakar.connectify.service.impl.ChatServiceImpl-Chat restore request received | chatId: 3 | userId: 2
2026-06-08 06:52:37[DEBUG]com.abubakar.connectify.util.ChatAccessValidator-Fetching chat | chatId: 3
2026-06-08 06:52:37[INFO]com.abubakar.connectify.service.impl.NotificationServiceImpl-Creating notification | receiverId: 1 | senderId: 2
2026-06-08 06:52:37[DEBUG]com.abubakar.connectify.util.UserAccessValidator-Validating user access | userId: 1
2026-06-08 06:52:37[DEBUG]com.abubakar.connectify.util.UserAccessValidator-User validation successful | userId: 1
2026-06-08 06:52:37[DEBUG]com.abubakar.connectify.util.UserAccessValidator-Validating user access | userId: 2
2026-06-08 06:52:37[DEBUG]com.abubakar.connectify.util.UserAccessValidator-User validation successful | userId: 2
2026-06-08 06:52:37[INFO]com.abubakar.connectify.service.impl.NotificationServiceImpl-Notification created successfully
| receiverId: 1
| senderId: 2
| type: RESTORE_REQUEST

2026-06-08 06:52:37[INFO]com.abubakar.connectify.service.impl.ChatServiceImpl-Chat restore request submitted successfully | chatId: 3 | userId: 2
2026-06-08 06:52:37[INFO]com.abubakar.connectify.configuration.RequestLoggingFilter-POST /api/v1/chats/3/restore-request | Status: 200
2026-06-08 06:52:52[INFO]com.abubakar.connectify.controller.AuthController-Login Api initiated for: admin@gmail.com
2026-06-08 06:52:52[DEBUG]com.abubakar.connectify.service.impl.AuthServiceImpl-Starting login | email: admin@gmail.com
2026-06-08 06:52:52[INFO]com.abubakar.connectify.service.impl.CustomUserDetailsService-Authentication request received for email: admin@gmail.com
2026-06-08 06:52:52[DEBUG]com.abubakar.connectify.service.impl.CustomUserDetailsService-User loaded successfully with email: admin@gmail.com and role: ADMIN
2026-06-08 06:52:52[INFO]com.abubakar.connectify.security.JwtUtils-Generating token for user: admin@gmail.com
2026-06-08 06:52:52[INFO]com.abubakar.connectify.service.impl.RefreshTokenServiceImpl-Refresh token created/updated | userId: 1
2026-06-08 06:52:52[INFO]com.abubakar.connectify.service.impl.AuthServiceImpl-Login successful | userId: 1 | email: admin@gmail.com
2026-06-08 06:52:52[INFO]com.abubakar.connectify.configuration.RequestLoggingFilter-POST /api/v1/auth/login | Status: 200
2026-06-08 06:53:02[INFO]com.abubakar.connectify.service.impl.CustomUserDetailsService-Authentication request received for email: admin@gmail.com
2026-06-08 06:53:02[DEBUG]com.abubakar.connectify.service.impl.CustomUserDetailsService-User loaded successfully with email: admin@gmail.com and role: ADMIN
2026-06-08 06:53:02[INFO]com.abubakar.connectify.security.JwtUtils-Token validation result for user admin@gmail.com : true
2026-06-08 06:53:02[INFO]com.abubakar.connectify.security.JwtFilter-User authenticated successfully: admin@gmail.com
2026-06-08 06:53:02[INFO]com.abubakar.connectify.controller.AdminChatController-Admin approve chat restore API called | chatId: 3
2026-06-08 06:53:02[DEBUG]com.abubakar.connectify.util.UserAccessValidator-Validating user access | userId: 1
2026-06-08 06:53:02[DEBUG]com.abubakar.connectify.util.UserAccessValidator-User validation successful | userId: 1
2026-06-08 06:53:02[DEBUG]com.abubakar.connectify.util.AuthUtil-Authenticated active user fetched successfully | userId: 1
2026-06-08 06:53:02[DEBUG]com.abubakar.connectify.util.ChatAccessValidator-Fetching chat | chatId: 3
2026-06-08 06:53:02[INFO]com.abubakar.connectify.service.impl.NotificationServiceImpl-Creating system notification | receiverId: 2 | senderId: 1
2026-06-08 06:53:02[DEBUG]com.abubakar.connectify.util.UserAccessValidator-Validating user access | userId: 2
2026-06-08 06:53:02[DEBUG]com.abubakar.connectify.util.UserAccessValidator-User validation successful | userId: 2
2026-06-08 06:53:02[DEBUG]com.abubakar.connectify.util.UserAccessValidator-Validating user access | userId: 1
2026-06-08 06:53:02[DEBUG]com.abubakar.connectify.util.UserAccessValidator-User validation successful | userId: 1
2026-06-08 06:53:02[INFO]com.abubakar.connectify.service.impl.NotificationServiceImpl-System notification created successfully | receiverId: 2
2026-06-08 06:53:02[INFO]com.abubakar.connectify.service.impl.NotificationServiceImpl-Creating system notification | receiverId: 6 | senderId: 1
2026-06-08 06:53:02[DEBUG]com.abubakar.connectify.util.UserAccessValidator-Validating user access | userId: 6
2026-06-08 06:53:02[DEBUG]com.abubakar.connectify.util.UserAccessValidator-User validation successful | userId: 6
2026-06-08 06:53:02[DEBUG]com.abubakar.connectify.util.UserAccessValidator-Validating user access | userId: 1
2026-06-08 06:53:02[DEBUG]com.abubakar.connectify.util.UserAccessValidator-User validation successful | userId: 1
2026-06-08 06:53:02[INFO]com.abubakar.connectify.service.impl.NotificationServiceImpl-System notification created successfully | receiverId: 6
2026-06-08 06:53:02[INFO]com.abubakar.connectify.service.impl.AdminChatServiceImpl-Chat restore request is approved successfully by admin | chatId: 3
2026-06-08 06:53:02[INFO]com.abubakar.connectify.configuration.RequestLoggingFilter-PATCH /api/v1/admin/chats/3/restore/approve | Status: 200
2026-06-08 06:53:15[INFO]com.abubakar.connectify.controller.AuthController-Login Api initiated for: asif@gmail.com
2026-06-08 06:53:15[DEBUG]com.abubakar.connectify.service.impl.AuthServiceImpl-Starting login | email: asif@gmail.com
2026-06-08 06:53:15[INFO]com.abubakar.connectify.service.impl.CustomUserDetailsService-Authentication request received for email: asif@gmail.com
2026-06-08 06:53:15[DEBUG]com.abubakar.connectify.service.impl.CustomUserDetailsService-User loaded successfully with email: asif@gmail.com and role: USER
2026-06-08 06:53:16[INFO]com.abubakar.connectify.security.JwtUtils-Generating token for user: asif@gmail.com
2026-06-08 06:53:16[INFO]com.abubakar.connectify.service.impl.RefreshTokenServiceImpl-Refresh token created/updated | userId: 2
2026-06-08 06:53:16[INFO]com.abubakar.connectify.service.impl.AuthServiceImpl-Login successful | userId: 2 | email: asif@gmail.com
2026-06-08 06:53:16[INFO]com.abubakar.connectify.configuration.RequestLoggingFilter-POST /api/v1/auth/login | Status: 200
2026-06-08 06:53:23[INFO]com.abubakar.connectify.service.impl.CustomUserDetailsService-Authentication request received for email: asif@gmail.com
2026-06-08 06:53:23[DEBUG]com.abubakar.connectify.service.impl.CustomUserDetailsService-User loaded successfully with email: asif@gmail.com and role: USER
2026-06-08 06:53:23[INFO]com.abubakar.connectify.security.JwtUtils-Token validation result for user asif@gmail.com : true
2026-06-08 06:53:23[INFO]com.abubakar.connectify.security.JwtFilter-User authenticated successfully: asif@gmail.com
2026-06-08 06:53:23[INFO]com.abubakar.connectify.controller.ChatController-Get chats API request received | cursor: null | size: 20
2026-06-08 06:53:23[INFO]com.abubakar.connectify.service.impl.ChatServiceImpl-Fetching user chats
2026-06-08 06:53:23[DEBUG]com.abubakar.connectify.util.UserAccessValidator-Validating user access | userId: 2
2026-06-08 06:53:23[DEBUG]com.abubakar.connectify.util.UserAccessValidator-User validation successful | userId: 2
2026-06-08 06:53:23[DEBUG]com.abubakar.connectify.util.AuthUtil-Authenticated active user fetched successfully | userId: 2
2026-06-08 06:53:23[INFO]com.abubakar.connectify.service.impl.ChatServiceImpl-Fetching chats for user | userId: 2 | cursor: null | size: 20
2026-06-08 06:53:23[DEBUG]com.abubakar.connectify.service.impl.ChatServiceImpl-Chats fetched successfully | userId: 2 | totalChats: 2
2026-06-08 06:53:23[INFO]com.abubakar.connectify.service.impl.ChatServiceImpl-Participants loaded: 2
2026-06-08 06:53:23[INFO]com.abubakar.connectify.service.impl.ChatServiceImpl-Participants loaded: 2
2026-06-08 06:53:23[INFO]com.abubakar.connectify.configuration.RequestLoggingFilter-GET /api/v1/chats | Status: 200
2026-06-08 06:53:59[INFO]com.abubakar.connectify.service.impl.CustomUserDetailsService-Authentication request received for email: asif@gmail.com
2026-06-08 06:53:59[DEBUG]com.abubakar.connectify.service.impl.CustomUserDetailsService-User loaded successfully with email: asif@gmail.com and role: USER
2026-06-08 06:53:59[INFO]com.abubakar.connectify.security.JwtUtils-Token validation result for user asif@gmail.com : true
2026-06-08 06:53:59[INFO]com.abubakar.connectify.security.JwtFilter-User authenticated successfully: asif@gmail.com
2026-06-08 06:53:59[INFO]com.abubakar.connectify.controller.StoryController-Get my stories request received | cursor: null | size: 10
2026-06-08 06:53:59[DEBUG]com.abubakar.connectify.util.UserAccessValidator-Validating user access | userId: 2
2026-06-08 06:53:59[DEBUG]com.abubakar.connectify.util.UserAccessValidator-User validation successful | userId: 2
2026-06-08 06:53:59[DEBUG]com.abubakar.connectify.util.AuthUtil-Authenticated active user fetched successfully | userId: 2
2026-06-08 06:53:59[INFO]com.abubakar.connectify.service.impl.StoryServiceImpl-Fetching current user stories | userId: 2 | cursor: null | size: 10
2026-06-08 06:53:59[INFO]com.abubakar.connectify.service.impl.StoryServiceImpl-Current user stories fetched successfully | userId: 2 | storyCount: 1
2026-06-08 06:53:59[INFO]com.abubakar.connectify.configuration.RequestLoggingFilter-GET /api/v1/stories/me | Status: 200
2026-06-08 06:54:05[INFO]com.abubakar.connectify.service.impl.CustomUserDetailsService-Authentication request received for email: asif@gmail.com
2026-06-08 06:54:05[DEBUG]com.abubakar.connectify.service.impl.CustomUserDetailsService-User loaded successfully with email: asif@gmail.com and role: USER
2026-06-08 06:54:05[INFO]com.abubakar.connectify.security.JwtUtils-Token validation result for user asif@gmail.com : true
2026-06-08 06:54:05[INFO]com.abubakar.connectify.security.JwtFilter-User authenticated successfully: asif@gmail.com
2026-06-08 06:54:05[INFO]com.abubakar.connectify.controller.StoryController-Get active stories api request received | cursor: null | size: 10
2026-06-08 06:54:05[INFO]com.abubakar.connectify.service.impl.StoryServiceImpl-Fetching active stories | cursor: null | size: 10
2026-06-08 06:54:05[DEBUG]com.abubakar.connectify.util.UserAccessValidator-Validating user access | userId: 2
2026-06-08 06:54:05[DEBUG]com.abubakar.connectify.util.UserAccessValidator-User validation successful | userId: 2
2026-06-08 06:54:05[DEBUG]com.abubakar.connectify.util.AuthUtil-Authenticated active user fetched successfully | userId: 2
2026-06-08 06:54:05[DEBUG]com.abubakar.connectify.service.impl.StoryServiceImpl-Validating story owner account status while getting active stories | ownerId: 2
2026-06-08 06:54:05[DEBUG]com.abubakar.connectify.util.UserAccessValidator-Validating user access | userId: 2
2026-06-08 06:54:05[DEBUG]com.abubakar.connectify.util.UserAccessValidator-User validation successful | userId: 2
2026-06-08 06:54:05[INFO]com.abubakar.connectify.service.impl.StoryServiceImpl-Active stories fetched successfully | count: 1
2026-06-08 06:54:05[INFO]com.abubakar.connectify.configuration.RequestLoggingFilter-GET /api/v1/stories | Status: 200
2026-06-08 06:54:31[INFO]com.abubakar.connectify.service.impl.CustomUserDetailsService-Authentication request received for email: asif@gmail.com
2026-06-08 06:54:31[DEBUG]com.abubakar.connectify.service.impl.CustomUserDetailsService-User loaded successfully with email: asif@gmail.com and role: USER
2026-06-08 06:54:31[INFO]com.abubakar.connectify.security.JwtUtils-Token validation result for user asif@gmail.com : true
2026-06-08 06:54:31[INFO]com.abubakar.connectify.security.JwtFilter-User authenticated successfully: asif@gmail.com
2026-06-08 06:54:31[INFO]com.abubakar.connectify.controller.StoryController-Get user active stories request received | userId: 6 | cursor: null | size: 10
2026-06-08 06:54:31[INFO]com.abubakar.connectify.service.impl.StoryServiceImpl-Fetching user active stories | userId: 6 | cursor: null | size: 10
2026-06-08 06:54:31[DEBUG]com.abubakar.connectify.util.UserAccessValidator-Validating user access | userId: 6
2026-06-08 06:54:31[DEBUG]com.abubakar.connectify.util.UserAccessValidator-User validation successful | userId: 6
2026-06-08 06:54:31[INFO]com.abubakar.connectify.service.impl.StoryServiceImpl-User active stories fetched successfully | userId: 6 | storyCount: 0
2026-06-08 06:54:31[DEBUG]com.abubakar.connectify.util.UserAccessValidator-Validating user access | userId: 2
2026-06-08 06:54:31[DEBUG]com.abubakar.connectify.util.UserAccessValidator-User validation successful | userId: 2
2026-06-08 06:54:31[DEBUG]com.abubakar.connectify.util.AuthUtil-Authenticated active user fetched successfully | userId: 2
2026-06-08 06:54:31[INFO]com.abubakar.connectify.configuration.RequestLoggingFilter-GET /api/v1/stories/user/6 | Status: 200
2026-06-08 06:54:36[INFO]com.abubakar.connectify.service.impl.CustomUserDetailsService-Authentication request received for email: asif@gmail.com
2026-06-08 06:54:36[DEBUG]com.abubakar.connectify.service.impl.CustomUserDetailsService-User loaded successfully with email: asif@gmail.com and role: USER
2026-06-08 06:54:36[INFO]com.abubakar.connectify.security.JwtUtils-Token validation result for user asif@gmail.com : true
2026-06-08 06:54:36[INFO]com.abubakar.connectify.security.JwtFilter-User authenticated successfully: asif@gmail.com
2026-06-08 06:54:36[INFO]com.abubakar.connectify.controller.StoryController-Get user active stories request received | userId: 3 | cursor: null | size: 10
2026-06-08 06:54:36[INFO]com.abubakar.connectify.service.impl.StoryServiceImpl-Fetching user active stories | userId: 3 | cursor: null | size: 10
2026-06-08 06:54:36[DEBUG]com.abubakar.connectify.util.UserAccessValidator-Validating user access | userId: 3
2026-06-08 06:54:36[DEBUG]com.abubakar.connectify.util.UserAccessValidator-User validation successful | userId: 3
2026-06-08 06:54:36[INFO]com.abubakar.connectify.service.impl.StoryServiceImpl-User active stories fetched successfully | userId: 3 | storyCount: 0
2026-06-08 06:54:36[DEBUG]com.abubakar.connectify.util.UserAccessValidator-Validating user access | userId: 2
2026-06-08 06:54:36[DEBUG]com.abubakar.connectify.util.UserAccessValidator-User validation successful | userId: 2
2026-06-08 06:54:36[DEBUG]com.abubakar.connectify.util.AuthUtil-Authenticated active user fetched successfully | userId: 2
2026-06-08 06:54:36[INFO]com.abubakar.connectify.configuration.RequestLoggingFilter-GET /api/v1/stories/user/3 | Status: 200
2026-06-08 06:54:58[INFO]com.abubakar.connectify.service.impl.CustomUserDetailsService-Authentication request received for email: asif@gmail.com
2026-06-08 06:54:58[DEBUG]com.abubakar.connectify.service.impl.CustomUserDetailsService-User loaded successfully with email: asif@gmail.com and role: USER
2026-06-08 06:54:58[INFO]com.abubakar.connectify.security.JwtUtils-Token validation result for user asif@gmail.com : true
2026-06-08 06:54:58[INFO]com.abubakar.connectify.security.JwtFilter-User authenticated successfully: asif@gmail.com
2026-06-08 06:54:58[INFO]com.abubakar.connectify.controller.StoryController-Get user active stories request received | userId: 7 | cursor: null | size: 10
2026-06-08 06:54:58[INFO]com.abubakar.connectify.service.impl.StoryServiceImpl-Fetching user active stories | userId: 7 | cursor: null | size: 10
2026-06-08 06:54:58[DEBUG]com.abubakar.connectify.util.UserAccessValidator-Validating user access | userId: 7
2026-06-08 06:54:58[WARN]com.abubakar.connectify.util.UserAccessValidator-User validation failed | user not found | userId: 7
2026-06-08 06:54:58[ERROR]com.abubakar.connectify.exception.GlobalExceptionHandler-Business exception occurred | errorCode: RESOURCE_NOT_FOUND | status: 404 NOT_FOUND | message: User is not found with ID:7
com.abubakar.connectify.exception.ResourceNotFound: User is not found with ID:7
	at com.abubakar.connectify.util.UserAccessValidator.lambda$getValidUser$0(UserAccessValidator.java:42)
	at java.base/java.util.Optional.orElseThrow(Optional.java:403)
	at com.abubakar.connectify.util.UserAccessValidator.getValidUser(UserAccessValidator.java:35)
	at com.abubakar.connectify.service.impl.StoryServiceImpl.getUserActiveStories(StoryServiceImpl.java:738)
	at java.base/jdk.internal.reflect.DirectMethodHandleAccessor.invoke(DirectMethodHandleAccessor.java:103)
	at java.base/java.lang.reflect.Method.invoke(Method.java:580)
	at org.springframework.aop.support.AopUtils.invokeJoinpointUsingReflection(AopUtils.java:359)
	at org.springframework.aop.framework.ReflectiveMethodInvocation.invokeJoinpoint(ReflectiveMethodInvocation.java:190)
	at org.springframework.aop.framework.ReflectiveMethodInvocation.proceed(ReflectiveMethodInvocation.java:158)
	at org.springframework.transaction.interceptor.TransactionInterceptor$1.proceedWithInvocation(TransactionInterceptor.java:133)
	at org.springframework.transaction.interceptor.TransactionAspectSupport.invokeWithinTransaction(TransactionAspectSupport.java:371)
	at org.springframework.transaction.interceptor.TransactionInterceptor.invoke(TransactionInterceptor.java:130)
	at org.springframework.aop.framework.ReflectiveMethodInvocation.proceed(ReflectiveMethodInvocation.java:179)
	at org.springframework.aop.framework.CglibAopProxy$DynamicAdvisedInterceptor.intercept(CglibAopProxy.java:719)
	at com.abubakar.connectify.service.impl.StoryServiceImpl$$SpringCGLIB$$0.getUserActiveStories(<generated>)
	at com.abubakar.connectify.controller.StoryController.getUserActiveStories(StoryController.java:250)
	at java.base/jdk.internal.reflect.DirectMethodHandleAccessor.invoke(DirectMethodHandleAccessor.java:103)
	at java.base/java.lang.reflect.Method.invoke(Method.java:580)
	at org.springframework.web.method.support.InvocableHandlerMethod.doInvoke(InvocableHandlerMethod.java:252)
	at org.springframework.web.method.support.InvocableHandlerMethod.invokeForRequest(InvocableHandlerMethod.java:184)
	at org.springframework.web.servlet.mvc.method.annotation.ServletInvocableHandlerMethod.invokeAndHandle(ServletInvocableHandlerMethod.java:117)
	at org.springframework.web.servlet.mvc.method.annotation.RequestMappingHandlerAdapter.invokeHandlerMethod(RequestMappingHandlerAdapter.java:934)
	at org.springframework.web.servlet.mvc.method.annotation.RequestMappingHandlerAdapter.handleInternal(RequestMappingHandlerAdapter.java:853)
	at org.springframework.web.servlet.mvc.method.AbstractHandlerMethodAdapter.handle(AbstractHandlerMethodAdapter.java:86)
	at org.springframework.web.servlet.DispatcherServlet.doDispatch(DispatcherServlet.java:963)
	at org.springframework.web.servlet.DispatcherServlet.doService(DispatcherServlet.java:866)
	at org.springframework.web.servlet.FrameworkServlet.processRequest(FrameworkServlet.java:1000)
	at org.springframework.web.servlet.FrameworkServlet.doGet(FrameworkServlet.java:892)
	at jakarta.servlet.http.HttpServlet.service(HttpServlet.java:622)
	at org.springframework.web.servlet.FrameworkServlet.service(FrameworkServlet.java:874)
	at jakarta.servlet.http.HttpServlet.service(HttpServlet.java:710)
	at org.apache.catalina.core.ApplicationFilterChain.doFilter(ApplicationFilterChain.java:128)
	at org.apache.tomcat.websocket.server.WsFilter.doFilter(WsFilter.java:53)
	at org.apache.catalina.core.ApplicationFilterChain.doFilter(ApplicationFilterChain.java:107)
	at org.springframework.web.filter.OncePerRequestFilter.doFilter(OncePerRequestFilter.java:110)
	at org.apache.catalina.core.ApplicationFilterChain.doFilter(ApplicationFilterChain.java:107)
	at org.springframework.web.filter.OncePerRequestFilter.doFilter(OncePerRequestFilter.java:110)
	at org.apache.catalina.core.ApplicationFilterChain.doFilter(ApplicationFilterChain.java:107)
	at com.abubakar.connectify.configuration.RequestLoggingFilter.doFilterInternal(RequestLoggingFilter.java:30)
	at org.springframework.web.filter.OncePerRequestFilter.doFilter(OncePerRequestFilter.java:116)
	at org.apache.catalina.core.ApplicationFilterChain.doFilter(ApplicationFilterChain.java:107)
	at org.springframework.web.filter.CompositeFilter$VirtualFilterChain.doFilter(CompositeFilter.java:108)
	at org.springframework.security.web.FilterChainProxy.lambda$doFilterInternal$3(FilterChainProxy.java:235)
	at org.springframework.security.web.FilterChainProxy$VirtualFilterChain.doFilter(FilterChainProxy.java:376)
	at org.springframework.security.web.access.intercept.AuthorizationFilter.doFilter(AuthorizationFilter.java:101)
	at org.springframework.security.web.FilterChainProxy$VirtualFilterChain.doFilter(FilterChainProxy.java:385)
	at org.springframework.security.web.access.ExceptionTranslationFilter.doFilter(ExceptionTranslationFilter.java:126)
	at org.springframework.security.web.access.ExceptionTranslationFilter.doFilter(ExceptionTranslationFilter.java:120)
	at org.springframework.security.web.FilterChainProxy$VirtualFilterChain.doFilter(FilterChainProxy.java:385)
	at org.springframework.security.web.session.SessionManagementFilter.doFilter(SessionManagementFilter.java:132)
	at org.springframework.security.web.session.SessionManagementFilter.doFilter(SessionManagementFilter.java:86)
	at org.springframework.security.web.FilterChainProxy$VirtualFilterChain.doFilter(FilterChainProxy.java:385)
	at org.springframework.security.web.authentication.AnonymousAuthenticationFilter.doFilter(AnonymousAuthenticationFilter.java:100)
	at org.springframework.security.web.FilterChainProxy$VirtualFilterChain.doFilter(FilterChainProxy.java:385)
	at org.springframework.security.web.servletapi.SecurityContextHolderAwareRequestFilter.doFilter(SecurityContextHolderAwareRequestFilter.java:181)
	at org.springframework.security.web.FilterChainProxy$VirtualFilterChain.doFilter(FilterChainProxy.java:385)
	at org.springframework.security.web.savedrequest.RequestCacheAwareFilter.doFilter(RequestCacheAwareFilter.java:63)
	at org.springframework.security.web.FilterChainProxy$VirtualFilterChain.doFilter(FilterChainProxy.java:385)
	at org.springframework.security.web.authentication.ui.DefaultLogoutPageGeneratingFilter.doFilterInternal(DefaultLogoutPageGeneratingFilter.java:60)
	at org.springframework.web.filter.OncePerRequestFilter.doFilter(OncePerRequestFilter.java:116)
	at org.springframework.security.web.FilterChainProxy$VirtualFilterChain.doFilter(FilterChainProxy.java:385)
	at org.springframework.security.web.authentication.ui.DefaultLoginPageGeneratingFilter.doFilter(DefaultLoginPageGeneratingFilter.java:246)
	at org.springframework.security.web.authentication.ui.DefaultLoginPageGeneratingFilter.doFilter(DefaultLoginPageGeneratingFilter.java:232)
	at org.springframework.security.web.FilterChainProxy$VirtualFilterChain.doFilter(FilterChainProxy.java:385)
	at org.springframework.security.web.authentication.ui.DefaultResourcesFilter.doFilter(DefaultResourcesFilter.java:73)
	at org.springframework.security.web.FilterChainProxy$VirtualFilterChain.doFilter(FilterChainProxy.java:385)
	at com.abubakar.connectify.security.JwtFilter.doFilterInternal(JwtFilter.java:141)
	at org.springframework.web.filter.OncePerRequestFilter.doFilter(OncePerRequestFilter.java:116)
	at org.springframework.security.web.FilterChainProxy$VirtualFilterChain.doFilter(FilterChainProxy.java:385)
	at org.springframework.security.web.authentication.AbstractAuthenticationProcessingFilter.doFilter(AbstractAuthenticationProcessingFilter.java:245)
	at org.springframework.security.web.authentication.AbstractAuthenticationProcessingFilter.doFilter(AbstractAuthenticationProcessingFilter.java:239)
	at org.springframework.security.web.FilterChainProxy$VirtualFilterChain.doFilter(FilterChainProxy.java:385)
	at org.springframework.security.oauth2.client.web.OAuth2AuthorizationRequestRedirectFilter.doFilterInternal(OAuth2AuthorizationRequestRedirectFilter.java:195)
	at org.springframework.web.filter.OncePerRequestFilter.doFilter(OncePerRequestFilter.java:116)
	at org.springframework.security.web.FilterChainProxy$VirtualFilterChain.doFilter(FilterChainProxy.java:385)
	at org.springframework.security.web.authentication.logout.LogoutFilter.doFilter(LogoutFilter.java:110)
	at org.springframework.security.web.authentication.logout.LogoutFilter.doFilter(LogoutFilter.java:96)
	at org.springframework.security.web.FilterChainProxy$VirtualFilterChain.doFilter(FilterChainProxy.java:385)
	at org.springframework.web.filter.CorsFilter.doFilterInternal(CorsFilter.java:91)
	at org.springframework.web.filter.OncePerRequestFilter.doFilter(OncePerRequestFilter.java:116)
	at org.springframework.security.web.FilterChainProxy$VirtualFilterChain.doFilter(FilterChainProxy.java:385)
	at org.springframework.security.web.header.HeaderWriterFilter.doHeadersAfter(HeaderWriterFilter.java:90)
	at org.springframework.security.web.header.HeaderWriterFilter.doFilterInternal(HeaderWriterFilter.java:75)
	at org.springframework.web.filter.OncePerRequestFilter.doFilter(OncePerRequestFilter.java:116)
	at org.springframework.security.web.FilterChainProxy$VirtualFilterChain.doFilter(FilterChainProxy.java:385)
	at org.springframework.security.web.context.SecurityContextHolderFilter.doFilter(SecurityContextHolderFilter.java:82)
	at org.springframework.security.web.context.SecurityContextHolderFilter.doFilter(SecurityContextHolderFilter.java:69)
	at org.springframework.security.web.FilterChainProxy$VirtualFilterChain.doFilter(FilterChainProxy.java:385)
	at org.springframework.security.web.context.request.async.WebAsyncManagerIntegrationFilter.doFilterInternal(WebAsyncManagerIntegrationFilter.java:62)
	at org.springframework.web.filter.OncePerRequestFilter.doFilter(OncePerRequestFilter.java:116)
	at org.springframework.security.web.FilterChainProxy$VirtualFilterChain.doFilter(FilterChainProxy.java:385)
	at org.springframework.security.web.session.DisableEncodeUrlFilter.doFilterInternal(DisableEncodeUrlFilter.java:42)
	at org.springframework.web.filter.OncePerRequestFilter.doFilter(OncePerRequestFilter.java:116)
	at org.springframework.security.web.FilterChainProxy$VirtualFilterChain.doFilter(FilterChainProxy.java:385)
	at org.springframework.security.web.FilterChainProxy.doFilterInternal(FilterChainProxy.java:237)
	at org.springframework.security.web.FilterChainProxy.doFilter(FilterChainProxy.java:195)
	at org.springframework.web.filter.CompositeFilter$VirtualFilterChain.doFilter(CompositeFilter.java:113)
	at org.springframework.web.filter.ServletRequestPathFilter.doFilter(ServletRequestPathFilter.java:52)
	at org.springframework.web.filter.CompositeFilter$VirtualFilterChain.doFilter(CompositeFilter.java:113)
	at org.springframework.web.filter.CompositeFilter.doFilter(CompositeFilter.java:74)
	at org.springframework.security.config.annotation.web.configuration.WebSecurityConfiguration$CompositeFilterChainProxy.doFilter(WebSecurityConfiguration.java:317)
	at org.springframework.web.filter.DelegatingFilterProxy.invokeDelegate(DelegatingFilterProxy.java:355)
	at org.springframework.web.filter.DelegatingFilterProxy.doFilter(DelegatingFilterProxy.java:272)
	at org.apache.catalina.core.ApplicationFilterChain.doFilter(ApplicationFilterChain.java:107)
	at org.springframework.web.filter.RequestContextFilter.doFilterInternal(RequestContextFilter.java:100)
	at org.springframework.web.filter.OncePerRequestFilter.doFilter(OncePerRequestFilter.java:116)
	at org.apache.catalina.core.ApplicationFilterChain.doFilter(ApplicationFilterChain.java:107)
	at org.springframework.web.filter.FormContentFilter.doFilterInternal(FormContentFilter.java:93)
	at org.springframework.web.filter.OncePerRequestFilter.doFilter(OncePerRequestFilter.java:116)
	at org.apache.catalina.core.ApplicationFilterChain.doFilter(ApplicationFilterChain.java:107)
	at org.springframework.web.filter.CharacterEncodingFilter.doFilterInternal(CharacterEncodingFilter.java:199)
	at org.springframework.web.filter.OncePerRequestFilter.doFilter(OncePerRequestFilter.java:116)
	at org.apache.catalina.core.ApplicationFilterChain.doFilter(ApplicationFilterChain.java:107)
	at org.apache.catalina.core.StandardWrapperValve.invoke(StandardWrapperValve.java:165)
	at org.apache.catalina.core.StandardContextValve.invoke(StandardContextValve.java:77)
	at org.apache.catalina.authenticator.AuthenticatorBase.invoke(AuthenticatorBase.java:492)
	at org.apache.catalina.core.StandardHostValve.invoke(StandardHostValve.java:113)
	at org.apache.catalina.valves.ErrorReportValve.invoke(ErrorReportValve.java:83)
	at org.apache.catalina.core.StandardEngineValve.invoke(StandardEngineValve.java:72)
	at org.apache.catalina.connector.CoyoteAdapter.service(CoyoteAdapter.java:341)
	at org.apache.coyote.http11.Http11Processor.service(Http11Processor.java:397)
	at org.apache.coyote.AbstractProcessorLight.process(AbstractProcessorLight.java:63)
	at org.apache.coyote.AbstractProtocol$ConnectionHandler.process(AbstractProtocol.java:903)
	at org.apache.tomcat.util.net.NioEndpoint$SocketProcessor.doRun(NioEndpoint.java:1801)
	at org.apache.tomcat.util.net.SocketProcessorBase.run(SocketProcessorBase.java:52)
	at org.apache.tomcat.util.threads.ThreadPoolExecutor.runWorker(ThreadPoolExecutor.java:946)
	at org.apache.tomcat.util.threads.ThreadPoolExecutor$Worker.run(ThreadPoolExecutor.java:480)
	at org.apache.tomcat.util.threads.TaskThread$WrappingRunnable.run(TaskThread.java:57)
	at java.base/java.lang.Thread.run(Thread.java:1583)
2026-06-08 06:54:58[INFO]com.abubakar.connectify.configuration.RequestLoggingFilter-GET /api/v1/stories/user/7 | Status: 404
2026-06-08 06:55:00[INFO]com.abubakar.connectify.service.impl.CustomUserDetailsService-Authentication request received for email: asif@gmail.com
2026-06-08 06:55:00[DEBUG]com.abubakar.connectify.service.impl.CustomUserDetailsService-User loaded successfully with email: asif@gmail.com and role: USER
2026-06-08 06:55:00[INFO]com.abubakar.connectify.security.JwtUtils-Token validation result for user asif@gmail.com : true
2026-06-08 06:55:00[INFO]com.abubakar.connectify.security.JwtFilter-User authenticated successfully: asif@gmail.com
2026-06-08 06:55:00[INFO]com.abubakar.connectify.controller.StoryController-Get user active stories request received | userId: 6 | cursor: null | size: 10
2026-06-08 06:55:00[INFO]com.abubakar.connectify.service.impl.StoryServiceImpl-Fetching user active stories | userId: 6 | cursor: null | size: 10
2026-06-08 06:55:00[DEBUG]com.abubakar.connectify.util.UserAccessValidator-Validating user access | userId: 6
2026-06-08 06:55:00[DEBUG]com.abubakar.connectify.util.UserAccessValidator-User validation successful | userId: 6
2026-06-08 06:55:00[INFO]com.abubakar.connectify.service.impl.StoryServiceImpl-User active stories fetched successfully | userId: 6 | storyCount: 0
2026-06-08 06:55:00[DEBUG]com.abubakar.connectify.util.UserAccessValidator-Validating user access | userId: 2
2026-06-08 06:55:00[DEBUG]com.abubakar.connectify.util.UserAccessValidator-User validation successful | userId: 2
2026-06-08 06:55:00[DEBUG]com.abubakar.connectify.util.AuthUtil-Authenticated active user fetched successfully | userId: 2
2026-06-08 06:55:00[INFO]com.abubakar.connectify.configuration.RequestLoggingFilter-GET /api/v1/stories/user/6 | Status: 200
2026-06-08 06:55:03[INFO]com.abubakar.connectify.service.impl.CustomUserDetailsService-Authentication request received for email: asif@gmail.com
2026-06-08 06:55:03[DEBUG]com.abubakar.connectify.service.impl.CustomUserDetailsService-User loaded successfully with email: asif@gmail.com and role: USER
2026-06-08 06:55:03[INFO]com.abubakar.connectify.security.JwtUtils-Token validation result for user asif@gmail.com : true
2026-06-08 06:55:03[INFO]com.abubakar.connectify.security.JwtFilter-User authenticated successfully: asif@gmail.com
2026-06-08 06:55:03[INFO]com.abubakar.connectify.controller.StoryController-Get user active stories request received | userId: 5 | cursor: null | size: 10
2026-06-08 06:55:03[INFO]com.abubakar.connectify.service.impl.StoryServiceImpl-Fetching user active stories | userId: 5 | cursor: null | size: 10
2026-06-08 06:55:03[DEBUG]com.abubakar.connectify.util.UserAccessValidator-Validating user access | userId: 5
2026-06-08 06:55:03[DEBUG]com.abubakar.connectify.util.UserAccessValidator-User validation successful | userId: 5
2026-06-08 06:55:03[INFO]com.abubakar.connectify.service.impl.StoryServiceImpl-User active stories fetched successfully | userId: 5 | storyCount: 0
2026-06-08 06:55:03[DEBUG]com.abubakar.connectify.util.UserAccessValidator-Validating user access | userId: 2
2026-06-08 06:55:03[DEBUG]com.abubakar.connectify.util.UserAccessValidator-User validation successful | userId: 2
2026-06-08 06:55:03[DEBUG]com.abubakar.connectify.util.AuthUtil-Authenticated active user fetched successfully | userId: 2
2026-06-08 06:55:03[INFO]com.abubakar.connectify.configuration.RequestLoggingFilter-GET /api/v1/stories/user/5 | Status: 200
2026-06-08 06:55:05[INFO]com.abubakar.connectify.service.impl.CustomUserDetailsService-Authentication request received for email: asif@gmail.com
2026-06-08 06:55:05[DEBUG]com.abubakar.connectify.service.impl.CustomUserDetailsService-User loaded successfully with email: asif@gmail.com and role: USER
2026-06-08 06:55:05[INFO]com.abubakar.connectify.security.JwtUtils-Token validation result for user asif@gmail.com : true
2026-06-08 06:55:05[INFO]com.abubakar.connectify.security.JwtFilter-User authenticated successfully: asif@gmail.com
2026-06-08 06:55:05[INFO]com.abubakar.connectify.controller.StoryController-Get user active stories request received | userId: 4 | cursor: null | size: 10
2026-06-08 06:55:05[INFO]com.abubakar.connectify.service.impl.StoryServiceImpl-Fetching user active stories | userId: 4 | cursor: null | size: 10
2026-06-08 06:55:05[DEBUG]com.abubakar.connectify.util.UserAccessValidator-Validating user access | userId: 4
2026-06-08 06:55:05[DEBUG]com.abubakar.connectify.util.UserAccessValidator-User validation successful | userId: 4
2026-06-08 06:55:05[INFO]com.abubakar.connectify.service.impl.StoryServiceImpl-User active stories fetched successfully | userId: 4 | storyCount: 0
2026-06-08 06:55:05[DEBUG]com.abubakar.connectify.util.UserAccessValidator-Validating user access | userId: 2
2026-06-08 06:55:05[DEBUG]com.abubakar.connectify.util.UserAccessValidator-User validation successful | userId: 2
2026-06-08 06:55:05[DEBUG]com.abubakar.connectify.util.AuthUtil-Authenticated active user fetched successfully | userId: 2
2026-06-08 06:55:05[INFO]com.abubakar.connectify.configuration.RequestLoggingFilter-GET /api/v1/stories/user/4 | Status: 200
2026-06-08 06:55:08[INFO]com.abubakar.connectify.service.impl.CustomUserDetailsService-Authentication request received for email: asif@gmail.com
2026-06-08 06:55:08[DEBUG]com.abubakar.connectify.service.impl.CustomUserDetailsService-User loaded successfully with email: asif@gmail.com and role: USER
2026-06-08 06:55:08[INFO]com.abubakar.connectify.security.JwtUtils-Token validation result for user asif@gmail.com : true
2026-06-08 06:55:08[INFO]com.abubakar.connectify.security.JwtFilter-User authenticated successfully: asif@gmail.com
2026-06-08 06:55:08[INFO]com.abubakar.connectify.controller.StoryController-Get user active stories request received | userId: 2 | cursor: null | size: 10
2026-06-08 06:55:08[INFO]com.abubakar.connectify.service.impl.StoryServiceImpl-Fetching user active stories | userId: 2 | cursor: null | size: 10
2026-06-08 06:55:08[DEBUG]com.abubakar.connectify.util.UserAccessValidator-Validating user access | userId: 2
2026-06-08 06:55:08[DEBUG]com.abubakar.connectify.util.UserAccessValidator-User validation successful | userId: 2
2026-06-08 06:55:08[INFO]com.abubakar.connectify.service.impl.StoryServiceImpl-User active stories fetched successfully | userId: 2 | storyCount: 1
2026-06-08 06:55:08[DEBUG]com.abubakar.connectify.util.UserAccessValidator-Validating user access | userId: 2
2026-06-08 06:55:08[DEBUG]com.abubakar.connectify.util.UserAccessValidator-User validation successful | userId: 2
2026-06-08 06:55:08[DEBUG]com.abubakar.connectify.util.AuthUtil-Authenticated active user fetched successfully | userId: 2
2026-06-08 06:55:08[INFO]com.abubakar.connectify.configuration.RequestLoggingFilter-GET /api/v1/stories/user/2 | Status: 200
2026-06-08 06:55:36[INFO]com.abubakar.connectify.controller.AuthController-Login Api initiated for: abu@gmail.com
2026-06-08 06:55:36[DEBUG]com.abubakar.connectify.service.impl.AuthServiceImpl-Starting login | email: abu@gmail.com
2026-06-08 06:55:36[INFO]com.abubakar.connectify.service.impl.CustomUserDetailsService-Authentication request received for email: abu@gmail.com
2026-06-08 06:55:36[DEBUG]com.abubakar.connectify.service.impl.CustomUserDetailsService-User loaded successfully with email: abu@gmail.com and role: USER
2026-06-08 06:55:36[INFO]com.abubakar.connectify.security.JwtUtils-Generating token for user: abu@gmail.com
2026-06-08 06:55:36[INFO]com.abubakar.connectify.service.impl.RefreshTokenServiceImpl-Refresh token created/updated | userId: 3
2026-06-08 06:55:36[INFO]com.abubakar.connectify.service.impl.AuthServiceImpl-Login successful | userId: 3 | email: abu@gmail.com
2026-06-08 06:55:37[INFO]com.abubakar.connectify.configuration.RequestLoggingFilter-POST /api/v1/auth/login | Status: 200
2026-06-08 06:55:44[INFO]com.abubakar.connectify.service.impl.CustomUserDetailsService-Authentication request received for email: abu@gmail.com
2026-06-08 06:55:44[DEBUG]com.abubakar.connectify.service.impl.CustomUserDetailsService-User loaded successfully with email: abu@gmail.com and role: USER
2026-06-08 06:55:44[INFO]com.abubakar.connectify.security.JwtUtils-Token validation result for user abu@gmail.com : true
2026-06-08 06:55:44[INFO]com.abubakar.connectify.security.JwtFilter-User authenticated successfully: abu@gmail.com
2026-06-08 06:55:44[INFO]com.abubakar.connectify.controller.StoryController-Get active stories api request received | cursor: null | size: 10
2026-06-08 06:55:44[INFO]com.abubakar.connectify.service.impl.StoryServiceImpl-Fetching active stories | cursor: null | size: 10
2026-06-08 06:55:44[DEBUG]com.abubakar.connectify.util.UserAccessValidator-Validating user access | userId: 3
2026-06-08 06:55:44[DEBUG]com.abubakar.connectify.util.UserAccessValidator-User validation successful | userId: 3
2026-06-08 06:55:44[DEBUG]com.abubakar.connectify.util.AuthUtil-Authenticated active user fetched successfully | userId: 3
2026-06-08 06:55:44[DEBUG]com.abubakar.connectify.service.impl.StoryServiceImpl-Validating story owner account status while getting active stories | ownerId: 3
2026-06-08 06:55:44[DEBUG]com.abubakar.connectify.util.UserAccessValidator-Validating user access | userId: 3
2026-06-08 06:55:44[DEBUG]com.abubakar.connectify.util.UserAccessValidator-User validation successful | userId: 3
2026-06-08 06:55:44[INFO]com.abubakar.connectify.service.impl.StoryServiceImpl-Active stories fetched successfully | count: 1
2026-06-08 06:55:44[INFO]com.abubakar.connectify.configuration.RequestLoggingFilter-GET /api/v1/stories | Status: 200
2026-06-08 06:56:03[INFO]com.abubakar.connectify.service.impl.CustomUserDetailsService-Authentication request received for email: abu@gmail.com
2026-06-08 06:56:03[DEBUG]com.abubakar.connectify.service.impl.CustomUserDetailsService-User loaded successfully with email: abu@gmail.com and role: USER
2026-06-08 06:56:03[INFO]com.abubakar.connectify.security.JwtUtils-Token validation result for user abu@gmail.com : true
2026-06-08 06:56:03[INFO]com.abubakar.connectify.security.JwtFilter-User authenticated successfully: abu@gmail.com
2026-06-08 06:56:03[INFO]com.abubakar.connectify.controller.ReportController-Report story API called | storyId: 2
2026-06-08 06:56:03[INFO]com.abubakar.connectify.service.impl.ReportServiceImpl-Reporting story | storyId: 2
2026-06-08 06:56:03[DEBUG]com.abubakar.connectify.util.UserAccessValidator-Validating user access | userId: 3
2026-06-08 06:56:03[DEBUG]com.abubakar.connectify.util.UserAccessValidator-User validation successful | userId: 3
2026-06-08 06:56:03[DEBUG]com.abubakar.connectify.util.AuthUtil-Authenticated active user fetched successfully | userId: 3
2026-06-08 06:56:03[DEBUG]com.abubakar.connectify.util.StoryAccessValidator-Validating active story access | storyId: 2
2026-06-08 06:56:03[DEBUG]com.abubakar.connectify.util.StoryAccessValidator-Fetching story | storyId: 2
2026-06-08 06:56:03[DEBUG]com.abubakar.connectify.util.StoryAccessValidator-Active story validation successful | storyId: 2
2026-06-08 06:56:03[INFO]com.abubakar.connectify.service.impl.NotificationServiceImpl-Creating notification | receiverId: 2 | senderId: 3
2026-06-08 06:56:03[DEBUG]com.abubakar.connectify.util.UserAccessValidator-Validating user access | userId: 2
2026-06-08 06:56:03[DEBUG]com.abubakar.connectify.util.UserAccessValidator-User validation successful | userId: 2
2026-06-08 06:56:03[DEBUG]com.abubakar.connectify.util.UserAccessValidator-Validating user access | userId: 3
2026-06-08 06:56:03[DEBUG]com.abubakar.connectify.util.UserAccessValidator-User validation successful | userId: 3
2026-06-08 06:56:03[INFO]com.abubakar.connectify.service.impl.NotificationServiceImpl-Notification created successfully
| receiverId: 2
| senderId: 3
| type: STORY_REPORTED

2026-06-08 06:56:03[INFO]com.abubakar.connectify.service.impl.NotificationServiceImpl-Creating notification | receiverId: 1 | senderId: 3
2026-06-08 06:56:03[DEBUG]com.abubakar.connectify.util.UserAccessValidator-Validating user access | userId: 1
2026-06-08 06:56:03[DEBUG]com.abubakar.connectify.util.UserAccessValidator-User validation successful | userId: 1
2026-06-08 06:56:03[DEBUG]com.abubakar.connectify.util.UserAccessValidator-Validating user access | userId: 3
2026-06-08 06:56:03[DEBUG]com.abubakar.connectify.util.UserAccessValidator-User validation successful | userId: 3
2026-06-08 06:56:03[INFO]com.abubakar.connectify.service.impl.NotificationServiceImpl-Notification created successfully
| receiverId: 1
| senderId: 3
| type: STORY_REPORTED

2026-06-08 06:56:03[INFO]com.abubakar.connectify.service.impl.ReportServiceImpl-Story reported successfully | storyId: 2 | reporterId: 3
2026-06-08 06:56:03[INFO]com.abubakar.connectify.configuration.RequestLoggingFilter-POST /api/v1/reports/stories/2 | Status: 200
2026-06-08 06:56:17[INFO]com.abubakar.connectify.controller.AuthController-Login Api initiated for: admin@gmail.com
2026-06-08 06:56:17[DEBUG]com.abubakar.connectify.service.impl.AuthServiceImpl-Starting login | email: admin@gmail.com
2026-06-08 06:56:17[INFO]com.abubakar.connectify.service.impl.CustomUserDetailsService-Authentication request received for email: admin@gmail.com
2026-06-08 06:56:17[DEBUG]com.abubakar.connectify.service.impl.CustomUserDetailsService-User loaded successfully with email: admin@gmail.com and role: ADMIN
2026-06-08 06:56:17[INFO]com.abubakar.connectify.security.JwtUtils-Generating token for user: admin@gmail.com
2026-06-08 06:56:17[INFO]com.abubakar.connectify.service.impl.RefreshTokenServiceImpl-Refresh token created/updated | userId: 1
2026-06-08 06:56:17[INFO]com.abubakar.connectify.service.impl.AuthServiceImpl-Login successful | userId: 1 | email: admin@gmail.com
2026-06-08 06:56:17[INFO]com.abubakar.connectify.configuration.RequestLoggingFilter-POST /api/v1/auth/login | Status: 200
2026-06-08 06:56:37[INFO]com.abubakar.connectify.service.impl.CustomUserDetailsService-Authentication request received for email: admin@gmail.com
2026-06-08 06:56:37[DEBUG]com.abubakar.connectify.service.impl.CustomUserDetailsService-User loaded successfully with email: admin@gmail.com and role: ADMIN
2026-06-08 06:56:37[INFO]com.abubakar.connectify.security.JwtUtils-Token validation result for user admin@gmail.com : true
2026-06-08 06:56:37[INFO]com.abubakar.connectify.security.JwtFilter-User authenticated successfully: admin@gmail.com
2026-06-08 06:56:37[INFO]com.abubakar.connectify.controller.AdminReportController-API request received | resolve report | reportId: 8
2026-06-08 06:56:37[DEBUG]com.abubakar.connectify.util.UserAccessValidator-Validating user access | userId: 1
2026-06-08 06:56:37[DEBUG]com.abubakar.connectify.util.UserAccessValidator-User validation successful | userId: 1
2026-06-08 06:56:37[DEBUG]com.abubakar.connectify.util.AuthUtil-Authenticated active user fetched successfully | userId: 1
2026-06-08 06:56:37[INFO]com.abubakar.connectify.service.impl.AdminReportServiceImpl-Resolve report request | reportId: 8
2026-06-08 06:56:37[DEBUG]com.abubakar.connectify.util.ReportAccessValidator-Fetching report | reportId: 8
2026-06-08 06:56:37[INFO]com.abubakar.connectify.service.impl.NotificationServiceImpl-Creating notification | receiverId: 3 | senderId: 1
2026-06-08 06:56:37[DEBUG]com.abubakar.connectify.util.UserAccessValidator-Validating user access | userId: 3
2026-06-08 06:56:37[DEBUG]com.abubakar.connectify.util.UserAccessValidator-User validation successful | userId: 3
2026-06-08 06:56:37[DEBUG]com.abubakar.connectify.util.UserAccessValidator-Validating user access | userId: 1
2026-06-08 06:56:37[DEBUG]com.abubakar.connectify.util.UserAccessValidator-User validation successful | userId: 1
2026-06-08 06:56:37[INFO]com.abubakar.connectify.service.impl.NotificationServiceImpl-Notification created successfully
| receiverId: 3
| senderId: 1
| type: REPORT_RESOLVED

2026-06-08 06:56:37[INFO]com.abubakar.connectify.service.impl.AdminReportServiceImpl-Report resolved successfully
| reportId: 8
| adminId: 1

2026-06-08 06:56:37[INFO]com.abubakar.connectify.configuration.RequestLoggingFilter-PUT /api/v1/admin/reports/8/resolve | Status: 200
2026-06-08 06:56:52[INFO]com.abubakar.connectify.controller.AuthController-Login Api initiated for: asif@gmail.com
2026-06-08 06:56:52[DEBUG]com.abubakar.connectify.service.impl.AuthServiceImpl-Starting login | email: asif@gmail.com
2026-06-08 06:56:52[INFO]com.abubakar.connectify.service.impl.CustomUserDetailsService-Authentication request received for email: asif@gmail.com
2026-06-08 06:56:52[DEBUG]com.abubakar.connectify.service.impl.CustomUserDetailsService-User loaded successfully with email: asif@gmail.com and role: USER
2026-06-08 06:56:53[INFO]com.abubakar.connectify.security.JwtUtils-Generating token for user: asif@gmail.com
2026-06-08 06:56:53[INFO]com.abubakar.connectify.service.impl.RefreshTokenServiceImpl-Refresh token created/updated | userId: 2
2026-06-08 06:56:53[INFO]com.abubakar.connectify.service.impl.AuthServiceImpl-Login successful | userId: 2 | email: asif@gmail.com
2026-06-08 06:56:53[INFO]com.abubakar.connectify.configuration.RequestLoggingFilter-POST /api/v1/auth/login | Status: 200
2026-06-08 06:57:12[INFO]com.abubakar.connectify.service.impl.CustomUserDetailsService-Authentication request received for email: asif@gmail.com
2026-06-08 06:57:12[DEBUG]com.abubakar.connectify.service.impl.CustomUserDetailsService-User loaded successfully with email: asif@gmail.com and role: USER
2026-06-08 06:57:12[INFO]com.abubakar.connectify.security.JwtUtils-Token validation result for user asif@gmail.com : true
2026-06-08 06:57:12[INFO]com.abubakar.connectify.security.JwtFilter-User authenticated successfully: asif@gmail.com
2026-06-08 06:57:12[INFO]com.abubakar.connectify.controller.StoryController-Get active stories api request received | cursor: null | size: 10
2026-06-08 06:57:12[INFO]com.abubakar.connectify.service.impl.StoryServiceImpl-Fetching active stories | cursor: null | size: 10
2026-06-08 06:57:12[DEBUG]com.abubakar.connectify.util.UserAccessValidator-Validating user access | userId: 2
2026-06-08 06:57:12[DEBUG]com.abubakar.connectify.util.UserAccessValidator-User validation successful | userId: 2
2026-06-08 06:57:12[DEBUG]com.abubakar.connectify.util.AuthUtil-Authenticated active user fetched successfully | userId: 2
2026-06-08 06:57:12[DEBUG]com.abubakar.connectify.service.impl.StoryServiceImpl-Validating story owner account status while getting active stories | ownerId: 2
2026-06-08 06:57:12[DEBUG]com.abubakar.connectify.util.UserAccessValidator-Validating user access | userId: 2
2026-06-08 06:57:12[DEBUG]com.abubakar.connectify.util.UserAccessValidator-User validation successful | userId: 2
2026-06-08 06:57:12[INFO]com.abubakar.connectify.service.impl.StoryServiceImpl-Active stories fetched successfully | count: 0
2026-06-08 06:57:12[INFO]com.abubakar.connectify.configuration.RequestLoggingFilter-GET /api/v1/stories | Status: 200
2026-06-08 06:57:16[INFO]com.abubakar.connectify.service.impl.CustomUserDetailsService-Authentication request received for email: asif@gmail.com
2026-06-08 06:57:16[DEBUG]com.abubakar.connectify.service.impl.CustomUserDetailsService-User loaded successfully with email: asif@gmail.com and role: USER
2026-06-08 06:57:16[INFO]com.abubakar.connectify.security.JwtUtils-Token validation result for user asif@gmail.com : true
2026-06-08 06:57:16[INFO]com.abubakar.connectify.security.JwtFilter-User authenticated successfully: asif@gmail.com
2026-06-08 06:57:16[INFO]com.abubakar.connectify.controller.StoryController-Get my stories request received | cursor: null | size: 10
2026-06-08 06:57:16[DEBUG]com.abubakar.connectify.util.UserAccessValidator-Validating user access | userId: 2
2026-06-08 06:57:16[DEBUG]com.abubakar.connectify.util.UserAccessValidator-User validation successful | userId: 2
2026-06-08 06:57:16[DEBUG]com.abubakar.connectify.util.AuthUtil-Authenticated active user fetched successfully | userId: 2
2026-06-08 06:57:16[INFO]com.abubakar.connectify.service.impl.StoryServiceImpl-Fetching current user stories | userId: 2 | cursor: null | size: 10
2026-06-08 06:57:16[INFO]com.abubakar.connectify.service.impl.StoryServiceImpl-Current user stories fetched successfully | userId: 2 | storyCount: 0
2026-06-08 06:57:16[INFO]com.abubakar.connectify.configuration.RequestLoggingFilter-GET /api/v1/stories/me | Status: 200
2026-06-08 06:57:29[INFO]com.abubakar.connectify.service.impl.CustomUserDetailsService-Authentication request received for email: asif@gmail.com
2026-06-08 06:57:29[DEBUG]com.abubakar.connectify.service.impl.CustomUserDetailsService-User loaded successfully with email: asif@gmail.com and role: USER
2026-06-08 06:57:29[INFO]com.abubakar.connectify.security.JwtUtils-Token validation result for user asif@gmail.com : true
2026-06-08 06:57:29[INFO]com.abubakar.connectify.security.JwtFilter-User authenticated successfully: asif@gmail.com
2026-06-08 06:57:29[INFO]com.abubakar.connectify.controller.StoryController-Restore story request received | storyId: 2
2026-06-08 06:57:29[INFO]com.abubakar.connectify.service.impl.StoryServiceImpl-Story restore request | storyId: 2
2026-06-08 06:57:29[DEBUG]com.abubakar.connectify.util.UserAccessValidator-Validating user access | userId: 2
2026-06-08 06:57:29[DEBUG]com.abubakar.connectify.util.UserAccessValidator-User validation successful | userId: 2
2026-06-08 06:57:29[DEBUG]com.abubakar.connectify.util.AuthUtil-Authenticated active user fetched successfully | userId: 2
2026-06-08 06:57:29[DEBUG]com.abubakar.connectify.util.StoryAccessValidator-Fetching story | storyId: 2
2026-06-08 06:57:29[DEBUG]com.abubakar.connectify.service.impl.StoryServiceImpl-Validating story ownership for restore request | ownerId: 2 | requesterId: 2
2026-06-08 06:57:29[INFO]com.abubakar.connectify.service.impl.StoryServiceImpl-Story restore request submitted successfully | storyId: 2 | requesterId: 2
2026-06-08 06:57:29[INFO]com.abubakar.connectify.configuration.RequestLoggingFilter-PUT /api/v1/stories/2/restore-request | Status: 200
2026-06-08 06:57:47[INFO]com.abubakar.connectify.controller.AuthController-Login Api initiated for: admin@gmail.com
2026-06-08 06:57:47[DEBUG]com.abubakar.connectify.service.impl.AuthServiceImpl-Starting login | email: admin@gmail.com
2026-06-08 06:57:47[INFO]com.abubakar.connectify.service.impl.CustomUserDetailsService-Authentication request received for email: admin@gmail.com
2026-06-08 06:57:47[DEBUG]com.abubakar.connectify.service.impl.CustomUserDetailsService-User loaded successfully with email: admin@gmail.com and role: ADMIN
2026-06-08 06:57:47[INFO]com.abubakar.connectify.security.JwtUtils-Generating token for user: admin@gmail.com
2026-06-08 06:57:47[INFO]com.abubakar.connectify.service.impl.RefreshTokenServiceImpl-Refresh token created/updated | userId: 1
2026-06-08 06:57:47[INFO]com.abubakar.connectify.service.impl.AuthServiceImpl-Login successful | userId: 1 | email: admin@gmail.com
2026-06-08 06:57:47[INFO]com.abubakar.connectify.configuration.RequestLoggingFilter-POST /api/v1/auth/login | Status: 200
2026-06-08 06:58:02[INFO]com.abubakar.connectify.service.impl.CustomUserDetailsService-Authentication request received for email: admin@gmail.com
2026-06-08 06:58:02[DEBUG]com.abubakar.connectify.service.impl.CustomUserDetailsService-User loaded successfully with email: admin@gmail.com and role: ADMIN
2026-06-08 06:58:02[INFO]com.abubakar.connectify.security.JwtUtils-Token validation result for user admin@gmail.com : true
2026-06-08 06:58:02[INFO]com.abubakar.connectify.security.JwtFilter-User authenticated successfully: admin@gmail.com
2026-06-08 06:58:02[INFO]com.abubakar.connectify.controller.AdminStoryController-Admin approve story restore API called | storyId: 2
2026-06-08 06:58:02[INFO]com.abubakar.connectify.service.impl.AdminStoryServiceImpl-Admin approving story restore | storyId: 2
2026-06-08 06:58:02[DEBUG]com.abubakar.connectify.util.UserAccessValidator-Validating user access | userId: 1
2026-06-08 06:58:02[DEBUG]com.abubakar.connectify.util.UserAccessValidator-User validation successful | userId: 1
2026-06-08 06:58:02[DEBUG]com.abubakar.connectify.util.AuthUtil-Authenticated active user fetched successfully | userId: 1
2026-06-08 06:58:02[INFO]com.abubakar.connectify.service.impl.AdminStoryServiceImpl-Admin validated successfully | adminId: 1
2026-06-08 06:58:02[DEBUG]com.abubakar.connectify.util.StoryAccessValidator-Fetching story | storyId: 2
2026-06-08 06:58:02[DEBUG]com.abubakar.connectify.util.UserAccessValidator-Validating user access | userId: 1
2026-06-08 06:58:02[DEBUG]com.abubakar.connectify.util.UserAccessValidator-User validation successful | userId: 1
2026-06-08 06:58:02[DEBUG]com.abubakar.connectify.util.AuthUtil-Authenticated active user fetched successfully | userId: 1
2026-06-08 06:58:02[INFO]com.abubakar.connectify.service.impl.NotificationServiceImpl-Creating system notification | receiverId: 2 | senderId: 1
2026-06-08 06:58:02[DEBUG]com.abubakar.connectify.util.UserAccessValidator-Validating user access | userId: 2
2026-06-08 06:58:02[DEBUG]com.abubakar.connectify.util.UserAccessValidator-User validation successful | userId: 2
2026-06-08 06:58:02[DEBUG]com.abubakar.connectify.util.UserAccessValidator-Validating user access | userId: 1
2026-06-08 06:58:02[DEBUG]com.abubakar.connectify.util.UserAccessValidator-User validation successful | userId: 1
2026-06-08 06:58:02[INFO]com.abubakar.connectify.service.impl.NotificationServiceImpl-System notification created successfully | receiverId: 2
2026-06-08 06:58:02[INFO]com.abubakar.connectify.service.impl.AdminStoryServiceImpl-Story restore approved successfully | storyId: 2
2026-06-08 06:58:02[INFO]com.abubakar.connectify.configuration.RequestLoggingFilter-PATCH /api/v1/admin/stories/2/restore/approve | Status: 200
2026-06-08 06:59:00[INFO]com.abubakar.connectify.controller.AuthController-Login Api initiated for: asif@gmail.com
2026-06-08 06:59:00[DEBUG]com.abubakar.connectify.service.impl.AuthServiceImpl-Starting login | email: asif@gmail.com
2026-06-08 06:59:00[INFO]com.abubakar.connectify.service.impl.CustomUserDetailsService-Authentication request received for email: asif@gmail.com
2026-06-08 06:59:00[DEBUG]com.abubakar.connectify.service.impl.CustomUserDetailsService-User loaded successfully with email: asif@gmail.com and role: USER
2026-06-08 06:59:00[INFO]com.abubakar.connectify.security.JwtUtils-Generating token for user: asif@gmail.com
2026-06-08 06:59:00[INFO]com.abubakar.connectify.service.impl.RefreshTokenServiceImpl-Refresh token created/updated | userId: 2
2026-06-08 06:59:00[INFO]com.abubakar.connectify.service.impl.AuthServiceImpl-Login successful | userId: 2 | email: asif@gmail.com
2026-06-08 06:59:00[INFO]com.abubakar.connectify.configuration.RequestLoggingFilter-POST /api/v1/auth/login | Status: 200
2026-06-08 06:59:04[INFO]com.abubakar.connectify.service.impl.CustomUserDetailsService-Authentication request received for email: asif@gmail.com
2026-06-08 06:59:04[DEBUG]com.abubakar.connectify.service.impl.CustomUserDetailsService-User loaded successfully with email: asif@gmail.com and role: USER
2026-06-08 06:59:04[INFO]com.abubakar.connectify.security.JwtUtils-Token validation result for user asif@gmail.com : true
2026-06-08 06:59:04[INFO]com.abubakar.connectify.security.JwtFilter-User authenticated successfully: asif@gmail.com
2026-06-08 06:59:04[INFO]com.abubakar.connectify.controller.StoryController-Get my stories request received | cursor: null | size: 10
2026-06-08 06:59:04[DEBUG]com.abubakar.connectify.util.UserAccessValidator-Validating user access | userId: 2
2026-06-08 06:59:04[DEBUG]com.abubakar.connectify.util.UserAccessValidator-User validation successful | userId: 2
2026-06-08 06:59:04[DEBUG]com.abubakar.connectify.util.AuthUtil-Authenticated active user fetched successfully | userId: 2
2026-06-08 06:59:04[INFO]com.abubakar.connectify.service.impl.StoryServiceImpl-Fetching current user stories | userId: 2 | cursor: null | size: 10
2026-06-08 06:59:04[INFO]com.abubakar.connectify.service.impl.StoryServiceImpl-Current user stories fetched successfully | userId: 2 | storyCount: 1
2026-06-08 06:59:04[INFO]com.abubakar.connectify.configuration.RequestLoggingFilter-GET /api/v1/stories/me | Status: 200
2026-06-08 06:59:42[INFO]com.abubakar.connectify.service.impl.CustomUserDetailsService-Authentication request received for email: asif@gmail.com
2026-06-08 06:59:42[DEBUG]com.abubakar.connectify.service.impl.CustomUserDetailsService-User loaded successfully with email: asif@gmail.com and role: USER
2026-06-08 06:59:42[INFO]com.abubakar.connectify.security.JwtUtils-Token validation result for user asif@gmail.com : true
2026-06-08 06:59:42[INFO]com.abubakar.connectify.security.JwtFilter-User authenticated successfully: asif@gmail.com
2026-06-08 06:59:42[INFO]com.abubakar.connectify.controller.SearchController-Search users API called
| keyword: 
| verified: false
| emailVerified: false
| isPrivate: false
| city: 
| gender: null
| minFollowers: 1
| cursor: null
| size: 10

2026-06-08 06:59:42[INFO]com.abubakar.connectify.service.impl.SearchServiceImpl-Search users request
| keyword: 
| verified: false
| emailVerified: false
| isPrivate: false
| city: 
| gender: null
| minFollowers: 1
| cursor: null
| size: 10

2026-06-08 06:59:42[DEBUG]com.abubakar.connectify.util.UserAccessValidator-Validating user access | userId: 2
2026-06-08 06:59:42[DEBUG]com.abubakar.connectify.util.UserAccessValidator-User validation successful | userId: 2
2026-06-08 06:59:42[DEBUG]com.abubakar.connectify.util.AuthUtil-Authenticated active user fetched successfully | userId: 2
2026-06-08 06:59:42[INFO]com.abubakar.connectify.service.impl.SearchServiceImpl-Authenticated user for search | userId: 2
2026-06-08 06:59:42[INFO]com.abubakar.connectify.service.impl.SearchServiceImpl-Users fetched successfully | count: 0
2026-06-08 06:59:42[DEBUG]com.abubakar.connectify.service.impl.SearchServiceImpl-Following IDs fetched inside search User method | count: 0
2026-06-08 06:59:42[INFO]com.abubakar.connectify.configuration.RequestLoggingFilter-GET /api/v1/search/users | Status: 200
2026-06-08 06:59:51[INFO]com.abubakar.connectify.service.impl.CustomUserDetailsService-Authentication request received for email: asif@gmail.com
2026-06-08 06:59:51[DEBUG]com.abubakar.connectify.service.impl.CustomUserDetailsService-User loaded successfully with email: asif@gmail.com and role: USER
2026-06-08 06:59:51[INFO]com.abubakar.connectify.security.JwtUtils-Token validation result for user asif@gmail.com : true
2026-06-08 06:59:51[INFO]com.abubakar.connectify.security.JwtFilter-User authenticated successfully: asif@gmail.com
2026-06-08 06:59:51[INFO]com.abubakar.connectify.controller.SearchController-Search users API called
| keyword: 
| verified: false
| emailVerified: false
| isPrivate: false
| city: 
| gender: null
| minFollowers: null
| cursor: null
| size: 10

2026-06-08 06:59:51[INFO]com.abubakar.connectify.service.impl.SearchServiceImpl-Search users request
| keyword: 
| verified: false
| emailVerified: false
| isPrivate: false
| city: 
| gender: null
| minFollowers: null
| cursor: null
| size: 10

2026-06-08 06:59:51[DEBUG]com.abubakar.connectify.util.UserAccessValidator-Validating user access | userId: 2
2026-06-08 06:59:51[DEBUG]com.abubakar.connectify.util.UserAccessValidator-User validation successful | userId: 2
2026-06-08 06:59:51[DEBUG]com.abubakar.connectify.util.AuthUtil-Authenticated active user fetched successfully | userId: 2
2026-06-08 06:59:51[INFO]com.abubakar.connectify.service.impl.SearchServiceImpl-Authenticated user for search | userId: 2
2026-06-08 06:59:51[INFO]com.abubakar.connectify.service.impl.SearchServiceImpl-Users fetched successfully | count: 2
2026-06-08 06:59:51[DEBUG]com.abubakar.connectify.service.impl.SearchServiceImpl-Following IDs fetched inside search User method | count: 0
2026-06-08 06:59:51[INFO]com.abubakar.connectify.configuration.RequestLoggingFilter-GET /api/v1/search/users | Status: 200
2026-06-08 06:59:57[INFO]com.abubakar.connectify.service.impl.CustomUserDetailsService-Authentication request received for email: asif@gmail.com
2026-06-08 06:59:57[DEBUG]com.abubakar.connectify.service.impl.CustomUserDetailsService-User loaded successfully with email: asif@gmail.com and role: USER
2026-06-08 06:59:57[INFO]com.abubakar.connectify.security.JwtUtils-Token validation result for user asif@gmail.com : true
2026-06-08 06:59:57[INFO]com.abubakar.connectify.security.JwtFilter-User authenticated successfully: asif@gmail.com
2026-06-08 06:59:57[INFO]com.abubakar.connectify.controller.SearchController-Suggested users API called
| cursor: null
| size: 10

2026-06-08 06:59:57[INFO]com.abubakar.connectify.service.impl.SearchServiceImpl-Fetching suggested users | cursor: null | size: 10
2026-06-08 06:59:57[DEBUG]com.abubakar.connectify.util.UserAccessValidator-Validating user access | userId: 2
2026-06-08 06:59:57[DEBUG]com.abubakar.connectify.util.UserAccessValidator-User validation successful | userId: 2
2026-06-08 06:59:57[DEBUG]com.abubakar.connectify.util.AuthUtil-Authenticated active user fetched successfully | userId: 2
2026-06-08 06:59:57[INFO]com.abubakar.connectify.service.impl.SearchServiceImpl-Authenticated user for suggestions | userId: 2
2026-06-08 06:59:57[DEBUG]com.abubakar.connectify.service.impl.SearchServiceImpl-Excluded user IDs prepared | count: 2
2026-06-08 06:59:57[INFO]com.abubakar.connectify.service.impl.SearchServiceImpl-Suggested users fetched successfully | count: 4
2026-06-08 06:59:57[DEBUG]com.abubakar.connectify.service.impl.SearchServiceImpl-Following IDs fetched | count: 0
2026-06-08 06:59:57[INFO]com.abubakar.connectify.configuration.RequestLoggingFilter-GET /api/v1/search/suggested/users | Status: 200
2026-06-08 07:00:00[INFO]com.abubakar.connectify.scheduler.RefreshTokenCleanupScheduler-Expired refresh tokens removed | count: 0
2026-06-08 07:00:03[INFO]com.abubakar.connectify.service.impl.CustomUserDetailsService-Authentication request received for email: asif@gmail.com
2026-06-08 07:00:03[DEBUG]com.abubakar.connectify.service.impl.CustomUserDetailsService-User loaded successfully with email: asif@gmail.com and role: USER
2026-06-08 07:00:03[INFO]com.abubakar.connectify.security.JwtUtils-Token validation result for user asif@gmail.com : true
2026-06-08 07:00:03[INFO]com.abubakar.connectify.security.JwtFilter-User authenticated successfully: asif@gmail.com
2026-06-08 07:00:03[INFO]com.abubakar.connectify.controller.SearchController-Search hashtags API called
| keyword: java
| cursor: null
| size: 10

2026-06-08 07:00:03[INFO]com.abubakar.connectify.service.impl.SearchServiceImpl-Search hashtags request | keyword: java | cursor: null | size: 10
2026-06-08 07:00:03[INFO]com.abubakar.connectify.service.impl.SearchServiceImpl-Hashtags fetched successfully | count: 1
2026-06-08 07:00:03[INFO]com.abubakar.connectify.configuration.RequestLoggingFilter-GET /api/v1/search/hashtags | Status: 200
2026-06-08 07:00:05[INFO]com.abubakar.connectify.scheduler.StoryCleanupScheduler-Running story cleanup job
2026-06-08 07:00:05[INFO]com.abubakar.connectify.scheduler.StoryCleanupScheduler-Expired stories found: 0
2026-06-08 07:00:05[INFO]com.abubakar.connectify.scheduler.StoryCleanupScheduler-Story cleanup completed
2026-06-08 07:00:10[INFO]com.abubakar.connectify.service.impl.CustomUserDetailsService-Authentication request received for email: asif@gmail.com
2026-06-08 07:00:10[DEBUG]com.abubakar.connectify.service.impl.CustomUserDetailsService-User loaded successfully with email: asif@gmail.com and role: USER
2026-06-08 07:00:10[INFO]com.abubakar.connectify.security.JwtUtils-Token validation result for user asif@gmail.com : true
2026-06-08 07:00:10[INFO]com.abubakar.connectify.security.JwtFilter-User authenticated successfully: asif@gmail.com
2026-06-08 07:00:10[INFO]com.abubakar.connectify.controller.SearchController-Posts by hashtag API called
| hashtagName: java
| cursor: null
| size: 10

2026-06-08 07:00:10[INFO]com.abubakar.connectify.service.impl.SearchServiceImpl-Fetching posts by hashtag | hashtag: java | cursor: null | size: 10
2026-06-08 07:00:10[DEBUG]com.abubakar.connectify.util.UserAccessValidator-Validating user access | userId: 2
2026-06-08 07:00:10[DEBUG]com.abubakar.connectify.util.UserAccessValidator-User validation successful | userId: 2
2026-06-08 07:00:10[DEBUG]com.abubakar.connectify.util.AuthUtil-Authenticated active user fetched successfully | userId: 2
2026-06-08 07:00:10[INFO]com.abubakar.connectify.service.impl.SearchServiceImpl-Authenticated user for hashtag posts | userId: 2
2026-06-08 07:00:10[INFO]com.abubakar.connectify.service.impl.SearchServiceImpl-Posts fetched successfully by hashtag | hashtag: java | count: 2
2026-06-08 07:00:10[DEBUG]com.abubakar.connectify.service.impl.SearchServiceImpl-Liked post IDs fetched inside getPostByHashtag method | count: 0
2026-06-08 07:00:10[INFO]com.abubakar.connectify.configuration.RequestLoggingFilter-GET /api/v1/search/hashtags/java/posts | Status: 200
2026-06-08 07:00:24[INFO]com.abubakar.connectify.service.impl.CustomUserDetailsService-Authentication request received for email: asif@gmail.com
2026-06-08 07:00:24[DEBUG]com.abubakar.connectify.service.impl.CustomUserDetailsService-User loaded successfully with email: asif@gmail.com and role: USER
2026-06-08 07:00:24[INFO]com.abubakar.connectify.security.JwtUtils-Token validation result for user asif@gmail.com : true
2026-06-08 07:00:24[INFO]com.abubakar.connectify.security.JwtFilter-User authenticated successfully: asif@gmail.com
2026-06-08 07:00:24[INFO]com.abubakar.connectify.controller.SearchController-Trending posts API called
| cursor: null
| size: 10

2026-06-08 07:00:24[INFO]com.abubakar.connectify.service.impl.SearchServiceImpl-Fetching trending posts | cursor: null | size: 10
2026-06-08 07:00:24[DEBUG]com.abubakar.connectify.util.UserAccessValidator-Validating user access | userId: 2
2026-06-08 07:00:24[DEBUG]com.abubakar.connectify.util.UserAccessValidator-User validation successful | userId: 2
2026-06-08 07:00:24[DEBUG]com.abubakar.connectify.util.AuthUtil-Authenticated active user fetched successfully | userId: 2
2026-06-08 07:00:24[INFO]com.abubakar.connectify.service.impl.SearchServiceImpl-Authenticated user for trending posts | userId: 2
2026-06-08 07:00:24[INFO]com.abubakar.connectify.service.impl.SearchServiceImpl-Trending posts fetched successfully | count: 2
2026-06-08 07:00:24[DEBUG]com.abubakar.connectify.service.impl.SearchServiceImpl-Liked post IDs fetched | count: 0
2026-06-08 07:00:24[INFO]com.abubakar.connectify.configuration.RequestLoggingFilter-GET /api/v1/search/trending/posts | Status: 200
2026-06-08 07:00:50[INFO]com.abubakar.connectify.controller.AuthController-Login Api initiated for: admin@gmail.com
2026-06-08 07:00:50[DEBUG]com.abubakar.connectify.service.impl.AuthServiceImpl-Starting login | email: admin@gmail.com
2026-06-08 07:00:50[INFO]com.abubakar.connectify.service.impl.CustomUserDetailsService-Authentication request received for email: admin@gmail.com
2026-06-08 07:00:50[DEBUG]com.abubakar.connectify.service.impl.CustomUserDetailsService-User loaded successfully with email: admin@gmail.com and role: ADMIN
2026-06-08 07:00:50[INFO]com.abubakar.connectify.security.JwtUtils-Generating token for user: admin@gmail.com
2026-06-08 07:00:50[INFO]com.abubakar.connectify.service.impl.RefreshTokenServiceImpl-Refresh token created/updated | userId: 1
2026-06-08 07:00:50[INFO]com.abubakar.connectify.service.impl.AuthServiceImpl-Login successful | userId: 1 | email: admin@gmail.com
2026-06-08 07:00:50[INFO]com.abubakar.connectify.configuration.RequestLoggingFilter-POST /api/v1/auth/login | Status: 200
2026-06-08 07:01:43[INFO]com.abubakar.connectify.controller.AuthController-Login Api initiated for: admin@gmail.com
2026-06-08 07:01:43[DEBUG]com.abubakar.connectify.service.impl.AuthServiceImpl-Starting login | email: admin@gmail.com
2026-06-08 07:01:43[INFO]com.abubakar.connectify.service.impl.CustomUserDetailsService-Authentication request received for email: admin@gmail.com
2026-06-08 07:01:43[DEBUG]com.abubakar.connectify.service.impl.CustomUserDetailsService-User loaded successfully with email: admin@gmail.com and role: ADMIN
2026-06-08 07:01:43[INFO]com.abubakar.connectify.security.JwtUtils-Generating token for user: admin@gmail.com
2026-06-08 07:01:43[INFO]com.abubakar.connectify.service.impl.RefreshTokenServiceImpl-Refresh token created/updated | userId: 1
2026-06-08 07:01:43[INFO]com.abubakar.connectify.service.impl.AuthServiceImpl-Login successful | userId: 1 | email: admin@gmail.com
2026-06-08 07:01:43[INFO]com.abubakar.connectify.configuration.RequestLoggingFilter-POST /api/v1/auth/login | Status: 200
2026-06-08 07:02:12[INFO]com.abubakar.connectify.service.impl.CustomUserDetailsService-Authentication request received for email: admin@gmail.com
2026-06-08 07:02:12[DEBUG]com.abubakar.connectify.service.impl.CustomUserDetailsService-User loaded successfully with email: admin@gmail.com and role: ADMIN
2026-06-08 07:02:12[INFO]com.abubakar.connectify.security.JwtUtils-Token validation result for user admin@gmail.com : true
2026-06-08 07:02:12[INFO]com.abubakar.connectify.security.JwtFilter-User authenticated successfully: admin@gmail.com
2026-06-08 07:02:12[INFO]com.abubakar.connectify.controller.AdminDashboardController-Admin dashboard API called
2026-06-08 07:02:12[DEBUG]com.abubakar.connectify.util.UserAccessValidator-Validating user access | userId: 1
2026-06-08 07:02:12[DEBUG]com.abubakar.connectify.util.UserAccessValidator-User validation successful | userId: 1
2026-06-08 07:02:12[DEBUG]com.abubakar.connectify.util.AuthUtil-Authenticated active user fetched successfully | userId: 1
2026-06-08 07:02:12[INFO]com.abubakar.connectify.service.impl.AdminDashboardServiceImpl-Fetching admin dashboard analytics | adminId: 1
2026-06-08 07:02:12[DEBUG]com.abubakar.connectify.service.impl.AdminDashboardServiceImpl-User analytics fetched | totalUsers: 6 | activeUsers: 6 | bannedUsers: 0 | newUsersToday: 0
2026-06-08 07:02:12[DEBUG]com.abubakar.connectify.service.impl.AdminDashboardServiceImpl-Post analytics fetched | totalPosts: 2 | postsCreatedToday: 0 | deletedPosts: 0
2026-06-08 07:02:12[DEBUG]com.abubakar.connectify.service.impl.AdminDashboardServiceImpl-Engagement analytics fetched
| totalLikes: 0
| totalComments: 3
| activeComments: 3
| deletedComments: 0

2026-06-08 07:02:12[DEBUG]com.abubakar.connectify.service.impl.AdminDashboardServiceImpl-Chat analytics fetched | totalChats: 3 | activeChats: 3 | messagesToday: 0
2026-06-08 07:02:12[DEBUG]com.abubakar.connectify.service.impl.AdminDashboardServiceImpl-Story analytics fetched | totalStories: 1 | activeStories: 1 | deletedStories: 0 | expiredStories: 0 | restoreRequests: 0
2026-06-08 07:02:12[DEBUG]com.abubakar.connectify.service.impl.AdminDashboardServiceImpl-Top viewed stories fetched | count: 1
2026-06-08 07:02:13[DEBUG]com.abubakar.connectify.service.impl.AdminDashboardServiceImpl-Top reacted stories fetched | count: 1
2026-06-08 07:02:13[DEBUG]com.abubakar.connectify.service.impl.AdminDashboardServiceImpl-Report analytics fetched
| totalReports: 8
| reportsToday: 8
| pendingReports: 0
| reviewedReports: 0
| resolvedReports: 7
| rejectedReports: 1

2026-06-08 07:02:13[DEBUG]com.abubakar.connectify.service.impl.AdminDashboardServiceImpl-Most active users fetched | resultSize: 6
2026-06-08 07:02:13[INFO]com.abubakar.connectify.service.impl.AdminDashboardServiceImpl-Admin dashboard analytics fetched successfully | adminId: 1
2026-06-08 07:02:13[INFO]com.abubakar.connectify.configuration.RequestLoggingFilter-GET /api/v1/admin/dashboard | Status: 200
2026-06-08 07:08:05[INFO]org.springframework.boot.tomcat.GracefulShutdown-Commencing graceful shutdown. Waiting for active requests to complete
2026-06-08 07:08:05[INFO]org.springframework.boot.tomcat.GracefulShutdown-Graceful shutdown complete
2026-06-08 07:08:05[INFO]org.springframework.orm.jpa.LocalContainerEntityManagerFactoryBean-Closing JPA EntityManagerFactory for persistence unit 'default'
2026-06-08 07:08:05[INFO]com.zaxxer.hikari.HikariDataSource-HikariPool-1 - Shutdown initiated...
2026-06-08 07:08:05[INFO]com.zaxxer.hikari.HikariDataSource-HikariPool-1 - Shutdown completed.
2026-06-08 07:31:15[INFO]org.hibernate.validator.internal.util.Version-HV000001: Hibernate Validator 9.0.1.Final
2026-06-08 07:31:15[INFO]com.abubakar.connectify.ConnectifyApplication-Starting ConnectifyApplication using Java 21.0.9 with PID 19556 (C:\Users\wwwab\Desktop\Sem4InternshipPresentation\2\Connectify\backend\target\classes started by wwwab in C:\Users\wwwab\Desktop\Sem4InternshipPresentation\2\Connectify\backend)
2026-06-08 07:31:15[DEBUG]com.abubakar.connectify.ConnectifyApplication-Running with Spring Boot v4.0.6, Spring v7.0.7
2026-06-08 07:31:15[INFO]com.abubakar.connectify.ConnectifyApplication-The following 1 profile is active: "dev"
2026-06-08 07:31:16[INFO]org.springframework.data.repository.config.RepositoryConfigurationDelegate-Multiple Spring Data modules found, entering strict repository configuration mode
2026-06-08 07:31:16[INFO]org.springframework.data.repository.config.RepositoryConfigurationDelegate-Bootstrapping Spring Data JPA repositories in DEFAULT mode.
2026-06-08 07:31:16[INFO]org.springframework.data.repository.config.RepositoryConfigurationDelegate-Finished Spring Data repository scanning in 190 ms. Found 18 JPA repository interfaces.
2026-06-08 07:31:16[INFO]org.springframework.data.repository.config.RepositoryConfigurationDelegate-Multiple Spring Data modules found, entering strict repository configuration mode
2026-06-08 07:31:16[INFO]org.springframework.data.repository.config.RepositoryConfigurationDelegate-Bootstrapping Spring Data Redis repositories in DEFAULT mode.
2026-06-08 07:31:17[INFO]org.springframework.data.repository.config.RepositoryConfigurationExtensionSupport-Spring Data Redis - Could not safely identify store assignment for repository candidate interface com.abubakar.connectify.repository.ChatParticipantRepository; If you want this repository to be a Redis repository, consider annotating your entities with one of these annotations: org.springframework.data.redis.core.RedisHash (preferred), or consider extending one of the following types with your repository: org.springframework.data.keyvalue.repository.KeyValueRepository
2026-06-08 07:31:17[INFO]org.springframework.data.repository.config.RepositoryConfigurationExtensionSupport-Spring Data Redis - Could not safely identify store assignment for repository candidate interface com.abubakar.connectify.repository.ChatRepository; If you want this repository to be a Redis repository, consider annotating your entities with one of these annotations: org.springframework.data.redis.core.RedisHash (preferred), or consider extending one of the following types with your repository: org.springframework.data.keyvalue.repository.KeyValueRepository
2026-06-08 07:31:17[INFO]org.springframework.data.repository.config.RepositoryConfigurationExtensionSupport-Spring Data Redis - Could not safely identify store assignment for repository candidate interface com.abubakar.connectify.repository.CommentRepository; If you want this repository to be a Redis repository, consider annotating your entities with one of these annotations: org.springframework.data.redis.core.RedisHash (preferred), or consider extending one of the following types with your repository: org.springframework.data.keyvalue.repository.KeyValueRepository
2026-06-08 07:31:17[INFO]org.springframework.data.repository.config.RepositoryConfigurationExtensionSupport-Spring Data Redis - Could not safely identify store assignment for repository candidate interface com.abubakar.connectify.repository.FollowRepository; If you want this repository to be a Redis repository, consider annotating your entities with one of these annotations: org.springframework.data.redis.core.RedisHash (preferred), or consider extending one of the following types with your repository: org.springframework.data.keyvalue.repository.KeyValueRepository
2026-06-08 07:31:17[INFO]org.springframework.data.repository.config.RepositoryConfigurationExtensionSupport-Spring Data Redis - Could not safely identify store assignment for repository candidate interface com.abubakar.connectify.repository.HashtagRepository; If you want this repository to be a Redis repository, consider annotating your entities with one of these annotations: org.springframework.data.redis.core.RedisHash (preferred), or consider extending one of the following types with your repository: org.springframework.data.keyvalue.repository.KeyValueRepository
2026-06-08 07:31:17[INFO]org.springframework.data.repository.config.RepositoryConfigurationExtensionSupport-Spring Data Redis - Could not safely identify store assignment for repository candidate interface com.abubakar.connectify.repository.LikeRepository; If you want this repository to be a Redis repository, consider annotating your entities with one of these annotations: org.springframework.data.redis.core.RedisHash (preferred), or consider extending one of the following types with your repository: org.springframework.data.keyvalue.repository.KeyValueRepository
2026-06-08 07:31:17[INFO]org.springframework.data.repository.config.RepositoryConfigurationExtensionSupport-Spring Data Redis - Could not safely identify store assignment for repository candidate interface com.abubakar.connectify.repository.MediaRepository; If you want this repository to be a Redis repository, consider annotating your entities with one of these annotations: org.springframework.data.redis.core.RedisHash (preferred), or consider extending one of the following types with your repository: org.springframework.data.keyvalue.repository.KeyValueRepository
2026-06-08 07:31:17[INFO]org.springframework.data.repository.config.RepositoryConfigurationExtensionSupport-Spring Data Redis - Could not safely identify store assignment for repository candidate interface com.abubakar.connectify.repository.MessageRepository; If you want this repository to be a Redis repository, consider annotating your entities with one of these annotations: org.springframework.data.redis.core.RedisHash (preferred), or consider extending one of the following types with your repository: org.springframework.data.keyvalue.repository.KeyValueRepository
2026-06-08 07:31:17[INFO]org.springframework.data.repository.config.RepositoryConfigurationExtensionSupport-Spring Data Redis - Could not safely identify store assignment for repository candidate interface com.abubakar.connectify.repository.NotificationRepository; If you want this repository to be a Redis repository, consider annotating your entities with one of these annotations: org.springframework.data.redis.core.RedisHash (preferred), or consider extending one of the following types with your repository: org.springframework.data.keyvalue.repository.KeyValueRepository
2026-06-08 07:31:17[INFO]org.springframework.data.repository.config.RepositoryConfigurationExtensionSupport-Spring Data Redis - Could not safely identify store assignment for repository candidate interface com.abubakar.connectify.repository.PostRepository; If you want this repository to be a Redis repository, consider annotating your entities with one of these annotations: org.springframework.data.redis.core.RedisHash (preferred), or consider extending one of the following types with your repository: org.springframework.data.keyvalue.repository.KeyValueRepository
2026-06-08 07:31:17[INFO]org.springframework.data.repository.config.RepositoryConfigurationExtensionSupport-Spring Data Redis - Could not safely identify store assignment for repository candidate interface com.abubakar.connectify.repository.RefreshTokenRepository; If you want this repository to be a Redis repository, consider annotating your entities with one of these annotations: org.springframework.data.redis.core.RedisHash (preferred), or consider extending one of the following types with your repository: org.springframework.data.keyvalue.repository.KeyValueRepository
2026-06-08 07:31:17[INFO]org.springframework.data.repository.config.RepositoryConfigurationExtensionSupport-Spring Data Redis - Could not safely identify store assignment for repository candidate interface com.abubakar.connectify.repository.ReportRepository; If you want this repository to be a Redis repository, consider annotating your entities with one of these annotations: org.springframework.data.redis.core.RedisHash (preferred), or consider extending one of the following types with your repository: org.springframework.data.keyvalue.repository.KeyValueRepository
2026-06-08 07:31:17[INFO]org.springframework.data.repository.config.RepositoryConfigurationExtensionSupport-Spring Data Redis - Could not safely identify store assignment for repository candidate interface com.abubakar.connectify.repository.SavedPostRepository; If you want this repository to be a Redis repository, consider annotating your entities with one of these annotations: org.springframework.data.redis.core.RedisHash (preferred), or consider extending one of the following types with your repository: org.springframework.data.keyvalue.repository.KeyValueRepository
2026-06-08 07:31:17[INFO]org.springframework.data.repository.config.RepositoryConfigurationExtensionSupport-Spring Data Redis - Could not safely identify store assignment for repository candidate interface com.abubakar.connectify.repository.StoryReactionRepository; If you want this repository to be a Redis repository, consider annotating your entities with one of these annotations: org.springframework.data.redis.core.RedisHash (preferred), or consider extending one of the following types with your repository: org.springframework.data.keyvalue.repository.KeyValueRepository
2026-06-08 07:31:17[INFO]org.springframework.data.repository.config.RepositoryConfigurationExtensionSupport-Spring Data Redis - Could not safely identify store assignment for repository candidate interface com.abubakar.connectify.repository.StoryReplyRepository; If you want this repository to be a Redis repository, consider annotating your entities with one of these annotations: org.springframework.data.redis.core.RedisHash (preferred), or consider extending one of the following types with your repository: org.springframework.data.keyvalue.repository.KeyValueRepository
2026-06-08 07:31:17[INFO]org.springframework.data.repository.config.RepositoryConfigurationExtensionSupport-Spring Data Redis - Could not safely identify store assignment for repository candidate interface com.abubakar.connectify.repository.StoryRepository; If you want this repository to be a Redis repository, consider annotating your entities with one of these annotations: org.springframework.data.redis.core.RedisHash (preferred), or consider extending one of the following types with your repository: org.springframework.data.keyvalue.repository.KeyValueRepository
2026-06-08 07:31:17[INFO]org.springframework.data.repository.config.RepositoryConfigurationExtensionSupport-Spring Data Redis - Could not safely identify store assignment for repository candidate interface com.abubakar.connectify.repository.StoryViewRepository; If you want this repository to be a Redis repository, consider annotating your entities with one of these annotations: org.springframework.data.redis.core.RedisHash (preferred), or consider extending one of the following types with your repository: org.springframework.data.keyvalue.repository.KeyValueRepository
2026-06-08 07:31:17[INFO]org.springframework.data.repository.config.RepositoryConfigurationExtensionSupport-Spring Data Redis - Could not safely identify store assignment for repository candidate interface com.abubakar.connectify.repository.UserRepository; If you want this repository to be a Redis repository, consider annotating your entities with one of these annotations: org.springframework.data.redis.core.RedisHash (preferred), or consider extending one of the following types with your repository: org.springframework.data.keyvalue.repository.KeyValueRepository
2026-06-08 07:31:17[INFO]org.springframework.data.repository.config.RepositoryConfigurationDelegate-Finished Spring Data repository scanning in 10 ms. Found 0 Redis repository interfaces.
2026-06-08 07:31:17[INFO]org.springframework.boot.tomcat.TomcatWebServer-Tomcat initialized with port 8080 (http)
2026-06-08 07:31:17[INFO]org.apache.coyote.http11.Http11NioProtocol-Initializing ProtocolHandler ["http-nio-8080"]
2026-06-08 07:31:17[INFO]org.apache.catalina.core.StandardService-Starting service [Tomcat]
2026-06-08 07:31:17[INFO]org.apache.catalina.core.StandardEngine-Starting Servlet engine: [Apache Tomcat/11.0.21]
2026-06-08 07:31:17[INFO]org.springframework.boot.web.context.servlet.WebApplicationContextInitializer-Root WebApplicationContext: initialization completed in 2134 ms
2026-06-08 07:31:18[INFO]org.hibernate.orm.jpa-HHH008540: Processing PersistenceUnitInfo [name: default]
2026-06-08 07:31:18[INFO]org.hibernate.orm.core-HHH000001: Hibernate ORM core version 7.2.12.Final
2026-06-08 07:31:18[INFO]org.springframework.orm.jpa.persistenceunit.SpringPersistenceUnitInfo-No LoadTimeWeaver setup: ignoring JPA class transformer
2026-06-08 07:31:18[INFO]com.zaxxer.hikari.HikariDataSource-HikariPool-1 - Starting...
2026-06-08 07:31:18[INFO]com.zaxxer.hikari.pool.HikariPool-HikariPool-1 - Added connection com.mysql.cj.jdbc.ConnectionImpl@6e00d737
2026-06-08 07:31:18[INFO]com.zaxxer.hikari.HikariDataSource-HikariPool-1 - Start completed.
2026-06-08 07:31:18[INFO]org.hibernate.orm.connections.pooling-HHH10001005: Database info:
	Database JDBC URL [jdbc:mysql://localhost:3306/connectifyApp]
	Database driver: MySQL Connector/J
	Database dialect: MySQLDialect
	Database version: 8.0.43
	Default catalog/schema: connectifyApp/undefined
	Autocommit mode: undefined/unknown
	Isolation level: REPEATABLE_READ [default REPEATABLE_READ]
	JDBC fetch size: none
	Pool: DataSourceConnectionProvider
	Minimum pool size: undefined/unknown
	Maximum pool size: undefined/unknown
2026-06-08 07:31:19[INFO]org.hibernate.orm.core-HHH000489: No JTA platform available (set 'hibernate.transaction.jta.platform' to enable JTA platform integration)
2026-06-08 07:31:19[INFO]org.springframework.orm.jpa.LocalContainerEntityManagerFactoryBean-Initialized JPA EntityManagerFactory for persistence unit 'default'
2026-06-08 07:31:19[INFO]org.springframework.data.jpa.repository.query.QueryEnhancerFactories-Hibernate is in classpath; If applicable, HQL parser will be used.
2026-06-08 07:31:20[DEBUG]com.abubakar.connectify.configuration.RequestLoggingFilter-Filter 'requestLoggingFilter' configured for use
2026-06-08 07:31:20[DEBUG]com.abubakar.connectify.security.JwtFilter-Filter 'jwtFilter' configured for use
2026-06-08 07:31:21[INFO]org.springframework.security.config.annotation.authentication.configuration.InitializeAuthenticationProviderBeanManagerConfigurer$InitializeAuthenticationProviderManagerConfigurer-Global AuthenticationManager configured with AuthenticationProvider bean with name authenticationProvider
2026-06-08 07:31:21[WARN]org.springframework.security.config.annotation.authentication.configuration.InitializeUserDetailsBeanManagerConfigurer$InitializeUserDetailsManagerConfigurer-Global AuthenticationManager configured with an AuthenticationProvider bean. UserDetailsService beans will not be used by Spring Security for automatically configuring username/password login. Consider removing the AuthenticationProvider bean. Alternatively, consider using the UserDetailsService in a manually instantiated DaoAuthenticationProvider. If the current configuration is intentional, to turn off this warning, increase the logging level of 'org.springframework.security.config.annotation.authentication.configuration.InitializeUserDetailsBeanManagerConfigurer' to ERROR
2026-06-08 07:31:22[INFO]org.apache.coyote.http11.Http11NioProtocol-Starting ProtocolHandler ["http-nio-8080"]
2026-06-08 07:31:22[INFO]org.springframework.boot.tomcat.TomcatWebServer-Tomcat started on port 8080 (http) with context path '/'
2026-06-08 07:31:22[INFO]com.abubakar.connectify.ConnectifyApplication-Started ConnectifyApplication in 7.323 seconds (process running for 7.807)
2026-06-08 07:31:22[INFO]com.abubakar.connectify.scheduler.StoryCleanupScheduler-Running story cleanup job
2026-06-08 07:31:22[INFO]com.abubakar.connectify.scheduler.StoryCleanupScheduler-Expired stories found: 0
2026-06-08 07:31:22[INFO]com.abubakar.connectify.scheduler.StoryCleanupScheduler-Story cleanup completed
2026-06-08 07:31:50[INFO]org.apache.catalina.core.ContainerBase.[Tomcat].[localhost].[/]-Initializing Spring DispatcherServlet 'dispatcherServlet'
2026-06-08 07:31:50[INFO]org.springframework.web.servlet.DispatcherServlet-Initializing Servlet 'dispatcherServlet'
2026-06-08 07:31:50[INFO]org.springframework.web.servlet.DispatcherServlet-Completed initialization in 2 ms
2026-06-08 07:31:50[INFO]com.abubakar.connectify.controller.AuthController-Login Api initiated for: asif@gmail.com
2026-06-08 07:31:50[DEBUG]com.abubakar.connectify.service.impl.AuthServiceImpl-Starting login | email: asif@gmail.com
2026-06-08 07:31:50[INFO]com.abubakar.connectify.service.impl.CustomUserDetailsService-Authentication request received for email: asif@gmail.com
2026-06-08 07:31:50[DEBUG]com.abubakar.connectify.service.impl.CustomUserDetailsService-User loaded successfully with email: asif@gmail.com and role: USER
2026-06-08 07:31:50[INFO]com.abubakar.connectify.security.JwtUtils-Generating token for user: asif@gmail.com
2026-06-08 07:31:51[INFO]com.abubakar.connectify.service.impl.RefreshTokenServiceImpl-Refresh token created/updated | userId: 2
2026-06-08 07:31:51[INFO]com.abubakar.connectify.service.impl.AuthServiceImpl-Login successful | userId: 2 | email: asif@gmail.com
2026-06-08 07:31:51[INFO]com.abubakar.connectify.configuration.RequestLoggingFilter-POST /api/v1/auth/login | Status: 200
2026-06-08 07:32:07[INFO]com.abubakar.connectify.service.impl.CustomUserDetailsService-Authentication request received for email: asif@gmail.com
2026-06-08 07:32:07[DEBUG]com.abubakar.connectify.service.impl.CustomUserDetailsService-User loaded successfully with email: asif@gmail.com and role: USER
2026-06-08 07:32:07[INFO]com.abubakar.connectify.security.JwtUtils-Token validation result for user asif@gmail.com : true
2026-06-08 07:32:07[INFO]com.abubakar.connectify.security.JwtFilter-User authenticated successfully: asif@gmail.com
2026-06-08 07:32:07[ERROR]com.abubakar.connectify.exception.GlobalExceptionHandler-Unexpected exception occurred | type: NoResourceFoundException | message: No static resource api/v1/posts/user for request '/api/v1/posts/user/'.
org.springframework.web.servlet.resource.NoResourceFoundException: No static resource api/v1/posts/user for request '/api/v1/posts/user/'.
	at org.springframework.web.servlet.resource.ResourceHttpRequestHandler.handleRequest(ResourceHttpRequestHandler.java:526)
	at org.springframework.web.servlet.mvc.HttpRequestHandlerAdapter.handle(HttpRequestHandlerAdapter.java:50)
	at org.springframework.web.servlet.DispatcherServlet.doDispatch(DispatcherServlet.java:963)
	at org.springframework.web.servlet.DispatcherServlet.doService(DispatcherServlet.java:866)
	at org.springframework.web.servlet.FrameworkServlet.processRequest(FrameworkServlet.java:1000)
	at org.springframework.web.servlet.FrameworkServlet.doGet(FrameworkServlet.java:892)
	at jakarta.servlet.http.HttpServlet.service(HttpServlet.java:622)
	at org.springframework.web.servlet.FrameworkServlet.service(FrameworkServlet.java:874)
	at jakarta.servlet.http.HttpServlet.service(HttpServlet.java:710)
	at org.apache.catalina.core.ApplicationFilterChain.doFilter(ApplicationFilterChain.java:128)
	at org.apache.tomcat.websocket.server.WsFilter.doFilter(WsFilter.java:53)
	at org.apache.catalina.core.ApplicationFilterChain.doFilter(ApplicationFilterChain.java:107)
	at org.springframework.web.filter.OncePerRequestFilter.doFilter(OncePerRequestFilter.java:110)
	at org.apache.catalina.core.ApplicationFilterChain.doFilter(ApplicationFilterChain.java:107)
	at org.springframework.web.filter.OncePerRequestFilter.doFilter(OncePerRequestFilter.java:110)
	at org.apache.catalina.core.ApplicationFilterChain.doFilter(ApplicationFilterChain.java:107)
	at com.abubakar.connectify.configuration.RequestLoggingFilter.doFilterInternal(RequestLoggingFilter.java:30)
	at org.springframework.web.filter.OncePerRequestFilter.doFilter(OncePerRequestFilter.java:116)
	at org.apache.catalina.core.ApplicationFilterChain.doFilter(ApplicationFilterChain.java:107)
	at org.springframework.web.filter.CompositeFilter$VirtualFilterChain.doFilter(CompositeFilter.java:108)
	at org.springframework.security.web.FilterChainProxy.lambda$doFilterInternal$3(FilterChainProxy.java:235)
	at org.springframework.security.web.FilterChainProxy$VirtualFilterChain.doFilter(FilterChainProxy.java:376)
	at org.springframework.security.web.access.intercept.AuthorizationFilter.doFilter(AuthorizationFilter.java:101)
	at org.springframework.security.web.FilterChainProxy$VirtualFilterChain.doFilter(FilterChainProxy.java:385)
	at org.springframework.security.web.access.ExceptionTranslationFilter.doFilter(ExceptionTranslationFilter.java:126)
	at org.springframework.security.web.access.ExceptionTranslationFilter.doFilter(ExceptionTranslationFilter.java:120)
	at org.springframework.security.web.FilterChainProxy$VirtualFilterChain.doFilter(FilterChainProxy.java:385)
	at org.springframework.security.web.session.SessionManagementFilter.doFilter(SessionManagementFilter.java:132)
	at org.springframework.security.web.session.SessionManagementFilter.doFilter(SessionManagementFilter.java:86)
	at org.springframework.security.web.FilterChainProxy$VirtualFilterChain.doFilter(FilterChainProxy.java:385)
	at org.springframework.security.web.authentication.AnonymousAuthenticationFilter.doFilter(AnonymousAuthenticationFilter.java:100)
	at org.springframework.security.web.FilterChainProxy$VirtualFilterChain.doFilter(FilterChainProxy.java:385)
	at org.springframework.security.web.servletapi.SecurityContextHolderAwareRequestFilter.doFilter(SecurityContextHolderAwareRequestFilter.java:181)
	at org.springframework.security.web.FilterChainProxy$VirtualFilterChain.doFilter(FilterChainProxy.java:385)
	at org.springframework.security.web.savedrequest.RequestCacheAwareFilter.doFilter(RequestCacheAwareFilter.java:63)
	at org.springframework.security.web.FilterChainProxy$VirtualFilterChain.doFilter(FilterChainProxy.java:385)
	at org.springframework.security.web.authentication.ui.DefaultLogoutPageGeneratingFilter.doFilterInternal(DefaultLogoutPageGeneratingFilter.java:60)
	at org.springframework.web.filter.OncePerRequestFilter.doFilter(OncePerRequestFilter.java:116)
	at org.springframework.security.web.FilterChainProxy$VirtualFilterChain.doFilter(FilterChainProxy.java:385)
	at org.springframework.security.web.authentication.ui.DefaultLoginPageGeneratingFilter.doFilter(DefaultLoginPageGeneratingFilter.java:246)
	at org.springframework.security.web.authentication.ui.DefaultLoginPageGeneratingFilter.doFilter(DefaultLoginPageGeneratingFilter.java:232)
	at org.springframework.security.web.FilterChainProxy$VirtualFilterChain.doFilter(FilterChainProxy.java:385)
	at org.springframework.security.web.authentication.ui.DefaultResourcesFilter.doFilter(DefaultResourcesFilter.java:73)
	at org.springframework.security.web.FilterChainProxy$VirtualFilterChain.doFilter(FilterChainProxy.java:385)
	at com.abubakar.connectify.security.JwtFilter.doFilterInternal(JwtFilter.java:141)
	at org.springframework.web.filter.OncePerRequestFilter.doFilter(OncePerRequestFilter.java:116)
	at org.springframework.security.web.FilterChainProxy$VirtualFilterChain.doFilter(FilterChainProxy.java:385)
	at org.springframework.security.web.authentication.AbstractAuthenticationProcessingFilter.doFilter(AbstractAuthenticationProcessingFilter.java:245)
	at org.springframework.security.web.authentication.AbstractAuthenticationProcessingFilter.doFilter(AbstractAuthenticationProcessingFilter.java:239)
	at org.springframework.security.web.FilterChainProxy$VirtualFilterChain.doFilter(FilterChainProxy.java:385)
	at org.springframework.security.oauth2.client.web.OAuth2AuthorizationRequestRedirectFilter.doFilterInternal(OAuth2AuthorizationRequestRedirectFilter.java:195)
	at org.springframework.web.filter.OncePerRequestFilter.doFilter(OncePerRequestFilter.java:116)
	at org.springframework.security.web.FilterChainProxy$VirtualFilterChain.doFilter(FilterChainProxy.java:385)
	at org.springframework.security.web.authentication.logout.LogoutFilter.doFilter(LogoutFilter.java:110)
	at org.springframework.security.web.authentication.logout.LogoutFilter.doFilter(LogoutFilter.java:96)
	at org.springframework.security.web.FilterChainProxy$VirtualFilterChain.doFilter(FilterChainProxy.java:385)
	at org.springframework.web.filter.CorsFilter.doFilterInternal(CorsFilter.java:91)
	at org.springframework.web.filter.OncePerRequestFilter.doFilter(OncePerRequestFilter.java:116)
	at org.springframework.security.web.FilterChainProxy$VirtualFilterChain.doFilter(FilterChainProxy.java:385)
	at org.springframework.security.web.header.HeaderWriterFilter.doHeadersAfter(HeaderWriterFilter.java:90)
	at org.springframework.security.web.header.HeaderWriterFilter.doFilterInternal(HeaderWriterFilter.java:75)
	at org.springframework.web.filter.OncePerRequestFilter.doFilter(OncePerRequestFilter.java:116)
	at org.springframework.security.web.FilterChainProxy$VirtualFilterChain.doFilter(FilterChainProxy.java:385)
	at org.springframework.security.web.context.SecurityContextHolderFilter.doFilter(SecurityContextHolderFilter.java:82)
	at org.springframework.security.web.context.SecurityContextHolderFilter.doFilter(SecurityContextHolderFilter.java:69)
	at org.springframework.security.web.FilterChainProxy$VirtualFilterChain.doFilter(FilterChainProxy.java:385)
	at org.springframework.security.web.context.request.async.WebAsyncManagerIntegrationFilter.doFilterInternal(WebAsyncManagerIntegrationFilter.java:62)
	at org.springframework.web.filter.OncePerRequestFilter.doFilter(OncePerRequestFilter.java:116)
	at org.springframework.security.web.FilterChainProxy$VirtualFilterChain.doFilter(FilterChainProxy.java:385)
	at org.springframework.security.web.session.DisableEncodeUrlFilter.doFilterInternal(DisableEncodeUrlFilter.java:42)
	at org.springframework.web.filter.OncePerRequestFilter.doFilter(OncePerRequestFilter.java:116)
	at org.springframework.security.web.FilterChainProxy$VirtualFilterChain.doFilter(FilterChainProxy.java:385)
	at org.springframework.security.web.FilterChainProxy.doFilterInternal(FilterChainProxy.java:237)
	at org.springframework.security.web.FilterChainProxy.doFilter(FilterChainProxy.java:195)
	at org.springframework.web.filter.CompositeFilter$VirtualFilterChain.doFilter(CompositeFilter.java:113)
	at org.springframework.web.filter.ServletRequestPathFilter.doFilter(ServletRequestPathFilter.java:52)
	at org.springframework.web.filter.CompositeFilter$VirtualFilterChain.doFilter(CompositeFilter.java:113)
	at org.springframework.web.filter.CompositeFilter.doFilter(CompositeFilter.java:74)
	at org.springframework.security.config.annotation.web.configuration.WebSecurityConfiguration$CompositeFilterChainProxy.doFilter(WebSecurityConfiguration.java:317)
	at org.springframework.web.filter.DelegatingFilterProxy.invokeDelegate(DelegatingFilterProxy.java:355)
	at org.springframework.web.filter.DelegatingFilterProxy.doFilter(DelegatingFilterProxy.java:272)
	at org.apache.catalina.core.ApplicationFilterChain.doFilter(ApplicationFilterChain.java:107)
	at org.springframework.web.filter.RequestContextFilter.doFilterInternal(RequestContextFilter.java:100)
	at org.springframework.web.filter.OncePerRequestFilter.doFilter(OncePerRequestFilter.java:116)
	at org.apache.catalina.core.ApplicationFilterChain.doFilter(ApplicationFilterChain.java:107)
	at org.springframework.web.filter.FormContentFilter.doFilterInternal(FormContentFilter.java:93)
	at org.springframework.web.filter.OncePerRequestFilter.doFilter(OncePerRequestFilter.java:116)
	at org.apache.catalina.core.ApplicationFilterChain.doFilter(ApplicationFilterChain.java:107)
	at org.springframework.web.filter.CharacterEncodingFilter.doFilterInternal(CharacterEncodingFilter.java:199)
	at org.springframework.web.filter.OncePerRequestFilter.doFilter(OncePerRequestFilter.java:116)
	at org.apache.catalina.core.ApplicationFilterChain.doFilter(ApplicationFilterChain.java:107)
	at org.apache.catalina.core.StandardWrapperValve.invoke(StandardWrapperValve.java:165)
	at org.apache.catalina.core.StandardContextValve.invoke(StandardContextValve.java:77)
	at org.apache.catalina.authenticator.AuthenticatorBase.invoke(AuthenticatorBase.java:492)
	at org.apache.catalina.core.StandardHostValve.invoke(StandardHostValve.java:113)
	at org.apache.catalina.valves.ErrorReportValve.invoke(ErrorReportValve.java:83)
	at org.apache.catalina.core.StandardEngineValve.invoke(StandardEngineValve.java:72)
	at org.apache.catalina.connector.CoyoteAdapter.service(CoyoteAdapter.java:341)
	at org.apache.coyote.http11.Http11Processor.service(Http11Processor.java:397)
	at org.apache.coyote.AbstractProcessorLight.process(AbstractProcessorLight.java:63)
	at org.apache.coyote.AbstractProtocol$ConnectionHandler.process(AbstractProtocol.java:903)
	at org.apache.tomcat.util.net.NioEndpoint$SocketProcessor.doRun(NioEndpoint.java:1801)
	at org.apache.tomcat.util.net.SocketProcessorBase.run(SocketProcessorBase.java:52)
	at org.apache.tomcat.util.threads.ThreadPoolExecutor.runWorker(ThreadPoolExecutor.java:946)
	at org.apache.tomcat.util.threads.ThreadPoolExecutor$Worker.run(ThreadPoolExecutor.java:480)
	at org.apache.tomcat.util.threads.TaskThread$WrappingRunnable.run(TaskThread.java:57)
	at java.base/java.lang.Thread.run(Thread.java:1583)
2026-06-08 07:32:07[INFO]com.abubakar.connectify.configuration.RequestLoggingFilter-GET /api/v1/posts/user/ | Status: 500
2026-06-08 07:32:10[INFO]com.abubakar.connectify.service.impl.CustomUserDetailsService-Authentication request received for email: asif@gmail.com
2026-06-08 07:32:10[DEBUG]com.abubakar.connectify.service.impl.CustomUserDetailsService-User loaded successfully with email: asif@gmail.com and role: USER
2026-06-08 07:32:10[INFO]com.abubakar.connectify.security.JwtUtils-Token validation result for user asif@gmail.com : true
2026-06-08 07:32:10[INFO]com.abubakar.connectify.security.JwtFilter-User authenticated successfully: asif@gmail.com
2026-06-08 07:32:10[WARN]com.abubakar.connectify.exception.GlobalExceptionHandler-Parameter type mismatch | parameter: postId | value: user
2026-06-08 07:32:10[INFO]com.abubakar.connectify.configuration.RequestLoggingFilter-GET /api/v1/posts/user | Status: 400
2026-06-08 07:33:15[INFO]com.abubakar.connectify.service.impl.CustomUserDetailsService-Authentication request received for email: asif@gmail.com
2026-06-08 07:33:15[DEBUG]com.abubakar.connectify.service.impl.CustomUserDetailsService-User loaded successfully with email: asif@gmail.com and role: USER
2026-06-08 07:33:15[INFO]com.abubakar.connectify.security.JwtUtils-Token validation result for user asif@gmail.com : true
2026-06-08 07:33:15[INFO]com.abubakar.connectify.security.JwtFilter-User authenticated successfully: asif@gmail.com
2026-06-08 07:33:15[INFO]com.abubakar.connectify.controller.PostController-Get user posts API called | userId: 5 | cursor: null | size: 10
2026-06-08 07:33:15[INFO]com.abubakar.connectify.service.impl.PostServiceImpl-Fetching user posts | targetUserId: 5 | cursor: null | size: 10
2026-06-08 07:33:15[DEBUG]com.abubakar.connectify.util.UserAccessValidator-Validating user access | userId: 5
2026-06-08 07:33:15[DEBUG]com.abubakar.connectify.util.UserAccessValidator-User validation successful | userId: 5
2026-06-08 07:33:15[DEBUG]com.abubakar.connectify.util.UserAccessValidator-Validating user access | userId: 2
2026-06-08 07:33:15[DEBUG]com.abubakar.connectify.util.UserAccessValidator-User validation successful | userId: 2
2026-06-08 07:33:15[DEBUG]com.abubakar.connectify.util.AuthUtil-Authenticated active user fetched successfully | userId: 2
2026-06-08 07:33:15[DEBUG]com.abubakar.connectify.service.impl.PostServiceImpl-Fetching first page of user posts
2026-06-08 07:33:15[INFO]com.abubakar.connectify.service.impl.PostServiceImpl-User posts fetched successfully | targetUserId: 5 | resultCount: 0
2026-06-08 07:33:15[INFO]com.abubakar.connectify.configuration.RequestLoggingFilter-GET /api/v1/posts/user/5 | Status: 200
2026-06-08 07:33:18[INFO]com.abubakar.connectify.service.impl.CustomUserDetailsService-Authentication request received for email: asif@gmail.com
2026-06-08 07:33:18[DEBUG]com.abubakar.connectify.service.impl.CustomUserDetailsService-User loaded successfully with email: asif@gmail.com and role: USER
2026-06-08 07:33:18[INFO]com.abubakar.connectify.security.JwtUtils-Token validation result for user asif@gmail.com : true
2026-06-08 07:33:18[INFO]com.abubakar.connectify.security.JwtFilter-User authenticated successfully: asif@gmail.com
2026-06-08 07:33:18[INFO]com.abubakar.connectify.controller.PostController-Get user posts API called | userId: 6 | cursor: null | size: 10
2026-06-08 07:33:18[INFO]com.abubakar.connectify.service.impl.PostServiceImpl-Fetching user posts | targetUserId: 6 | cursor: null | size: 10
2026-06-08 07:33:18[DEBUG]com.abubakar.connectify.util.UserAccessValidator-Validating user access | userId: 6
2026-06-08 07:33:18[DEBUG]com.abubakar.connectify.util.UserAccessValidator-User validation successful | userId: 6
2026-06-08 07:33:18[DEBUG]com.abubakar.connectify.util.UserAccessValidator-Validating user access | userId: 2
2026-06-08 07:33:18[DEBUG]com.abubakar.connectify.util.UserAccessValidator-User validation successful | userId: 2
2026-06-08 07:33:18[DEBUG]com.abubakar.connectify.util.AuthUtil-Authenticated active user fetched successfully | userId: 2
2026-06-08 07:33:18[DEBUG]com.abubakar.connectify.service.impl.PostServiceImpl-Fetching first page of user posts
2026-06-08 07:33:18[INFO]com.abubakar.connectify.service.impl.PostServiceImpl-User posts fetched successfully | targetUserId: 6 | resultCount: 0
2026-06-08 07:33:18[INFO]com.abubakar.connectify.configuration.RequestLoggingFilter-GET /api/v1/posts/user/6 | Status: 200
2026-06-08 07:33:20[INFO]com.abubakar.connectify.service.impl.CustomUserDetailsService-Authentication request received for email: asif@gmail.com
2026-06-08 07:33:20[DEBUG]com.abubakar.connectify.service.impl.CustomUserDetailsService-User loaded successfully with email: asif@gmail.com and role: USER
2026-06-08 07:33:20[INFO]com.abubakar.connectify.security.JwtUtils-Token validation result for user asif@gmail.com : true
2026-06-08 07:33:20[INFO]com.abubakar.connectify.security.JwtFilter-User authenticated successfully: asif@gmail.com
2026-06-08 07:33:20[INFO]com.abubakar.connectify.controller.PostController-Get user posts API called | userId: 2 | cursor: null | size: 10
2026-06-08 07:33:20[INFO]com.abubakar.connectify.service.impl.PostServiceImpl-Fetching user posts | targetUserId: 2 | cursor: null | size: 10
2026-06-08 07:33:20[DEBUG]com.abubakar.connectify.util.UserAccessValidator-Validating user access | userId: 2
2026-06-08 07:33:20[DEBUG]com.abubakar.connectify.util.UserAccessValidator-User validation successful | userId: 2
2026-06-08 07:33:20[DEBUG]com.abubakar.connectify.util.UserAccessValidator-Validating user access | userId: 2
2026-06-08 07:33:20[DEBUG]com.abubakar.connectify.util.UserAccessValidator-User validation successful | userId: 2
2026-06-08 07:33:20[DEBUG]com.abubakar.connectify.util.AuthUtil-Authenticated active user fetched successfully | userId: 2
2026-06-08 07:33:20[DEBUG]com.abubakar.connectify.service.impl.PostServiceImpl-Fetching first page of user posts
2026-06-08 07:33:20[INFO]com.abubakar.connectify.service.impl.PostServiceImpl-User posts fetched successfully | targetUserId: 2 | resultCount: 1
2026-06-08 07:33:20[INFO]com.abubakar.connectify.configuration.RequestLoggingFilter-GET /api/v1/posts/user/2 | Status: 200
2026-06-08 07:33:42[INFO]com.abubakar.connectify.service.impl.CustomUserDetailsService-Authentication request received for email: asif@gmail.com
2026-06-08 07:33:42[DEBUG]com.abubakar.connectify.service.impl.CustomUserDetailsService-User loaded successfully with email: asif@gmail.com and role: USER
2026-06-08 07:33:42[INFO]com.abubakar.connectify.security.JwtUtils-Token validation result for user asif@gmail.com : true
2026-06-08 07:33:42[INFO]com.abubakar.connectify.security.JwtFilter-User authenticated successfully: asif@gmail.com
2026-06-08 07:33:42[INFO]com.abubakar.connectify.controller.PostController-Soft delete post API called | postId: 2
2026-06-08 07:33:42[INFO]com.abubakar.connectify.service.impl.PostServiceImpl-Soft deleting post | postId: 2
2026-06-08 07:33:42[DEBUG]com.abubakar.connectify.util.PostAccessValidator-Validating active post access | postId: 2
2026-06-08 07:33:42[DEBUG]com.abubakar.connectify.util.PostAccessValidator-Fetching post | postId: 2
2026-06-08 07:33:42[DEBUG]com.abubakar.connectify.util.PostAccessValidator-Active post validation successful | postId: 2
2026-06-08 07:33:42[DEBUG]com.abubakar.connectify.util.UserAccessValidator-Validating user access | userId: 2
2026-06-08 07:33:42[DEBUG]com.abubakar.connectify.util.UserAccessValidator-User validation successful | userId: 2
2026-06-08 07:33:42[DEBUG]com.abubakar.connectify.util.AuthUtil-Authenticated active user fetched successfully | userId: 2
2026-06-08 07:33:42[DEBUG]com.abubakar.connectify.service.impl.PostServiceImpl-Ownership validation passed | userId: 2 | postId: 2
2026-06-08 07:33:42[INFO]com.abubakar.connectify.service.impl.PostServiceImpl-Post soft deleted successfully | postId: 2
2026-06-08 07:33:42[INFO]com.abubakar.connectify.configuration.RequestLoggingFilter-DELETE /api/v1/posts/2 | Status: 200
2026-06-08 07:33:44[INFO]com.abubakar.connectify.service.impl.CustomUserDetailsService-Authentication request received for email: asif@gmail.com
2026-06-08 07:33:44[DEBUG]com.abubakar.connectify.service.impl.CustomUserDetailsService-User loaded successfully with email: asif@gmail.com and role: USER
2026-06-08 07:33:44[INFO]com.abubakar.connectify.security.JwtUtils-Token validation result for user asif@gmail.com : true
2026-06-08 07:33:44[INFO]com.abubakar.connectify.security.JwtFilter-User authenticated successfully: asif@gmail.com
2026-06-08 07:33:44[INFO]com.abubakar.connectify.controller.PostController-Soft delete post API called | postId: 2
2026-06-08 07:33:44[INFO]com.abubakar.connectify.service.impl.PostServiceImpl-Soft deleting post | postId: 2
2026-06-08 07:33:44[DEBUG]com.abubakar.connectify.util.PostAccessValidator-Validating active post access | postId: 2
2026-06-08 07:33:44[DEBUG]com.abubakar.connectify.util.PostAccessValidator-Fetching post | postId: 2
2026-06-08 07:33:44[WARN]com.abubakar.connectify.util.PostAccessValidator-Post access denied | deleted post | postId: 2
2026-06-08 07:33:44[ERROR]com.abubakar.connectify.exception.GlobalExceptionHandler-Business exception occurred | errorCode: OPERATION_FAILED | status: 400 BAD_REQUEST | message: Post is deleted
com.abubakar.connectify.exception.OperationFailException: Post is deleted
	at com.abubakar.connectify.util.PostAccessValidator.getActivePost(PostAccessValidator.java:41)
	at com.abubakar.connectify.service.impl.PostServiceImpl.softDeletePost(PostServiceImpl.java:629)
	at java.base/jdk.internal.reflect.DirectMethodHandleAccessor.invoke(DirectMethodHandleAccessor.java:103)
	at java.base/java.lang.reflect.Method.invoke(Method.java:580)
	at org.springframework.aop.support.AopUtils.invokeJoinpointUsingReflection(AopUtils.java:359)
	at org.springframework.aop.framework.ReflectiveMethodInvocation.invokeJoinpoint(ReflectiveMethodInvocation.java:190)
	at org.springframework.aop.framework.ReflectiveMethodInvocation.proceed(ReflectiveMethodInvocation.java:158)
	at org.springframework.transaction.interceptor.TransactionInterceptor$1.proceedWithInvocation(TransactionInterceptor.java:133)
	at org.springframework.transaction.interceptor.TransactionAspectSupport.invokeWithinTransaction(TransactionAspectSupport.java:371)
	at org.springframework.transaction.interceptor.TransactionInterceptor.invoke(TransactionInterceptor.java:130)
	at org.springframework.aop.framework.ReflectiveMethodInvocation.proceed(ReflectiveMethodInvocation.java:179)
	at org.springframework.aop.framework.CglibAopProxy$DynamicAdvisedInterceptor.intercept(CglibAopProxy.java:719)
	at com.abubakar.connectify.service.impl.PostServiceImpl$$SpringCGLIB$$0.softDeletePost(<generated>)
	at com.abubakar.connectify.controller.PostController.deletePost(PostController.java:240)
	at java.base/jdk.internal.reflect.DirectMethodHandleAccessor.invoke(DirectMethodHandleAccessor.java:103)
	at java.base/java.lang.reflect.Method.invoke(Method.java:580)
	at org.springframework.web.method.support.InvocableHandlerMethod.doInvoke(InvocableHandlerMethod.java:252)
	at org.springframework.web.method.support.InvocableHandlerMethod.invokeForRequest(InvocableHandlerMethod.java:184)
	at org.springframework.web.servlet.mvc.method.annotation.ServletInvocableHandlerMethod.invokeAndHandle(ServletInvocableHandlerMethod.java:117)
	at org.springframework.web.servlet.mvc.method.annotation.RequestMappingHandlerAdapter.invokeHandlerMethod(RequestMappingHandlerAdapter.java:934)
	at org.springframework.web.servlet.mvc.method.annotation.RequestMappingHandlerAdapter.handleInternal(RequestMappingHandlerAdapter.java:853)
	at org.springframework.web.servlet.mvc.method.AbstractHandlerMethodAdapter.handle(AbstractHandlerMethodAdapter.java:86)
	at org.springframework.web.servlet.DispatcherServlet.doDispatch(DispatcherServlet.java:963)
	at org.springframework.web.servlet.DispatcherServlet.doService(DispatcherServlet.java:866)
	at org.springframework.web.servlet.FrameworkServlet.processRequest(FrameworkServlet.java:1000)
	at org.springframework.web.servlet.FrameworkServlet.doDelete(FrameworkServlet.java:925)
	at jakarta.servlet.http.HttpServlet.service(HttpServlet.java:651)
	at org.springframework.web.servlet.FrameworkServlet.service(FrameworkServlet.java:874)
	at jakarta.servlet.http.HttpServlet.service(HttpServlet.java:710)
	at org.apache.catalina.core.ApplicationFilterChain.doFilter(ApplicationFilterChain.java:128)
	at org.apache.tomcat.websocket.server.WsFilter.doFilter(WsFilter.java:53)
	at org.apache.catalina.core.ApplicationFilterChain.doFilter(ApplicationFilterChain.java:107)
	at org.springframework.web.filter.OncePerRequestFilter.doFilter(OncePerRequestFilter.java:110)
	at org.apache.catalina.core.ApplicationFilterChain.doFilter(ApplicationFilterChain.java:107)
	at org.springframework.web.filter.OncePerRequestFilter.doFilter(OncePerRequestFilter.java:110)
	at org.apache.catalina.core.ApplicationFilterChain.doFilter(ApplicationFilterChain.java:107)
	at com.abubakar.connectify.configuration.RequestLoggingFilter.doFilterInternal(RequestLoggingFilter.java:30)
	at org.springframework.web.filter.OncePerRequestFilter.doFilter(OncePerRequestFilter.java:116)
	at org.apache.catalina.core.ApplicationFilterChain.doFilter(ApplicationFilterChain.java:107)
	at org.springframework.web.filter.CompositeFilter$VirtualFilterChain.doFilter(CompositeFilter.java:108)
	at org.springframework.security.web.FilterChainProxy.lambda$doFilterInternal$3(FilterChainProxy.java:235)
	at org.springframework.security.web.FilterChainProxy$VirtualFilterChain.doFilter(FilterChainProxy.java:376)
	at org.springframework.security.web.access.intercept.AuthorizationFilter.doFilter(AuthorizationFilter.java:101)
	at org.springframework.security.web.FilterChainProxy$VirtualFilterChain.doFilter(FilterChainProxy.java:385)
	at org.springframework.security.web.access.ExceptionTranslationFilter.doFilter(ExceptionTranslationFilter.java:126)
	at org.springframework.security.web.access.ExceptionTranslationFilter.doFilter(ExceptionTranslationFilter.java:120)
	at org.springframework.security.web.FilterChainProxy$VirtualFilterChain.doFilter(FilterChainProxy.java:385)
	at org.springframework.security.web.session.SessionManagementFilter.doFilter(SessionManagementFilter.java:132)
	at org.springframework.security.web.session.SessionManagementFilter.doFilter(SessionManagementFilter.java:86)
	at org.springframework.security.web.FilterChainProxy$VirtualFilterChain.doFilter(FilterChainProxy.java:385)
	at org.springframework.security.web.authentication.AnonymousAuthenticationFilter.doFilter(AnonymousAuthenticationFilter.java:100)
	at org.springframework.security.web.FilterChainProxy$VirtualFilterChain.doFilter(FilterChainProxy.java:385)
	at org.springframework.security.web.servletapi.SecurityContextHolderAwareRequestFilter.doFilter(SecurityContextHolderAwareRequestFilter.java:181)
	at org.springframework.security.web.FilterChainProxy$VirtualFilterChain.doFilter(FilterChainProxy.java:385)
	at org.springframework.security.web.savedrequest.RequestCacheAwareFilter.doFilter(RequestCacheAwareFilter.java:63)
	at org.springframework.security.web.FilterChainProxy$VirtualFilterChain.doFilter(FilterChainProxy.java:385)
	at org.springframework.security.web.authentication.ui.DefaultLogoutPageGeneratingFilter.doFilterInternal(DefaultLogoutPageGeneratingFilter.java:60)
	at org.springframework.web.filter.OncePerRequestFilter.doFilter(OncePerRequestFilter.java:116)
	at org.springframework.security.web.FilterChainProxy$VirtualFilterChain.doFilter(FilterChainProxy.java:385)
	at org.springframework.security.web.authentication.ui.DefaultLoginPageGeneratingFilter.doFilter(DefaultLoginPageGeneratingFilter.java:246)
	at org.springframework.security.web.authentication.ui.DefaultLoginPageGeneratingFilter.doFilter(DefaultLoginPageGeneratingFilter.java:232)
	at org.springframework.security.web.FilterChainProxy$VirtualFilterChain.doFilter(FilterChainProxy.java:385)
	at org.springframework.security.web.authentication.ui.DefaultResourcesFilter.doFilter(DefaultResourcesFilter.java:73)
	at org.springframework.security.web.FilterChainProxy$VirtualFilterChain.doFilter(FilterChainProxy.java:385)
	at com.abubakar.connectify.security.JwtFilter.doFilterInternal(JwtFilter.java:141)
	at org.springframework.web.filter.OncePerRequestFilter.doFilter(OncePerRequestFilter.java:116)
	at org.springframework.security.web.FilterChainProxy$VirtualFilterChain.doFilter(FilterChainProxy.java:385)
	at org.springframework.security.web.authentication.AbstractAuthenticationProcessingFilter.doFilter(AbstractAuthenticationProcessingFilter.java:245)
	at org.springframework.security.web.authentication.AbstractAuthenticationProcessingFilter.doFilter(AbstractAuthenticationProcessingFilter.java:239)
	at org.springframework.security.web.FilterChainProxy$VirtualFilterChain.doFilter(FilterChainProxy.java:385)
	at org.springframework.security.oauth2.client.web.OAuth2AuthorizationRequestRedirectFilter.doFilterInternal(OAuth2AuthorizationRequestRedirectFilter.java:195)
	at org.springframework.web.filter.OncePerRequestFilter.doFilter(OncePerRequestFilter.java:116)
	at org.springframework.security.web.FilterChainProxy$VirtualFilterChain.doFilter(FilterChainProxy.java:385)
	at org.springframework.security.web.authentication.logout.LogoutFilter.doFilter(LogoutFilter.java:110)
	at org.springframework.security.web.authentication.logout.LogoutFilter.doFilter(LogoutFilter.java:96)
	at org.springframework.security.web.FilterChainProxy$VirtualFilterChain.doFilter(FilterChainProxy.java:385)
	at org.springframework.web.filter.CorsFilter.doFilterInternal(CorsFilter.java:91)
	at org.springframework.web.filter.OncePerRequestFilter.doFilter(OncePerRequestFilter.java:116)
	at org.springframework.security.web.FilterChainProxy$VirtualFilterChain.doFilter(FilterChainProxy.java:385)
	at org.springframework.security.web.header.HeaderWriterFilter.doHeadersAfter(HeaderWriterFilter.java:90)
	at org.springframework.security.web.header.HeaderWriterFilter.doFilterInternal(HeaderWriterFilter.java:75)
	at org.springframework.web.filter.OncePerRequestFilter.doFilter(OncePerRequestFilter.java:116)
	at org.springframework.security.web.FilterChainProxy$VirtualFilterChain.doFilter(FilterChainProxy.java:385)
	at org.springframework.security.web.context.SecurityContextHolderFilter.doFilter(SecurityContextHolderFilter.java:82)
	at org.springframework.security.web.context.SecurityContextHolderFilter.doFilter(SecurityContextHolderFilter.java:69)
	at org.springframework.security.web.FilterChainProxy$VirtualFilterChain.doFilter(FilterChainProxy.java:385)
	at org.springframework.security.web.context.request.async.WebAsyncManagerIntegrationFilter.doFilterInternal(WebAsyncManagerIntegrationFilter.java:62)
	at org.springframework.web.filter.OncePerRequestFilter.doFilter(OncePerRequestFilter.java:116)
	at org.springframework.security.web.FilterChainProxy$VirtualFilterChain.doFilter(FilterChainProxy.java:385)
	at org.springframework.security.web.session.DisableEncodeUrlFilter.doFilterInternal(DisableEncodeUrlFilter.java:42)
	at org.springframework.web.filter.OncePerRequestFilter.doFilter(OncePerRequestFilter.java:116)
	at org.springframework.security.web.FilterChainProxy$VirtualFilterChain.doFilter(FilterChainProxy.java:385)
	at org.springframework.security.web.FilterChainProxy.doFilterInternal(FilterChainProxy.java:237)
	at org.springframework.security.web.FilterChainProxy.doFilter(FilterChainProxy.java:195)
	at org.springframework.web.filter.CompositeFilter$VirtualFilterChain.doFilter(CompositeFilter.java:113)
	at org.springframework.web.filter.ServletRequestPathFilter.doFilter(ServletRequestPathFilter.java:52)
	at org.springframework.web.filter.CompositeFilter$VirtualFilterChain.doFilter(CompositeFilter.java:113)
	at org.springframework.web.filter.CompositeFilter.doFilter(CompositeFilter.java:74)
	at org.springframework.security.config.annotation.web.configuration.WebSecurityConfiguration$CompositeFilterChainProxy.doFilter(WebSecurityConfiguration.java:317)
	at org.springframework.web.filter.DelegatingFilterProxy.invokeDelegate(DelegatingFilterProxy.java:355)
	at org.springframework.web.filter.DelegatingFilterProxy.doFilter(DelegatingFilterProxy.java:272)
	at org.apache.catalina.core.ApplicationFilterChain.doFilter(ApplicationFilterChain.java:107)
	at org.springframework.web.filter.RequestContextFilter.doFilterInternal(RequestContextFilter.java:100)
	at org.springframework.web.filter.OncePerRequestFilter.doFilter(OncePerRequestFilter.java:116)
	at org.apache.catalina.core.ApplicationFilterChain.doFilter(ApplicationFilterChain.java:107)
	at org.springframework.web.filter.FormContentFilter.doFilterInternal(FormContentFilter.java:93)
	at org.springframework.web.filter.OncePerRequestFilter.doFilter(OncePerRequestFilter.java:116)
	at org.apache.catalina.core.ApplicationFilterChain.doFilter(ApplicationFilterChain.java:107)
	at org.springframework.web.filter.CharacterEncodingFilter.doFilterInternal(CharacterEncodingFilter.java:199)
	at org.springframework.web.filter.OncePerRequestFilter.doFilter(OncePerRequestFilter.java:116)
	at org.apache.catalina.core.ApplicationFilterChain.doFilter(ApplicationFilterChain.java:107)
	at org.apache.catalina.core.StandardWrapperValve.invoke(StandardWrapperValve.java:165)
	at org.apache.catalina.core.StandardContextValve.invoke(StandardContextValve.java:77)
	at org.apache.catalina.authenticator.AuthenticatorBase.invoke(AuthenticatorBase.java:492)
	at org.apache.catalina.core.StandardHostValve.invoke(StandardHostValve.java:113)
	at org.apache.catalina.valves.ErrorReportValve.invoke(ErrorReportValve.java:83)
	at org.apache.catalina.core.StandardEngineValve.invoke(StandardEngineValve.java:72)
	at org.apache.catalina.connector.CoyoteAdapter.service(CoyoteAdapter.java:341)
	at org.apache.coyote.http11.Http11Processor.service(Http11Processor.java:397)
	at org.apache.coyote.AbstractProcessorLight.process(AbstractProcessorLight.java:63)
	at org.apache.coyote.AbstractProtocol$ConnectionHandler.process(AbstractProtocol.java:903)
	at org.apache.tomcat.util.net.NioEndpoint$SocketProcessor.doRun(NioEndpoint.java:1801)
	at org.apache.tomcat.util.net.SocketProcessorBase.run(SocketProcessorBase.java:52)
	at org.apache.tomcat.util.threads.ThreadPoolExecutor.runWorker(ThreadPoolExecutor.java:946)
	at org.apache.tomcat.util.threads.ThreadPoolExecutor$Worker.run(ThreadPoolExecutor.java:480)
	at org.apache.tomcat.util.threads.TaskThread$WrappingRunnable.run(TaskThread.java:57)
	at java.base/java.lang.Thread.run(Thread.java:1583)
2026-06-08 07:33:44[INFO]com.abubakar.connectify.configuration.RequestLoggingFilter-DELETE /api/v1/posts/2 | Status: 400
2026-06-08 07:33:51[INFO]com.abubakar.connectify.service.impl.CustomUserDetailsService-Authentication request received for email: asif@gmail.com
2026-06-08 07:33:51[DEBUG]com.abubakar.connectify.service.impl.CustomUserDetailsService-User loaded successfully with email: asif@gmail.com and role: USER
2026-06-08 07:33:51[INFO]com.abubakar.connectify.security.JwtUtils-Token validation result for user asif@gmail.com : true
2026-06-08 07:33:51[INFO]com.abubakar.connectify.security.JwtFilter-User authenticated successfully: asif@gmail.com
2026-06-08 07:33:51[INFO]com.abubakar.connectify.controller.PostController-Get deleted posts API called
2026-06-08 07:33:51[DEBUG]com.abubakar.connectify.util.UserAccessValidator-Validating user access | userId: 2
2026-06-08 07:33:51[DEBUG]com.abubakar.connectify.util.UserAccessValidator-User validation successful | userId: 2
2026-06-08 07:33:51[DEBUG]com.abubakar.connectify.util.AuthUtil-Authenticated active user fetched successfully | userId: 2
2026-06-08 07:33:51[INFO]com.abubakar.connectify.service.impl.PostServiceImpl-Fetching deleted posts | userId: 2 | cursor: null | size: 10
2026-06-08 07:33:51[INFO]com.abubakar.connectify.service.impl.PostServiceImpl-Deleted posts fetched successfully | userId: 2 | count: 1
2026-06-08 07:33:51[INFO]com.abubakar.connectify.configuration.RequestLoggingFilter-GET /api/v1/posts/deleted | Status: 200
2026-06-08 07:34:03[INFO]com.abubakar.connectify.service.impl.CustomUserDetailsService-Authentication request received for email: asif@gmail.com
2026-06-08 07:34:03[DEBUG]com.abubakar.connectify.service.impl.CustomUserDetailsService-User loaded successfully with email: asif@gmail.com and role: USER
2026-06-08 07:34:03[INFO]com.abubakar.connectify.security.JwtUtils-Token validation result for user asif@gmail.com : true
2026-06-08 07:34:03[INFO]com.abubakar.connectify.security.JwtFilter-User authenticated successfully: asif@gmail.com
2026-06-08 07:34:03[INFO]com.abubakar.connectify.controller.PostController-Restore post request API called | postId: 2
2026-06-08 07:34:03[INFO]com.abubakar.connectify.service.impl.PostServiceImpl-Restore request for postId: 2
2026-06-08 07:34:03[DEBUG]com.abubakar.connectify.util.UserAccessValidator-Validating user access | userId: 2
2026-06-08 07:34:03[DEBUG]com.abubakar.connectify.util.UserAccessValidator-User validation successful | userId: 2
2026-06-08 07:34:03[DEBUG]com.abubakar.connectify.util.AuthUtil-Authenticated active user fetched successfully | userId: 2
2026-06-08 07:34:03[DEBUG]com.abubakar.connectify.util.PostAccessValidator-Fetching post | postId: 2
2026-06-08 07:34:03[DEBUG]com.abubakar.connectify.service.impl.PostServiceImpl-Ownership validation passed for restore request | userId: 2 | postId: 2
2026-06-08 07:34:03[INFO]com.abubakar.connectify.service.impl.PostServiceImpl-Restore request created successfully | postId: 2
2026-06-08 07:34:03[INFO]com.abubakar.connectify.configuration.RequestLoggingFilter-PUT /api/v1/posts/2/restore-request | Status: 200
2026-06-08 07:34:19[INFO]com.abubakar.connectify.controller.AuthController-Login Api initiated for: admin@gmail.com
2026-06-08 07:34:19[DEBUG]com.abubakar.connectify.service.impl.AuthServiceImpl-Starting login | email: admin@gmail.com
2026-06-08 07:34:19[INFO]com.abubakar.connectify.service.impl.CustomUserDetailsService-Authentication request received for email: admin@gmail.com
2026-06-08 07:34:19[DEBUG]com.abubakar.connectify.service.impl.CustomUserDetailsService-User loaded successfully with email: admin@gmail.com and role: ADMIN
2026-06-08 07:34:19[INFO]com.abubakar.connectify.security.JwtUtils-Generating token for user: admin@gmail.com
2026-06-08 07:34:19[INFO]com.abubakar.connectify.service.impl.RefreshTokenServiceImpl-Refresh token created/updated | userId: 1
2026-06-08 07:34:19[INFO]com.abubakar.connectify.service.impl.AuthServiceImpl-Login successful | userId: 1 | email: admin@gmail.com
2026-06-08 07:34:19[INFO]com.abubakar.connectify.configuration.RequestLoggingFilter-POST /api/v1/auth/login | Status: 200
2026-06-08 07:34:30[INFO]com.abubakar.connectify.service.impl.CustomUserDetailsService-Authentication request received for email: admin@gmail.com
2026-06-08 07:34:30[DEBUG]com.abubakar.connectify.service.impl.CustomUserDetailsService-User loaded successfully with email: admin@gmail.com and role: ADMIN
2026-06-08 07:34:30[INFO]com.abubakar.connectify.security.JwtUtils-Token validation result for user admin@gmail.com : true
2026-06-08 07:34:30[INFO]com.abubakar.connectify.security.JwtFilter-User authenticated successfully: admin@gmail.com
2026-06-08 07:34:30[INFO]com.abubakar.connectify.controller.AdminPostController-Admin approve post restore API called | postId: 2
2026-06-08 07:34:30[DEBUG]com.abubakar.connectify.util.UserAccessValidator-Validating user access | userId: 1
2026-06-08 07:34:30[DEBUG]com.abubakar.connectify.util.UserAccessValidator-User validation successful | userId: 1
2026-06-08 07:34:30[DEBUG]com.abubakar.connectify.util.AuthUtil-Authenticated active user fetched successfully | userId: 1
2026-06-08 07:34:30[INFO]com.abubakar.connectify.service.impl.AdminPostServiceImpl-Post restore requested by admin | adminId: 1 | postId: 2
2026-06-08 07:34:30[DEBUG]com.abubakar.connectify.util.PostAccessValidator-Fetching post | postId: 2
2026-06-08 07:34:30[INFO]com.abubakar.connectify.service.impl.NotificationServiceImpl-Creating system notification | receiverId: 2 | senderId: 1
2026-06-08 07:34:30[DEBUG]com.abubakar.connectify.util.UserAccessValidator-Validating user access | userId: 2
2026-06-08 07:34:30[DEBUG]com.abubakar.connectify.util.UserAccessValidator-User validation successful | userId: 2
2026-06-08 07:34:30[DEBUG]com.abubakar.connectify.util.UserAccessValidator-Validating user access | userId: 1
2026-06-08 07:34:30[DEBUG]com.abubakar.connectify.util.UserAccessValidator-User validation successful | userId: 1
2026-06-08 07:34:30[INFO]com.abubakar.connectify.service.impl.NotificationServiceImpl-System notification created successfully | receiverId: 2
2026-06-08 07:34:30[INFO]com.abubakar.connectify.service.impl.AdminPostServiceImpl-Post restored successfully | postId: 2
2026-06-08 07:34:30[INFO]com.abubakar.connectify.configuration.RequestLoggingFilter-PATCH /api/v1/admin/posts/2/restore/approve | Status: 200
2026-06-08 07:34:44[INFO]com.abubakar.connectify.controller.AuthController-Login Api initiated for: asif@gmail.com
2026-06-08 07:34:44[DEBUG]com.abubakar.connectify.service.impl.AuthServiceImpl-Starting login | email: asif@gmail.com
2026-06-08 07:34:44[INFO]com.abubakar.connectify.service.impl.CustomUserDetailsService-Authentication request received for email: asif@gmail.com
2026-06-08 07:34:44[DEBUG]com.abubakar.connectify.service.impl.CustomUserDetailsService-User loaded successfully with email: asif@gmail.com and role: USER
2026-06-08 07:34:44[INFO]com.abubakar.connectify.security.JwtUtils-Generating token for user: asif@gmail.com
2026-06-08 07:34:44[INFO]com.abubakar.connectify.service.impl.RefreshTokenServiceImpl-Refresh token created/updated | userId: 2
2026-06-08 07:34:44[INFO]com.abubakar.connectify.service.impl.AuthServiceImpl-Login successful | userId: 2 | email: asif@gmail.com
2026-06-08 07:34:44[INFO]com.abubakar.connectify.configuration.RequestLoggingFilter-POST /api/v1/auth/login | Status: 200
2026-06-08 07:34:49[INFO]com.abubakar.connectify.service.impl.CustomUserDetailsService-Authentication request received for email: asif@gmail.com
2026-06-08 07:34:49[DEBUG]com.abubakar.connectify.service.impl.CustomUserDetailsService-User loaded successfully with email: asif@gmail.com and role: USER
2026-06-08 07:34:49[INFO]com.abubakar.connectify.security.JwtUtils-Token validation result for user asif@gmail.com : true
2026-06-08 07:34:49[INFO]com.abubakar.connectify.security.JwtFilter-User authenticated successfully: asif@gmail.com
2026-06-08 07:34:49[INFO]com.abubakar.connectify.controller.PostController-Get user posts API called | userId: 2 | cursor: null | size: 10
2026-06-08 07:34:49[INFO]com.abubakar.connectify.service.impl.PostServiceImpl-Fetching user posts | targetUserId: 2 | cursor: null | size: 10
2026-06-08 07:34:49[DEBUG]com.abubakar.connectify.util.UserAccessValidator-Validating user access | userId: 2
2026-06-08 07:34:49[DEBUG]com.abubakar.connectify.util.UserAccessValidator-User validation successful | userId: 2
2026-06-08 07:34:49[DEBUG]com.abubakar.connectify.util.UserAccessValidator-Validating user access | userId: 2
2026-06-08 07:34:49[DEBUG]com.abubakar.connectify.util.UserAccessValidator-User validation successful | userId: 2
2026-06-08 07:34:49[DEBUG]com.abubakar.connectify.util.AuthUtil-Authenticated active user fetched successfully | userId: 2
2026-06-08 07:34:49[DEBUG]com.abubakar.connectify.service.impl.PostServiceImpl-Fetching first page of user posts
2026-06-08 07:34:49[INFO]com.abubakar.connectify.service.impl.PostServiceImpl-User posts fetched successfully | targetUserId: 2 | resultCount: 1
2026-06-08 07:34:49[INFO]com.abubakar.connectify.configuration.RequestLoggingFilter-GET /api/v1/posts/user/2 | Status: 200
2026-06-08 07:34:52[INFO]com.abubakar.connectify.service.impl.CustomUserDetailsService-Authentication request received for email: asif@gmail.com
2026-06-08 07:34:52[DEBUG]com.abubakar.connectify.service.impl.CustomUserDetailsService-User loaded successfully with email: asif@gmail.com and role: USER
2026-06-08 07:34:52[INFO]com.abubakar.connectify.security.JwtUtils-Token validation result for user asif@gmail.com : true
2026-06-08 07:34:52[INFO]com.abubakar.connectify.security.JwtFilter-User authenticated successfully: asif@gmail.com
2026-06-08 07:34:52[INFO]com.abubakar.connectify.controller.PostController-Get deleted posts API called
2026-06-08 07:34:52[DEBUG]com.abubakar.connectify.util.UserAccessValidator-Validating user access | userId: 2
2026-06-08 07:34:52[DEBUG]com.abubakar.connectify.util.UserAccessValidator-User validation successful | userId: 2
2026-06-08 07:34:52[DEBUG]com.abubakar.connectify.util.AuthUtil-Authenticated active user fetched successfully | userId: 2
2026-06-08 07:34:52[INFO]com.abubakar.connectify.service.impl.PostServiceImpl-Fetching deleted posts | userId: 2 | cursor: null | size: 10
2026-06-08 07:34:52[INFO]com.abubakar.connectify.service.impl.PostServiceImpl-Deleted posts fetched successfully | userId: 2 | count: 0
2026-06-08 07:34:52[INFO]com.abubakar.connectify.configuration.RequestLoggingFilter-GET /api/v1/posts/deleted | Status: 200
2026-06-08 07:35:19[INFO]com.abubakar.connectify.service.impl.CustomUserDetailsService-Authentication request received for email: asif@gmail.com
2026-06-08 07:35:19[DEBUG]com.abubakar.connectify.service.impl.CustomUserDetailsService-User loaded successfully with email: asif@gmail.com and role: USER
2026-06-08 07:35:19[INFO]com.abubakar.connectify.security.JwtUtils-Token validation result for user asif@gmail.com : true
2026-06-08 07:35:19[INFO]com.abubakar.connectify.security.JwtFilter-User authenticated successfully: asif@gmail.com
2026-06-08 07:35:19[INFO]com.abubakar.connectify.controller.CommentController-API request received | getPostComments | postId: 1 | cursor: null | size: 10
2026-06-08 07:35:19[INFO]com.abubakar.connectify.service.impl.CommentServiceImpl-Fetching comments | postId: 1 | cursor: null | size: 10
2026-06-08 07:35:19[DEBUG]com.abubakar.connectify.util.PostAccessValidator-Validating active post access | postId: 1
2026-06-08 07:35:19[DEBUG]com.abubakar.connectify.util.PostAccessValidator-Fetching post | postId: 1
2026-06-08 07:35:19[DEBUG]com.abubakar.connectify.util.PostAccessValidator-Active post validation successful | postId: 1
2026-06-08 07:35:19[INFO]com.abubakar.connectify.service.impl.CommentServiceImpl-Top-level comments fetched | count: 1
2026-06-08 07:35:19[DEBUG]com.abubakar.connectify.util.UserAccessValidator-Validating user access | userId: 2
2026-06-08 07:35:19[DEBUG]com.abubakar.connectify.util.UserAccessValidator-User validation successful | userId: 2
2026-06-08 07:35:19[DEBUG]com.abubakar.connectify.util.AuthUtil-Authenticated active user fetched successfully | userId: 2
2026-06-08 07:35:19[INFO]com.abubakar.connectify.configuration.RequestLoggingFilter-GET /api/v1/comments/post/1 | Status: 200
2026-06-08 07:35:44[INFO]com.abubakar.connectify.service.impl.CustomUserDetailsService-Authentication request received for email: asif@gmail.com
2026-06-08 07:35:44[DEBUG]com.abubakar.connectify.service.impl.CustomUserDetailsService-User loaded successfully with email: asif@gmail.com and role: USER
2026-06-08 07:35:44[INFO]com.abubakar.connectify.security.JwtUtils-Token validation result for user asif@gmail.com : true
2026-06-08 07:35:44[INFO]com.abubakar.connectify.security.JwtFilter-User authenticated successfully: asif@gmail.com
2026-06-08 07:35:44[INFO]com.abubakar.connectify.controller.CommentController-Get deleted comments API called | cursor: null | size: 10
2026-06-08 07:35:44[DEBUG]com.abubakar.connectify.util.UserAccessValidator-Validating user access | userId: 2
2026-06-08 07:35:44[DEBUG]com.abubakar.connectify.util.UserAccessValidator-User validation successful | userId: 2
2026-06-08 07:35:44[DEBUG]com.abubakar.connectify.util.AuthUtil-Authenticated active user fetched successfully | userId: 2
2026-06-08 07:35:44[INFO]com.abubakar.connectify.service.impl.CommentServiceImpl-Fetching deleted comments | userId: 2 | cursor: null | size: 10
2026-06-08 07:35:44[INFO]com.abubakar.connectify.service.impl.CommentServiceImpl-Deleted comments fetched successfully | userId: 2 | count: 0
2026-06-08 07:35:44[DEBUG]com.abubakar.connectify.util.UserAccessValidator-Validating user access | userId: 2
2026-06-08 07:35:44[DEBUG]com.abubakar.connectify.util.UserAccessValidator-User validation successful | userId: 2
2026-06-08 07:35:44[DEBUG]com.abubakar.connectify.util.AuthUtil-Authenticated active user fetched successfully | userId: 2
2026-06-08 07:35:44[INFO]com.abubakar.connectify.configuration.RequestLoggingFilter-GET /api/v1/comments/deleted | Status: 200
2026-06-08 07:35:53[INFO]com.abubakar.connectify.service.impl.CustomUserDetailsService-Authentication request received for email: asif@gmail.com
2026-06-08 07:35:53[DEBUG]com.abubakar.connectify.service.impl.CustomUserDetailsService-User loaded successfully with email: asif@gmail.com and role: USER
2026-06-08 07:35:53[INFO]com.abubakar.connectify.security.JwtUtils-Token validation result for user asif@gmail.com : true
2026-06-08 07:35:53[INFO]com.abubakar.connectify.security.JwtFilter-User authenticated successfully: asif@gmail.com
2026-06-08 07:35:53[INFO]com.abubakar.connectify.controller.CommentController-API request received | deleteComment | commentId: 1
2026-06-08 07:35:53[INFO]com.abubakar.connectify.service.impl.CommentServiceImpl-Soft deleting comment with id: 1
2026-06-08 07:35:53[DEBUG]com.abubakar.connectify.util.CommentAccessValidator-Validating active comment access | commentId: 1
2026-06-08 07:35:53[DEBUG]com.abubakar.connectify.util.CommentAccessValidator-Fetching comment | commentId: 1
2026-06-08 07:35:53[DEBUG]com.abubakar.connectify.util.CommentAccessValidator-Active comment validation successful | commentId: 1
2026-06-08 07:35:53[DEBUG]com.abubakar.connectify.util.UserAccessValidator-Validating user access | userId: 2
2026-06-08 07:35:53[DEBUG]com.abubakar.connectify.util.UserAccessValidator-User validation successful | userId: 2
2026-06-08 07:35:53[DEBUG]com.abubakar.connectify.util.AuthUtil-Authenticated active user fetched successfully | userId: 2
2026-06-08 07:35:53[ERROR]com.abubakar.connectify.exception.GlobalExceptionHandler-Business exception occurred | errorCode: EMAIL_NOT_FOUND | status: 404 NOT_FOUND | message: You are not authorized to access this comment
com.abubakar.connectify.exception.UnauthorizedException: You are not authorized to access this comment
	at com.abubakar.connectify.util.OwnershipValidator.validate(OwnershipValidator.java:19)
	at com.abubakar.connectify.service.impl.CommentServiceImpl.softDeleteComment(CommentServiceImpl.java:260)
	at java.base/jdk.internal.reflect.DirectMethodHandleAccessor.invoke(DirectMethodHandleAccessor.java:103)
	at java.base/java.lang.reflect.Method.invoke(Method.java:580)
	at org.springframework.aop.support.AopUtils.invokeJoinpointUsingReflection(AopUtils.java:359)
	at org.springframework.aop.framework.ReflectiveMethodInvocation.invokeJoinpoint(ReflectiveMethodInvocation.java:190)
	at org.springframework.aop.framework.ReflectiveMethodInvocation.proceed(ReflectiveMethodInvocation.java:158)
	at org.springframework.transaction.interceptor.TransactionInterceptor$1.proceedWithInvocation(TransactionInterceptor.java:133)
	at org.springframework.transaction.interceptor.TransactionAspectSupport.invokeWithinTransaction(TransactionAspectSupport.java:371)
	at org.springframework.transaction.interceptor.TransactionInterceptor.invoke(TransactionInterceptor.java:130)
	at org.springframework.aop.framework.ReflectiveMethodInvocation.proceed(ReflectiveMethodInvocation.java:179)
	at org.springframework.aop.framework.CglibAopProxy$DynamicAdvisedInterceptor.intercept(CglibAopProxy.java:719)
	at com.abubakar.connectify.service.impl.CommentServiceImpl$$SpringCGLIB$$0.softDeleteComment(<generated>)
	at com.abubakar.connectify.controller.CommentController.deleteComment(CommentController.java:79)
	at java.base/jdk.internal.reflect.DirectMethodHandleAccessor.invoke(DirectMethodHandleAccessor.java:103)
	at java.base/java.lang.reflect.Method.invoke(Method.java:580)
	at org.springframework.web.method.support.InvocableHandlerMethod.doInvoke(InvocableHandlerMethod.java:252)
	at org.springframework.web.method.support.InvocableHandlerMethod.invokeForRequest(InvocableHandlerMethod.java:184)
	at org.springframework.web.servlet.mvc.method.annotation.ServletInvocableHandlerMethod.invokeAndHandle(ServletInvocableHandlerMethod.java:117)
	at org.springframework.web.servlet.mvc.method.annotation.RequestMappingHandlerAdapter.invokeHandlerMethod(RequestMappingHandlerAdapter.java:934)
	at org.springframework.web.servlet.mvc.method.annotation.RequestMappingHandlerAdapter.handleInternal(RequestMappingHandlerAdapter.java:853)
	at org.springframework.web.servlet.mvc.method.AbstractHandlerMethodAdapter.handle(AbstractHandlerMethodAdapter.java:86)
	at org.springframework.web.servlet.DispatcherServlet.doDispatch(DispatcherServlet.java:963)
	at org.springframework.web.servlet.DispatcherServlet.doService(DispatcherServlet.java:866)
	at org.springframework.web.servlet.FrameworkServlet.processRequest(FrameworkServlet.java:1000)
	at org.springframework.web.servlet.FrameworkServlet.doDelete(FrameworkServlet.java:925)
	at jakarta.servlet.http.HttpServlet.service(HttpServlet.java:651)
	at org.springframework.web.servlet.FrameworkServlet.service(FrameworkServlet.java:874)
	at jakarta.servlet.http.HttpServlet.service(HttpServlet.java:710)
	at org.apache.catalina.core.ApplicationFilterChain.doFilter(ApplicationFilterChain.java:128)
	at org.apache.tomcat.websocket.server.WsFilter.doFilter(WsFilter.java:53)
	at org.apache.catalina.core.ApplicationFilterChain.doFilter(ApplicationFilterChain.java:107)
	at org.springframework.web.filter.OncePerRequestFilter.doFilter(OncePerRequestFilter.java:110)
	at org.apache.catalina.core.ApplicationFilterChain.doFilter(ApplicationFilterChain.java:107)
	at org.springframework.web.filter.OncePerRequestFilter.doFilter(OncePerRequestFilter.java:110)
	at org.apache.catalina.core.ApplicationFilterChain.doFilter(ApplicationFilterChain.java:107)
	at com.abubakar.connectify.configuration.RequestLoggingFilter.doFilterInternal(RequestLoggingFilter.java:30)
	at org.springframework.web.filter.OncePerRequestFilter.doFilter(OncePerRequestFilter.java:116)
	at org.apache.catalina.core.ApplicationFilterChain.doFilter(ApplicationFilterChain.java:107)
	at org.springframework.web.filter.CompositeFilter$VirtualFilterChain.doFilter(CompositeFilter.java:108)
	at org.springframework.security.web.FilterChainProxy.lambda$doFilterInternal$3(FilterChainProxy.java:235)
	at org.springframework.security.web.FilterChainProxy$VirtualFilterChain.doFilter(FilterChainProxy.java:376)
	at org.springframework.security.web.access.intercept.AuthorizationFilter.doFilter(AuthorizationFilter.java:101)
	at org.springframework.security.web.FilterChainProxy$VirtualFilterChain.doFilter(FilterChainProxy.java:385)
	at org.springframework.security.web.access.ExceptionTranslationFilter.doFilter(ExceptionTranslationFilter.java:126)
	at org.springframework.security.web.access.ExceptionTranslationFilter.doFilter(ExceptionTranslationFilter.java:120)
	at org.springframework.security.web.FilterChainProxy$VirtualFilterChain.doFilter(FilterChainProxy.java:385)
	at org.springframework.security.web.session.SessionManagementFilter.doFilter(SessionManagementFilter.java:132)
	at org.springframework.security.web.session.SessionManagementFilter.doFilter(SessionManagementFilter.java:86)
	at org.springframework.security.web.FilterChainProxy$VirtualFilterChain.doFilter(FilterChainProxy.java:385)
	at org.springframework.security.web.authentication.AnonymousAuthenticationFilter.doFilter(AnonymousAuthenticationFilter.java:100)
	at org.springframework.security.web.FilterChainProxy$VirtualFilterChain.doFilter(FilterChainProxy.java:385)
	at org.springframework.security.web.servletapi.SecurityContextHolderAwareRequestFilter.doFilter(SecurityContextHolderAwareRequestFilter.java:181)
	at org.springframework.security.web.FilterChainProxy$VirtualFilterChain.doFilter(FilterChainProxy.java:385)
	at org.springframework.security.web.savedrequest.RequestCacheAwareFilter.doFilter(RequestCacheAwareFilter.java:63)
	at org.springframework.security.web.FilterChainProxy$VirtualFilterChain.doFilter(FilterChainProxy.java:385)
	at org.springframework.security.web.authentication.ui.DefaultLogoutPageGeneratingFilter.doFilterInternal(DefaultLogoutPageGeneratingFilter.java:60)
	at org.springframework.web.filter.OncePerRequestFilter.doFilter(OncePerRequestFilter.java:116)
	at org.springframework.security.web.FilterChainProxy$VirtualFilterChain.doFilter(FilterChainProxy.java:385)
	at org.springframework.security.web.authentication.ui.DefaultLoginPageGeneratingFilter.doFilter(DefaultLoginPageGeneratingFilter.java:246)
	at org.springframework.security.web.authentication.ui.DefaultLoginPageGeneratingFilter.doFilter(DefaultLoginPageGeneratingFilter.java:232)
	at org.springframework.security.web.FilterChainProxy$VirtualFilterChain.doFilter(FilterChainProxy.java:385)
	at org.springframework.security.web.authentication.ui.DefaultResourcesFilter.doFilter(DefaultResourcesFilter.java:73)
	at org.springframework.security.web.FilterChainProxy$VirtualFilterChain.doFilter(FilterChainProxy.java:385)
	at com.abubakar.connectify.security.JwtFilter.doFilterInternal(JwtFilter.java:141)
	at org.springframework.web.filter.OncePerRequestFilter.doFilter(OncePerRequestFilter.java:116)
	at org.springframework.security.web.FilterChainProxy$VirtualFilterChain.doFilter(FilterChainProxy.java:385)
	at org.springframework.security.web.authentication.AbstractAuthenticationProcessingFilter.doFilter(AbstractAuthenticationProcessingFilter.java:245)
	at org.springframework.security.web.authentication.AbstractAuthenticationProcessingFilter.doFilter(AbstractAuthenticationProcessingFilter.java:239)
	at org.springframework.security.web.FilterChainProxy$VirtualFilterChain.doFilter(FilterChainProxy.java:385)
	at org.springframework.security.oauth2.client.web.OAuth2AuthorizationRequestRedirectFilter.doFilterInternal(OAuth2AuthorizationRequestRedirectFilter.java:195)
	at org.springframework.web.filter.OncePerRequestFilter.doFilter(OncePerRequestFilter.java:116)
	at org.springframework.security.web.FilterChainProxy$VirtualFilterChain.doFilter(FilterChainProxy.java:385)
	at org.springframework.security.web.authentication.logout.LogoutFilter.doFilter(LogoutFilter.java:110)
	at org.springframework.security.web.authentication.logout.LogoutFilter.doFilter(LogoutFilter.java:96)
	at org.springframework.security.web.FilterChainProxy$VirtualFilterChain.doFilter(FilterChainProxy.java:385)
	at org.springframework.web.filter.CorsFilter.doFilterInternal(CorsFilter.java:91)
	at org.springframework.web.filter.OncePerRequestFilter.doFilter(OncePerRequestFilter.java:116)
	at org.springframework.security.web.FilterChainProxy$VirtualFilterChain.doFilter(FilterChainProxy.java:385)
	at org.springframework.security.web.header.HeaderWriterFilter.doHeadersAfter(HeaderWriterFilter.java:90)
	at org.springframework.security.web.header.HeaderWriterFilter.doFilterInternal(HeaderWriterFilter.java:75)
	at org.springframework.web.filter.OncePerRequestFilter.doFilter(OncePerRequestFilter.java:116)
	at org.springframework.security.web.FilterChainProxy$VirtualFilterChain.doFilter(FilterChainProxy.java:385)
	at org.springframework.security.web.context.SecurityContextHolderFilter.doFilter(SecurityContextHolderFilter.java:82)
	at org.springframework.security.web.context.SecurityContextHolderFilter.doFilter(SecurityContextHolderFilter.java:69)
	at org.springframework.security.web.FilterChainProxy$VirtualFilterChain.doFilter(FilterChainProxy.java:385)
	at org.springframework.security.web.context.request.async.WebAsyncManagerIntegrationFilter.doFilterInternal(WebAsyncManagerIntegrationFilter.java:62)
	at org.springframework.web.filter.OncePerRequestFilter.doFilter(OncePerRequestFilter.java:116)
	at org.springframework.security.web.FilterChainProxy$VirtualFilterChain.doFilter(FilterChainProxy.java:385)
	at org.springframework.security.web.session.DisableEncodeUrlFilter.doFilterInternal(DisableEncodeUrlFilter.java:42)
	at org.springframework.web.filter.OncePerRequestFilter.doFilter(OncePerRequestFilter.java:116)
	at org.springframework.security.web.FilterChainProxy$VirtualFilterChain.doFilter(FilterChainProxy.java:385)
	at org.springframework.security.web.FilterChainProxy.doFilterInternal(FilterChainProxy.java:237)
	at org.springframework.security.web.FilterChainProxy.doFilter(FilterChainProxy.java:195)
	at org.springframework.web.filter.CompositeFilter$VirtualFilterChain.doFilter(CompositeFilter.java:113)
	at org.springframework.web.filter.ServletRequestPathFilter.doFilter(ServletRequestPathFilter.java:52)
	at org.springframework.web.filter.CompositeFilter$VirtualFilterChain.doFilter(CompositeFilter.java:113)
	at org.springframework.web.filter.CompositeFilter.doFilter(CompositeFilter.java:74)
	at org.springframework.security.config.annotation.web.configuration.WebSecurityConfiguration$CompositeFilterChainProxy.doFilter(WebSecurityConfiguration.java:317)
	at org.springframework.web.filter.DelegatingFilterProxy.invokeDelegate(DelegatingFilterProxy.java:355)
	at org.springframework.web.filter.DelegatingFilterProxy.doFilter(DelegatingFilterProxy.java:272)
	at org.apache.catalina.core.ApplicationFilterChain.doFilter(ApplicationFilterChain.java:107)
	at org.springframework.web.filter.RequestContextFilter.doFilterInternal(RequestContextFilter.java:100)
	at org.springframework.web.filter.OncePerRequestFilter.doFilter(OncePerRequestFilter.java:116)
	at org.apache.catalina.core.ApplicationFilterChain.doFilter(ApplicationFilterChain.java:107)
	at org.springframework.web.filter.FormContentFilter.doFilterInternal(FormContentFilter.java:93)
	at org.springframework.web.filter.OncePerRequestFilter.doFilter(OncePerRequestFilter.java:116)
	at org.apache.catalina.core.ApplicationFilterChain.doFilter(ApplicationFilterChain.java:107)
	at org.springframework.web.filter.CharacterEncodingFilter.doFilterInternal(CharacterEncodingFilter.java:199)
	at org.springframework.web.filter.OncePerRequestFilter.doFilter(OncePerRequestFilter.java:116)
	at org.apache.catalina.core.ApplicationFilterChain.doFilter(ApplicationFilterChain.java:107)
	at org.apache.catalina.core.StandardWrapperValve.invoke(StandardWrapperValve.java:165)
	at org.apache.catalina.core.StandardContextValve.invoke(StandardContextValve.java:77)
	at org.apache.catalina.authenticator.AuthenticatorBase.invoke(AuthenticatorBase.java:492)
	at org.apache.catalina.core.StandardHostValve.invoke(StandardHostValve.java:113)
	at org.apache.catalina.valves.ErrorReportValve.invoke(ErrorReportValve.java:83)
	at org.apache.catalina.core.StandardEngineValve.invoke(StandardEngineValve.java:72)
	at org.apache.catalina.connector.CoyoteAdapter.service(CoyoteAdapter.java:341)
	at org.apache.coyote.http11.Http11Processor.service(Http11Processor.java:397)
	at org.apache.coyote.AbstractProcessorLight.process(AbstractProcessorLight.java:63)
	at org.apache.coyote.AbstractProtocol$ConnectionHandler.process(AbstractProtocol.java:903)
	at org.apache.tomcat.util.net.NioEndpoint$SocketProcessor.doRun(NioEndpoint.java:1801)
	at org.apache.tomcat.util.net.SocketProcessorBase.run(SocketProcessorBase.java:52)
	at org.apache.tomcat.util.threads.ThreadPoolExecutor.runWorker(ThreadPoolExecutor.java:946)
	at org.apache.tomcat.util.threads.ThreadPoolExecutor$Worker.run(ThreadPoolExecutor.java:480)
	at org.apache.tomcat.util.threads.TaskThread$WrappingRunnable.run(TaskThread.java:57)
	at java.base/java.lang.Thread.run(Thread.java:1583)
2026-06-08 07:35:53[INFO]com.abubakar.connectify.configuration.RequestLoggingFilter-DELETE /api/v1/comments/1 | Status: 404
2026-06-08 07:36:30[INFO]com.abubakar.connectify.service.impl.CustomUserDetailsService-Authentication request received for email: asif@gmail.com
2026-06-08 07:36:30[DEBUG]com.abubakar.connectify.service.impl.CustomUserDetailsService-User loaded successfully with email: asif@gmail.com and role: USER
2026-06-08 07:36:30[INFO]com.abubakar.connectify.security.JwtUtils-Token validation result for user asif@gmail.com : true
2026-06-08 07:36:30[INFO]com.abubakar.connectify.security.JwtFilter-User authenticated successfully: asif@gmail.com
2026-06-08 07:36:30[INFO]com.abubakar.connectify.controller.CommentController-API request received | deleteComment | commentId: 3
2026-06-08 07:36:30[INFO]com.abubakar.connectify.service.impl.CommentServiceImpl-Soft deleting comment with id: 3
2026-06-08 07:36:30[DEBUG]com.abubakar.connectify.util.CommentAccessValidator-Validating active comment access | commentId: 3
2026-06-08 07:36:30[DEBUG]com.abubakar.connectify.util.CommentAccessValidator-Fetching comment | commentId: 3
2026-06-08 07:36:30[DEBUG]com.abubakar.connectify.util.CommentAccessValidator-Active comment validation successful | commentId: 3
2026-06-08 07:36:30[DEBUG]com.abubakar.connectify.util.UserAccessValidator-Validating user access | userId: 2
2026-06-08 07:36:30[DEBUG]com.abubakar.connectify.util.UserAccessValidator-User validation successful | userId: 2
2026-06-08 07:36:30[DEBUG]com.abubakar.connectify.util.AuthUtil-Authenticated active user fetched successfully | userId: 2
2026-06-08 07:36:30[DEBUG]com.abubakar.connectify.util.UserAccessValidator-Validating user access | userId: 2
2026-06-08 07:36:30[DEBUG]com.abubakar.connectify.util.UserAccessValidator-User validation successful | userId: 2
2026-06-08 07:36:30[DEBUG]com.abubakar.connectify.util.AuthUtil-Authenticated active user fetched successfully | userId: 2
2026-06-08 07:36:30[DEBUG]com.abubakar.connectify.service.impl.CommentServiceImpl-Ownership validation passed for delete | commentId: 3 | userId: 2
2026-06-08 07:36:30[INFO]com.abubakar.connectify.service.impl.CommentServiceImpl-Comment soft deleted successfully | commentId: 3
2026-06-08 07:36:30[INFO]com.abubakar.connectify.configuration.RequestLoggingFilter-DELETE /api/v1/comments/3 | Status: 200
2026-06-08 07:36:33[INFO]com.abubakar.connectify.service.impl.CustomUserDetailsService-Authentication request received for email: asif@gmail.com
2026-06-08 07:36:33[DEBUG]com.abubakar.connectify.service.impl.CustomUserDetailsService-User loaded successfully with email: asif@gmail.com and role: USER
2026-06-08 07:36:33[INFO]com.abubakar.connectify.security.JwtUtils-Token validation result for user asif@gmail.com : true
2026-06-08 07:36:33[INFO]com.abubakar.connectify.security.JwtFilter-User authenticated successfully: asif@gmail.com
2026-06-08 07:36:33[INFO]com.abubakar.connectify.controller.CommentController-API request received | deleteComment | commentId: 3
2026-06-08 07:36:33[INFO]com.abubakar.connectify.service.impl.CommentServiceImpl-Soft deleting comment with id: 3
2026-06-08 07:36:33[DEBUG]com.abubakar.connectify.util.CommentAccessValidator-Validating active comment access | commentId: 3
2026-06-08 07:36:33[DEBUG]com.abubakar.connectify.util.CommentAccessValidator-Fetching comment | commentId: 3
2026-06-08 07:36:33[WARN]com.abubakar.connectify.util.CommentAccessValidator-Comment access denied | deleted comment | commentId: 3
2026-06-08 07:36:33[ERROR]com.abubakar.connectify.exception.GlobalExceptionHandler-Business exception occurred | errorCode: OPERATION_FAILED | status: 400 BAD_REQUEST | message: Comment is deleted
com.abubakar.connectify.exception.OperationFailException: Comment is deleted
	at com.abubakar.connectify.util.CommentAccessValidator.getActiveComment(CommentAccessValidator.java:44)
	at com.abubakar.connectify.service.impl.CommentServiceImpl.softDeleteComment(CommentServiceImpl.java:258)
	at java.base/jdk.internal.reflect.DirectMethodHandleAccessor.invoke(DirectMethodHandleAccessor.java:103)
	at java.base/java.lang.reflect.Method.invoke(Method.java:580)
	at org.springframework.aop.support.AopUtils.invokeJoinpointUsingReflection(AopUtils.java:359)
	at org.springframework.aop.framework.ReflectiveMethodInvocation.invokeJoinpoint(ReflectiveMethodInvocation.java:190)
	at org.springframework.aop.framework.ReflectiveMethodInvocation.proceed(ReflectiveMethodInvocation.java:158)
	at org.springframework.transaction.interceptor.TransactionInterceptor$1.proceedWithInvocation(TransactionInterceptor.java:133)
	at org.springframework.transaction.interceptor.TransactionAspectSupport.invokeWithinTransaction(TransactionAspectSupport.java:371)
	at org.springframework.transaction.interceptor.TransactionInterceptor.invoke(TransactionInterceptor.java:130)
	at org.springframework.aop.framework.ReflectiveMethodInvocation.proceed(ReflectiveMethodInvocation.java:179)
	at org.springframework.aop.framework.CglibAopProxy$DynamicAdvisedInterceptor.intercept(CglibAopProxy.java:719)
	at com.abubakar.connectify.service.impl.CommentServiceImpl$$SpringCGLIB$$0.softDeleteComment(<generated>)
	at com.abubakar.connectify.controller.CommentController.deleteComment(CommentController.java:79)
	at java.base/jdk.internal.reflect.DirectMethodHandleAccessor.invoke(DirectMethodHandleAccessor.java:103)
	at java.base/java.lang.reflect.Method.invoke(Method.java:580)
	at org.springframework.web.method.support.InvocableHandlerMethod.doInvoke(InvocableHandlerMethod.java:252)
	at org.springframework.web.method.support.InvocableHandlerMethod.invokeForRequest(InvocableHandlerMethod.java:184)
	at org.springframework.web.servlet.mvc.method.annotation.ServletInvocableHandlerMethod.invokeAndHandle(ServletInvocableHandlerMethod.java:117)
	at org.springframework.web.servlet.mvc.method.annotation.RequestMappingHandlerAdapter.invokeHandlerMethod(RequestMappingHandlerAdapter.java:934)
	at org.springframework.web.servlet.mvc.method.annotation.RequestMappingHandlerAdapter.handleInternal(RequestMappingHandlerAdapter.java:853)
	at org.springframework.web.servlet.mvc.method.AbstractHandlerMethodAdapter.handle(AbstractHandlerMethodAdapter.java:86)
	at org.springframework.web.servlet.DispatcherServlet.doDispatch(DispatcherServlet.java:963)
	at org.springframework.web.servlet.DispatcherServlet.doService(DispatcherServlet.java:866)
	at org.springframework.web.servlet.FrameworkServlet.processRequest(FrameworkServlet.java:1000)
	at org.springframework.web.servlet.FrameworkServlet.doDelete(FrameworkServlet.java:925)
	at jakarta.servlet.http.HttpServlet.service(HttpServlet.java:651)
	at org.springframework.web.servlet.FrameworkServlet.service(FrameworkServlet.java:874)
	at jakarta.servlet.http.HttpServlet.service(HttpServlet.java:710)
	at org.apache.catalina.core.ApplicationFilterChain.doFilter(ApplicationFilterChain.java:128)
	at org.apache.tomcat.websocket.server.WsFilter.doFilter(WsFilter.java:53)
	at org.apache.catalina.core.ApplicationFilterChain.doFilter(ApplicationFilterChain.java:107)
	at org.springframework.web.filter.OncePerRequestFilter.doFilter(OncePerRequestFilter.java:110)
	at org.apache.catalina.core.ApplicationFilterChain.doFilter(ApplicationFilterChain.java:107)
	at org.springframework.web.filter.OncePerRequestFilter.doFilter(OncePerRequestFilter.java:110)
	at org.apache.catalina.core.ApplicationFilterChain.doFilter(ApplicationFilterChain.java:107)
	at com.abubakar.connectify.configuration.RequestLoggingFilter.doFilterInternal(RequestLoggingFilter.java:30)
	at org.springframework.web.filter.OncePerRequestFilter.doFilter(OncePerRequestFilter.java:116)
	at org.apache.catalina.core.ApplicationFilterChain.doFilter(ApplicationFilterChain.java:107)
	at org.springframework.web.filter.CompositeFilter$VirtualFilterChain.doFilter(CompositeFilter.java:108)
	at org.springframework.security.web.FilterChainProxy.lambda$doFilterInternal$3(FilterChainProxy.java:235)
	at org.springframework.security.web.FilterChainProxy$VirtualFilterChain.doFilter(FilterChainProxy.java:376)
	at org.springframework.security.web.access.intercept.AuthorizationFilter.doFilter(AuthorizationFilter.java:101)
	at org.springframework.security.web.FilterChainProxy$VirtualFilterChain.doFilter(FilterChainProxy.java:385)
	at org.springframework.security.web.access.ExceptionTranslationFilter.doFilter(ExceptionTranslationFilter.java:126)
	at org.springframework.security.web.access.ExceptionTranslationFilter.doFilter(ExceptionTranslationFilter.java:120)
	at org.springframework.security.web.FilterChainProxy$VirtualFilterChain.doFilter(FilterChainProxy.java:385)
	at org.springframework.security.web.session.SessionManagementFilter.doFilter(SessionManagementFilter.java:132)
	at org.springframework.security.web.session.SessionManagementFilter.doFilter(SessionManagementFilter.java:86)
	at org.springframework.security.web.FilterChainProxy$VirtualFilterChain.doFilter(FilterChainProxy.java:385)
	at org.springframework.security.web.authentication.AnonymousAuthenticationFilter.doFilter(AnonymousAuthenticationFilter.java:100)
	at org.springframework.security.web.FilterChainProxy$VirtualFilterChain.doFilter(FilterChainProxy.java:385)
	at org.springframework.security.web.servletapi.SecurityContextHolderAwareRequestFilter.doFilter(SecurityContextHolderAwareRequestFilter.java:181)
	at org.springframework.security.web.FilterChainProxy$VirtualFilterChain.doFilter(FilterChainProxy.java:385)
	at org.springframework.security.web.savedrequest.RequestCacheAwareFilter.doFilter(RequestCacheAwareFilter.java:63)
	at org.springframework.security.web.FilterChainProxy$VirtualFilterChain.doFilter(FilterChainProxy.java:385)
	at org.springframework.security.web.authentication.ui.DefaultLogoutPageGeneratingFilter.doFilterInternal(DefaultLogoutPageGeneratingFilter.java:60)
	at org.springframework.web.filter.OncePerRequestFilter.doFilter(OncePerRequestFilter.java:116)
	at org.springframework.security.web.FilterChainProxy$VirtualFilterChain.doFilter(FilterChainProxy.java:385)
	at org.springframework.security.web.authentication.ui.DefaultLoginPageGeneratingFilter.doFilter(DefaultLoginPageGeneratingFilter.java:246)
	at org.springframework.security.web.authentication.ui.DefaultLoginPageGeneratingFilter.doFilter(DefaultLoginPageGeneratingFilter.java:232)
	at org.springframework.security.web.FilterChainProxy$VirtualFilterChain.doFilter(FilterChainProxy.java:385)
	at org.springframework.security.web.authentication.ui.DefaultResourcesFilter.doFilter(DefaultResourcesFilter.java:73)
	at org.springframework.security.web.FilterChainProxy$VirtualFilterChain.doFilter(FilterChainProxy.java:385)
	at com.abubakar.connectify.security.JwtFilter.doFilterInternal(JwtFilter.java:141)
	at org.springframework.web.filter.OncePerRequestFilter.doFilter(OncePerRequestFilter.java:116)
	at org.springframework.security.web.FilterChainProxy$VirtualFilterChain.doFilter(FilterChainProxy.java:385)
	at org.springframework.security.web.authentication.AbstractAuthenticationProcessingFilter.doFilter(AbstractAuthenticationProcessingFilter.java:245)
	at org.springframework.security.web.authentication.AbstractAuthenticationProcessingFilter.doFilter(AbstractAuthenticationProcessingFilter.java:239)
	at org.springframework.security.web.FilterChainProxy$VirtualFilterChain.doFilter(FilterChainProxy.java:385)
	at org.springframework.security.oauth2.client.web.OAuth2AuthorizationRequestRedirectFilter.doFilterInternal(OAuth2AuthorizationRequestRedirectFilter.java:195)
	at org.springframework.web.filter.OncePerRequestFilter.doFilter(OncePerRequestFilter.java:116)
	at org.springframework.security.web.FilterChainProxy$VirtualFilterChain.doFilter(FilterChainProxy.java:385)
	at org.springframework.security.web.authentication.logout.LogoutFilter.doFilter(LogoutFilter.java:110)
	at org.springframework.security.web.authentication.logout.LogoutFilter.doFilter(LogoutFilter.java:96)
	at org.springframework.security.web.FilterChainProxy$VirtualFilterChain.doFilter(FilterChainProxy.java:385)
	at org.springframework.web.filter.CorsFilter.doFilterInternal(CorsFilter.java:91)
	at org.springframework.web.filter.OncePerRequestFilter.doFilter(OncePerRequestFilter.java:116)
	at org.springframework.security.web.FilterChainProxy$VirtualFilterChain.doFilter(FilterChainProxy.java:385)
	at org.springframework.security.web.header.HeaderWriterFilter.doHeadersAfter(HeaderWriterFilter.java:90)
	at org.springframework.security.web.header.HeaderWriterFilter.doFilterInternal(HeaderWriterFilter.java:75)
	at org.springframework.web.filter.OncePerRequestFilter.doFilter(OncePerRequestFilter.java:116)
	at org.springframework.security.web.FilterChainProxy$VirtualFilterChain.doFilter(FilterChainProxy.java:385)
	at org.springframework.security.web.context.SecurityContextHolderFilter.doFilter(SecurityContextHolderFilter.java:82)
	at org.springframework.security.web.context.SecurityContextHolderFilter.doFilter(SecurityContextHolderFilter.java:69)
	at org.springframework.security.web.FilterChainProxy$VirtualFilterChain.doFilter(FilterChainProxy.java:385)
	at org.springframework.security.web.context.request.async.WebAsyncManagerIntegrationFilter.doFilterInternal(WebAsyncManagerIntegrationFilter.java:62)
	at org.springframework.web.filter.OncePerRequestFilter.doFilter(OncePerRequestFilter.java:116)
	at org.springframework.security.web.FilterChainProxy$VirtualFilterChain.doFilter(FilterChainProxy.java:385)
	at org.springframework.security.web.session.DisableEncodeUrlFilter.doFilterInternal(DisableEncodeUrlFilter.java:42)
	at org.springframework.web.filter.OncePerRequestFilter.doFilter(OncePerRequestFilter.java:116)
	at org.springframework.security.web.FilterChainProxy$VirtualFilterChain.doFilter(FilterChainProxy.java:385)
	at org.springframework.security.web.FilterChainProxy.doFilterInternal(FilterChainProxy.java:237)
	at org.springframework.security.web.FilterChainProxy.doFilter(FilterChainProxy.java:195)
	at org.springframework.web.filter.CompositeFilter$VirtualFilterChain.doFilter(CompositeFilter.java:113)
	at org.springframework.web.filter.ServletRequestPathFilter.doFilter(ServletRequestPathFilter.java:52)
	at org.springframework.web.filter.CompositeFilter$VirtualFilterChain.doFilter(CompositeFilter.java:113)
	at org.springframework.web.filter.CompositeFilter.doFilter(CompositeFilter.java:74)
	at org.springframework.security.config.annotation.web.configuration.WebSecurityConfiguration$CompositeFilterChainProxy.doFilter(WebSecurityConfiguration.java:317)
	at org.springframework.web.filter.DelegatingFilterProxy.invokeDelegate(DelegatingFilterProxy.java:355)
	at org.springframework.web.filter.DelegatingFilterProxy.doFilter(DelegatingFilterProxy.java:272)
	at org.apache.catalina.core.ApplicationFilterChain.doFilter(ApplicationFilterChain.java:107)
	at org.springframework.web.filter.RequestContextFilter.doFilterInternal(RequestContextFilter.java:100)
	at org.springframework.web.filter.OncePerRequestFilter.doFilter(OncePerRequestFilter.java:116)
	at org.apache.catalina.core.ApplicationFilterChain.doFilter(ApplicationFilterChain.java:107)
	at org.springframework.web.filter.FormContentFilter.doFilterInternal(FormContentFilter.java:93)
	at org.springframework.web.filter.OncePerRequestFilter.doFilter(OncePerRequestFilter.java:116)
	at org.apache.catalina.core.ApplicationFilterChain.doFilter(ApplicationFilterChain.java:107)
	at org.springframework.web.filter.CharacterEncodingFilter.doFilterInternal(CharacterEncodingFilter.java:199)
	at org.springframework.web.filter.OncePerRequestFilter.doFilter(OncePerRequestFilter.java:116)
	at org.apache.catalina.core.ApplicationFilterChain.doFilter(ApplicationFilterChain.java:107)
	at org.apache.catalina.core.StandardWrapperValve.invoke(StandardWrapperValve.java:165)
	at org.apache.catalina.core.StandardContextValve.invoke(StandardContextValve.java:77)
	at org.apache.catalina.authenticator.AuthenticatorBase.invoke(AuthenticatorBase.java:492)
	at org.apache.catalina.core.StandardHostValve.invoke(StandardHostValve.java:113)
	at org.apache.catalina.valves.ErrorReportValve.invoke(ErrorReportValve.java:83)
	at org.apache.catalina.core.StandardEngineValve.invoke(StandardEngineValve.java:72)
	at org.apache.catalina.connector.CoyoteAdapter.service(CoyoteAdapter.java:341)
	at org.apache.coyote.http11.Http11Processor.service(Http11Processor.java:397)
	at org.apache.coyote.AbstractProcessorLight.process(AbstractProcessorLight.java:63)
	at org.apache.coyote.AbstractProtocol$ConnectionHandler.process(AbstractProtocol.java:903)
	at org.apache.tomcat.util.net.NioEndpoint$SocketProcessor.doRun(NioEndpoint.java:1801)
	at org.apache.tomcat.util.net.SocketProcessorBase.run(SocketProcessorBase.java:52)
	at org.apache.tomcat.util.threads.ThreadPoolExecutor.runWorker(ThreadPoolExecutor.java:946)
	at org.apache.tomcat.util.threads.ThreadPoolExecutor$Worker.run(ThreadPoolExecutor.java:480)
	at org.apache.tomcat.util.threads.TaskThread$WrappingRunnable.run(TaskThread.java:57)
	at java.base/java.lang.Thread.run(Thread.java:1583)
2026-06-08 07:36:33[INFO]com.abubakar.connectify.configuration.RequestLoggingFilter-DELETE /api/v1/comments/3 | Status: 400
2026-06-08 07:36:39[INFO]com.abubakar.connectify.service.impl.CustomUserDetailsService-Authentication request received for email: asif@gmail.com
2026-06-08 07:36:39[DEBUG]com.abubakar.connectify.service.impl.CustomUserDetailsService-User loaded successfully with email: asif@gmail.com and role: USER
2026-06-08 07:36:39[INFO]com.abubakar.connectify.security.JwtUtils-Token validation result for user asif@gmail.com : true
2026-06-08 07:36:39[INFO]com.abubakar.connectify.security.JwtFilter-User authenticated successfully: asif@gmail.com
2026-06-08 07:36:39[INFO]com.abubakar.connectify.controller.CommentController-API request received | getPostComments | postId: 1 | cursor: null | size: 10
2026-06-08 07:36:39[INFO]com.abubakar.connectify.service.impl.CommentServiceImpl-Fetching comments | postId: 1 | cursor: null | size: 10
2026-06-08 07:36:39[DEBUG]com.abubakar.connectify.util.PostAccessValidator-Validating active post access | postId: 1
2026-06-08 07:36:39[DEBUG]com.abubakar.connectify.util.PostAccessValidator-Fetching post | postId: 1
2026-06-08 07:36:39[DEBUG]com.abubakar.connectify.util.PostAccessValidator-Active post validation successful | postId: 1
2026-06-08 07:36:39[INFO]com.abubakar.connectify.service.impl.CommentServiceImpl-Top-level comments fetched | count: 1
2026-06-08 07:36:39[DEBUG]com.abubakar.connectify.util.UserAccessValidator-Validating user access | userId: 2
2026-06-08 07:36:39[DEBUG]com.abubakar.connectify.util.UserAccessValidator-User validation successful | userId: 2
2026-06-08 07:36:39[DEBUG]com.abubakar.connectify.util.AuthUtil-Authenticated active user fetched successfully | userId: 2
2026-06-08 07:36:39[INFO]com.abubakar.connectify.configuration.RequestLoggingFilter-GET /api/v1/comments/post/1 | Status: 200
2026-06-08 07:36:44[INFO]com.abubakar.connectify.service.impl.CustomUserDetailsService-Authentication request received for email: asif@gmail.com
2026-06-08 07:36:44[DEBUG]com.abubakar.connectify.service.impl.CustomUserDetailsService-User loaded successfully with email: asif@gmail.com and role: USER
2026-06-08 07:36:44[INFO]com.abubakar.connectify.security.JwtUtils-Token validation result for user asif@gmail.com : true
2026-06-08 07:36:44[INFO]com.abubakar.connectify.security.JwtFilter-User authenticated successfully: asif@gmail.com
2026-06-08 07:36:44[INFO]com.abubakar.connectify.controller.CommentController-Get deleted comments API called | cursor: null | size: 10
2026-06-08 07:36:44[DEBUG]com.abubakar.connectify.util.UserAccessValidator-Validating user access | userId: 2
2026-06-08 07:36:44[DEBUG]com.abubakar.connectify.util.UserAccessValidator-User validation successful | userId: 2
2026-06-08 07:36:44[DEBUG]com.abubakar.connectify.util.AuthUtil-Authenticated active user fetched successfully | userId: 2
2026-06-08 07:36:44[INFO]com.abubakar.connectify.service.impl.CommentServiceImpl-Fetching deleted comments | userId: 2 | cursor: null | size: 10
2026-06-08 07:36:44[INFO]com.abubakar.connectify.service.impl.CommentServiceImpl-Deleted comments fetched successfully | userId: 2 | count: 1
2026-06-08 07:36:44[DEBUG]com.abubakar.connectify.util.UserAccessValidator-Validating user access | userId: 2
2026-06-08 07:36:44[DEBUG]com.abubakar.connectify.util.UserAccessValidator-User validation successful | userId: 2
2026-06-08 07:36:44[DEBUG]com.abubakar.connectify.util.AuthUtil-Authenticated active user fetched successfully | userId: 2
2026-06-08 07:36:44[INFO]com.abubakar.connectify.configuration.RequestLoggingFilter-GET /api/v1/comments/deleted | Status: 200
2026-06-08 07:36:57[INFO]com.abubakar.connectify.service.impl.CustomUserDetailsService-Authentication request received for email: asif@gmail.com
2026-06-08 07:36:57[DEBUG]com.abubakar.connectify.service.impl.CustomUserDetailsService-User loaded successfully with email: asif@gmail.com and role: USER
2026-06-08 07:36:57[INFO]com.abubakar.connectify.security.JwtUtils-Token validation result for user asif@gmail.com : true
2026-06-08 07:36:57[INFO]com.abubakar.connectify.security.JwtFilter-User authenticated successfully: asif@gmail.com
2026-06-08 07:36:57[INFO]com.abubakar.connectify.controller.CommentController-API request received | requestRestoreComment | commentId: 3
2026-06-08 07:36:57[INFO]com.abubakar.connectify.service.impl.CommentServiceImpl-Restore request for commentId: 3
2026-06-08 07:36:57[DEBUG]com.abubakar.connectify.util.CommentAccessValidator-Fetching comment | commentId: 3
2026-06-08 07:36:57[DEBUG]com.abubakar.connectify.util.UserAccessValidator-Validating user access | userId: 2
2026-06-08 07:36:57[DEBUG]com.abubakar.connectify.util.UserAccessValidator-User validation successful | userId: 2
2026-06-08 07:36:57[DEBUG]com.abubakar.connectify.util.AuthUtil-Authenticated active user fetched successfully | userId: 2
2026-06-08 07:36:57[DEBUG]com.abubakar.connectify.util.UserAccessValidator-Validating user access | userId: 2
2026-06-08 07:36:57[DEBUG]com.abubakar.connectify.util.UserAccessValidator-User validation successful | userId: 2
2026-06-08 07:36:57[DEBUG]com.abubakar.connectify.util.AuthUtil-Authenticated active user fetched successfully | userId: 2
2026-06-08 07:36:57[DEBUG]com.abubakar.connectify.service.impl.CommentServiceImpl-Ownership validation passed for restore request | commentId: 3 | userId: 2
2026-06-08 07:36:57[INFO]com.abubakar.connectify.service.impl.CommentServiceImpl-Comment restore request submitted successfully | commentId: 3
2026-06-08 07:36:57[INFO]com.abubakar.connectify.configuration.RequestLoggingFilter-POST /api/v1/comments/3/restore-request | Status: 200
2026-06-08 07:37:12[INFO]com.abubakar.connectify.controller.AuthController-Login Api initiated for: admin@gmail.com
2026-06-08 07:37:12[DEBUG]com.abubakar.connectify.service.impl.AuthServiceImpl-Starting login | email: admin@gmail.com
2026-06-08 07:37:12[INFO]com.abubakar.connectify.service.impl.CustomUserDetailsService-Authentication request received for email: admin@gmail.com
2026-06-08 07:37:12[DEBUG]com.abubakar.connectify.service.impl.CustomUserDetailsService-User loaded successfully with email: admin@gmail.com and role: ADMIN
2026-06-08 07:37:13[INFO]com.abubakar.connectify.security.JwtUtils-Generating token for user: admin@gmail.com
2026-06-08 07:37:13[INFO]com.abubakar.connectify.service.impl.RefreshTokenServiceImpl-Refresh token created/updated | userId: 1
2026-06-08 07:37:13[INFO]com.abubakar.connectify.service.impl.AuthServiceImpl-Login successful | userId: 1 | email: admin@gmail.com
2026-06-08 07:37:13[INFO]com.abubakar.connectify.configuration.RequestLoggingFilter-POST /api/v1/auth/login | Status: 200
2026-06-08 07:37:21[INFO]com.abubakar.connectify.service.impl.CustomUserDetailsService-Authentication request received for email: admin@gmail.com
2026-06-08 07:37:21[DEBUG]com.abubakar.connectify.service.impl.CustomUserDetailsService-User loaded successfully with email: admin@gmail.com and role: ADMIN
2026-06-08 07:37:21[INFO]com.abubakar.connectify.security.JwtUtils-Token validation result for user admin@gmail.com : true
2026-06-08 07:37:21[INFO]com.abubakar.connectify.security.JwtFilter-User authenticated successfully: admin@gmail.com
2026-06-08 07:37:21[INFO]com.abubakar.connectify.controller.AdminCommentController-API request received | acceptRestoreComment | commentId: 3
2026-06-08 07:37:21[INFO]com.abubakar.connectify.service.impl.AdminCommentServiceImpl-Restoring comment | commentId: 3
2026-06-08 07:37:21[DEBUG]com.abubakar.connectify.util.UserAccessValidator-Validating user access | userId: 1
2026-06-08 07:37:21[DEBUG]com.abubakar.connectify.util.UserAccessValidator-User validation successful | userId: 1
2026-06-08 07:37:21[DEBUG]com.abubakar.connectify.util.AuthUtil-Authenticated active user fetched successfully | userId: 1
2026-06-08 07:37:21[INFO]com.abubakar.connectify.service.impl.AdminCommentServiceImpl-Restore comment request received | adminId: 1 | commentId: 3
2026-06-08 07:37:21[DEBUG]com.abubakar.connectify.util.CommentAccessValidator-Fetching comment | commentId: 3
2026-06-08 07:37:21[INFO]com.abubakar.connectify.service.impl.NotificationServiceImpl-Creating system notification | receiverId: 2 | senderId: 1
2026-06-08 07:37:21[DEBUG]com.abubakar.connectify.util.UserAccessValidator-Validating user access | userId: 2
2026-06-08 07:37:21[DEBUG]com.abubakar.connectify.util.UserAccessValidator-User validation successful | userId: 2
2026-06-08 07:37:21[DEBUG]com.abubakar.connectify.util.UserAccessValidator-Validating user access | userId: 1
2026-06-08 07:37:21[DEBUG]com.abubakar.connectify.util.UserAccessValidator-User validation successful | userId: 1
2026-06-08 07:37:21[INFO]com.abubakar.connectify.service.impl.NotificationServiceImpl-System notification created successfully | receiverId: 2
2026-06-08 07:37:21[INFO]com.abubakar.connectify.service.impl.AdminCommentServiceImpl-Comment restored successfully | commentId: 3 | restoredByAdminId: 1
2026-06-08 07:37:21[INFO]com.abubakar.connectify.configuration.RequestLoggingFilter-PATCH /api/v1/admin/comments/3/restore/approve | Status: 200
2026-06-08 07:37:33[INFO]com.abubakar.connectify.controller.AuthController-Login Api initiated for: asif@gmail.com
2026-06-08 07:37:33[DEBUG]com.abubakar.connectify.service.impl.AuthServiceImpl-Starting login | email: asif@gmail.com
2026-06-08 07:37:33[INFO]com.abubakar.connectify.service.impl.CustomUserDetailsService-Authentication request received for email: asif@gmail.com
2026-06-08 07:37:33[DEBUG]com.abubakar.connectify.service.impl.CustomUserDetailsService-User loaded successfully with email: asif@gmail.com and role: USER
2026-06-08 07:37:33[INFO]com.abubakar.connectify.security.JwtUtils-Generating token for user: asif@gmail.com
2026-06-08 07:37:33[INFO]com.abubakar.connectify.service.impl.RefreshTokenServiceImpl-Refresh token created/updated | userId: 2
2026-06-08 07:37:33[INFO]com.abubakar.connectify.service.impl.AuthServiceImpl-Login successful | userId: 2 | email: asif@gmail.com
2026-06-08 07:37:33[INFO]com.abubakar.connectify.configuration.RequestLoggingFilter-POST /api/v1/auth/login | Status: 200
2026-06-08 07:37:42[INFO]com.abubakar.connectify.service.impl.CustomUserDetailsService-Authentication request received for email: asif@gmail.com
2026-06-08 07:37:42[DEBUG]com.abubakar.connectify.service.impl.CustomUserDetailsService-User loaded successfully with email: asif@gmail.com and role: USER
2026-06-08 07:37:42[INFO]com.abubakar.connectify.security.JwtUtils-Token validation result for user asif@gmail.com : true
2026-06-08 07:37:42[INFO]com.abubakar.connectify.security.JwtFilter-User authenticated successfully: asif@gmail.com
2026-06-08 07:37:42[INFO]com.abubakar.connectify.controller.CommentController-API request received | getPostComments | postId: 1 | cursor: null | size: 10
2026-06-08 07:37:42[INFO]com.abubakar.connectify.service.impl.CommentServiceImpl-Fetching comments | postId: 1 | cursor: null | size: 10
2026-06-08 07:37:42[DEBUG]com.abubakar.connectify.util.PostAccessValidator-Validating active post access | postId: 1
2026-06-08 07:37:42[DEBUG]com.abubakar.connectify.util.PostAccessValidator-Fetching post | postId: 1
2026-06-08 07:37:42[DEBUG]com.abubakar.connectify.util.PostAccessValidator-Active post validation successful | postId: 1
2026-06-08 07:37:42[INFO]com.abubakar.connectify.service.impl.CommentServiceImpl-Top-level comments fetched | count: 1
2026-06-08 07:37:42[DEBUG]com.abubakar.connectify.util.UserAccessValidator-Validating user access | userId: 2
2026-06-08 07:37:42[DEBUG]com.abubakar.connectify.util.UserAccessValidator-User validation successful | userId: 2
2026-06-08 07:37:42[DEBUG]com.abubakar.connectify.util.AuthUtil-Authenticated active user fetched successfully | userId: 2
2026-06-08 07:37:42[INFO]com.abubakar.connectify.configuration.RequestLoggingFilter-GET /api/v1/comments/post/1 | Status: 200
2026-06-08 07:37:47[INFO]com.abubakar.connectify.service.impl.CustomUserDetailsService-Authentication request received for email: asif@gmail.com
2026-06-08 07:37:47[DEBUG]com.abubakar.connectify.service.impl.CustomUserDetailsService-User loaded successfully with email: asif@gmail.com and role: USER
2026-06-08 07:37:47[INFO]com.abubakar.connectify.security.JwtUtils-Token validation result for user asif@gmail.com : true
2026-06-08 07:37:47[INFO]com.abubakar.connectify.security.JwtFilter-User authenticated successfully: asif@gmail.com
2026-06-08 07:37:47[INFO]com.abubakar.connectify.controller.CommentController-Get deleted comments API called | cursor: null | size: 10
2026-06-08 07:37:47[DEBUG]com.abubakar.connectify.util.UserAccessValidator-Validating user access | userId: 2
2026-06-08 07:37:47[DEBUG]com.abubakar.connectify.util.UserAccessValidator-User validation successful | userId: 2
2026-06-08 07:37:47[DEBUG]com.abubakar.connectify.util.AuthUtil-Authenticated active user fetched successfully | userId: 2
2026-06-08 07:37:47[INFO]com.abubakar.connectify.service.impl.CommentServiceImpl-Fetching deleted comments | userId: 2 | cursor: null | size: 10
2026-06-08 07:37:47[INFO]com.abubakar.connectify.service.impl.CommentServiceImpl-Deleted comments fetched successfully | userId: 2 | count: 0
2026-06-08 07:37:47[DEBUG]com.abubakar.connectify.util.UserAccessValidator-Validating user access | userId: 2
2026-06-08 07:37:47[DEBUG]com.abubakar.connectify.util.UserAccessValidator-User validation successful | userId: 2
2026-06-08 07:37:47[DEBUG]com.abubakar.connectify.util.AuthUtil-Authenticated active user fetched successfully | userId: 2
2026-06-08 07:37:47[INFO]com.abubakar.connectify.configuration.RequestLoggingFilter-GET /api/v1/comments/deleted | Status: 200
2026-06-08 07:38:11[INFO]com.abubakar.connectify.service.impl.CustomUserDetailsService-Authentication request received for email: asif@gmail.com
2026-06-08 07:38:11[DEBUG]com.abubakar.connectify.service.impl.CustomUserDetailsService-User loaded successfully with email: asif@gmail.com and role: USER
2026-06-08 07:38:11[INFO]com.abubakar.connectify.security.JwtUtils-Token validation result for user asif@gmail.com : true
2026-06-08 07:38:11[INFO]com.abubakar.connectify.security.JwtFilter-User authenticated successfully: asif@gmail.com
2026-06-08 07:38:11[INFO]com.abubakar.connectify.controller.StoryController-Get my stories request received | cursor: null | size: 10
2026-06-08 07:38:11[DEBUG]com.abubakar.connectify.util.UserAccessValidator-Validating user access | userId: 2
2026-06-08 07:38:11[DEBUG]com.abubakar.connectify.util.UserAccessValidator-User validation successful | userId: 2
2026-06-08 07:38:11[DEBUG]com.abubakar.connectify.util.AuthUtil-Authenticated active user fetched successfully | userId: 2
2026-06-08 07:38:11[INFO]com.abubakar.connectify.service.impl.StoryServiceImpl-Fetching current user stories | userId: 2 | cursor: null | size: 10
2026-06-08 07:38:11[INFO]com.abubakar.connectify.service.impl.StoryServiceImpl-Current user stories fetched successfully | userId: 2 | storyCount: 1
2026-06-08 07:38:11[INFO]com.abubakar.connectify.configuration.RequestLoggingFilter-GET /api/v1/stories/me | Status: 200
2026-06-08 07:38:19[INFO]com.abubakar.connectify.service.impl.CustomUserDetailsService-Authentication request received for email: asif@gmail.com
2026-06-08 07:38:19[DEBUG]com.abubakar.connectify.service.impl.CustomUserDetailsService-User loaded successfully with email: asif@gmail.com and role: USER
2026-06-08 07:38:19[INFO]com.abubakar.connectify.security.JwtUtils-Token validation result for user asif@gmail.com : true
2026-06-08 07:38:19[INFO]com.abubakar.connectify.security.JwtFilter-User authenticated successfully: asif@gmail.com
2026-06-08 07:38:19[INFO]com.abubakar.connectify.controller.StoryController-Get deleted stories API called | cursor: null | size: 10
2026-06-08 07:38:19[DEBUG]com.abubakar.connectify.util.UserAccessValidator-Validating user access | userId: 2
2026-06-08 07:38:19[DEBUG]com.abubakar.connectify.util.UserAccessValidator-User validation successful | userId: 2
2026-06-08 07:38:19[DEBUG]com.abubakar.connectify.util.AuthUtil-Authenticated active user fetched successfully | userId: 2
2026-06-08 07:38:19[INFO]com.abubakar.connectify.service.impl.StoryServiceImpl-Fetching deleted stories | userId: 2 | cursor: null | size: 10
2026-06-08 07:38:19[DEBUG]com.abubakar.connectify.service.impl.StoryServiceImpl-Validating story owner account status | userId: 2
2026-06-08 07:38:19[DEBUG]com.abubakar.connectify.util.UserAccessValidator-Validating user access | userId: 2
2026-06-08 07:38:19[DEBUG]com.abubakar.connectify.util.UserAccessValidator-User validation successful | userId: 2
2026-06-08 07:38:19[INFO]com.abubakar.connectify.service.impl.StoryServiceImpl-Deleted stories fetched successfully | userId: 2 | count: 0
2026-06-08 07:38:19[INFO]com.abubakar.connectify.configuration.RequestLoggingFilter-GET /api/v1/stories/deleted | Status: 200
2026-06-08 07:38:33[INFO]com.abubakar.connectify.service.impl.CustomUserDetailsService-Authentication request received for email: asif@gmail.com
2026-06-08 07:38:33[DEBUG]com.abubakar.connectify.service.impl.CustomUserDetailsService-User loaded successfully with email: asif@gmail.com and role: USER
2026-06-08 07:38:33[INFO]com.abubakar.connectify.security.JwtUtils-Token validation result for user asif@gmail.com : true
2026-06-08 07:38:33[INFO]com.abubakar.connectify.security.JwtFilter-User authenticated successfully: asif@gmail.com
2026-06-08 07:38:33[INFO]com.abubakar.connectify.controller.StoryController-Delete story api request received | storyId: 2
2026-06-08 07:38:33[INFO]com.abubakar.connectify.service.impl.StoryServiceImpl-Deleting story | storyId: 2
2026-06-08 07:38:33[DEBUG]com.abubakar.connectify.util.UserAccessValidator-Validating user access | userId: 2
2026-06-08 07:38:33[DEBUG]com.abubakar.connectify.util.UserAccessValidator-User validation successful | userId: 2
2026-06-08 07:38:33[DEBUG]com.abubakar.connectify.util.AuthUtil-Authenticated active user fetched successfully | userId: 2
2026-06-08 07:38:33[DEBUG]com.abubakar.connectify.util.StoryAccessValidator-Fetching story | storyId: 2
2026-06-08 07:38:33[DEBUG]com.abubakar.connectify.service.impl.StoryServiceImpl-Validating story ownership for deletion | ownerId: 2 | requesterId: 2
2026-06-08 07:38:33[INFO]com.abubakar.connectify.service.impl.StoryServiceImpl-Story deleted successfully | storyId: 2
2026-06-08 07:38:33[INFO]com.abubakar.connectify.configuration.RequestLoggingFilter-DELETE /api/v1/stories/2 | Status: 200
2026-06-08 07:38:41[INFO]com.abubakar.connectify.service.impl.CustomUserDetailsService-Authentication request received for email: asif@gmail.com
2026-06-08 07:38:41[DEBUG]com.abubakar.connectify.service.impl.CustomUserDetailsService-User loaded successfully with email: asif@gmail.com and role: USER
2026-06-08 07:38:41[INFO]com.abubakar.connectify.security.JwtUtils-Token validation result for user asif@gmail.com : true
2026-06-08 07:38:41[INFO]com.abubakar.connectify.security.JwtFilter-User authenticated successfully: asif@gmail.com
2026-06-08 07:38:41[INFO]com.abubakar.connectify.controller.StoryController-Restore story request received | storyId: 2
2026-06-08 07:38:41[INFO]com.abubakar.connectify.service.impl.StoryServiceImpl-Story restore request | storyId: 2
2026-06-08 07:38:41[DEBUG]com.abubakar.connectify.util.UserAccessValidator-Validating user access | userId: 2
2026-06-08 07:38:41[DEBUG]com.abubakar.connectify.util.UserAccessValidator-User validation successful | userId: 2
2026-06-08 07:38:41[DEBUG]com.abubakar.connectify.util.AuthUtil-Authenticated active user fetched successfully | userId: 2
2026-06-08 07:38:41[DEBUG]com.abubakar.connectify.util.StoryAccessValidator-Fetching story | storyId: 2
2026-06-08 07:38:41[DEBUG]com.abubakar.connectify.service.impl.StoryServiceImpl-Validating story ownership for restore request | ownerId: 2 | requesterId: 2
2026-06-08 07:38:41[INFO]com.abubakar.connectify.service.impl.StoryServiceImpl-Story restore request submitted successfully | storyId: 2 | requesterId: 2
2026-06-08 07:38:41[INFO]com.abubakar.connectify.configuration.RequestLoggingFilter-PUT /api/v1/stories/2/restore-request | Status: 200
2026-06-08 07:38:52[INFO]com.abubakar.connectify.service.impl.CustomUserDetailsService-Authentication request received for email: asif@gmail.com
2026-06-08 07:38:53[DEBUG]com.abubakar.connectify.service.impl.CustomUserDetailsService-User loaded successfully with email: asif@gmail.com and role: USER
2026-06-08 07:38:53[INFO]com.abubakar.connectify.security.JwtUtils-Token validation result for user asif@gmail.com : true
2026-06-08 07:38:53[INFO]com.abubakar.connectify.security.JwtFilter-User authenticated successfully: asif@gmail.com
2026-06-08 07:38:53[INFO]com.abubakar.connectify.controller.StoryController-Get my stories request received | cursor: null | size: 10
2026-06-08 07:38:53[DEBUG]com.abubakar.connectify.util.UserAccessValidator-Validating user access | userId: 2
2026-06-08 07:38:53[DEBUG]com.abubakar.connectify.util.UserAccessValidator-User validation successful | userId: 2
2026-06-08 07:38:53[DEBUG]com.abubakar.connectify.util.AuthUtil-Authenticated active user fetched successfully | userId: 2
2026-06-08 07:38:53[INFO]com.abubakar.connectify.service.impl.StoryServiceImpl-Fetching current user stories | userId: 2 | cursor: null | size: 10
2026-06-08 07:38:53[INFO]com.abubakar.connectify.service.impl.StoryServiceImpl-Current user stories fetched successfully | userId: 2 | storyCount: 0
2026-06-08 07:38:53[INFO]com.abubakar.connectify.configuration.RequestLoggingFilter-GET /api/v1/stories/me | Status: 200
2026-06-08 07:38:56[INFO]com.abubakar.connectify.service.impl.CustomUserDetailsService-Authentication request received for email: asif@gmail.com
2026-06-08 07:38:56[DEBUG]com.abubakar.connectify.service.impl.CustomUserDetailsService-User loaded successfully with email: asif@gmail.com and role: USER
2026-06-08 07:38:56[INFO]com.abubakar.connectify.security.JwtUtils-Token validation result for user asif@gmail.com : true
2026-06-08 07:38:56[INFO]com.abubakar.connectify.security.JwtFilter-User authenticated successfully: asif@gmail.com
2026-06-08 07:38:56[INFO]com.abubakar.connectify.controller.StoryController-Get deleted stories API called | cursor: null | size: 10
2026-06-08 07:38:56[DEBUG]com.abubakar.connectify.util.UserAccessValidator-Validating user access | userId: 2
2026-06-08 07:38:56[DEBUG]com.abubakar.connectify.util.UserAccessValidator-User validation successful | userId: 2
2026-06-08 07:38:56[DEBUG]com.abubakar.connectify.util.AuthUtil-Authenticated active user fetched successfully | userId: 2
2026-06-08 07:38:56[INFO]com.abubakar.connectify.service.impl.StoryServiceImpl-Fetching deleted stories | userId: 2 | cursor: null | size: 10
2026-06-08 07:38:56[DEBUG]com.abubakar.connectify.service.impl.StoryServiceImpl-Validating story owner account status | userId: 2
2026-06-08 07:38:56[DEBUG]com.abubakar.connectify.util.UserAccessValidator-Validating user access | userId: 2
2026-06-08 07:38:56[DEBUG]com.abubakar.connectify.util.UserAccessValidator-User validation successful | userId: 2
2026-06-08 07:38:56[INFO]com.abubakar.connectify.service.impl.StoryServiceImpl-Deleted stories fetched successfully | userId: 2 | count: 1
2026-06-08 07:38:56[INFO]com.abubakar.connectify.configuration.RequestLoggingFilter-GET /api/v1/stories/deleted | Status: 200
2026-06-08 07:39:06[INFO]com.abubakar.connectify.controller.AuthController-Login Api initiated for: admin@gmail.com
2026-06-08 07:39:06[DEBUG]com.abubakar.connectify.service.impl.AuthServiceImpl-Starting login | email: admin@gmail.com
2026-06-08 07:39:06[INFO]com.abubakar.connectify.service.impl.CustomUserDetailsService-Authentication request received for email: admin@gmail.com
2026-06-08 07:39:06[DEBUG]com.abubakar.connectify.service.impl.CustomUserDetailsService-User loaded successfully with email: admin@gmail.com and role: ADMIN
2026-06-08 07:39:06[INFO]com.abubakar.connectify.security.JwtUtils-Generating token for user: admin@gmail.com
2026-06-08 07:39:06[INFO]com.abubakar.connectify.service.impl.RefreshTokenServiceImpl-Refresh token created/updated | userId: 1
2026-06-08 07:39:06[INFO]com.abubakar.connectify.service.impl.AuthServiceImpl-Login successful | userId: 1 | email: admin@gmail.com
2026-06-08 07:39:06[INFO]com.abubakar.connectify.configuration.RequestLoggingFilter-POST /api/v1/auth/login | Status: 200
2026-06-08 07:39:20[INFO]com.abubakar.connectify.service.impl.CustomUserDetailsService-Authentication request received for email: admin@gmail.com
2026-06-08 07:39:20[DEBUG]com.abubakar.connectify.service.impl.CustomUserDetailsService-User loaded successfully with email: admin@gmail.com and role: ADMIN
2026-06-08 07:39:20[INFO]com.abubakar.connectify.security.JwtUtils-Token validation result for user admin@gmail.com : true
2026-06-08 07:39:20[INFO]com.abubakar.connectify.security.JwtFilter-User authenticated successfully: admin@gmail.com
2026-06-08 07:39:20[INFO]com.abubakar.connectify.controller.AdminStoryController-Admin approve story restore API called | storyId: 2
2026-06-08 07:39:20[INFO]com.abubakar.connectify.service.impl.AdminStoryServiceImpl-Admin approving story restore | storyId: 2
2026-06-08 07:39:20[DEBUG]com.abubakar.connectify.util.UserAccessValidator-Validating user access | userId: 1
2026-06-08 07:39:20[DEBUG]com.abubakar.connectify.util.UserAccessValidator-User validation successful | userId: 1
2026-06-08 07:39:20[DEBUG]com.abubakar.connectify.util.AuthUtil-Authenticated active user fetched successfully | userId: 1
2026-06-08 07:39:20[INFO]com.abubakar.connectify.service.impl.AdminStoryServiceImpl-Admin validated successfully | adminId: 1
2026-06-08 07:39:20[DEBUG]com.abubakar.connectify.util.StoryAccessValidator-Fetching story | storyId: 2
2026-06-08 07:39:20[DEBUG]com.abubakar.connectify.util.UserAccessValidator-Validating user access | userId: 1
2026-06-08 07:39:20[DEBUG]com.abubakar.connectify.util.UserAccessValidator-User validation successful | userId: 1
2026-06-08 07:39:20[DEBUG]com.abubakar.connectify.util.AuthUtil-Authenticated active user fetched successfully | userId: 1
2026-06-08 07:39:20[INFO]com.abubakar.connectify.service.impl.NotificationServiceImpl-Creating system notification | receiverId: 2 | senderId: 1
2026-06-08 07:39:20[DEBUG]com.abubakar.connectify.util.UserAccessValidator-Validating user access | userId: 2
2026-06-08 07:39:20[DEBUG]com.abubakar.connectify.util.UserAccessValidator-User validation successful | userId: 2
2026-06-08 07:39:20[DEBUG]com.abubakar.connectify.util.UserAccessValidator-Validating user access | userId: 1
2026-06-08 07:39:20[DEBUG]com.abubakar.connectify.util.UserAccessValidator-User validation successful | userId: 1
2026-06-08 07:39:20[INFO]com.abubakar.connectify.service.impl.NotificationServiceImpl-System notification created successfully | receiverId: 2
2026-06-08 07:39:20[INFO]com.abubakar.connectify.service.impl.AdminStoryServiceImpl-Story restore approved successfully | storyId: 2
2026-06-08 07:39:20[INFO]com.abubakar.connectify.configuration.RequestLoggingFilter-PATCH /api/v1/admin/stories/2/restore/approve | Status: 200
2026-06-08 07:39:32[INFO]com.abubakar.connectify.controller.AuthController-Login Api initiated for: asif@gmail.com
2026-06-08 07:39:32[DEBUG]com.abubakar.connectify.service.impl.AuthServiceImpl-Starting login | email: asif@gmail.com
2026-06-08 07:39:32[INFO]com.abubakar.connectify.service.impl.CustomUserDetailsService-Authentication request received for email: asif@gmail.com
2026-06-08 07:39:32[DEBUG]com.abubakar.connectify.service.impl.CustomUserDetailsService-User loaded successfully with email: asif@gmail.com and role: USER
2026-06-08 07:39:32[INFO]com.abubakar.connectify.security.JwtUtils-Generating token for user: asif@gmail.com
2026-06-08 07:39:32[INFO]com.abubakar.connectify.service.impl.RefreshTokenServiceImpl-Refresh token created/updated | userId: 2
2026-06-08 07:39:32[INFO]com.abubakar.connectify.service.impl.AuthServiceImpl-Login successful | userId: 2 | email: asif@gmail.com
2026-06-08 07:39:32[INFO]com.abubakar.connectify.configuration.RequestLoggingFilter-POST /api/v1/auth/login | Status: 200
2026-06-08 07:39:37[INFO]com.abubakar.connectify.service.impl.CustomUserDetailsService-Authentication request received for email: asif@gmail.com
2026-06-08 07:39:37[DEBUG]com.abubakar.connectify.service.impl.CustomUserDetailsService-User loaded successfully with email: asif@gmail.com and role: USER
2026-06-08 07:39:37[INFO]com.abubakar.connectify.security.JwtUtils-Token validation result for user asif@gmail.com : true
2026-06-08 07:39:37[INFO]com.abubakar.connectify.security.JwtFilter-User authenticated successfully: asif@gmail.com
2026-06-08 07:39:37[INFO]com.abubakar.connectify.controller.StoryController-Get deleted stories API called | cursor: null | size: 10
2026-06-08 07:39:37[DEBUG]com.abubakar.connectify.util.UserAccessValidator-Validating user access | userId: 2
2026-06-08 07:39:37[DEBUG]com.abubakar.connectify.util.UserAccessValidator-User validation successful | userId: 2
2026-06-08 07:39:37[DEBUG]com.abubakar.connectify.util.AuthUtil-Authenticated active user fetched successfully | userId: 2
2026-06-08 07:39:37[INFO]com.abubakar.connectify.service.impl.StoryServiceImpl-Fetching deleted stories | userId: 2 | cursor: null | size: 10
2026-06-08 07:39:37[DEBUG]com.abubakar.connectify.service.impl.StoryServiceImpl-Validating story owner account status | userId: 2
2026-06-08 07:39:37[DEBUG]com.abubakar.connectify.util.UserAccessValidator-Validating user access | userId: 2
2026-06-08 07:39:37[DEBUG]com.abubakar.connectify.util.UserAccessValidator-User validation successful | userId: 2
2026-06-08 07:39:37[INFO]com.abubakar.connectify.service.impl.StoryServiceImpl-Deleted stories fetched successfully | userId: 2 | count: 0
2026-06-08 07:39:37[INFO]com.abubakar.connectify.configuration.RequestLoggingFilter-GET /api/v1/stories/deleted | Status: 200
2026-06-08 07:39:40[INFO]com.abubakar.connectify.service.impl.CustomUserDetailsService-Authentication request received for email: asif@gmail.com
2026-06-08 07:39:40[DEBUG]com.abubakar.connectify.service.impl.CustomUserDetailsService-User loaded successfully with email: asif@gmail.com and role: USER
2026-06-08 07:39:40[INFO]com.abubakar.connectify.security.JwtUtils-Token validation result for user asif@gmail.com : true
2026-06-08 07:39:40[INFO]com.abubakar.connectify.security.JwtFilter-User authenticated successfully: asif@gmail.com
2026-06-08 07:39:40[INFO]com.abubakar.connectify.controller.StoryController-Get my stories request received | cursor: null | size: 10
2026-06-08 07:39:40[DEBUG]com.abubakar.connectify.util.UserAccessValidator-Validating user access | userId: 2
2026-06-08 07:39:40[DEBUG]com.abubakar.connectify.util.UserAccessValidator-User validation successful | userId: 2
2026-06-08 07:39:40[DEBUG]com.abubakar.connectify.util.AuthUtil-Authenticated active user fetched successfully | userId: 2
2026-06-08 07:39:40[INFO]com.abubakar.connectify.service.impl.StoryServiceImpl-Fetching current user stories | userId: 2 | cursor: null | size: 10
2026-06-08 07:39:40[INFO]com.abubakar.connectify.service.impl.StoryServiceImpl-Current user stories fetched successfully | userId: 2 | storyCount: 1
2026-06-08 07:39:40[INFO]com.abubakar.connectify.configuration.RequestLoggingFilter-GET /api/v1/stories/me | Status: 200
2026-06-08 07:40:00[INFO]org.springframework.boot.tomcat.GracefulShutdown-Commencing graceful shutdown. Waiting for active requests to complete
2026-06-08 07:40:00[INFO]org.springframework.boot.tomcat.GracefulShutdown-Graceful shutdown complete
2026-06-08 07:40:00[INFO]org.springframework.orm.jpa.LocalContainerEntityManagerFactoryBean-Closing JPA EntityManagerFactory for persistence unit 'default'
2026-06-08 07:40:00[INFO]com.zaxxer.hikari.HikariDataSource-HikariPool-1 - Shutdown initiated...
2026-06-08 07:40:00[INFO]com.zaxxer.hikari.HikariDataSource-HikariPool-1 - Shutdown completed.
